year,month,origin_airport,destination_airport,route,country,airport_name,route_name,airline_iata,airline_name,arrival_departure,flight_count,paid_passenger_count,is_lcc,is_japan_route,source_file
2022,1,ICN,FUK,ICN-FUK,,,,OZ,아시아나항공,도착,0.0,205.0,False,True,인천국제공항공사_항공사별 노선별 운송실적_20221231.csv
2022,1,ICN,FUK,ICN-FUK,,,,OZ,아시아나항공,출발,0.0,230.0,False,True,인천국제공항공사_항공사별 노선별 운송실적_20221231.csv
2022,1,ICN,FUK,ICN-FUK,,,,LJ,진 에어,도착,0.0,81.0,False,True,인천국제공항공사_항공사별 노선별 운송실적_20221231.csv
2022,1,ICN,FUK,ICN-FUK,,,,LJ,진 에어,출발,0.0,58.0,False,True,인천국제공항공사_항공사별 노선별 운송실적_20221231.csv
2022,1,ICN,KIX,ICN-KIX,,,,KE,대한항공,도착,0.0,179.0,False,True,인천국제공항공사_항공사별 노선별 운송실적_20221231.csv
2022,1,ICN,KIX,ICN-KIX,,,,KE,대한항공,출발,0.0,182.0,False,True,인천국제공항공사_항공사별 노선별 운송실적_20221231.csv
2022,1,ICN,KIX,ICN-KIX,,,,OZ,아시아나항공,도착,0.0,629.0,False,True,인천국제공항공사_항공사별 노선별 운송실적_20221231.csv
2022,1,ICN,KIX,ICN-KIX,,,,OZ,아시아나항공,출발,0.0,532.0,False,True,인천국제공항공사_항공사별 노선별 운송실적_20221231.csv
2022,1,ICN,KIX,ICN-KIX,,,,7C,제주항공,도착,0.0,215.0,True,True,인천국제공항공사_항공사별 노선별 운송실적_20221231.csv
2022,1,ICN,KIX,ICN-KIX,,,,7C,제주항공,출발,0.0,133.0,True,True,인천국제공항공사_항공사별 노선별 운송실적_20221231.csv
2022,1,ICN,NGO,ICN-NGO,,,,KE,대한항공,도착,0.0,171.0,False,True,인천국제공항공사_항공사별 노선별 운송실적_20221231.csv
2022,1,ICN,NGO,ICN-NGO,,,,KE,대한항공,도착,0.0,77.0,False,True,인천국제공항공사_항공사별 노선별 운송실적_20221231.csv
2022,1,ICN,NGO,ICN-NGO,,,,KE,대한항공,출발,0.0,176.0,False,True,인천국제공항공사_항공사별 노선별 운송실적_20221231.csv
2022,1,ICN,NGO,ICN-NGO,,,,KE,대한항공,출발,0.0,61.0,False,True,인천국제공항공사_항공사별 노선별 운송실적_20221231.csv
2022,1,ICN,NRT,ICN-NRT,,,,KE,대한항공,도착,0.0,1268.0,False,True,인천국제공항공사_항공사별 노선별 운송실적_20221231.csv
2022,1,ICN,NRT,ICN-NRT,,,,KE,대한항공,출발,0.0,1380.0,False,True,인천국제공항공사_항공사별 노선별 운송실적_20221231.csv
2022,1,ICN,NRT,ICN-NRT,,,,OZ,아시아나항공,도착,0.0,997.0,False,True,인천국제공항공사_항공사별 노선별 운송실적_20221231.csv
2022,1,ICN,NRT,ICN-NRT,,,,OZ,아시아나항공,출발,0.0,844.0,False,True,인천국제공항공사_항공사별 노선별 운송실적_20221231.csv
2022,1,ICN,NRT,ICN-NRT,,,,7C,제주항공,도착,0.0,15.0,True,True,인천국제공항공사_항공사별 노선별 운송실적_20221231.csv
2022,1,ICN,NRT,ICN-NRT,,,,7C,제주항공,출발,0.0,34.0,True,True,인천국제공항공사_항공사별 노선별 운송실적_20221231.csv
2022,1,ICN,NRT,ICN-NRT,,,,ZG,집에어 도쿄,도착,0.0,471.0,True,True,인천국제공항공사_항공사별 노선별 운송실적_20221231.csv
2022,1,ICN,NRT,ICN-NRT,,,,ZG,집에어 도쿄,출발,0.0,440.0,True,True,인천국제공항공사_항공사별 노선별 운송실적_20221231.csv
2022,2,ICN,FUK,ICN-FUK,,,,OZ,아시아나항공,도착,0.0,379.0,False,True,인천국제공항공사_항공사별 노선별 운송실적_20221231.csv
2022,2,ICN,FUK,ICN-FUK,,,,OZ,아시아나항공,출발,0.0,161.0,False,True,인천국제공항공사_항공사별 노선별 운송실적_20221231.csv
2022,2,ICN,FUK,ICN-FUK,,,,LJ,진 에어,도착,0.0,333.0,False,True,인천국제공항공사_항공사별 노선별 운송실적_20221231.csv
2022,2,ICN,FUK,ICN-FUK,,,,LJ,진 에어,출발,0.0,90.0,False,True,인천국제공항공사_항공사별 노선별 운송실적_20221231.csv
2022,2,ICN,KIX,ICN-KIX,,,,KE,대한항공,도착,0.0,435.0,False,True,인천국제공항공사_항공사별 노선별 운송실적_20221231.csv
2022,2,ICN,KIX,ICN-KIX,,,,KE,대한항공,출발,0.0,153.0,False,True,인천국제공항공사_항공사별 노선별 운송실적_20221231.csv
2022,2,ICN,KIX,ICN-KIX,,,,OZ,아시아나항공,도착,0.0,867.0,False,True,인천국제공항공사_항공사별 노선별 운송실적_20221231.csv
2022,2,ICN,KIX,ICN-KIX,,,,OZ,아시아나항공,출발,0.0,476.0,False,True,인천국제공항공사_항공사별 노선별 운송실적_20221231.csv
2022,2,ICN,KIX,ICN-KIX,,,,7C,제주항공,도착,0.0,415.0,True,True,인천국제공항공사_항공사별 노선별 운송실적_20221231.csv
2022,2,ICN,KIX,ICN-KIX,,,,7C,제주항공,출발,0.0,143.0,True,True,인천국제공항공사_항공사별 노선별 운송실적_20221231.csv
2022,2,ICN,NGO,ICN-NGO,,,,KE,대한항공,도착,0.0,333.0,False,True,인천국제공항공사_항공사별 노선별 운송실적_20221231.csv
2022,2,ICN,NGO,ICN-NGO,,,,KE,대한항공,도착,0.0,32.0,False,True,인천국제공항공사_항공사별 노선별 운송실적_20221231.csv
2022,2,ICN,NGO,ICN-NGO,,,,KE,대한항공,출발,0.0,181.0,False,True,인천국제공항공사_항공사별 노선별 운송실적_20221231.csv
2022,2,ICN,NGO,ICN-NGO,,,,KE,대한항공,출발,0.0,4.0,False,True,인천국제공항공사_항공사별 노선별 운송실적_20221231.csv
2022,2,ICN,NRT,ICN-NRT,,,,KE,대한항공,도착,0.0,2100.0,False,True,인천국제공항공사_항공사별 노선별 운송실적_20221231.csv
2022,2,ICN,NRT,ICN-NRT,,,,KE,대한항공,출발,0.0,961.0,False,True,인천국제공항공사_항공사별 노선별 운송실적_20221231.csv
2022,2,ICN,NRT,ICN-NRT,,,,OZ,아시아나항공,도착,0.0,1643.0,False,True,인천국제공항공사_항공사별 노선별 운송실적_20221231.csv
2022,2,ICN,NRT,ICN-NRT,,,,OZ,아시아나항공,출발,0.0,779.0,False,True,인천국제공항공사_항공사별 노선별 운송실적_20221231.csv
2022,2,ICN,NRT,ICN-NRT,,,,ZG,집에어 도쿄,도착,0.0,984.0,True,True,인천국제공항공사_항공사별 노선별 운송실적_20221231.csv
2022,2,ICN,NRT,ICN-NRT,,,,ZG,집에어 도쿄,출발,0.0,509.0,True,True,인천국제공항공사_항공사별 노선별 운송실적_20221231.csv
2022,3,ICN,FUK,ICN-FUK,,,,OZ,아시아나항공,도착,0.0,156.0,False,True,인천국제공항공사_항공사별 노선별 운송실적_20221231.csv
2022,3,ICN,FUK,ICN-FUK,,,,OZ,아시아나항공,도착,0.0,17.0,False,True,인천국제공항공사_항공사별 노선별 운송실적_20221231.csv
2022,3,ICN,FUK,ICN-FUK,,,,OZ,아시아나항공,출발,0.0,220.0,False,True,인천국제공항공사_항공사별 노선별 운송실적_20221231.csv
2022,3,ICN,FUK,ICN-FUK,,,,OZ,아시아나항공,출발,0.0,71.0,False,True,인천국제공항공사_항공사별 노선별 운송실적_20221231.csv
2022,3,ICN,FUK,ICN-FUK,,,,LJ,진 에어,도착,0.0,221.0,False,True,인천국제공항공사_항공사별 노선별 운송실적_20221231.csv
2022,3,ICN,FUK,ICN-FUK,,,,LJ,진 에어,도착,0.0,13.0,False,True,인천국제공항공사_항공사별 노선별 운송실적_20221231.csv
2022,3,ICN,FUK,ICN-FUK,,,,LJ,진 에어,출발,0.0,388.0,False,True,인천국제공항공사_항공사별 노선별 운송실적_20221231.csv
2022,3,ICN,FUK,ICN-FUK,,,,LJ,진 에어,출발,0.0,87.0,False,True,인천국제공항공사_항공사별 노선별 운송실적_20221231.csv
2022,3,ICN,KIX,ICN-KIX,,,,KL,KLM네덜란드항공,도착,0.0,0.0,False,True,인천국제공항공사_항공사별 노선별 운송실적_20221231.csv
2022,3,ICN,KIX,ICN-KIX,,,,KL,KLM네덜란드항공,출발,0.0,0.0,False,True,인천국제공항공사_항공사별 노선별 운송실적_20221231.csv
2022,3,ICN,KIX,ICN-KIX,,,,KE,대한항공,도착,0.0,278.0,False,True,인천국제공항공사_항공사별 노선별 운송실적_20221231.csv
2022,3,ICN,KIX,ICN-KIX,,,,KE,대한항공,출발,0.0,357.0,False,True,인천국제공항공사_항공사별 노선별 운송실적_20221231.csv
2022,3,ICN,KIX,ICN-KIX,,,,OZ,아시아나항공,도착,0.0,613.0,False,True,인천국제공항공사_항공사별 노선별 운송실적_20221231.csv
2022,3,ICN,KIX,ICN-KIX,,,,OZ,아시아나항공,출발,0.0,974.0,False,True,인천국제공항공사_항공사별 노선별 운송실적_20221231.csv
2022,3,ICN,KIX,ICN-KIX,,,,7C,제주항공,도착,0.0,361.0,True,True,인천국제공항공사_항공사별 노선별 운송실적_20221231.csv
2022,3,ICN,KIX,ICN-KIX,,,,7C,제주항공,출발,0.0,446.0,True,True,인천국제공항공사_항공사별 노선별 운송실적_20221231.csv
2022,3,ICN,KIX,ICN-KIX,,,,LJ,진 에어,도착,0.0,58.0,False,True,인천국제공항공사_항공사별 노선별 운송실적_20221231.csv
2022,3,ICN,KIX,ICN-KIX,,,,LJ,진 에어,도착,0.0,10.0,False,True,인천국제공항공사_항공사별 노선별 운송실적_20221231.csv
2022,3,ICN,KIX,ICN-KIX,,,,LJ,진 에어,출발,0.0,297.0,False,True,인천국제공항공사_항공사별 노선별 운송실적_20221231.csv
2022,3,ICN,KIX,ICN-KIX,,,,LJ,진 에어,출발,0.0,94.0,False,True,인천국제공항공사_항공사별 노선별 운송실적_20221231.csv
2022,3,ICN,NGO,ICN-NGO,,,,KE,대한항공,도착,0.0,186.0,False,True,인천국제공항공사_항공사별 노선별 운송실적_20221231.csv
2022,3,ICN,NGO,ICN-NGO,,,,KE,대한항공,출발,0.0,270.0,False,True,인천국제공항공사_항공사별 노선별 운송실적_20221231.csv
2022,3,ICN,NRT,ICN-NRT,,,,KL,KLM네덜란드항공,도착,0.0,0.0,False,True,인천국제공항공사_항공사별 노선별 운송실적_20221231.csv
2022,3,ICN,NRT,ICN-NRT,,,,KL,KLM네덜란드항공,출발,0.0,0.0,False,True,인천국제공항공사_항공사별 노선별 운송실적_20221231.csv
2022,3,ICN,NRT,ICN-NRT,,,,KE,대한항공,도착,0.0,1772.0,False,True,인천국제공항공사_항공사별 노선별 운송실적_20221231.csv
2022,3,ICN,NRT,ICN-NRT,,,,KE,대한항공,출발,0.0,2193.0,False,True,인천국제공항공사_항공사별 노선별 운송실적_20221231.csv
2022,3,ICN,NRT,ICN-NRT,,,,KE,대한항공,출발,0.0,331.0,False,True,인천국제공항공사_항공사별 노선별 운송실적_20221231.csv
2022,3,ICN,NRT,ICN-NRT,,,,OZ,아시아나항공,도착,0.0,1751.0,False,True,인천국제공항공사_항공사별 노선별 운송실적_20221231.csv
2022,3,ICN,NRT,ICN-NRT,,,,OZ,아시아나항공,출발,0.0,2079.0,False,True,인천국제공항공사_항공사별 노선별 운송실적_20221231.csv
2022,3,ICN,NRT,ICN-NRT,,,,ZG,집에어 도쿄,도착,0.0,813.0,True,True,인천국제공항공사_항공사별 노선별 운송실적_20221231.csv
2022,3,ICN,NRT,ICN-NRT,,,,ZG,집에어 도쿄,출발,0.0,1777.0,True,True,인천국제공항공사_항공사별 노선별 운송실적_20221231.csv
2022,3,ICN,NRT,ICN-NRT,,,,ZG,집에어 도쿄,출발,0.0,849.0,True,True,인천국제공항공사_항공사별 노선별 운송실적_20221231.csv
2022,4,ICN,FUK,ICN-FUK,,,,OZ,아시아나항공,도착,0.0,209.0,False,True,인천국제공항공사_항공사별 노선별 운송실적_20221231.csv
2022,4,ICN,FUK,ICN-FUK,,,,OZ,아시아나항공,도착,0.0,214.0,False,True,인천국제공항공사_항공사별 노선별 운송실적_20221231.csv
2022,4,ICN,FUK,ICN-FUK,,,,OZ,아시아나항공,출발,0.0,133.0,False,True,인천국제공항공사_항공사별 노선별 운송실적_20221231.csv
2022,4,ICN,FUK,ICN-FUK,,,,OZ,아시아나항공,출발,0.0,230.0,False,True,인천국제공항공사_항공사별 노선별 운송실적_20221231.csv
2022,4,ICN,FUK,ICN-FUK,,,,LJ,진 에어,도착,0.0,261.0,False,True,인천국제공항공사_항공사별 노선별 운송실적_20221231.csv
2022,4,ICN,FUK,ICN-FUK,,,,LJ,진 에어,도착,0.0,227.0,False,True,인천국제공항공사_항공사별 노선별 운송실적_20221231.csv
2022,4,ICN,FUK,ICN-FUK,,,,LJ,진 에어,출발,0.0,364.0,False,True,인천국제공항공사_항공사별 노선별 운송실적_20221231.csv
2022,4,ICN,FUK,ICN-FUK,,,,LJ,진 에어,출발,0.0,342.0,False,True,인천국제공항공사_항공사별 노선별 운송실적_20221231.csv
2022,4,ICN,KIX,ICN-KIX,,,,KL,KLM네덜란드항공,도착,0.0,0.0,False,True,인천국제공항공사_항공사별 노선별 운송실적_20221231.csv
2022,4,ICN,KIX,ICN-KIX,,,,KL,KLM네덜란드항공,출발,0.0,0.0,False,True,인천국제공항공사_항공사별 노선별 운송실적_20221231.csv
2022,4,ICN,KIX,ICN-KIX,,,,KE,대한항공,도착,0.0,307.0,False,True,인천국제공항공사_항공사별 노선별 운송실적_20221231.csv
2022,4,ICN,KIX,ICN-KIX,,,,KE,대한항공,도착,0.0,37.0,False,True,인천국제공항공사_항공사별 노선별 운송실적_20221231.csv
2022,4,ICN,KIX,ICN-KIX,,,,KE,대한항공,출발,0.0,335.0,False,True,인천국제공항공사_항공사별 노선별 운송실적_20221231.csv
2022,4,ICN,KIX,ICN-KIX,,,,KE,대한항공,출발,0.0,142.0,False,True,인천국제공항공사_항공사별 노선별 운송실적_20221231.csv
2022,4,ICN,KIX,ICN-KIX,,,,OZ,아시아나항공,도착,0.0,985.0,False,True,인천국제공항공사_항공사별 노선별 운송실적_20221231.csv
2022,4,ICN,KIX,ICN-KIX,,,,OZ,아시아나항공,출발,0.0,937.0,False,True,인천국제공항공사_항공사별 노선별 운송실적_20221231.csv
2022,4,ICN,KIX,ICN-KIX,,,,7C,제주항공,도착,0.0,809.0,True,True,인천국제공항공사_항공사별 노선별 운송실적_20221231.csv
2022,4,ICN,KIX,ICN-KIX,,,,7C,제주항공,출발,0.0,619.0,True,True,인천국제공항공사_항공사별 노선별 운송실적_20221231.csv
2022,4,ICN,KIX,ICN-KIX,,,,LJ,진 에어,도착,0.0,252.0,False,True,인천국제공항공사_항공사별 노선별 운송실적_20221231.csv
2022,4,ICN,KIX,ICN-KIX,,,,LJ,진 에어,도착,0.0,244.0,False,True,인천국제공항공사_항공사별 노선별 운송실적_20221231.csv
2022,4,ICN,KIX,ICN-KIX,,,,LJ,진 에어,출발,0.0,225.0,False,True,인천국제공항공사_항공사별 노선별 운송실적_20221231.csv
2022,4,ICN,KIX,ICN-KIX,,,,LJ,진 에어,출발,0.0,531.0,False,True,인천국제공항공사_항공사별 노선별 운송실적_20221231.csv
2022,4,ICN,NGO,ICN-NGO,,,,KE,대한항공,도착,0.0,357.0,False,True,인천국제공항공사_항공사별 노선별 운송실적_20221231.csv
2022,4,ICN,NGO,ICN-NGO,,,,KE,대한항공,도착,0.0,16.0,False,True,인천국제공항공사_항공사별 노선별 운송실적_20221231.csv
2022,4,ICN,NGO,ICN-NGO,,,,KE,대한항공,출발,0.0,180.0,False,True,인천국제공항공사_항공사별 노선별 운송실적_20221231.csv
2022,4,ICN,NGO,ICN-NGO,,,,KE,대한항공,출발,0.0,576.0,False,True,인천국제공항공사_항공사별 노선별 운송실적_20221231.csv
2022,4,ICN,NGO,ICN-NGO,,,,OZ,아시아나항공,도착,0.0,27.0,False,True,인천국제공항공사_항공사별 노선별 운송실적_20221231.csv
2022,4,ICN,NGO,ICN-NGO,,,,OZ,아시아나항공,도착,0.0,182.0,False,True,인천국제공항공사_항공사별 노선별 운송실적_20221231.csv
2022,4,ICN,NGO,ICN-NGO,,,,OZ,아시아나항공,출발,0.0,31.0,False,True,인천국제공항공사_항공사별 노선별 운송실적_20221231.csv
2022,4,ICN,NGO,ICN-NGO,,,,OZ,아시아나항공,출발,0.0,139.0,False,True,인천국제공항공사_항공사별 노선별 운송실적_20221231.csv
2022,4,ICN,NRT,ICN-NRT,,,,KE,대한항공,도착,0.0,3377.0,False,True,인천국제공항공사_항공사별 노선별 운송실적_20221231.csv
2022,4,ICN,NRT,ICN-NRT,,,,KE,대한항공,도착,0.0,235.0,False,True,인천국제공항공사_항공사별 노선별 운송실적_20221231.csv
2022,4,ICN,NRT,ICN-NRT,,,,KE,대한항공,출발,0.0,2552.0,False,True,인천국제공항공사_항공사별 노선별 운송실적_20221231.csv
2022,4,ICN,NRT,ICN-NRT,,,,KE,대한항공,출발,0.0,451.0,False,True,인천국제공항공사_항공사별 노선별 운송실적_20221231.csv
2022,4,ICN,NRT,ICN-NRT,,,,OZ,아시아나항공,도착,0.0,3099.0,False,True,인천국제공항공사_항공사별 노선별 운송실적_20221231.csv
2022,4,ICN,NRT,ICN-NRT,,,,OZ,아시아나항공,도착,0.0,249.0,False,True,인천국제공항공사_항공사별 노선별 운송실적_20221231.csv
2022,4,ICN,NRT,ICN-NRT,,,,OZ,아시아나항공,출발,0.0,2460.0,False,True,인천국제공항공사_항공사별 노선별 운송실적_20221231.csv
2022,4,ICN,NRT,ICN-NRT,,,,OZ,아시아나항공,출발,0.0,119.0,False,True,인천국제공항공사_항공사별 노선별 운송실적_20221231.csv
2022,4,ICN,NRT,ICN-NRT,,,,7C,제주항공,출발,0.0,2.0,True,True,인천국제공항공사_항공사별 노선별 운송실적_20221231.csv
2022,4,ICN,NRT,ICN-NRT,,,,LJ,진 에어,도착,0.0,414.0,False,True,인천국제공항공사_항공사별 노선별 운송실적_20221231.csv
2022,4,ICN,NRT,ICN-NRT,,,,LJ,진 에어,도착,0.0,202.0,False,True,인천국제공항공사_항공사별 노선별 운송실적_20221231.csv
2022,4,ICN,NRT,ICN-NRT,,,,LJ,진 에어,출발,0.0,233.0,False,True,인천국제공항공사_항공사별 노선별 운송실적_20221231.csv
2022,4,ICN,NRT,ICN-NRT,,,,LJ,진 에어,출발,0.0,102.0,False,True,인천국제공항공사_항공사별 노선별 운송실적_20221231.csv
2022,4,ICN,NRT,ICN-NRT,,,,ZG,집에어 도쿄,도착,0.0,1871.0,True,True,인천국제공항공사_항공사별 노선별 운송실적_20221231.csv
2022,4,ICN,NRT,ICN-NRT,,,,ZG,집에어 도쿄,출발,0.0,2421.0,True,True,인천국제공항공사_항공사별 노선별 운송실적_20221231.csv
2022,4,ICN,NRT,ICN-NRT,,,,ZG,집에어 도쿄,출발,0.0,767.0,True,True,인천국제공항공사_항공사별 노선별 운송실적_20221231.csv
2022,5,ICN,FUK,ICN-FUK,,,,KE,대한항공,도착,0.0,20.0,False,True,인천국제공항공사_항공사별 노선별 운송실적_20221231.csv
2022,5,ICN,FUK,ICN-FUK,,,,KE,대한항공,출발,0.0,188.0,False,True,인천국제공항공사_항공사별 노선별 운송실적_20221231.csv
2022,5,ICN,FUK,ICN-FUK,,,,OZ,아시아나항공,도착,0.0,104.0,False,True,인천국제공항공사_항공사별 노선별 운송실적_20221231.csv
2022,5,ICN,FUK,ICN-FUK,,,,OZ,아시아나항공,도착,0.0,310.0,False,True,인천국제공항공사_항공사별 노선별 운송실적_20221231.csv
2022,5,ICN,FUK,ICN-FUK,,,,OZ,아시아나항공,출발,0.0,102.0,False,True,인천국제공항공사_항공사별 노선별 운송실적_20221231.csv
2022,5,ICN,FUK,ICN-FUK,,,,OZ,아시아나항공,출발,0.0,257.0,False,True,인천국제공항공사_항공사별 노선별 운송실적_20221231.csv
2022,5,ICN,FUK,ICN-FUK,,,,LJ,진 에어,도착,0.0,183.0,False,True,인천국제공항공사_항공사별 노선별 운송실적_20221231.csv
2022,5,ICN,FUK,ICN-FUK,,,,LJ,진 에어,도착,0.0,157.0,False,True,인천국제공항공사_항공사별 노선별 운송실적_20221231.csv
2022,5,ICN,FUK,ICN-FUK,,,,LJ,진 에어,출발,0.0,265.0,False,True,인천국제공항공사_항공사별 노선별 운송실적_20221231.csv
2022,5,ICN,FUK,ICN-FUK,,,,LJ,진 에어,출발,0.0,204.0,False,True,인천국제공항공사_항공사별 노선별 운송실적_20221231.csv
2022,5,ICN,FUK,ICN-FUK,,,,TW,티웨이항공,도착,0.0,127.0,True,True,인천국제공항공사_항공사별 노선별 운송실적_20221231.csv
2022,5,ICN,FUK,ICN-FUK,,,,TW,티웨이항공,출발,0.0,241.0,True,True,인천국제공항공사_항공사별 노선별 운송실적_20221231.csv
2022,5,ICN,KIX,ICN-KIX,,,,KE,대한항공,도착,0.0,260.0,False,True,인천국제공항공사_항공사별 노선별 운송실적_20221231.csv
2022,5,ICN,KIX,ICN-KIX,,,,KE,대한항공,도착,0.0,47.0,False,True,인천국제공항공사_항공사별 노선별 운송실적_20221231.csv
2022,5,ICN,KIX,ICN-KIX,,,,KE,대한항공,출발,0.0,620.0,False,True,인천국제공항공사_항공사별 노선별 운송실적_20221231.csv
2022,5,ICN,KIX,ICN-KIX,,,,KE,대한항공,출발,0.0,227.0,False,True,인천국제공항공사_항공사별 노선별 운송실적_20221231.csv
2022,5,ICN,KIX,ICN-KIX,,,,OZ,아시아나항공,도착,0.0,1245.0,False,True,인천국제공항공사_항공사별 노선별 운송실적_20221231.csv
2022,5,ICN,KIX,ICN-KIX,,,,OZ,아시아나항공,도착,0.0,155.0,False,True,인천국제공항공사_항공사별 노선별 운송실적_20221231.csv
2022,5,ICN,KIX,ICN-KIX,,,,OZ,아시아나항공,출발,0.0,1212.0,False,True,인천국제공항공사_항공사별 노선별 운송실적_20221231.csv
2022,5,ICN,KIX,ICN-KIX,,,,OZ,아시아나항공,출발,0.0,105.0,False,True,인천국제공항공사_항공사별 노선별 운송실적_20221231.csv
2022,5,ICN,KIX,ICN-KIX,,,,BX,에어 부산,도착,0.0,17.0,False,True,인천국제공항공사_항공사별 노선별 운송실적_20221231.csv
2022,5,ICN,KIX,ICN-KIX,,,,BX,에어 부산,출발,0.0,62.0,False,True,인천국제공항공사_항공사별 노선별 운송실적_20221231.csv
2022,5,ICN,KIX,ICN-KIX,,,,7C,제주항공,도착,0.0,790.0,True,True,인천국제공항공사_항공사별 노선별 운송실적_20221231.csv
2022,5,ICN,KIX,ICN-KIX,,,,7C,제주항공,출발,0.0,896.0,True,True,인천국제공항공사_항공사별 노선별 운송실적_20221231.csv
2022,5,ICN,KIX,ICN-KIX,,,,LJ,진 에어,도착,0.0,516.0,False,True,인천국제공항공사_항공사별 노선별 운송실적_20221231.csv
2022,5,ICN,KIX,ICN-KIX,,,,LJ,진 에어,출발,0.0,710.0,False,True,인천국제공항공사_항공사별 노선별 운송실적_20221231.csv
2022,5,ICN,KIX,ICN-KIX,,,,TW,티웨이항공,도착,0.0,111.0,True,True,인천국제공항공사_항공사별 노선별 운송실적_20221231.csv
2022,5,ICN,KIX,ICN-KIX,,,,TW,티웨이항공,출발,0.0,83.0,True,True,인천국제공항공사_항공사별 노선별 운송실적_20221231.csv
2022,5,ICN,NGO,ICN-NGO,,,,KE,대한항공,도착,0.0,248.0,False,True,인천국제공항공사_항공사별 노선별 운송실적_20221231.csv
2022,5,ICN,NGO,ICN-NGO,,,,KE,대한항공,도착,0.0,85.0,False,True,인천국제공항공사_항공사별 노선별 운송실적_20221231.csv
2022,5,ICN,NGO,ICN-NGO,,,,KE,대한항공,출발,0.0,150.0,False,True,인천국제공항공사_항공사별 노선별 운송실적_20221231.csv
2022,5,ICN,NGO,ICN-NGO,,,,KE,대한항공,출발,0.0,354.0,False,True,인천국제공항공사_항공사별 노선별 운송실적_20221231.csv
2022,5,ICN,NGO,ICN-NGO,,,,OZ,아시아나항공,도착,0.0,154.0,False,True,인천국제공항공사_항공사별 노선별 운송실적_20221231.csv
2022,5,ICN,NGO,ICN-NGO,,,,OZ,아시아나항공,출발,0.0,165.0,False,True,인천국제공항공사_항공사별 노선별 운송실적_20221231.csv
2022,5,ICN,NRT,ICN-NRT,,,,KL,KLM네덜란드항공,출발,0.0,0.0,False,True,인천국제공항공사_항공사별 노선별 운송실적_20221231.csv
2022,5,ICN,NRT,ICN-NRT,,,,KE,대한항공,도착,0.0,3419.0,False,True,인천국제공항공사_항공사별 노선별 운송실적_20221231.csv
2022,5,ICN,NRT,ICN-NRT,,,,KE,대한항공,도착,0.0,484.0,False,True,인천국제공항공사_항공사별 노선별 운송실적_20221231.csv
2022,5,ICN,NRT,ICN-NRT,,,,KE,대한항공,출발,0.0,3381.0,False,True,인천국제공항공사_항공사별 노선별 운송실적_20221231.csv
2022,5,ICN,NRT,ICN-NRT,,,,KE,대한항공,출발,0.0,1116.0,False,True,인천국제공항공사_항공사별 노선별 운송실적_20221231.csv
2022,5,ICN,NRT,ICN-NRT,,,,OZ,아시아나항공,도착,0.0,3393.0,False,True,인천국제공항공사_항공사별 노선별 운송실적_20221231.csv
2022,5,ICN,NRT,ICN-NRT,,,,OZ,아시아나항공,도착,0.0,44.0,False,True,인천국제공항공사_항공사별 노선별 운송실적_20221231.csv
2022,5,ICN,NRT,ICN-NRT,,,,OZ,아시아나항공,출발,0.0,3236.0,False,True,인천국제공항공사_항공사별 노선별 운송실적_20221231.csv
2022,5,ICN,NRT,ICN-NRT,,,,OZ,아시아나항공,출발,0.0,108.0,False,True,인천국제공항공사_항공사별 노선별 운송실적_20221231.csv
2022,5,ICN,NRT,ICN-NRT,,,,BX,에어 부산,도착,0.0,44.0,False,True,인천국제공항공사_항공사별 노선별 운송실적_20221231.csv
2022,5,ICN,NRT,ICN-NRT,,,,BX,에어 부산,출발,0.0,122.0,False,True,인천국제공항공사_항공사별 노선별 운송실적_20221231.csv
2022,5,ICN,NRT,ICN-NRT,,,,ET,에티오피아 항공,도착,0.0,298.0,False,True,인천국제공항공사_항공사별 노선별 운송실적_20221231.csv
2022,5,ICN,NRT,ICN-NRT,,,,ET,에티오피아 항공,도착,0.0,133.0,False,True,인천국제공항공사_항공사별 노선별 운송실적_20221231.csv
2022,5,ICN,NRT,ICN-NRT,,,,ET,에티오피아 항공,출발,0.0,196.0,False,True,인천국제공항공사_항공사별 노선별 운송실적_20221231.csv
2022,5,ICN,NRT,ICN-NRT,,,,ET,에티오피아 항공,출발,0.0,51.0,False,True,인천국제공항공사_항공사별 노선별 운송실적_20221231.csv
2022,5,ICN,NRT,ICN-NRT,,,,7C,제주항공,도착,0.0,419.0,True,True,인천국제공항공사_항공사별 노선별 운송실적_20221231.csv
2022,5,ICN,NRT,ICN-NRT,,,,7C,제주항공,도착,0.0,131.0,True,True,인천국제공항공사_항공사별 노선별 운송실적_20221231.csv
2022,5,ICN,NRT,ICN-NRT,,,,7C,제주항공,출발,0.0,413.0,True,True,인천국제공항공사_항공사별 노선별 운송실적_20221231.csv
2022,5,ICN,NRT,ICN-NRT,,,,7C,제주항공,출발,0.0,43.0,True,True,인천국제공항공사_항공사별 노선별 운송실적_20221231.csv
2022,5,ICN,NRT,ICN-NRT,,,,LJ,진 에어,도착,0.0,362.0,False,True,인천국제공항공사_항공사별 노선별 운송실적_20221231.csv
2022,5,ICN,NRT,ICN-NRT,,,,LJ,진 에어,도착,0.0,455.0,False,True,인천국제공항공사_항공사별 노선별 운송실적_20221231.csv
2022,5,ICN,NRT,ICN-NRT,,,,LJ,진 에어,출발,0.0,301.0,False,True,인천국제공항공사_항공사별 노선별 운송실적_20221231.csv
2022,5,ICN,NRT,ICN-NRT,,,,LJ,진 에어,출발,0.0,479.0,False,True,인천국제공항공사_항공사별 노선별 운송실적_20221231.csv
2022,5,ICN,NRT,ICN-NRT,,,,ZG,집에어 도쿄,도착,0.0,1458.0,True,True,인천국제공항공사_항공사별 노선별 운송실적_20221231.csv
2022,5,ICN,NRT,ICN-NRT,,,,ZG,집에어 도쿄,출발,0.0,2542.0,True,True,인천국제공항공사_항공사별 노선별 운송실적_20221231.csv
2022,5,ICN,NRT,ICN-NRT,,,,ZG,집에어 도쿄,출발,0.0,489.0,True,True,인천국제공항공사_항공사별 노선별 운송실적_20221231.csv
2022,5,ICN,NRT,ICN-NRT,,,,TW,티웨이항공,도착,0.0,257.0,True,True,인천국제공항공사_항공사별 노선별 운송실적_20221231.csv
2022,5,ICN,NRT,ICN-NRT,,,,TW,티웨이항공,출발,0.0,248.0,True,True,인천국제공항공사_항공사별 노선별 운송실적_20221231.csv
2022,6,ICN,CTS,ICN-CTS,,,,KE,대한항공,도착,0.0,44.0,False,True,인천국제공항공사_항공사별 노선별 운송실적_20221231.csv
2022,6,ICN,FUK,ICN-FUK,,,,KE,대한항공,도착,0.0,159.0,False,True,인천국제공항공사_항공사별 노선별 운송실적_20221231.csv
2022,6,ICN,FUK,ICN-FUK,,,,KE,대한항공,출발,0.0,167.0,False,True,인천국제공항공사_항공사별 노선별 운송실적_20221231.csv
2022,6,ICN,FUK,ICN-FUK,,,,OZ,아시아나항공,도착,0.0,229.0,False,True,인천국제공항공사_항공사별 노선별 운송실적_20221231.csv
2022,6,ICN,FUK,ICN-FUK,,,,OZ,아시아나항공,도착,0.0,454.0,False,True,인천국제공항공사_항공사별 노선별 운송실적_20221231.csv
2022,6,ICN,FUK,ICN-FUK,,,,OZ,아시아나항공,출발,0.0,180.0,False,True,인천국제공항공사_항공사별 노선별 운송실적_20221231.csv
2022,6,ICN,FUK,ICN-FUK,,,,OZ,아시아나항공,출발,0.0,363.0,False,True,인천국제공항공사_항공사별 노선별 운송실적_20221231.csv
2022,6,ICN,FUK,ICN-FUK,,,,LJ,진 에어,도착,0.0,598.0,False,True,인천국제공항공사_항공사별 노선별 운송실적_20221231.csv
2022,6,ICN,FUK,ICN-FUK,,,,LJ,진 에어,출발,0.0,462.0,False,True,인천국제공항공사_항공사별 노선별 운송실적_20221231.csv
2022,6,ICN,FUK,ICN-FUK,,,,TW,티웨이항공,도착,0.0,500.0,True,True,인천국제공항공사_항공사별 노선별 운송실적_20221231.csv
2022,6,ICN,FUK,ICN-FUK,,,,TW,티웨이항공,출발,0.0,609.0,True,True,인천국제공항공사_항공사별 노선별 운송실적_20221231.csv
2022,6,ICN,KIX,ICN-KIX,,,,KE,대한항공,도착,0.0,648.0,False,True,인천국제공항공사_항공사별 노선별 운송실적_20221231.csv
2022,6,ICN,KIX,ICN-KIX,,,,KE,대한항공,출발,0.0,869.0,False,True,인천국제공항공사_항공사별 노선별 운송실적_20221231.csv
2022,6,ICN,KIX,ICN-KIX,,,,OZ,아시아나항공,도착,0.0,2236.0,False,True,인천국제공항공사_항공사별 노선별 운송실적_20221231.csv
2022,6,ICN,KIX,ICN-KIX,,,,OZ,아시아나항공,출발,0.0,2210.0,False,True,인천국제공항공사_항공사별 노선별 운송실적_20221231.csv
2022,6,ICN,KIX,ICN-KIX,,,,BX,에어 부산,도착,0.0,163.0,False,True,인천국제공항공사_항공사별 노선별 운송실적_20221231.csv
2022,6,ICN,KIX,ICN-KIX,,,,BX,에어 부산,출발,0.0,264.0,False,True,인천국제공항공사_항공사별 노선별 운송실적_20221231.csv
2022,6,ICN,KIX,ICN-KIX,,,,7C,제주항공,도착,0.0,849.0,True,True,인천국제공항공사_항공사별 노선별 운송실적_20221231.csv
2022,6,ICN,KIX,ICN-KIX,,,,7C,제주항공,출발,0.0,870.0,True,True,인천국제공항공사_항공사별 노선별 운송실적_20221231.csv
2022,6,ICN,KIX,ICN-KIX,,,,LJ,진 에어,도착,0.0,565.0,False,True,인천국제공항공사_항공사별 노선별 운송실적_20221231.csv
2022,6,ICN,KIX,ICN-KIX,,,,LJ,진 에어,도착,0.0,54.0,False,True,인천국제공항공사_항공사별 노선별 운송실적_20221231.csv
2022,6,ICN,KIX,ICN-KIX,,,,LJ,진 에어,출발,0.0,569.0,False,True,인천국제공항공사_항공사별 노선별 운송실적_20221231.csv
2022,6,ICN,KIX,ICN-KIX,,,,LJ,진 에어,출발,0.0,84.0,False,True,인천국제공항공사_항공사별 노선별 운송실적_20221231.csv
2022,6,ICN,KIX,ICN-KIX,,,,TW,티웨이항공,도착,0.0,481.0,True,True,인천국제공항공사_항공사별 노선별 운송실적_20221231.csv
2022,6,ICN,KIX,ICN-KIX,,,,TW,티웨이항공,출발,0.0,367.0,True,True,인천국제공항공사_항공사별 노선별 운송실적_20221231.csv
2022,6,ICN,NGO,ICN-NGO,,,,KE,대한항공,도착,0.0,497.0,False,True,인천국제공항공사_항공사별 노선별 운송실적_20221231.csv
2022,6,ICN,NGO,ICN-NGO,,,,KE,대한항공,도착,0.0,148.0,False,True,인천국제공항공사_항공사별 노선별 운송실적_20221231.csv
2022,6,ICN,NGO,ICN-NGO,,,,KE,대한항공,출발,0.0,467.0,False,True,인천국제공항공사_항공사별 노선별 운송실적_20221231.csv
2022,6,ICN,NGO,ICN-NGO,,,,KE,대한항공,출발,0.0,241.0,False,True,인천국제공항공사_항공사별 노선별 운송실적_20221231.csv
2022,6,ICN,NGO,ICN-NGO,,,,OZ,아시아나항공,도착,0.0,406.0,False,True,인천국제공항공사_항공사별 노선별 운송실적_20221231.csv
2022,6,ICN,NGO,ICN-NGO,,,,OZ,아시아나항공,출발,0.0,344.0,False,True,인천국제공항공사_항공사별 노선별 운송실적_20221231.csv
2022,6,ICN,NRT,ICN-NRT,,,,KE,대한항공,도착,0.0,4740.0,False,True,인천국제공항공사_항공사별 노선별 운송실적_20221231.csv
2022,6,ICN,NRT,ICN-NRT,,,,KE,대한항공,도착,0.0,1161.0,False,True,인천국제공항공사_항공사별 노선별 운송실적_20221231.csv
2022,6,ICN,NRT,ICN-NRT,,,,KE,대한항공,출발,0.0,5183.0,False,True,인천국제공항공사_항공사별 노선별 운송실적_20221231.csv
2022,6,ICN,NRT,ICN-NRT,,,,KE,대한항공,출발,0.0,973.0,False,True,인천국제공항공사_항공사별 노선별 운송실적_20221231.csv
2022,6,ICN,NRT,ICN-NRT,,,,OZ,아시아나항공,도착,0.0,5500.0,False,True,인천국제공항공사_항공사별 노선별 운송실적_20221231.csv
2022,6,ICN,NRT,ICN-NRT,,,,OZ,아시아나항공,출발,0.0,4634.0,False,True,인천국제공항공사_항공사별 노선별 운송실적_20221231.csv
2022,6,ICN,NRT,ICN-NRT,,,,BX,에어 부산,도착,0.0,402.0,False,True,인천국제공항공사_항공사별 노선별 운송실적_20221231.csv
2022,6,ICN,NRT,ICN-NRT,,,,BX,에어 부산,출발,0.0,564.0,False,True,인천국제공항공사_항공사별 노선별 운송실적_20221231.csv
2022,6,ICN,NRT,ICN-NRT,,,,ET,에티오피아 항공,도착,0.0,826.0,False,True,인천국제공항공사_항공사별 노선별 운송실적_20221231.csv
2022,6,ICN,NRT,ICN-NRT,,,,ET,에티오피아 항공,출발,0.0,263.0,False,True,인천국제공항공사_항공사별 노선별 운송실적_20221231.csv
2022,6,ICN,NRT,ICN-NRT,,,,7C,제주항공,도착,0.0,1000.0,True,True,인천국제공항공사_항공사별 노선별 운송실적_20221231.csv
2022,6,ICN,NRT,ICN-NRT,,,,7C,제주항공,출발,0.0,914.0,True,True,인천국제공항공사_항공사별 노선별 운송실적_20221231.csv
2022,6,ICN,NRT,ICN-NRT,,,,LJ,진 에어,도착,0.0,1187.0,False,True,인천국제공항공사_항공사별 노선별 운송실적_20221231.csv
2022,6,ICN,NRT,ICN-NRT,,,,LJ,진 에어,도착,0.0,576.0,False,True,인천국제공항공사_항공사별 노선별 운송실적_20221231.csv
2022,6,ICN,NRT,ICN-NRT,,,,LJ,진 에어,출발,0.0,952.0,False,True,인천국제공항공사_항공사별 노선별 운송실적_20221231.csv
2022,6,ICN,NRT,ICN-NRT,,,,LJ,진 에어,출발,0.0,580.0,False,True,인천국제공항공사_항공사별 노선별 운송실적_20221231.csv
2022,6,ICN,NRT,ICN-NRT,,,,ZG,집에어 도쿄,도착,0.0,1704.0,True,True,인천국제공항공사_항공사별 노선별 운송실적_20221231.csv
2022,6,ICN,NRT,ICN-NRT,,,,ZG,집에어 도쿄,출발,0.0,2480.0,True,True,인천국제공항공사_항공사별 노선별 운송실적_20221231.csv
2022,6,ICN,NRT,ICN-NRT,,,,TW,티웨이항공,도착,0.0,655.0,True,True,인천국제공항공사_항공사별 노선별 운송실적_20221231.csv
2022,6,ICN,NRT,ICN-NRT,,,,TW,티웨이항공,출발,0.0,520.0,True,True,인천국제공항공사_항공사별 노선별 운송실적_20221231.csv
2022,7,ICN,CTS,ICN-CTS,,,,KE,대한항공,도착,0.0,150.0,False,True,인천국제공항공사_항공사별 노선별 운송실적_20221231.csv
2022,7,ICN,CTS,ICN-CTS,,,,KE,대한항공,도착,0.0,282.0,False,True,인천국제공항공사_항공사별 노선별 운송실적_20221231.csv
2022,7,ICN,CTS,ICN-CTS,,,,KE,대한항공,출발,0.0,300.0,False,True,인천국제공항공사_항공사별 노선별 운송실적_20221231.csv
2022,7,ICN,CTS,ICN-CTS,,,,KE,대한항공,출발,0.0,322.0,False,True,인천국제공항공사_항공사별 노선별 운송실적_20221231.csv
2022,7,ICN,CTS,ICN-CTS,,,,TW,티웨이항공,도착,0.0,557.0,True,True,인천국제공항공사_항공사별 노선별 운송실적_20221231.csv
2022,7,ICN,CTS,ICN-CTS,,,,TW,티웨이항공,출발,0.0,885.0,True,True,인천국제공항공사_항공사별 노선별 운송실적_20221231.csv
2022,7,ICN,FUK,ICN-FUK,,,,KE,대한항공,도착,0.0,220.0,False,True,인천국제공항공사_항공사별 노선별 운송실적_20221231.csv
2022,7,ICN,FUK,ICN-FUK,,,,KE,대한항공,출발,0.0,342.0,False,True,인천국제공항공사_항공사별 노선별 운송실적_20221231.csv
2022,7,ICN,FUK,ICN-FUK,,,,OZ,아시아나항공,도착,0.0,1082.0,False,True,인천국제공항공사_항공사별 노선별 운송실적_20221231.csv
2022,7,ICN,FUK,ICN-FUK,,,,OZ,아시아나항공,출발,0.0,1046.0,False,True,인천국제공항공사_항공사별 노선별 운송실적_20221231.csv
2022,7,ICN,FUK,ICN-FUK,,,,BX,에어 부산,도착,0.0,236.0,False,True,인천국제공항공사_항공사별 노선별 운송실적_20221231.csv
2022,7,ICN,FUK,ICN-FUK,,,,BX,에어 부산,출발,0.0,294.0,False,True,인천국제공항공사_항공사별 노선별 운송실적_20221231.csv
2022,7,ICN,FUK,ICN-FUK,,,,LJ,진 에어,도착,0.0,890.0,False,True,인천국제공항공사_항공사별 노선별 운송실적_20221231.csv
2022,7,ICN,FUK,ICN-FUK,,,,LJ,진 에어,출발,0.0,702.0,False,True,인천국제공항공사_항공사별 노선별 운송실적_20221231.csv
2022,7,ICN,FUK,ICN-FUK,,,,TW,티웨이항공,도착,0.0,1593.0,True,True,인천국제공항공사_항공사별 노선별 운송실적_20221231.csv
2022,7,ICN,FUK,ICN-FUK,,,,TW,티웨이항공,출발,0.0,2013.0,True,True,인천국제공항공사_항공사별 노선별 운송실적_20221231.csv
2022,7,ICN,KIX,ICN-KIX,,,,KE,대한항공,도착,0.0,1125.0,False,True,인천국제공항공사_항공사별 노선별 운송실적_20221231.csv
2022,7,ICN,KIX,ICN-KIX,,,,KE,대한항공,출발,0.0,1417.0,False,True,인천국제공항공사_항공사별 노선별 운송실적_20221231.csv
2022,7,ICN,KIX,ICN-KIX,,,,OZ,아시아나항공,도착,0.0,2267.0,False,True,인천국제공항공사_항공사별 노선별 운송실적_20221231.csv
2022,7,ICN,KIX,ICN-KIX,,,,OZ,아시아나항공,출발,0.0,2093.0,False,True,인천국제공항공사_항공사별 노선별 운송실적_20221231.csv
2022,7,ICN,KIX,ICN-KIX,,,,BX,에어 부산,도착,0.0,558.0,False,True,인천국제공항공사_항공사별 노선별 운송실적_20221231.csv
2022,7,ICN,KIX,ICN-KIX,,,,BX,에어 부산,출발,0.0,617.0,False,True,인천국제공항공사_항공사별 노선별 운송실적_20221231.csv
2022,7,ICN,KIX,ICN-KIX,,,,7C,제주항공,도착,0.0,1531.0,True,True,인천국제공항공사_항공사별 노선별 운송실적_20221231.csv
2022,7,ICN,KIX,ICN-KIX,,,,7C,제주항공,출발,0.0,1265.0,True,True,인천국제공항공사_항공사별 노선별 운송실적_20221231.csv
2022,7,ICN,KIX,ICN-KIX,,,,LJ,진 에어,도착,0.0,2083.0,False,True,인천국제공항공사_항공사별 노선별 운송실적_20221231.csv
2022,7,ICN,KIX,ICN-KIX,,,,LJ,진 에어,출발,0.0,2102.0,False,True,인천국제공항공사_항공사별 노선별 운송실적_20221231.csv
2022,7,ICN,KIX,ICN-KIX,,,,TW,티웨이항공,도착,0.0,1727.0,True,True,인천국제공항공사_항공사별 노선별 운송실적_20221231.csv
2022,7,ICN,KIX,ICN-KIX,,,,TW,티웨이항공,출발,0.0,1600.0,True,True,인천국제공항공사_항공사별 노선별 운송실적_20221231.csv
2022,7,ICN,NGO,ICN-NGO,,,,KE,대한항공,도착,0.0,1211.0,False,True,인천국제공항공사_항공사별 노선별 운송실적_20221231.csv
2022,7,ICN,NGO,ICN-NGO,,,,KE,대한항공,출발,0.0,1356.0,False,True,인천국제공항공사_항공사별 노선별 운송실적_20221231.csv
2022,7,ICN,NGO,ICN-NGO,,,,OZ,아시아나항공,도착,0.0,533.0,False,True,인천국제공항공사_항공사별 노선별 운송실적_20221231.csv
2022,7,ICN,NGO,ICN-NGO,,,,OZ,아시아나항공,출발,0.0,427.0,False,True,인천국제공항공사_항공사별 노선별 운송실적_20221231.csv
2022,7,ICN,NRT,ICN-NRT,,,,KE,대한항공,도착,0.0,6210.0,False,True,인천국제공항공사_항공사별 노선별 운송실적_20221231.csv
2022,7,ICN,NRT,ICN-NRT,,,,KE,대한항공,출발,0.0,6098.0,False,True,인천국제공항공사_항공사별 노선별 운송실적_20221231.csv
2022,7,ICN,NRT,ICN-NRT,,,,OZ,아시아나항공,도착,0.0,5455.0,False,True,인천국제공항공사_항공사별 노선별 운송실적_20221231.csv
2022,7,ICN,NRT,ICN-NRT,,,,OZ,아시아나항공,도착,0.0,678.0,False,True,인천국제공항공사_항공사별 노선별 운송실적_20221231.csv
2022,7,ICN,NRT,ICN-NRT,,,,OZ,아시아나항공,출발,0.0,4670.0,False,True,인천국제공항공사_항공사별 노선별 운송실적_20221231.csv
2022,7,ICN,NRT,ICN-NRT,,,,OZ,아시아나항공,출발,0.0,920.0,False,True,인천국제공항공사_항공사별 노선별 운송실적_20221231.csv
2022,7,ICN,NRT,ICN-NRT,,,,BX,에어 부산,도착,0.0,1110.0,False,True,인천국제공항공사_항공사별 노선별 운송실적_20221231.csv
2022,7,ICN,NRT,ICN-NRT,,,,BX,에어 부산,출발,0.0,967.0,False,True,인천국제공항공사_항공사별 노선별 운송실적_20221231.csv
2022,7,ICN,NRT,ICN-NRT,,,,ET,에티오피아 항공,도착,0.0,703.0,False,True,인천국제공항공사_항공사별 노선별 운송실적_20221231.csv
2022,7,ICN,NRT,ICN-NRT,,,,ET,에티오피아 항공,출발,0.0,426.0,False,True,인천국제공항공사_항공사별 노선별 운송실적_20221231.csv
2022,7,ICN,NRT,ICN-NRT,,,,7C,제주항공,도착,0.0,1545.0,True,True,인천국제공항공사_항공사별 노선별 운송실적_20221231.csv
2022,7,ICN,NRT,ICN-NRT,,,,7C,제주항공,출발,0.0,1325.0,True,True,인천국제공항공사_항공사별 노선별 운송실적_20221231.csv
2022,7,ICN,NRT,ICN-NRT,,,,LJ,진 에어,도착,0.0,3603.0,False,True,인천국제공항공사_항공사별 노선별 운송실적_20221231.csv
2022,7,ICN,NRT,ICN-NRT,,,,LJ,진 에어,출발,0.0,2857.0,False,True,인천국제공항공사_항공사별 노선별 운송실적_20221231.csv
2022,7,ICN,NRT,ICN-NRT,,,,ZG,집에어 도쿄,도착,0.0,3702.0,True,True,인천국제공항공사_항공사별 노선별 운송실적_20221231.csv
2022,7,ICN,NRT,ICN-NRT,,,,ZG,집에어 도쿄,출발,0.0,3608.0,True,True,인천국제공항공사_항공사별 노선별 운송실적_20221231.csv
2022,7,ICN,NRT,ICN-NRT,,,,TW,티웨이항공,도착,0.0,2424.0,True,True,인천국제공항공사_항공사별 노선별 운송실적_20221231.csv
2022,7,ICN,NRT,ICN-NRT,,,,TW,티웨이항공,출발,0.0,1735.0,True,True,인천국제공항공사_항공사별 노선별 운송실적_20221231.csv
2022,8,ICN,CTS,ICN-CTS,,,,KE,대한항공,도착,0.0,294.0,False,True,인천국제공항공사_항공사별 노선별 운송실적_20221231.csv
2022,8,ICN,CTS,ICN-CTS,,,,KE,대한항공,도착,0.0,157.0,False,True,인천국제공항공사_항공사별 노선별 운송실적_20221231.csv
2022,8,ICN,CTS,ICN-CTS,,,,KE,대한항공,출발,0.0,264.0,False,True,인천국제공항공사_항공사별 노선별 운송실적_20221231.csv
2022,8,ICN,CTS,ICN-CTS,,,,OZ,아시아나항공,도착,0.0,573.0,False,True,인천국제공항공사_항공사별 노선별 운송실적_20221231.csv
2022,8,ICN,CTS,ICN-CTS,,,,OZ,아시아나항공,출발,0.0,575.0,False,True,인천국제공항공사_항공사별 노선별 운송실적_20221231.csv
2022,8,ICN,CTS,ICN-CTS,,,,TW,티웨이항공,도착,0.0,1953.0,True,True,인천국제공항공사_항공사별 노선별 운송실적_20221231.csv
2022,8,ICN,CTS,ICN-CTS,,,,TW,티웨이항공,출발,0.0,1636.0,True,True,인천국제공항공사_항공사별 노선별 운송실적_20221231.csv
2022,8,ICN,FUK,ICN-FUK,,,,KE,대한항공,도착,0.0,280.0,False,True,인천국제공항공사_항공사별 노선별 운송실적_20221231.csv
2022,8,ICN,FUK,ICN-FUK,,,,KE,대한항공,출발,0.0,283.0,False,True,인천국제공항공사_항공사별 노선별 운송실적_20221231.csv
2022,8,ICN,FUK,ICN-FUK,,,,OZ,아시아나항공,도착,0.0,1231.0,False,True,인천국제공항공사_항공사별 노선별 운송실적_20221231.csv
2022,8,ICN,FUK,ICN-FUK,,,,OZ,아시아나항공,출발,0.0,1073.0,False,True,인천국제공항공사_항공사별 노선별 운송실적_20221231.csv
2022,8,ICN,FUK,ICN-FUK,,,,BX,에어 부산,도착,0.0,707.0,False,True,인천국제공항공사_항공사별 노선별 운송실적_20221231.csv
2022,8,ICN,FUK,ICN-FUK,,,,BX,에어 부산,출발,0.0,725.0,False,True,인천국제공항공사_항공사별 노선별 운송실적_20221231.csv
2022,8,ICN,FUK,ICN-FUK,,,,7C,제주항공,도착,0.0,170.0,True,True,인천국제공항공사_항공사별 노선별 운송실적_20221231.csv
2022,8,ICN,FUK,ICN-FUK,,,,7C,제주항공,출발,0.0,102.0,True,True,인천국제공항공사_항공사별 노선별 운송실적_20221231.csv
2022,8,ICN,FUK,ICN-FUK,,,,LJ,진 에어,도착,0.0,1332.0,False,True,인천국제공항공사_항공사별 노선별 운송실적_20221231.csv
2022,8,ICN,FUK,ICN-FUK,,,,LJ,진 에어,출발,0.0,1051.0,False,True,인천국제공항공사_항공사별 노선별 운송실적_20221231.csv
2022,8,ICN,FUK,ICN-FUK,,,,TW,티웨이항공,도착,0.0,3615.0,True,True,인천국제공항공사_항공사별 노선별 운송실적_20221231.csv
2022,8,ICN,FUK,ICN-FUK,,,,TW,티웨이항공,출발,0.0,3085.0,True,True,인천국제공항공사_항공사별 노선별 운송실적_20221231.csv
2022,8,ICN,KIX,ICN-KIX,,,,KL,KLM네덜란드항공,도착,0.0,128.0,False,True,인천국제공항공사_항공사별 노선별 운송실적_20221231.csv
2022,8,ICN,KIX,ICN-KIX,,,,KE,대한항공,도착,0.0,1921.0,False,True,인천국제공항공사_항공사별 노선별 운송실적_20221231.csv
2022,8,ICN,KIX,ICN-KIX,,,,KE,대한항공,출발,0.0,2029.0,False,True,인천국제공항공사_항공사별 노선별 운송실적_20221231.csv
2022,8,ICN,KIX,ICN-KIX,,,,OZ,아시아나항공,도착,0.0,2486.0,False,True,인천국제공항공사_항공사별 노선별 운송실적_20221231.csv
2022,8,ICN,KIX,ICN-KIX,,,,OZ,아시아나항공,출발,0.0,2263.0,False,True,인천국제공항공사_항공사별 노선별 운송실적_20221231.csv
2022,8,ICN,KIX,ICN-KIX,,,,BX,에어 부산,도착,0.0,2846.0,False,True,인천국제공항공사_항공사별 노선별 운송실적_20221231.csv
2022,8,ICN,KIX,ICN-KIX,,,,BX,에어 부산,출발,0.0,2500.0,False,True,인천국제공항공사_항공사별 노선별 운송실적_20221231.csv
2022,8,ICN,KIX,ICN-KIX,,,,7C,제주항공,도착,0.0,2987.0,True,True,인천국제공항공사_항공사별 노선별 운송실적_20221231.csv
2022,8,ICN,KIX,ICN-KIX,,,,7C,제주항공,출발,0.0,2360.0,True,True,인천국제공항공사_항공사별 노선별 운송실적_20221231.csv
2022,8,ICN,KIX,ICN-KIX,,,,LJ,진 에어,도착,0.0,2371.0,False,True,인천국제공항공사_항공사별 노선별 운송실적_20221231.csv
2022,8,ICN,KIX,ICN-KIX,,,,LJ,진 에어,출발,0.0,2053.0,False,True,인천국제공항공사_항공사별 노선별 운송실적_20221231.csv
2022,8,ICN,KIX,ICN-KIX,,,,TW,티웨이항공,도착,0.0,3157.0,True,True,인천국제공항공사_항공사별 노선별 운송실적_20221231.csv
2022,8,ICN,KIX,ICN-KIX,,,,TW,티웨이항공,출발,0.0,2435.0,True,True,인천국제공항공사_항공사별 노선별 운송실적_20221231.csv
2022,8,ICN,KIX,ICN-KIX,,,,MM,피치 항공,도착,0.0,194.0,True,True,인천국제공항공사_항공사별 노선별 운송실적_20221231.csv
2022,8,ICN,KIX,ICN-KIX,,,,MM,피치 항공,출발,0.0,174.0,True,True,인천국제공항공사_항공사별 노선별 운송실적_20221231.csv
2022,8,ICN,NGO,ICN-NGO,,,,KE,대한항공,도착,0.0,1554.0,False,True,인천국제공항공사_항공사별 노선별 운송실적_20221231.csv
2022,8,ICN,NGO,ICN-NGO,,,,KE,대한항공,출발,0.0,1377.0,False,True,인천국제공항공사_항공사별 노선별 운송실적_20221231.csv
2022,8,ICN,NGO,ICN-NGO,,,,OZ,아시아나항공,도착,0.0,1138.0,False,True,인천국제공항공사_항공사별 노선별 운송실적_20221231.csv
2022,8,ICN,NGO,ICN-NGO,,,,OZ,아시아나항공,출발,0.0,947.0,False,True,인천국제공항공사_항공사별 노선별 운송실적_20221231.csv
2022,8,ICN,NRT,ICN-NRT,,,,KE,대한항공,도착,0.0,3874.0,False,True,인천국제공항공사_항공사별 노선별 운송실적_20221231.csv
2022,8,ICN,NRT,ICN-NRT,,,,KE,대한항공,출발,0.0,4316.0,False,True,인천국제공항공사_항공사별 노선별 운송실적_20221231.csv
2022,8,ICN,NRT,ICN-NRT,,,,OZ,아시아나항공,도착,0.0,5872.0,False,True,인천국제공항공사_항공사별 노선별 운송실적_20221231.csv
2022,8,ICN,NRT,ICN-NRT,,,,OZ,아시아나항공,출발,0.0,5808.0,False,True,인천국제공항공사_항공사별 노선별 운송실적_20221231.csv
2022,8,ICN,NRT,ICN-NRT,,,,BX,에어 부산,도착,0.0,3564.0,False,True,인천국제공항공사_항공사별 노선별 운송실적_20221231.csv
2022,8,ICN,NRT,ICN-NRT,,,,BX,에어 부산,출발,0.0,3618.0,False,True,인천국제공항공사_항공사별 노선별 운송실적_20221231.csv
2022,8,ICN,NRT,ICN-NRT,,,,ET,에티오피아 항공,도착,0.0,629.0,False,True,인천국제공항공사_항공사별 노선별 운송실적_20221231.csv
2022,8,ICN,NRT,ICN-NRT,,,,ET,에티오피아 항공,출발,0.0,454.0,False,True,인천국제공항공사_항공사별 노선별 운송실적_20221231.csv
2022,8,ICN,NRT,ICN-NRT,,,,7C,제주항공,도착,0.0,3482.0,True,True,인천국제공항공사_항공사별 노선별 운송실적_20221231.csv
2022,8,ICN,NRT,ICN-NRT,,,,7C,제주항공,출발,0.0,3493.0,True,True,인천국제공항공사_항공사별 노선별 운송실적_20221231.csv
2022,8,ICN,NRT,ICN-NRT,,,,LJ,진 에어,도착,0.0,4940.0,False,True,인천국제공항공사_항공사별 노선별 운송실적_20221231.csv
2022,8,ICN,NRT,ICN-NRT,,,,LJ,진 에어,출발,0.0,4001.0,False,True,인천국제공항공사_항공사별 노선별 운송실적_20221231.csv
2022,8,ICN,NRT,ICN-NRT,,,,ZG,집에어 도쿄,도착,0.0,5006.0,True,True,인천국제공항공사_항공사별 노선별 운송실적_20221231.csv
2022,8,ICN,NRT,ICN-NRT,,,,ZG,집에어 도쿄,출발,0.0,4723.0,True,True,인천국제공항공사_항공사별 노선별 운송실적_20221231.csv
2022,8,ICN,NRT,ICN-NRT,,,,TW,티웨이항공,도착,0.0,3336.0,True,True,인천국제공항공사_항공사별 노선별 운송실적_20221231.csv
2022,8,ICN,NRT,ICN-NRT,,,,TW,티웨이항공,출발,0.0,2280.0,True,True,인천국제공항공사_항공사별 노선별 운송실적_20221231.csv
2022,8,ICN,OKA,ICN-OKA,,,,TW,티웨이항공,도착,0.0,272.0,True,True,인천국제공항공사_항공사별 노선별 운송실적_20221231.csv
2022,8,ICN,OKA,ICN-OKA,,,,TW,티웨이항공,출발,0.0,247.0,True,True,인천국제공항공사_항공사별 노선별 운송실적_20221231.csv
2022,9,ICN,CTS,ICN-CTS,,,,TW,티웨이항공,도착,0.0,488.0,True,True,인천국제공항공사_항공사별 노선별 운송실적_20221231.csv
2022,9,ICN,CTS,ICN-CTS,,,,TW,티웨이항공,출발,0.0,421.0,True,True,인천국제공항공사_항공사별 노선별 운송실적_20221231.csv
2022,9,ICN,FUK,ICN-FUK,,,,OZ,아시아나항공,도착,0.0,1006.0,False,True,인천국제공항공사_항공사별 노선별 운송실적_20221231.csv
2022,9,ICN,FUK,ICN-FUK,,,,OZ,아시아나항공,출발,0.0,1028.0,False,True,인천국제공항공사_항공사별 노선별 운송실적_20221231.csv
2022,9,ICN,FUK,ICN-FUK,,,,BX,에어 부산,도착,0.0,1493.0,False,True,인천국제공항공사_항공사별 노선별 운송실적_20221231.csv
2022,9,ICN,FUK,ICN-FUK,,,,BX,에어 부산,출발,0.0,1784.0,False,True,인천국제공항공사_항공사별 노선별 운송실적_20221231.csv
2022,9,ICN,FUK,ICN-FUK,,,,7C,제주항공,도착,0.0,286.0,True,True,인천국제공항공사_항공사별 노선별 운송실적_20221231.csv
2022,9,ICN,FUK,ICN-FUK,,,,7C,제주항공,출발,0.0,329.0,True,True,인천국제공항공사_항공사별 노선별 운송실적_20221231.csv
2022,9,ICN,FUK,ICN-FUK,,,,LJ,진 에어,도착,0.0,1556.0,False,True,인천국제공항공사_항공사별 노선별 운송실적_20221231.csv
2022,9,ICN,FUK,ICN-FUK,,,,LJ,진 에어,출발,0.0,1605.0,False,True,인천국제공항공사_항공사별 노선별 운송실적_20221231.csv
2022,9,ICN,FUK,ICN-FUK,,,,TW,티웨이항공,도착,0.0,2334.0,True,True,인천국제공항공사_항공사별 노선별 운송실적_20221231.csv
2022,9,ICN,FUK,ICN-FUK,,,,TW,티웨이항공,출발,0.0,2597.0,True,True,인천국제공항공사_항공사별 노선별 운송실적_20221231.csv
2022,9,ICN,KIX,ICN-KIX,,,,KE,대한항공,도착,0.0,1927.0,False,True,인천국제공항공사_항공사별 노선별 운송실적_20221231.csv
2022,9,ICN,KIX,ICN-KIX,,,,KE,대한항공,출발,0.0,2742.0,False,True,인천국제공항공사_항공사별 노선별 운송실적_20221231.csv
2022,9,ICN,KIX,ICN-KIX,,,,OZ,아시아나항공,도착,0.0,2634.0,False,True,인천국제공항공사_항공사별 노선별 운송실적_20221231.csv
2022,9,ICN,KIX,ICN-KIX,,,,OZ,아시아나항공,출발,0.0,2906.0,False,True,인천국제공항공사_항공사별 노선별 운송실적_20221231.csv
2022,9,ICN,KIX,ICN-KIX,,,,BX,에어 부산,도착,0.0,2502.0,False,True,인천국제공항공사_항공사별 노선별 운송실적_20221231.csv
2022,9,ICN,KIX,ICN-KIX,,,,BX,에어 부산,출발,0.0,2798.0,False,True,인천국제공항공사_항공사별 노선별 운송실적_20221231.csv
2022,9,ICN,KIX,ICN-KIX,,,,7C,제주항공,도착,0.0,1682.0,True,True,인천국제공항공사_항공사별 노선별 운송실적_20221231.csv
2022,9,ICN,KIX,ICN-KIX,,,,7C,제주항공,도착,0.0,167.0,True,True,인천국제공항공사_항공사별 노선별 운송실적_20221231.csv
2022,9,ICN,KIX,ICN-KIX,,,,7C,제주항공,출발,0.0,1687.0,True,True,인천국제공항공사_항공사별 노선별 운송실적_20221231.csv
2022,9,ICN,KIX,ICN-KIX,,,,7C,제주항공,출발,0.0,110.0,True,True,인천국제공항공사_항공사별 노선별 운송실적_20221231.csv
2022,9,ICN,KIX,ICN-KIX,,,,LJ,진 에어,도착,0.0,2124.0,False,True,인천국제공항공사_항공사별 노선별 운송실적_20221231.csv
2022,9,ICN,KIX,ICN-KIX,,,,LJ,진 에어,도착,0.0,489.0,False,True,인천국제공항공사_항공사별 노선별 운송실적_20221231.csv
2022,9,ICN,KIX,ICN-KIX,,,,LJ,진 에어,출발,0.0,2405.0,False,True,인천국제공항공사_항공사별 노선별 운송실적_20221231.csv
2022,9,ICN,KIX,ICN-KIX,,,,LJ,진 에어,출발,0.0,633.0,False,True,인천국제공항공사_항공사별 노선별 운송실적_20221231.csv
2022,9,ICN,KIX,ICN-KIX,,,,TW,티웨이항공,도착,0.0,2411.0,True,True,인천국제공항공사_항공사별 노선별 운송실적_20221231.csv
2022,9,ICN,KIX,ICN-KIX,,,,TW,티웨이항공,출발,0.0,2308.0,True,True,인천국제공항공사_항공사별 노선별 운송실적_20221231.csv
2022,9,ICN,KIX,ICN-KIX,,,,MM,피치 항공,도착,0.0,1826.0,True,True,인천국제공항공사_항공사별 노선별 운송실적_20221231.csv
2022,9,ICN,KIX,ICN-KIX,,,,MM,피치 항공,출발,0.0,1907.0,True,True,인천국제공항공사_항공사별 노선별 운송실적_20221231.csv
2022,9,ICN,NGO,ICN-NGO,,,,KE,대한항공,도착,0.0,1466.0,False,True,인천국제공항공사_항공사별 노선별 운송실적_20221231.csv
2022,9,ICN,NGO,ICN-NGO,,,,KE,대한항공,출발,0.0,1854.0,False,True,인천국제공항공사_항공사별 노선별 운송실적_20221231.csv
2022,9,ICN,NGO,ICN-NGO,,,,OZ,아시아나항공,도착,0.0,916.0,False,True,인천국제공항공사_항공사별 노선별 운송실적_20221231.csv
2022,9,ICN,NGO,ICN-NGO,,,,OZ,아시아나항공,출발,0.0,690.0,False,True,인천국제공항공사_항공사별 노선별 운송실적_20221231.csv
2022,9,ICN,NRT,ICN-NRT,,,,KE,대한항공,도착,0.0,2729.0,False,True,인천국제공항공사_항공사별 노선별 운송실적_20221231.csv
2022,9,ICN,NRT,ICN-NRT,,,,KE,대한항공,출발,0.0,3599.0,False,True,인천국제공항공사_항공사별 노선별 운송실적_20221231.csv
2022,9,ICN,NRT,ICN-NRT,,,,OZ,아시아나항공,도착,0.0,4397.0,False,True,인천국제공항공사_항공사별 노선별 운송실적_20221231.csv
2022,9,ICN,NRT,ICN-NRT,,,,OZ,아시아나항공,출발,0.0,5411.0,False,True,인천국제공항공사_항공사별 노선별 운송실적_20221231.csv
2022,9,ICN,NRT,ICN-NRT,,,,BX,에어 부산,도착,0.0,4051.0,False,True,인천국제공항공사_항공사별 노선별 운송실적_20221231.csv
2022,9,ICN,NRT,ICN-NRT,,,,BX,에어 부산,출발,0.0,4774.0,False,True,인천국제공항공사_항공사별 노선별 운송실적_20221231.csv
2022,9,ICN,NRT,ICN-NRT,,,,RS,에어서울,도착,0.0,181.0,True,True,인천국제공항공사_항공사별 노선별 운송실적_20221231.csv
2022,9,ICN,NRT,ICN-NRT,,,,RS,에어서울,출발,0.0,336.0,True,True,인천국제공항공사_항공사별 노선별 운송실적_20221231.csv
2022,9,ICN,NRT,ICN-NRT,,,,ET,에티오피아 항공,도착,0.0,1540.0,False,True,인천국제공항공사_항공사별 노선별 운송실적_20221231.csv
2022,9,ICN,NRT,ICN-NRT,,,,ET,에티오피아 항공,출발,0.0,1187.0,False,True,인천국제공항공사_항공사별 노선별 운송실적_20221231.csv
2022,9,ICN,NRT,ICN-NRT,,,,7C,제주항공,도착,0.0,2619.0,True,True,인천국제공항공사_항공사별 노선별 운송실적_20221231.csv
2022,9,ICN,NRT,ICN-NRT,,,,7C,제주항공,도착,0.0,495.0,True,True,인천국제공항공사_항공사별 노선별 운송실적_20221231.csv
2022,9,ICN,NRT,ICN-NRT,,,,7C,제주항공,출발,0.0,2854.0,True,True,인천국제공항공사_항공사별 노선별 운송실적_20221231.csv
2022,9,ICN,NRT,ICN-NRT,,,,7C,제주항공,출발,0.0,528.0,True,True,인천국제공항공사_항공사별 노선별 운송실적_20221231.csv
2022,9,ICN,NRT,ICN-NRT,,,,LJ,진 에어,도착,0.0,4807.0,False,True,인천국제공항공사_항공사별 노선별 운송실적_20221231.csv
2022,9,ICN,NRT,ICN-NRT,,,,LJ,진 에어,출발,0.0,4643.0,False,True,인천국제공항공사_항공사별 노선별 운송실적_20221231.csv
2022,9,ICN,NRT,ICN-NRT,,,,ZG,집에어 도쿄,도착,0.0,3920.0,True,True,인천국제공항공사_항공사별 노선별 운송실적_20221231.csv
2022,9,ICN,NRT,ICN-NRT,,,,ZG,집에어 도쿄,출발,0.0,3888.0,True,True,인천국제공항공사_항공사별 노선별 운송실적_20221231.csv
2022,9,ICN,NRT,ICN-NRT,,,,TW,티웨이항공,도착,0.0,1732.0,True,True,인천국제공항공사_항공사별 노선별 운송실적_20221231.csv
2022,9,ICN,NRT,ICN-NRT,,,,TW,티웨이항공,도착,0.0,135.0,True,True,인천국제공항공사_항공사별 노선별 운송실적_20221231.csv
2022,9,ICN,NRT,ICN-NRT,,,,TW,티웨이항공,출발,0.0,2564.0,True,True,인천국제공항공사_항공사별 노선별 운송실적_20221231.csv
2022,10,ICN,CTS,ICN-CTS,,,,7C,제주항공,도착,0.0,199.0,True,True,인천국제공항공사_항공사별 노선별 운송실적_20221231.csv
2022,10,ICN,CTS,ICN-CTS,,,,7C,제주항공,출발,0.0,617.0,True,True,인천국제공항공사_항공사별 노선별 운송실적_20221231.csv
2022,10,ICN,FUK,ICN-FUK,,,,KE,대한항공,도착,0.0,173.0,False,True,인천국제공항공사_항공사별 노선별 운송실적_20221231.csv
2022,10,ICN,FUK,ICN-FUK,,,,KE,대한항공,도착,0.0,551.0,False,True,인천국제공항공사_항공사별 노선별 운송실적_20221231.csv
2022,10,ICN,FUK,ICN-FUK,,,,KE,대한항공,출발,0.0,262.0,False,True,인천국제공항공사_항공사별 노선별 운송실적_20221231.csv
2022,10,ICN,FUK,ICN-FUK,,,,KE,대한항공,출발,0.0,980.0,False,True,인천국제공항공사_항공사별 노선별 운송실적_20221231.csv
2022,10,ICN,FUK,ICN-FUK,,,,OZ,아시아나항공,도착,0.0,1383.0,False,True,인천국제공항공사_항공사별 노선별 운송실적_20221231.csv
2022,10,ICN,FUK,ICN-FUK,,,,OZ,아시아나항공,출발,0.0,1852.0,False,True,인천국제공항공사_항공사별 노선별 운송실적_20221231.csv
2022,10,ICN,FUK,ICN-FUK,,,,BX,에어 부산,도착,0.0,2334.0,False,True,인천국제공항공사_항공사별 노선별 운송실적_20221231.csv
2022,10,ICN,FUK,ICN-FUK,,,,BX,에어 부산,출발,0.0,2719.0,False,True,인천국제공항공사_항공사별 노선별 운송실적_20221231.csv
2022,10,ICN,FUK,ICN-FUK,,,,RS,에어서울,도착,0.0,309.0,True,True,인천국제공항공사_항공사별 노선별 운송실적_20221231.csv
2022,10,ICN,FUK,ICN-FUK,,,,RS,에어서울,출발,0.0,376.0,True,True,인천국제공항공사_항공사별 노선별 운송실적_20221231.csv
2022,10,ICN,FUK,ICN-FUK,,,,7C,제주항공,도착,0.0,4906.0,True,True,인천국제공항공사_항공사별 노선별 운송실적_20221231.csv
2022,10,ICN,FUK,ICN-FUK,,,,7C,제주항공,도착,0.0,3137.0,True,True,인천국제공항공사_항공사별 노선별 운송실적_20221231.csv
2022,10,ICN,FUK,ICN-FUK,,,,7C,제주항공,출발,0.0,5382.0,True,True,인천국제공항공사_항공사별 노선별 운송실적_20221231.csv
2022,10,ICN,FUK,ICN-FUK,,,,7C,제주항공,출발,0.0,3758.0,True,True,인천국제공항공사_항공사별 노선별 운송실적_20221231.csv
2022,10,ICN,FUK,ICN-FUK,,,,LJ,진 에어,도착,0.0,5903.0,False,True,인천국제공항공사_항공사별 노선별 운송실적_20221231.csv
2022,10,ICN,FUK,ICN-FUK,,,,LJ,진 에어,도착,0.0,1457.0,False,True,인천국제공항공사_항공사별 노선별 운송실적_20221231.csv
2022,10,ICN,FUK,ICN-FUK,,,,LJ,진 에어,출발,0.0,6400.0,False,True,인천국제공항공사_항공사별 노선별 운송실적_20221231.csv
2022,10,ICN,FUK,ICN-FUK,,,,LJ,진 에어,출발,0.0,1490.0,False,True,인천국제공항공사_항공사별 노선별 운송실적_20221231.csv
2022,10,ICN,FUK,ICN-FUK,,,,TW,티웨이항공,도착,0.0,4730.0,True,True,인천국제공항공사_항공사별 노선별 운송실적_20221231.csv
2022,10,ICN,FUK,ICN-FUK,,,,TW,티웨이항공,도착,0.0,277.0,True,True,인천국제공항공사_항공사별 노선별 운송실적_20221231.csv
2022,10,ICN,FUK,ICN-FUK,,,,TW,티웨이항공,출발,0.0,4991.0,True,True,인천국제공항공사_항공사별 노선별 운송실적_20221231.csv
2022,10,ICN,FUK,ICN-FUK,,,,TW,티웨이항공,출발,0.0,548.0,True,True,인천국제공항공사_항공사별 노선별 운송실적_20221231.csv
2022,10,ICN,HND,ICN-HND,,,,MM,피치 항공,도착,0.0,172.0,True,True,인천국제공항공사_항공사별 노선별 운송실적_20221231.csv
2022,10,ICN,HND,ICN-HND,,,,MM,피치 항공,출발,0.0,316.0,True,True,인천국제공항공사_항공사별 노선별 운송실적_20221231.csv
2022,10,ICN,KIX,ICN-KIX,,,,KE,대한항공,도착,0.0,4590.0,False,True,인천국제공항공사_항공사별 노선별 운송실적_20221231.csv
2022,10,ICN,KIX,ICN-KIX,,,,KE,대한항공,도착,0.0,3026.0,False,True,인천국제공항공사_항공사별 노선별 운송실적_20221231.csv
2022,10,ICN,KIX,ICN-KIX,,,,KE,대한항공,출발,0.0,6225.0,False,True,인천국제공항공사_항공사별 노선별 운송실적_20221231.csv
2022,10,ICN,KIX,ICN-KIX,,,,KE,대한항공,출발,0.0,4139.0,False,True,인천국제공항공사_항공사별 노선별 운송실적_20221231.csv
2022,10,ICN,KIX,ICN-KIX,,,,OZ,아시아나항공,도착,0.0,4212.0,False,True,인천국제공항공사_항공사별 노선별 운송실적_20221231.csv
2022,10,ICN,KIX,ICN-KIX,,,,OZ,아시아나항공,출발,0.0,4580.0,False,True,인천국제공항공사_항공사별 노선별 운송실적_20221231.csv
2022,10,ICN,KIX,ICN-KIX,,,,BX,에어 부산,도착,0.0,4045.0,False,True,인천국제공항공사_항공사별 노선별 운송실적_20221231.csv
2022,10,ICN,KIX,ICN-KIX,,,,BX,에어 부산,출발,0.0,4484.0,False,True,인천국제공항공사_항공사별 노선별 운송실적_20221231.csv
2022,10,ICN,KIX,ICN-KIX,,,,RS,에어서울,도착,0.0,318.0,True,True,인천국제공항공사_항공사별 노선별 운송실적_20221231.csv
2022,10,ICN,KIX,ICN-KIX,,,,RS,에어서울,출발,0.0,357.0,True,True,인천국제공항공사_항공사별 노선별 운송실적_20221231.csv
2022,10,ICN,KIX,ICN-KIX,,,,7C,제주항공,도착,0.0,4944.0,True,True,인천국제공항공사_항공사별 노선별 운송실적_20221231.csv
2022,10,ICN,KIX,ICN-KIX,,,,7C,제주항공,도착,0.0,4589.0,True,True,인천국제공항공사_항공사별 노선별 운송실적_20221231.csv
2022,10,ICN,KIX,ICN-KIX,,,,7C,제주항공,출발,0.0,5057.0,True,True,인천국제공항공사_항공사별 노선별 운송실적_20221231.csv
2022,10,ICN,KIX,ICN-KIX,,,,7C,제주항공,출발,0.0,5132.0,True,True,인천국제공항공사_항공사별 노선별 운송실적_20221231.csv
2022,10,ICN,KIX,ICN-KIX,,,,LJ,진 에어,도착,0.0,6712.0,False,True,인천국제공항공사_항공사별 노선별 운송실적_20221231.csv
2022,10,ICN,KIX,ICN-KIX,,,,LJ,진 에어,도착,0.0,2770.0,False,True,인천국제공항공사_항공사별 노선별 운송실적_20221231.csv
2022,10,ICN,KIX,ICN-KIX,,,,LJ,진 에어,출발,0.0,7759.0,False,True,인천국제공항공사_항공사별 노선별 운송실적_20221231.csv
2022,10,ICN,KIX,ICN-KIX,,,,LJ,진 에어,출발,0.0,3012.0,False,True,인천국제공항공사_항공사별 노선별 운송실적_20221231.csv
2022,10,ICN,KIX,ICN-KIX,,,,TW,티웨이항공,도착,0.0,4878.0,True,True,인천국제공항공사_항공사별 노선별 운송실적_20221231.csv
2022,10,ICN,KIX,ICN-KIX,,,,TW,티웨이항공,도착,0.0,681.0,True,True,인천국제공항공사_항공사별 노선별 운송실적_20221231.csv
2022,10,ICN,KIX,ICN-KIX,,,,TW,티웨이항공,출발,0.0,4903.0,True,True,인천국제공항공사_항공사별 노선별 운송실적_20221231.csv
2022,10,ICN,KIX,ICN-KIX,,,,TW,티웨이항공,출발,0.0,892.0,True,True,인천국제공항공사_항공사별 노선별 운송실적_20221231.csv
2022,10,ICN,KIX,ICN-KIX,,,,MM,피치 항공,도착,0.0,3998.0,True,True,인천국제공항공사_항공사별 노선별 운송실적_20221231.csv
2022,10,ICN,KIX,ICN-KIX,,,,MM,피치 항공,도착,0.0,120.0,True,True,인천국제공항공사_항공사별 노선별 운송실적_20221231.csv
2022,10,ICN,KIX,ICN-KIX,,,,MM,피치 항공,출발,0.0,4048.0,True,True,인천국제공항공사_항공사별 노선별 운송실적_20221231.csv
2022,10,ICN,KIX,ICN-KIX,,,,MM,피치 항공,출발,0.0,170.0,True,True,인천국제공항공사_항공사별 노선별 운송실적_20221231.csv
2022,10,ICN,NGO,ICN-NGO,,,,KE,대한항공,도착,0.0,3216.0,False,True,인천국제공항공사_항공사별 노선별 운송실적_20221231.csv
2022,10,ICN,NGO,ICN-NGO,,,,KE,대한항공,출발,0.0,3784.0,False,True,인천국제공항공사_항공사별 노선별 운송실적_20221231.csv
2022,10,ICN,NGO,ICN-NGO,,,,OZ,아시아나항공,도착,0.0,1090.0,False,True,인천국제공항공사_항공사별 노선별 운송실적_20221231.csv
2022,10,ICN,NGO,ICN-NGO,,,,OZ,아시아나항공,출발,0.0,1221.0,False,True,인천국제공항공사_항공사별 노선별 운송실적_20221231.csv
2022,10,ICN,NRT,ICN-NRT,,,,KE,대한항공,도착,0.0,5919.0,False,True,인천국제공항공사_항공사별 노선별 운송실적_20221231.csv
2022,10,ICN,NRT,ICN-NRT,,,,KE,대한항공,도착,0.0,2827.0,False,True,인천국제공항공사_항공사별 노선별 운송실적_20221231.csv
2022,10,ICN,NRT,ICN-NRT,,,,KE,대한항공,출발,0.0,7057.0,False,True,인천국제공항공사_항공사별 노선별 운송실적_20221231.csv
2022,10,ICN,NRT,ICN-NRT,,,,KE,대한항공,출발,0.0,3488.0,False,True,인천국제공항공사_항공사별 노선별 운송실적_20221231.csv
2022,10,ICN,NRT,ICN-NRT,,,,OZ,아시아나항공,도착,0.0,8024.0,False,True,인천국제공항공사_항공사별 노선별 운송실적_20221231.csv
2022,10,ICN,NRT,ICN-NRT,,,,OZ,아시아나항공,도착,0.0,381.0,False,True,인천국제공항공사_항공사별 노선별 운송실적_20221231.csv
2022,10,ICN,NRT,ICN-NRT,,,,OZ,아시아나항공,출발,0.0,9082.0,False,True,인천국제공항공사_항공사별 노선별 운송실적_20221231.csv
2022,10,ICN,NRT,ICN-NRT,,,,OZ,아시아나항공,출발,0.0,423.0,False,True,인천국제공항공사_항공사별 노선별 운송실적_20221231.csv
2022,10,ICN,NRT,ICN-NRT,,,,BX,에어 부산,도착,0.0,6085.0,False,True,인천국제공항공사_항공사별 노선별 운송실적_20221231.csv
2022,10,ICN,NRT,ICN-NRT,,,,BX,에어 부산,출발,0.0,6328.0,False,True,인천국제공항공사_항공사별 노선별 운송실적_20221231.csv
2022,10,ICN,NRT,ICN-NRT,,,,RS,에어서울,도착,0.0,1731.0,True,True,인천국제공항공사_항공사별 노선별 운송실적_20221231.csv
2022,10,ICN,NRT,ICN-NRT,,,,RS,에어서울,출발,0.0,1689.0,True,True,인천국제공항공사_항공사별 노선별 운송실적_20221231.csv
2022,10,ICN,NRT,ICN-NRT,,,,ET,에티오피아 항공,도착,0.0,2015.0,False,True,인천국제공항공사_항공사별 노선별 운송실적_20221231.csv
2022,10,ICN,NRT,ICN-NRT,,,,ET,에티오피아 항공,출발,0.0,1725.0,False,True,인천국제공항공사_항공사별 노선별 운송실적_20221231.csv
2022,10,ICN,NRT,ICN-NRT,,,,7C,제주항공,도착,0.0,5370.0,True,True,인천국제공항공사_항공사별 노선별 운송실적_20221231.csv
2022,10,ICN,NRT,ICN-NRT,,,,7C,제주항공,도착,0.0,5084.0,True,True,인천국제공항공사_항공사별 노선별 운송실적_20221231.csv
2022,10,ICN,NRT,ICN-NRT,,,,7C,제주항공,출발,0.0,5439.0,True,True,인천국제공항공사_항공사별 노선별 운송실적_20221231.csv
2022,10,ICN,NRT,ICN-NRT,,,,7C,제주항공,출발,0.0,5454.0,True,True,인천국제공항공사_항공사별 노선별 운송실적_20221231.csv
2022,10,ICN,NRT,ICN-NRT,,,,LJ,진 에어,도착,0.0,5774.0,False,True,인천국제공항공사_항공사별 노선별 운송실적_20221231.csv
2022,10,ICN,NRT,ICN-NRT,,,,LJ,진 에어,도착,0.0,4561.0,False,True,인천국제공항공사_항공사별 노선별 운송실적_20221231.csv
2022,10,ICN,NRT,ICN-NRT,,,,LJ,진 에어,출발,0.0,5599.0,False,True,인천국제공항공사_항공사별 노선별 운송실적_20221231.csv
2022,10,ICN,NRT,ICN-NRT,,,,LJ,진 에어,출발,0.0,4953.0,False,True,인천국제공항공사_항공사별 노선별 운송실적_20221231.csv
2022,10,ICN,NRT,ICN-NRT,,,,ZG,집에어 도쿄,도착,0.0,7310.0,True,True,인천국제공항공사_항공사별 노선별 운송실적_20221231.csv
2022,10,ICN,NRT,ICN-NRT,,,,ZG,집에어 도쿄,출발,0.0,6827.0,True,True,인천국제공항공사_항공사별 노선별 운송실적_20221231.csv
2022,10,ICN,NRT,ICN-NRT,,,,TW,티웨이항공,도착,0.0,3468.0,True,True,인천국제공항공사_항공사별 노선별 운송실적_20221231.csv
2022,10,ICN,NRT,ICN-NRT,,,,TW,티웨이항공,도착,0.0,1578.0,True,True,인천국제공항공사_항공사별 노선별 운송실적_20221231.csv
2022,10,ICN,NRT,ICN-NRT,,,,TW,티웨이항공,출발,0.0,3463.0,True,True,인천국제공항공사_항공사별 노선별 운송실적_20221231.csv
2022,10,ICN,NRT,ICN-NRT,,,,TW,티웨이항공,출발,0.0,1629.0,True,True,인천국제공항공사_항공사별 노선별 운송실적_20221231.csv
2022,11,ICN,CTS,ICN-CTS,,,,7C,제주항공,도착,0.0,8859.0,True,True,인천국제공항공사_항공사별 노선별 운송실적_20221231.csv
2022,11,ICN,CTS,ICN-CTS,,,,7C,제주항공,출발,0.0,9687.0,True,True,인천국제공항공사_항공사별 노선별 운송실적_20221231.csv
2022,11,ICN,CTS,ICN-CTS,,,,TW,티웨이항공,도착,0.0,3960.0,True,True,인천국제공항공사_항공사별 노선별 운송실적_20221231.csv
2022,11,ICN,CTS,ICN-CTS,,,,TW,티웨이항공,출발,0.0,4357.0,True,True,인천국제공항공사_항공사별 노선별 운송실적_20221231.csv
2022,11,ICN,FUK,ICN-FUK,,,,KE,대한항공,도착,0.0,3116.0,False,True,인천국제공항공사_항공사별 노선별 운송실적_20221231.csv
2022,11,ICN,FUK,ICN-FUK,,,,KE,대한항공,출발,0.0,3855.0,False,True,인천국제공항공사_항공사별 노선별 운송실적_20221231.csv
2022,11,ICN,FUK,ICN-FUK,,,,OZ,아시아나항공,도착,0.0,4326.0,False,True,인천국제공항공사_항공사별 노선별 운송실적_20221231.csv
2022,11,ICN,FUK,ICN-FUK,,,,OZ,아시아나항공,출발,0.0,4753.0,False,True,인천국제공항공사_항공사별 노선별 운송실적_20221231.csv
2022,11,ICN,FUK,ICN-FUK,,,,BX,에어 부산,도착,0.0,4881.0,False,True,인천국제공항공사_항공사별 노선별 운송실적_20221231.csv
2022,11,ICN,FUK,ICN-FUK,,,,BX,에어 부산,출발,0.0,5594.0,False,True,인천국제공항공사_항공사별 노선별 운송실적_20221231.csv
2022,11,ICN,FUK,ICN-FUK,,,,RS,에어서울,도착,0.0,5616.0,True,True,인천국제공항공사_항공사별 노선별 운송실적_20221231.csv
2022,11,ICN,FUK,ICN-FUK,,,,RS,에어서울,출발,0.0,5656.0,True,True,인천국제공항공사_항공사별 노선별 운송실적_20221231.csv
2022,11,ICN,FUK,ICN-FUK,,,,7C,제주항공,도착,0.0,17140.0,True,True,인천국제공항공사_항공사별 노선별 운송실적_20221231.csv
2022,11,ICN,FUK,ICN-FUK,,,,7C,제주항공,출발,0.0,16808.0,True,True,인천국제공항공사_항공사별 노선별 운송실적_20221231.csv
2022,11,ICN,FUK,ICN-FUK,,,,LJ,진 에어,도착,0.0,14266.0,False,True,인천국제공항공사_항공사별 노선별 운송실적_20221231.csv
2022,11,ICN,FUK,ICN-FUK,,,,LJ,진 에어,출발,0.0,15100.0,False,True,인천국제공항공사_항공사별 노선별 운송실적_20221231.csv
2022,11,ICN,FUK,ICN-FUK,,,,TW,티웨이항공,도착,0.0,13324.0,True,True,인천국제공항공사_항공사별 노선별 운송실적_20221231.csv
2022,11,ICN,FUK,ICN-FUK,,,,TW,티웨이항공,출발,0.0,13400.0,True,True,인천국제공항공사_항공사별 노선별 운송실적_20221231.csv
2022,11,ICN,HND,ICN-HND,,,,MM,피치 항공,도착,0.0,3926.0,True,True,인천국제공항공사_항공사별 노선별 운송실적_20221231.csv
2022,11,ICN,HND,ICN-HND,,,,MM,피치 항공,출발,0.0,3935.0,True,True,인천국제공항공사_항공사별 노선별 운송실적_20221231.csv
2022,11,ICN,KIX,ICN-KIX,,,,KE,대한항공,도착,0.0,9029.0,False,True,인천국제공항공사_항공사별 노선별 운송실적_20221231.csv
2022,11,ICN,KIX,ICN-KIX,,,,KE,대한항공,출발,0.0,10054.0,False,True,인천국제공항공사_항공사별 노선별 운송실적_20221231.csv
2022,11,ICN,KIX,ICN-KIX,,,,OZ,아시아나항공,도착,0.0,7124.0,False,True,인천국제공항공사_항공사별 노선별 운송실적_20221231.csv
2022,11,ICN,KIX,ICN-KIX,,,,OZ,아시아나항공,도착,0.0,639.0,False,True,인천국제공항공사_항공사별 노선별 운송실적_20221231.csv
2022,11,ICN,KIX,ICN-KIX,,,,OZ,아시아나항공,출발,0.0,8143.0,False,True,인천국제공항공사_항공사별 노선별 운송실적_20221231.csv
2022,11,ICN,KIX,ICN-KIX,,,,OZ,아시아나항공,출발,0.0,731.0,False,True,인천국제공항공사_항공사별 노선별 운송실적_20221231.csv
2022,11,ICN,KIX,ICN-KIX,,,,BX,에어 부산,도착,0.0,10525.0,False,True,인천국제공항공사_항공사별 노선별 운송실적_20221231.csv
2022,11,ICN,KIX,ICN-KIX,,,,BX,에어 부산,출발,0.0,11279.0,False,True,인천국제공항공사_항공사별 노선별 운송실적_20221231.csv
2022,11,ICN,KIX,ICN-KIX,,,,RS,에어서울,도착,0.0,7234.0,True,True,인천국제공항공사_항공사별 노선별 운송실적_20221231.csv
2022,11,ICN,KIX,ICN-KIX,,,,RS,에어서울,출발,0.0,7602.0,True,True,인천국제공항공사_항공사별 노선별 운송실적_20221231.csv
2022,11,ICN,KIX,ICN-KIX,,,,7C,제주항공,도착,0.0,14017.0,True,True,인천국제공항공사_항공사별 노선별 운송실적_20221231.csv
2022,11,ICN,KIX,ICN-KIX,,,,7C,제주항공,출발,0.0,14863.0,True,True,인천국제공항공사_항공사별 노선별 운송실적_20221231.csv
2022,11,ICN,KIX,ICN-KIX,,,,LJ,진 에어,도착,0.0,16745.0,False,True,인천국제공항공사_항공사별 노선별 운송실적_20221231.csv
2022,11,ICN,KIX,ICN-KIX,,,,LJ,진 에어,출발,0.0,18509.0,False,True,인천국제공항공사_항공사별 노선별 운송실적_20221231.csv
2022,11,ICN,KIX,ICN-KIX,,,,TW,티웨이항공,도착,0.0,15322.0,True,True,인천국제공항공사_항공사별 노선별 운송실적_20221231.csv
2022,11,ICN,KIX,ICN-KIX,,,,TW,티웨이항공,도착,0.0,329.0,True,True,인천국제공항공사_항공사별 노선별 운송실적_20221231.csv
2022,11,ICN,KIX,ICN-KIX,,,,TW,티웨이항공,출발,0.0,15924.0,True,True,인천국제공항공사_항공사별 노선별 운송실적_20221231.csv
2022,11,ICN,KIX,ICN-KIX,,,,TW,티웨이항공,출발,0.0,356.0,True,True,인천국제공항공사_항공사별 노선별 운송실적_20221231.csv
2022,11,ICN,KIX,ICN-KIX,,,,MM,피치 항공,도착,0.0,8205.0,True,True,인천국제공항공사_항공사별 노선별 운송실적_20221231.csv
2022,11,ICN,KIX,ICN-KIX,,,,MM,피치 항공,출발,0.0,7602.0,True,True,인천국제공항공사_항공사별 노선별 운송실적_20221231.csv
2022,11,ICN,KMI,ICN-KMI,,,,BX,에어 부산,도착,0.0,423.0,False,True,인천국제공항공사_항공사별 노선별 운송실적_20221231.csv
2022,11,ICN,KMI,ICN-KMI,,,,BX,에어 부산,출발,0.0,425.0,False,True,인천국제공항공사_항공사별 노선별 운송실적_20221231.csv
2022,11,ICN,NGO,ICN-NGO,,,,KE,대한항공,도착,0.0,3303.0,False,True,인천국제공항공사_항공사별 노선별 운송실적_20221231.csv
2022,11,ICN,NGO,ICN-NGO,,,,KE,대한항공,도착,0.0,205.0,False,True,인천국제공항공사_항공사별 노선별 운송실적_20221231.csv
2022,11,ICN,NGO,ICN-NGO,,,,KE,대한항공,출발,0.0,3702.0,False,True,인천국제공항공사_항공사별 노선별 운송실적_20221231.csv
2022,11,ICN,NGO,ICN-NGO,,,,KE,대한항공,출발,0.0,440.0,False,True,인천국제공항공사_항공사별 노선별 운송실적_20221231.csv
2022,11,ICN,NGO,ICN-NGO,,,,OZ,아시아나항공,도착,0.0,1381.0,False,True,인천국제공항공사_항공사별 노선별 운송실적_20221231.csv
2022,11,ICN,NGO,ICN-NGO,,,,OZ,아시아나항공,출발,0.0,1442.0,False,True,인천국제공항공사_항공사별 노선별 운송실적_20221231.csv
2022,11,ICN,NGO,ICN-NGO,,,,7C,제주항공,도착,0.0,1572.0,True,True,인천국제공항공사_항공사별 노선별 운송실적_20221231.csv
2022,11,ICN,NGO,ICN-NGO,,,,7C,제주항공,출발,0.0,1489.0,True,True,인천국제공항공사_항공사별 노선별 운송실적_20221231.csv
2022,11,ICN,NRT,ICN-NRT,,,,KE,대한항공,도착,0.0,8718.0,False,True,인천국제공항공사_항공사별 노선별 운송실적_20221231.csv
2022,11,ICN,NRT,ICN-NRT,,,,KE,대한항공,출발,0.0,10044.0,False,True,인천국제공항공사_항공사별 노선별 운송실적_20221231.csv
2022,11,ICN,NRT,ICN-NRT,,,,OZ,아시아나항공,도착,0.0,10037.0,False,True,인천국제공항공사_항공사별 노선별 운송실적_20221231.csv
2022,11,ICN,NRT,ICN-NRT,,,,OZ,아시아나항공,출발,0.0,10687.0,False,True,인천국제공항공사_항공사별 노선별 운송실적_20221231.csv
2022,11,ICN,NRT,ICN-NRT,,,,BX,에어 부산,도착,0.0,9740.0,False,True,인천국제공항공사_항공사별 노선별 운송실적_20221231.csv
2022,11,ICN,NRT,ICN-NRT,,,,BX,에어 부산,출발,0.0,11081.0,False,True,인천국제공항공사_항공사별 노선별 운송실적_20221231.csv
2022,11,ICN,NRT,ICN-NRT,,,,RS,에어서울,도착,0.0,7510.0,True,True,인천국제공항공사_항공사별 노선별 운송실적_20221231.csv
2022,11,ICN,NRT,ICN-NRT,,,,RS,에어서울,출발,0.0,7774.0,True,True,인천국제공항공사_항공사별 노선별 운송실적_20221231.csv
2022,11,ICN,NRT,ICN-NRT,,,,ET,에티오피아 항공,도착,0.0,944.0,False,True,인천국제공항공사_항공사별 노선별 운송실적_20221231.csv
2022,11,ICN,NRT,ICN-NRT,,,,ET,에티오피아 항공,출발,0.0,888.0,False,True,인천국제공항공사_항공사별 노선별 운송실적_20221231.csv
2022,11,ICN,NRT,ICN-NRT,,,,7C,제주항공,도착,0.0,18677.0,True,True,인천국제공항공사_항공사별 노선별 운송실적_20221231.csv
2022,11,ICN,NRT,ICN-NRT,,,,7C,제주항공,출발,0.0,19355.0,True,True,인천국제공항공사_항공사별 노선별 운송실적_20221231.csv
2022,11,ICN,NRT,ICN-NRT,,,,LJ,진 에어,도착,0.0,10057.0,False,True,인천국제공항공사_항공사별 노선별 운송실적_20221231.csv
2022,11,ICN,NRT,ICN-NRT,,,,LJ,진 에어,도착,0.0,2257.0,False,True,인천국제공항공사_항공사별 노선별 운송실적_20221231.csv
2022,11,ICN,NRT,ICN-NRT,,,,LJ,진 에어,출발,0.0,10371.0,False,True,인천국제공항공사_항공사별 노선별 운송실적_20221231.csv
2022,11,ICN,NRT,ICN-NRT,,,,LJ,진 에어,출발,0.0,2307.0,False,True,인천국제공항공사_항공사별 노선별 운송실적_20221231.csv
2022,11,ICN,NRT,ICN-NRT,,,,ZG,집에어 도쿄,도착,0.0,7389.0,True,True,인천국제공항공사_항공사별 노선별 운송실적_20221231.csv
2022,11,ICN,NRT,ICN-NRT,,,,ZG,집에어 도쿄,출발,0.0,6292.0,True,True,인천국제공항공사_항공사별 노선별 운송실적_20221231.csv
2022,11,ICN,NRT,ICN-NRT,,,,TW,티웨이항공,도착,0.0,11451.0,True,True,인천국제공항공사_항공사별 노선별 운송실적_20221231.csv
2022,11,ICN,NRT,ICN-NRT,,,,TW,티웨이항공,도착,0.0,1024.0,True,True,인천국제공항공사_항공사별 노선별 운송실적_20221231.csv
2022,11,ICN,NRT,ICN-NRT,,,,TW,티웨이항공,출발,0.0,11621.0,True,True,인천국제공항공사_항공사별 노선별 운송실적_20221231.csv
2022,11,ICN,NRT,ICN-NRT,,,,TW,티웨이항공,출발,0.0,1061.0,True,True,인천국제공항공사_항공사별 노선별 운송실적_20221231.csv
2022,11,ICN,TAK,ICN-TAK,,,,RS,에어서울,도착,0.0,662.0,True,True,인천국제공항공사_항공사별 노선별 운송실적_20221231.csv
2022,11,ICN,TAK,ICN-TAK,,,,RS,에어서울,출발,0.0,832.0,True,True,인천국제공항공사_항공사별 노선별 운송실적_20221231.csv
2022,12,ICN,CTS,ICN-CTS,,,,KE,대한항공,도착,0.0,3972.0,False,True,인천국제공항공사_항공사별 노선별 운송실적_20221231.csv
2022,12,ICN,CTS,ICN-CTS,,,,KE,대한항공,출발,0.0,4582.0,False,True,인천국제공항공사_항공사별 노선별 운송실적_20221231.csv
2022,12,ICN,CTS,ICN-CTS,,,,7C,제주항공,도착,0.0,10369.0,True,True,인천국제공항공사_항공사별 노선별 운송실적_20221231.csv
2022,12,ICN,CTS,ICN-CTS,,,,7C,제주항공,도착,0.0,948.0,True,True,인천국제공항공사_항공사별 노선별 운송실적_20221231.csv
2022,12,ICN,CTS,ICN-CTS,,,,7C,제주항공,출발,0.0,10904.0,True,True,인천국제공항공사_항공사별 노선별 운송실적_20221231.csv
2022,12,ICN,CTS,ICN-CTS,,,,7C,제주항공,출발,0.0,1094.0,True,True,인천국제공항공사_항공사별 노선별 운송실적_20221231.csv
2022,12,ICN,CTS,ICN-CTS,,,,LJ,진 에어,도착,0.0,6410.0,False,True,인천국제공항공사_항공사별 노선별 운송실적_20221231.csv
2022,12,ICN,CTS,ICN-CTS,,,,LJ,진 에어,도착,0.0,2265.0,False,True,인천국제공항공사_항공사별 노선별 운송실적_20221231.csv
2022,12,ICN,CTS,ICN-CTS,,,,LJ,진 에어,출발,0.0,6952.0,False,True,인천국제공항공사_항공사별 노선별 운송실적_20221231.csv
2022,12,ICN,CTS,ICN-CTS,,,,LJ,진 에어,출발,0.0,2614.0,False,True,인천국제공항공사_항공사별 노선별 운송실적_20221231.csv
2022,12,ICN,CTS,ICN-CTS,,,,TW,티웨이항공,도착,0.0,6851.0,True,True,인천국제공항공사_항공사별 노선별 운송실적_20221231.csv
2022,12,ICN,CTS,ICN-CTS,,,,TW,티웨이항공,출발,0.0,6936.0,True,True,인천국제공항공사_항공사별 노선별 운송실적_20221231.csv
2022,12,ICN,FUK,ICN-FUK,,,,KE,대한항공,도착,0.0,7278.0,False,True,인천국제공항공사_항공사별 노선별 운송실적_20221231.csv
2022,12,ICN,FUK,ICN-FUK,,,,KE,대한항공,출발,0.0,8701.0,False,True,인천국제공항공사_항공사별 노선별 운송실적_20221231.csv
2022,12,ICN,FUK,ICN-FUK,,,,OZ,아시아나항공,도착,0.0,8218.0,False,True,인천국제공항공사_항공사별 노선별 운송실적_20221231.csv
2022,12,ICN,FUK,ICN-FUK,,,,OZ,아시아나항공,출발,0.0,8171.0,False,True,인천국제공항공사_항공사별 노선별 운송실적_20221231.csv
2022,12,ICN,FUK,ICN-FUK,,,,BX,에어 부산,도착,0.0,5841.0,False,True,인천국제공항공사_항공사별 노선별 운송실적_20221231.csv
2022,12,ICN,FUK,ICN-FUK,,,,BX,에어 부산,출발,0.0,5855.0,False,True,인천국제공항공사_항공사별 노선별 운송실적_20221231.csv
2022,12,ICN,FUK,ICN-FUK,,,,RS,에어서울,도착,0.0,11379.0,True,True,인천국제공항공사_항공사별 노선별 운송실적_20221231.csv
2022,12,ICN,FUK,ICN-FUK,,,,RS,에어서울,출발,0.0,11797.0,True,True,인천국제공항공사_항공사별 노선별 운송실적_20221231.csv
2022,12,ICN,FUK,ICN-FUK,,,,7C,제주항공,도착,0.0,21531.0,True,True,인천국제공항공사_항공사별 노선별 운송실적_20221231.csv
2022,12,ICN,FUK,ICN-FUK,,,,7C,제주항공,출발,0.0,21114.0,True,True,인천국제공항공사_항공사별 노선별 운송실적_20221231.csv
2022,12,ICN,FUK,ICN-FUK,,,,LJ,진 에어,도착,0.0,17059.0,False,True,인천국제공항공사_항공사별 노선별 운송실적_20221231.csv
2022,12,ICN,FUK,ICN-FUK,,,,LJ,진 에어,출발,0.0,17072.0,False,True,인천국제공항공사_항공사별 노선별 운송실적_20221231.csv
2022,12,ICN,FUK,ICN-FUK,,,,TW,티웨이항공,도착,0.0,19358.0,True,True,인천국제공항공사_항공사별 노선별 운송실적_20221231.csv
2022,12,ICN,FUK,ICN-FUK,,,,TW,티웨이항공,출발,0.0,19443.0,True,True,인천국제공항공사_항공사별 노선별 운송실적_20221231.csv
2022,12,ICN,HND,ICN-HND,,,,MM,피치 항공,도착,0.0,4530.0,True,True,인천국제공항공사_항공사별 노선별 운송실적_20221231.csv
2022,12,ICN,HND,ICN-HND,,,,MM,피치 항공,출발,0.0,4266.0,True,True,인천국제공항공사_항공사별 노선별 운송실적_20221231.csv
2022,12,ICN,KIX,ICN-KIX,,,,KL,KLM네덜란드항공,도착,0.0,47.0,False,True,인천국제공항공사_항공사별 노선별 운송실적_20221231.csv
2022,12,ICN,KIX,ICN-KIX,,,,KE,대한항공,도착,0.0,9368.0,False,True,인천국제공항공사_항공사별 노선별 운송실적_20221231.csv
2022,12,ICN,KIX,ICN-KIX,,,,KE,대한항공,도착,0.0,1394.0,False,True,인천국제공항공사_항공사별 노선별 운송실적_20221231.csv
2022,12,ICN,KIX,ICN-KIX,,,,KE,대한항공,출발,0.0,10227.0,False,True,인천국제공항공사_항공사별 노선별 운송실적_20221231.csv
2022,12,ICN,KIX,ICN-KIX,,,,KE,대한항공,출발,0.0,1087.0,False,True,인천국제공항공사_항공사별 노선별 운송실적_20221231.csv
2022,12,ICN,KIX,ICN-KIX,,,,OZ,아시아나항공,도착,0.0,11293.0,False,True,인천국제공항공사_항공사별 노선별 운송실적_20221231.csv
2022,12,ICN,KIX,ICN-KIX,,,,OZ,아시아나항공,도착,0.0,401.0,False,True,인천국제공항공사_항공사별 노선별 운송실적_20221231.csv
2022,12,ICN,KIX,ICN-KIX,,,,OZ,아시아나항공,출발,0.0,10551.0,False,True,인천국제공항공사_항공사별 노선별 운송실적_20221231.csv
2022,12,ICN,KIX,ICN-KIX,,,,OZ,아시아나항공,출발,0.0,188.0,False,True,인천국제공항공사_항공사별 노선별 운송실적_20221231.csv
2022,12,ICN,KIX,ICN-KIX,,,,BX,에어 부산,도착,0.0,12064.0,False,True,인천국제공항공사_항공사별 노선별 운송실적_20221231.csv
2022,12,ICN,KIX,ICN-KIX,,,,BX,에어 부산,출발,0.0,11602.0,False,True,인천국제공항공사_항공사별 노선별 운송실적_20221231.csv
2022,12,ICN,KIX,ICN-KIX,,,,RS,에어서울,도착,0.0,11713.0,True,True,인천국제공항공사_항공사별 노선별 운송실적_20221231.csv
2022,12,ICN,KIX,ICN-KIX,,,,RS,에어서울,출발,0.0,12041.0,True,True,인천국제공항공사_항공사별 노선별 운송실적_20221231.csv
2022,12,ICN,KIX,ICN-KIX,,,,7C,제주항공,도착,0.0,15233.0,True,True,인천국제공항공사_항공사별 노선별 운송실적_20221231.csv
2022,12,ICN,KIX,ICN-KIX,,,,7C,제주항공,출발,0.0,15657.0,True,True,인천국제공항공사_항공사별 노선별 운송실적_20221231.csv
2022,12,ICN,KIX,ICN-KIX,,,,LJ,진 에어,도착,0.0,27678.0,False,True,인천국제공항공사_항공사별 노선별 운송실적_20221231.csv
2022,12,ICN,KIX,ICN-KIX,,,,LJ,진 에어,출발,0.0,28659.0,False,True,인천국제공항공사_항공사별 노선별 운송실적_20221231.csv
2022,12,ICN,KIX,ICN-KIX,,,,TW,티웨이항공,도착,0.0,21287.0,True,True,인천국제공항공사_항공사별 노선별 운송실적_20221231.csv
2022,12,ICN,KIX,ICN-KIX,,,,TW,티웨이항공,출발,0.0,21236.0,True,True,인천국제공항공사_항공사별 노선별 운송실적_20221231.csv
2022,12,ICN,KIX,ICN-KIX,,,,MM,피치 항공,도착,0.0,8845.0,True,True,인천국제공항공사_항공사별 노선별 운송실적_20221231.csv
2022,12,ICN,KIX,ICN-KIX,,,,MM,피치 항공,출발,0.0,7902.0,True,True,인천국제공항공사_항공사별 노선별 운송실적_20221231.csv
2022,12,ICN,NGO,ICN-NGO,,,,KE,대한항공,도착,0.0,3539.0,False,True,인천국제공항공사_항공사별 노선별 운송실적_20221231.csv
2022,12,ICN,NGO,ICN-NGO,,,,KE,대한항공,도착,0.0,580.0,False,True,인천국제공항공사_항공사별 노선별 운송실적_20221231.csv
2022,12,ICN,NGO,ICN-NGO,,,,KE,대한항공,출발,0.0,3695.0,False,True,인천국제공항공사_항공사별 노선별 운송실적_20221231.csv
2022,12,ICN,NGO,ICN-NGO,,,,KE,대한항공,출발,0.0,554.0,False,True,인천국제공항공사_항공사별 노선별 운송실적_20221231.csv
2022,12,ICN,NGO,ICN-NGO,,,,OZ,아시아나항공,도착,0.0,1828.0,False,True,인천국제공항공사_항공사별 노선별 운송실적_20221231.csv
2022,12,ICN,NGO,ICN-NGO,,,,OZ,아시아나항공,출발,0.0,1448.0,False,True,인천국제공항공사_항공사별 노선별 운송실적_20221231.csv
2022,12,ICN,NGO,ICN-NGO,,,,7C,제주항공,도착,0.0,6302.0,True,True,인천국제공항공사_항공사별 노선별 운송실적_20221231.csv
2022,12,ICN,NGO,ICN-NGO,,,,7C,제주항공,출발,0.0,6458.0,True,True,인천국제공항공사_항공사별 노선별 운송실적_20221231.csv
2022,12,ICN,NRT,ICN-NRT,,,,KE,대한항공,도착,0.0,9269.0,False,True,인천국제공항공사_항공사별 노선별 운송실적_20221231.csv
2022,12,ICN,NRT,ICN-NRT,,,,KE,대한항공,출발,0.0,8922.0,False,True,인천국제공항공사_항공사별 노선별 운송실적_20221231.csv
2022,12,ICN,NRT,ICN-NRT,,,,OZ,아시아나항공,도착,0.0,10080.0,False,True,인천국제공항공사_항공사별 노선별 운송실적_20221231.csv
2022,12,ICN,NRT,ICN-NRT,,,,OZ,아시아나항공,출발,0.0,10110.0,False,True,인천국제공항공사_항공사별 노선별 운송실적_20221231.csv
2022,12,ICN,NRT,ICN-NRT,,,,BX,에어 부산,도착,0.0,12179.0,False,True,인천국제공항공사_항공사별 노선별 운송실적_20221231.csv
2022,12,ICN,NRT,ICN-NRT,,,,BX,에어 부산,출발,0.0,11290.0,False,True,인천국제공항공사_항공사별 노선별 운송실적_20221231.csv
2022,12,ICN,NRT,ICN-NRT,,,,YP,에어 프레미아,도착,0.0,1540.0,False,True,인천국제공항공사_항공사별 노선별 운송실적_20221231.csv
2022,12,ICN,NRT,ICN-NRT,,,,YP,에어 프레미아,출발,0.0,1424.0,False,True,인천국제공항공사_항공사별 노선별 운송실적_20221231.csv
2022,12,ICN,NRT,ICN-NRT,,,,RS,에어서울,도착,0.0,11567.0,True,True,인천국제공항공사_항공사별 노선별 운송실적_20221231.csv
2022,12,ICN,NRT,ICN-NRT,,,,RS,에어서울,출발,0.0,11772.0,True,True,인천국제공항공사_항공사별 노선별 운송실적_20221231.csv
2022,12,ICN,NRT,ICN-NRT,,,,ET,에티오피아 항공,도착,0.0,1656.0,False,True,인천국제공항공사_항공사별 노선별 운송실적_20221231.csv
2022,12,ICN,NRT,ICN-NRT,,,,ET,에티오피아 항공,출발,0.0,1117.0,False,True,인천국제공항공사_항공사별 노선별 운송실적_20221231.csv
2022,12,ICN,NRT,ICN-NRT,,,,7C,제주항공,도착,0.0,25123.0,True,True,인천국제공항공사_항공사별 노선별 운송실적_20221231.csv
2022,12,ICN,NRT,ICN-NRT,,,,7C,제주항공,출발,0.0,25790.0,True,True,인천국제공항공사_항공사별 노선별 운송실적_20221231.csv
2022,12,ICN,NRT,ICN-NRT,,,,LJ,진 에어,도착,0.0,20082.0,False,True,인천국제공항공사_항공사별 노선별 운송실적_20221231.csv
2022,12,ICN,NRT,ICN-NRT,,,,LJ,진 에어,출발,0.0,20139.0,False,True,인천국제공항공사_항공사별 노선별 운송실적_20221231.csv
2022,12,ICN,NRT,ICN-NRT,,,,ZG,집에어 도쿄,도착,0.0,7737.0,True,True,인천국제공항공사_항공사별 노선별 운송실적_20221231.csv
2022,12,ICN,NRT,ICN-NRT,,,,ZG,집에어 도쿄,도착,0.0,718.0,True,True,인천국제공항공사_항공사별 노선별 운송실적_20221231.csv
2022,12,ICN,NRT,ICN-NRT,,,,ZG,집에어 도쿄,출발,0.0,4669.0,True,True,인천국제공항공사_항공사별 노선별 운송실적_20221231.csv
2022,12,ICN,NRT,ICN-NRT,,,,ZG,집에어 도쿄,출발,0.0,250.0,True,True,인천국제공항공사_항공사별 노선별 운송실적_20221231.csv
2022,12,ICN,NRT,ICN-NRT,,,,TW,티웨이항공,도착,0.0,19004.0,True,True,인천국제공항공사_항공사별 노선별 운송실적_20221231.csv
2022,12,ICN,NRT,ICN-NRT,,,,TW,티웨이항공,출발,0.0,19341.0,True,True,인천국제공항공사_항공사별 노선별 운송실적_20221231.csv
2022,12,ICN,OKA,ICN-OKA,,,,KE,대한항공,도착,0.0,1409.0,False,True,인천국제공항공사_항공사별 노선별 운송실적_20221231.csv
2022,12,ICN,OKA,ICN-OKA,,,,KE,대한항공,출발,0.0,1632.0,False,True,인천국제공항공사_항공사별 노선별 운송실적_20221231.csv
2022,12,ICN,OKA,ICN-OKA,,,,OZ,아시아나항공,도착,0.0,541.0,False,True,인천국제공항공사_항공사별 노선별 운송실적_20221231.csv
2022,12,ICN,OKA,ICN-OKA,,,,OZ,아시아나항공,출발,0.0,610.0,False,True,인천국제공항공사_항공사별 노선별 운송실적_20221231.csv
2022,12,ICN,OKA,ICN-OKA,,,,7C,제주항공,도착,0.0,4255.0,True,True,인천국제공항공사_항공사별 노선별 운송실적_20221231.csv
2022,12,ICN,OKA,ICN-OKA,,,,7C,제주항공,출발,0.0,4843.0,True,True,인천국제공항공사_항공사별 노선별 운송실적_20221231.csv
2022,12,ICN,OKA,ICN-OKA,,,,LJ,진 에어,도착,0.0,3189.0,False,True,인천국제공항공사_항공사별 노선별 운송실적_20221231.csv
2022,12,ICN,OKA,ICN-OKA,,,,LJ,진 에어,도착,0.0,1050.0,False,True,인천국제공항공사_항공사별 노선별 운송실적_20221231.csv
2022,12,ICN,OKA,ICN-OKA,,,,LJ,진 에어,출발,0.0,3559.0,False,True,인천국제공항공사_항공사별 노선별 운송실적_20221231.csv
2022,12,ICN,OKA,ICN-OKA,,,,LJ,진 에어,출발,0.0,1082.0,False,True,인천국제공항공사_항공사별 노선별 운송실적_20221231.csv
2022,12,ICN,OKA,ICN-OKA,,,,TW,티웨이항공,도착,0.0,1642.0,True,True,인천국제공항공사_항공사별 노선별 운송실적_20221231.csv
2022,12,ICN,OKA,ICN-OKA,,,,TW,티웨이항공,출발,0.0,1723.0,True,True,인천국제공항공사_항공사별 노선별 운송실적_20221231.csv
2022,12,ICN,TAK,ICN-TAK,,,,RS,에어서울,도착,0.0,2339.0,True,True,인천국제공항공사_항공사별 노선별 운송실적_20221231.csv
2022,12,ICN,TAK,ICN-TAK,,,,RS,에어서울,출발,0.0,2230.0,True,True,인천국제공항공사_항공사별 노선별 운송실적_20221231.csv
2023,1,ICN,AOJ,ICN-AOJ,,,,KE,대한항공,도착,0.0,259.0,False,True,인천국제공항공사_항공사별 노선별 운송실적_20231231.csv
2023,1,ICN,AOJ,ICN-AOJ,,,,KE,대한항공,출발,0.0,259.0,False,True,인천국제공항공사_항공사별 노선별 운송실적_20231231.csv
2023,1,ICN,CTS,ICN-CTS,,,,KE,대한항공,도착,0.0,4701.0,False,True,인천국제공항공사_항공사별 노선별 운송실적_20231231.csv
2023,1,ICN,CTS,ICN-CTS,,,,KE,대한항공,출발,0.0,4898.0,False,True,인천국제공항공사_항공사별 노선별 운송실적_20231231.csv
2023,1,ICN,CTS,ICN-CTS,,,,OZ,아시아나항공,도착,0.0,2856.0,False,True,인천국제공항공사_항공사별 노선별 운송실적_20231231.csv
2023,1,ICN,CTS,ICN-CTS,,,,OZ,아시아나항공,출발,0.0,3270.0,False,True,인천국제공항공사_항공사별 노선별 운송실적_20231231.csv
2023,1,ICN,CTS,ICN-CTS,,,,RS,에어서울,도착,0.0,1413.0,True,True,인천국제공항공사_항공사별 노선별 운송실적_20231231.csv
2023,1,ICN,CTS,ICN-CTS,,,,RS,에어서울,출발,0.0,1593.0,True,True,인천국제공항공사_항공사별 노선별 운송실적_20231231.csv
2023,1,ICN,CTS,ICN-CTS,,,,7C,제주항공,도착,0.0,10492.0,True,True,인천국제공항공사_항공사별 노선별 운송실적_20231231.csv
2023,1,ICN,CTS,ICN-CTS,,,,7C,제주항공,도착,0.0,1605.0,True,True,인천국제공항공사_항공사별 노선별 운송실적_20231231.csv
2023,1,ICN,CTS,ICN-CTS,,,,7C,제주항공,출발,0.0,10963.0,True,True,인천국제공항공사_항공사별 노선별 운송실적_20231231.csv
2023,1,ICN,CTS,ICN-CTS,,,,7C,제주항공,출발,0.0,1433.0,True,True,인천국제공항공사_항공사별 노선별 운송실적_20231231.csv
2023,1,ICN,CTS,ICN-CTS,,,,LJ,진 에어,도착,0.0,10479.0,False,True,인천국제공항공사_항공사별 노선별 운송실적_20231231.csv
2023,1,ICN,CTS,ICN-CTS,,,,LJ,진 에어,출발,0.0,10901.0,False,True,인천국제공항공사_항공사별 노선별 운송실적_20231231.csv
2023,1,ICN,CTS,ICN-CTS,,,,TW,티웨이항공,도착,0.0,14976.0,True,True,인천국제공항공사_항공사별 노선별 운송실적_20231231.csv
2023,1,ICN,CTS,ICN-CTS,,,,TW,티웨이항공,출발,0.0,15223.0,True,True,인천국제공항공사_항공사별 노선별 운송실적_20231231.csv
2023,1,ICN,FUK,ICN-FUK,,,,KE,대한항공,도착,0.0,11701.0,False,True,인천국제공항공사_항공사별 노선별 운송실적_20231231.csv
2023,1,ICN,FUK,ICN-FUK,,,,KE,대한항공,출발,0.0,13199.0,False,True,인천국제공항공사_항공사별 노선별 운송실적_20231231.csv
2023,1,ICN,FUK,ICN-FUK,,,,OZ,아시아나항공,도착,0.0,9683.0,False,True,인천국제공항공사_항공사별 노선별 운송실적_20231231.csv
2023,1,ICN,FUK,ICN-FUK,,,,OZ,아시아나항공,출발,0.0,9627.0,False,True,인천국제공항공사_항공사별 노선별 운송실적_20231231.csv
2023,1,ICN,FUK,ICN-FUK,,,,BX,에어 부산,도착,0.0,6620.0,False,True,인천국제공항공사_항공사별 노선별 운송실적_20231231.csv
2023,1,ICN,FUK,ICN-FUK,,,,BX,에어 부산,출발,0.0,6955.0,False,True,인천국제공항공사_항공사별 노선별 운송실적_20231231.csv
2023,1,ICN,FUK,ICN-FUK,,,,RS,에어서울,도착,0.0,11143.0,True,True,인천국제공항공사_항공사별 노선별 운송실적_20231231.csv
2023,1,ICN,FUK,ICN-FUK,,,,RS,에어서울,출발,0.0,11653.0,True,True,인천국제공항공사_항공사별 노선별 운송실적_20231231.csv
2023,1,ICN,FUK,ICN-FUK,,,,7C,제주항공,도착,0.0,21540.0,True,True,인천국제공항공사_항공사별 노선별 운송실적_20231231.csv
2023,1,ICN,FUK,ICN-FUK,,,,7C,제주항공,출발,0.0,22353.0,True,True,인천국제공항공사_항공사별 노선별 운송실적_20231231.csv
2023,1,ICN,FUK,ICN-FUK,,,,LJ,진 에어,도착,0.0,21650.0,False,True,인천국제공항공사_항공사별 노선별 운송실적_20231231.csv
2023,1,ICN,FUK,ICN-FUK,,,,LJ,진 에어,도착,0.0,1302.0,False,True,인천국제공항공사_항공사별 노선별 운송실적_20231231.csv
2023,1,ICN,FUK,ICN-FUK,,,,LJ,진 에어,출발,0.0,21818.0,False,True,인천국제공항공사_항공사별 노선별 운송실적_20231231.csv
2023,1,ICN,FUK,ICN-FUK,,,,LJ,진 에어,출발,0.0,1395.0,False,True,인천국제공항공사_항공사별 노선별 운송실적_20231231.csv
2023,1,ICN,FUK,ICN-FUK,,,,TW,티웨이항공,도착,0.0,16568.0,True,True,인천국제공항공사_항공사별 노선별 운송실적_20231231.csv
2023,1,ICN,FUK,ICN-FUK,,,,TW,티웨이항공,도착,0.0,536.0,True,True,인천국제공항공사_항공사별 노선별 운송실적_20231231.csv
2023,1,ICN,FUK,ICN-FUK,,,,TW,티웨이항공,출발,0.0,16640.0,True,True,인천국제공항공사_항공사별 노선별 운송실적_20231231.csv
2023,1,ICN,FUK,ICN-FUK,,,,TW,티웨이항공,출발,0.0,539.0,True,True,인천국제공항공사_항공사별 노선별 운송실적_20231231.csv
2023,1,ICN,HND,ICN-HND,,,,KE,대한항공,도착,0.0,276.0,False,True,인천국제공항공사_항공사별 노선별 운송실적_20231231.csv
2023,1,ICN,HND,ICN-HND,,,,MM,피치 항공,도착,0.0,4967.0,True,True,인천국제공항공사_항공사별 노선별 운송실적_20231231.csv
2023,1,ICN,HND,ICN-HND,,,,MM,피치 항공,출발,0.0,5143.0,True,True,인천국제공항공사_항공사별 노선별 운송실적_20231231.csv
2023,1,ICN,KIX,ICN-KIX,,,,KE,대한항공,도착,0.0,7601.0,False,True,인천국제공항공사_항공사별 노선별 운송실적_20231231.csv
2023,1,ICN,KIX,ICN-KIX,,,,KE,대한항공,도착,0.0,4486.0,False,True,인천국제공항공사_항공사별 노선별 운송실적_20231231.csv
2023,1,ICN,KIX,ICN-KIX,,,,KE,대한항공,출발,0.0,8729.0,False,True,인천국제공항공사_항공사별 노선별 운송실적_20231231.csv
2023,1,ICN,KIX,ICN-KIX,,,,KE,대한항공,출발,0.0,4012.0,False,True,인천국제공항공사_항공사별 노선별 운송실적_20231231.csv
2023,1,ICN,KIX,ICN-KIX,,,,OZ,아시아나항공,도착,0.0,10420.0,False,True,인천국제공항공사_항공사별 노선별 운송실적_20231231.csv
2023,1,ICN,KIX,ICN-KIX,,,,OZ,아시아나항공,출발,0.0,11423.0,False,True,인천국제공항공사_항공사별 노선별 운송실적_20231231.csv
2023,1,ICN,KIX,ICN-KIX,,,,BX,에어 부산,도착,0.0,12454.0,False,True,인천국제공항공사_항공사별 노선별 운송실적_20231231.csv
2023,1,ICN,KIX,ICN-KIX,,,,BX,에어 부산,도착,0.0,360.0,False,True,인천국제공항공사_항공사별 노선별 운송실적_20231231.csv
2023,1,ICN,KIX,ICN-KIX,,,,BX,에어 부산,출발,0.0,12717.0,False,True,인천국제공항공사_항공사별 노선별 운송실적_20231231.csv
2023,1,ICN,KIX,ICN-KIX,,,,BX,에어 부산,출발,0.0,371.0,False,True,인천국제공항공사_항공사별 노선별 운송실적_20231231.csv
2023,1,ICN,KIX,ICN-KIX,,,,RS,에어서울,도착,0.0,11278.0,True,True,인천국제공항공사_항공사별 노선별 운송실적_20231231.csv
2023,1,ICN,KIX,ICN-KIX,,,,RS,에어서울,도착,0.0,366.0,True,True,인천국제공항공사_항공사별 노선별 운송실적_20231231.csv
2023,1,ICN,KIX,ICN-KIX,,,,RS,에어서울,출발,0.0,12046.0,True,True,인천국제공항공사_항공사별 노선별 운송실적_20231231.csv
2023,1,ICN,KIX,ICN-KIX,,,,RS,에어서울,출발,0.0,373.0,True,True,인천국제공항공사_항공사별 노선별 운송실적_20231231.csv
2023,1,ICN,KIX,ICN-KIX,,,,7C,제주항공,도착,0.0,15446.0,True,True,인천국제공항공사_항공사별 노선별 운송실적_20231231.csv
2023,1,ICN,KIX,ICN-KIX,,,,7C,제주항공,도착,0.0,476.0,True,True,인천국제공항공사_항공사별 노선별 운송실적_20231231.csv
2023,1,ICN,KIX,ICN-KIX,,,,7C,제주항공,출발,0.0,16137.0,True,True,인천국제공항공사_항공사별 노선별 운송실적_20231231.csv
2023,1,ICN,KIX,ICN-KIX,,,,7C,제주항공,출발,0.0,536.0,True,True,인천국제공항공사_항공사별 노선별 운송실적_20231231.csv
2023,1,ICN,KIX,ICN-KIX,,,,LJ,진 에어,도착,0.0,34184.0,False,True,인천국제공항공사_항공사별 노선별 운송실적_20231231.csv
2023,1,ICN,KIX,ICN-KIX,,,,LJ,진 에어,도착,0.0,641.0,False,True,인천국제공항공사_항공사별 노선별 운송실적_20231231.csv
2023,1,ICN,KIX,ICN-KIX,,,,LJ,진 에어,출발,0.0,35182.0,False,True,인천국제공항공사_항공사별 노선별 운송실적_20231231.csv
2023,1,ICN,KIX,ICN-KIX,,,,LJ,진 에어,출발,0.0,693.0,False,True,인천국제공항공사_항공사별 노선별 운송실적_20231231.csv
2023,1,ICN,KIX,ICN-KIX,,,,TW,티웨이항공,도착,0.0,21316.0,True,True,인천국제공항공사_항공사별 노선별 운송실적_20231231.csv
2023,1,ICN,KIX,ICN-KIX,,,,TW,티웨이항공,도착,0.0,349.0,True,True,인천국제공항공사_항공사별 노선별 운송실적_20231231.csv
2023,1,ICN,KIX,ICN-KIX,,,,TW,티웨이항공,출발,0.0,21677.0,True,True,인천국제공항공사_항공사별 노선별 운송실적_20231231.csv
2023,1,ICN,KIX,ICN-KIX,,,,TW,티웨이항공,출발,0.0,365.0,True,True,인천국제공항공사_항공사별 노선별 운송실적_20231231.csv
2023,1,ICN,KIX,ICN-KIX,,,,MM,피치 항공,도착,0.0,10345.0,True,True,인천국제공항공사_항공사별 노선별 운송실적_20231231.csv
2023,1,ICN,KIX,ICN-KIX,,,,MM,피치 항공,도착,0.0,369.0,True,True,인천국제공항공사_항공사별 노선별 운송실적_20231231.csv
2023,1,ICN,KIX,ICN-KIX,,,,MM,피치 항공,출발,0.0,10115.0,True,True,인천국제공항공사_항공사별 노선별 운송실적_20231231.csv
2023,1,ICN,KIX,ICN-KIX,,,,MM,피치 항공,출발,0.0,349.0,True,True,인천국제공항공사_항공사별 노선별 운송실적_20231231.csv
2023,1,ICN,KMI,ICN-KMI,,,,OZ,아시아나항공,도착,0.0,1052.0,False,True,인천국제공항공사_항공사별 노선별 운송실적_20231231.csv
2023,1,ICN,KMI,ICN-KMI,,,,OZ,아시아나항공,출발,0.0,1227.0,False,True,인천국제공항공사_항공사별 노선별 운송실적_20231231.csv
2023,1,ICN,KMJ,ICN-KMJ,,,,TW,티웨이항공,도착,0.0,1565.0,True,True,인천국제공항공사_항공사별 노선별 운송실적_20231231.csv
2023,1,ICN,KMJ,ICN-KMJ,,,,TW,티웨이항공,출발,0.0,1785.0,True,True,인천국제공항공사_항공사별 노선별 운송실적_20231231.csv
2023,1,ICN,KOJ,ICN-KOJ,,,,KE,대한항공,도착,0.0,988.0,False,True,인천국제공항공사_항공사별 노선별 운송실적_20231231.csv
2023,1,ICN,KOJ,ICN-KOJ,,,,KE,대한항공,출발,0.0,1162.0,False,True,인천국제공항공사_항공사별 노선별 운송실적_20231231.csv
2023,1,ICN,NGO,ICN-NGO,,,,KE,대한항공,도착,0.0,2581.0,False,True,인천국제공항공사_항공사별 노선별 운송실적_20231231.csv
2023,1,ICN,NGO,ICN-NGO,,,,KE,대한항공,출발,0.0,3120.0,False,True,인천국제공항공사_항공사별 노선별 운송실적_20231231.csv
2023,1,ICN,NGO,ICN-NGO,,,,OZ,아시아나항공,도착,0.0,2803.0,False,True,인천국제공항공사_항공사별 노선별 운송실적_20231231.csv
2023,1,ICN,NGO,ICN-NGO,,,,OZ,아시아나항공,도착,0.0,73.0,False,True,인천국제공항공사_항공사별 노선별 운송실적_20231231.csv
2023,1,ICN,NGO,ICN-NGO,,,,OZ,아시아나항공,출발,0.0,3020.0,False,True,인천국제공항공사_항공사별 노선별 운송실적_20231231.csv
2023,1,ICN,NGO,ICN-NGO,,,,OZ,아시아나항공,출발,0.0,59.0,False,True,인천국제공항공사_항공사별 노선별 운송실적_20231231.csv
2023,1,ICN,NGO,ICN-NGO,,,,7C,제주항공,도착,0.0,9193.0,True,True,인천국제공항공사_항공사별 노선별 운송실적_20231231.csv
2023,1,ICN,NGO,ICN-NGO,,,,7C,제주항공,출발,0.0,10069.0,True,True,인천국제공항공사_항공사별 노선별 운송실적_20231231.csv
2023,1,ICN,NRT,ICN-NRT,,,,KE,대한항공,도착,0.0,7803.0,False,True,인천국제공항공사_항공사별 노선별 운송실적_20231231.csv
2023,1,ICN,NRT,ICN-NRT,,,,KE,대한항공,출발,0.0,9170.0,False,True,인천국제공항공사_항공사별 노선별 운송실적_20231231.csv
2023,1,ICN,NRT,ICN-NRT,,,,OZ,아시아나항공,도착,0.0,9586.0,False,True,인천국제공항공사_항공사별 노선별 운송실적_20231231.csv
2023,1,ICN,NRT,ICN-NRT,,,,OZ,아시아나항공,출발,0.0,10506.0,False,True,인천국제공항공사_항공사별 노선별 운송실적_20231231.csv
2023,1,ICN,NRT,ICN-NRT,,,,BX,에어 부산,도착,0.0,12010.0,False,True,인천국제공항공사_항공사별 노선별 운송실적_20231231.csv
2023,1,ICN,NRT,ICN-NRT,,,,BX,에어 부산,출발,0.0,12671.0,False,True,인천국제공항공사_항공사별 노선별 운송실적_20231231.csv
2023,1,ICN,NRT,ICN-NRT,,,,YP,에어 프레미아,도착,0.0,5203.0,False,True,인천국제공항공사_항공사별 노선별 운송실적_20231231.csv
2023,1,ICN,NRT,ICN-NRT,,,,YP,에어 프레미아,출발,0.0,5566.0,False,True,인천국제공항공사_항공사별 노선별 운송실적_20231231.csv
2023,1,ICN,NRT,ICN-NRT,,,,RS,에어서울,도착,0.0,10678.0,True,True,인천국제공항공사_항공사별 노선별 운송실적_20231231.csv
2023,1,ICN,NRT,ICN-NRT,,,,RS,에어서울,도착,0.0,157.0,True,True,인천국제공항공사_항공사별 노선별 운송실적_20231231.csv
2023,1,ICN,NRT,ICN-NRT,,,,RS,에어서울,출발,0.0,11460.0,True,True,인천국제공항공사_항공사별 노선별 운송실적_20231231.csv
2023,1,ICN,NRT,ICN-NRT,,,,RS,에어서울,출발,0.0,190.0,True,True,인천국제공항공사_항공사별 노선별 운송실적_20231231.csv
2023,1,ICN,NRT,ICN-NRT,,,,ET,에티오피아 항공,도착,0.0,1805.0,False,True,인천국제공항공사_항공사별 노선별 운송실적_20231231.csv
2023,1,ICN,NRT,ICN-NRT,,,,ET,에티오피아 항공,출발,0.0,1860.0,False,True,인천국제공항공사_항공사별 노선별 운송실적_20231231.csv
2023,1,ICN,NRT,ICN-NRT,,,,7C,제주항공,도착,0.0,25154.0,True,True,인천국제공항공사_항공사별 노선별 운송실적_20231231.csv
2023,1,ICN,NRT,ICN-NRT,,,,7C,제주항공,출발,0.0,27097.0,True,True,인천국제공항공사_항공사별 노선별 운송실적_20231231.csv
2023,1,ICN,NRT,ICN-NRT,,,,LJ,진 에어,도착,0.0,14327.0,False,True,인천국제공항공사_항공사별 노선별 운송실적_20231231.csv
2023,1,ICN,NRT,ICN-NRT,,,,LJ,진 에어,도착,0.0,429.0,False,True,인천국제공항공사_항공사별 노선별 운송실적_20231231.csv
2023,1,ICN,NRT,ICN-NRT,,,,LJ,진 에어,출발,0.0,15052.0,False,True,인천국제공항공사_항공사별 노선별 운송실적_20231231.csv
2023,1,ICN,NRT,ICN-NRT,,,,LJ,진 에어,출발,0.0,446.0,False,True,인천국제공항공사_항공사별 노선별 운송실적_20231231.csv
2023,1,ICN,NRT,ICN-NRT,,,,ZG,집에어 도쿄,도착,0.0,6663.0,True,True,인천국제공항공사_항공사별 노선별 운송실적_20231231.csv
2023,1,ICN,NRT,ICN-NRT,,,,ZG,집에어 도쿄,도착,0.0,153.0,True,True,인천국제공항공사_항공사별 노선별 운송실적_20231231.csv
2023,1,ICN,NRT,ICN-NRT,,,,ZG,집에어 도쿄,출발,0.0,6359.0,True,True,인천국제공항공사_항공사별 노선별 운송실적_20231231.csv
2023,1,ICN,NRT,ICN-NRT,,,,ZG,집에어 도쿄,출발,0.0,212.0,True,True,인천국제공항공사_항공사별 노선별 운송실적_20231231.csv
2023,1,ICN,NRT,ICN-NRT,,,,TW,티웨이항공,도착,0.0,15114.0,True,True,인천국제공항공사_항공사별 노선별 운송실적_20231231.csv
2023,1,ICN,NRT,ICN-NRT,,,,TW,티웨이항공,출발,0.0,16756.0,True,True,인천국제공항공사_항공사별 노선별 운송실적_20231231.csv
2023,1,ICN,OKA,ICN-OKA,,,,KE,대한항공,도착,0.0,2748.0,False,True,인천국제공항공사_항공사별 노선별 운송실적_20231231.csv
2023,1,ICN,OKA,ICN-OKA,,,,KE,대한항공,출발,0.0,3156.0,False,True,인천국제공항공사_항공사별 노선별 운송실적_20231231.csv
2023,1,ICN,OKA,ICN-OKA,,,,OZ,아시아나항공,도착,0.0,2137.0,False,True,인천국제공항공사_항공사별 노선별 운송실적_20231231.csv
2023,1,ICN,OKA,ICN-OKA,,,,OZ,아시아나항공,출발,0.0,2389.0,False,True,인천국제공항공사_항공사별 노선별 운송실적_20231231.csv
2023,1,ICN,OKA,ICN-OKA,,,,7C,제주항공,도착,0.0,5094.0,True,True,인천국제공항공사_항공사별 노선별 운송실적_20231231.csv
2023,1,ICN,OKA,ICN-OKA,,,,7C,제주항공,출발,0.0,5159.0,True,True,인천국제공항공사_항공사별 노선별 운송실적_20231231.csv
2023,1,ICN,OKA,ICN-OKA,,,,LJ,진 에어,도착,0.0,5141.0,False,True,인천국제공항공사_항공사별 노선별 운송실적_20231231.csv
2023,1,ICN,OKA,ICN-OKA,,,,LJ,진 에어,출발,0.0,5287.0,False,True,인천국제공항공사_항공사별 노선별 운송실적_20231231.csv
2023,1,ICN,OKA,ICN-OKA,,,,TW,티웨이항공,도착,0.0,5231.0,True,True,인천국제공항공사_항공사별 노선별 운송실적_20231231.csv
2023,1,ICN,OKA,ICN-OKA,,,,TW,티웨이항공,출발,0.0,5287.0,True,True,인천국제공항공사_항공사별 노선별 운송실적_20231231.csv
2023,1,ICN,TAK,ICN-TAK,,,,RS,에어서울,도착,0.0,1972.0,True,True,인천국제공항공사_항공사별 노선별 운송실적_20231231.csv
2023,1,ICN,TAK,ICN-TAK,,,,RS,에어서울,출발,0.0,2219.0,True,True,인천국제공항공사_항공사별 노선별 운송실적_20231231.csv
2023,2,ICN,AOJ,ICN-AOJ,,,,KE,대한항공,도착,0.0,274.0,False,True,인천국제공항공사_항공사별 노선별 운송실적_20231231.csv
2023,2,ICN,AOJ,ICN-AOJ,,,,KE,대한항공,출발,0.0,274.0,False,True,인천국제공항공사_항공사별 노선별 운송실적_20231231.csv
2023,2,ICN,CTS,ICN-CTS,,,,KE,대한항공,도착,0.0,5684.0,False,True,인천국제공항공사_항공사별 노선별 운송실적_20231231.csv
2023,2,ICN,CTS,ICN-CTS,,,,KE,대한항공,출발,0.0,5595.0,False,True,인천국제공항공사_항공사별 노선별 운송실적_20231231.csv
2023,2,ICN,CTS,ICN-CTS,,,,OZ,아시아나항공,도착,0.0,3142.0,False,True,인천국제공항공사_항공사별 노선별 운송실적_20231231.csv
2023,2,ICN,CTS,ICN-CTS,,,,OZ,아시아나항공,출발,0.0,3056.0,False,True,인천국제공항공사_항공사별 노선별 운송실적_20231231.csv
2023,2,ICN,CTS,ICN-CTS,,,,RS,에어서울,도착,0.0,1467.0,True,True,인천국제공항공사_항공사별 노선별 운송실적_20231231.csv
2023,2,ICN,CTS,ICN-CTS,,,,RS,에어서울,출발,0.0,1378.0,True,True,인천국제공항공사_항공사별 노선별 운송실적_20231231.csv
2023,2,ICN,CTS,ICN-CTS,,,,7C,제주항공,도착,0.0,10173.0,True,True,인천국제공항공사_항공사별 노선별 운송실적_20231231.csv
2023,2,ICN,CTS,ICN-CTS,,,,7C,제주항공,출발,0.0,9905.0,True,True,인천국제공항공사_항공사별 노선별 운송실적_20231231.csv
2023,2,ICN,CTS,ICN-CTS,,,,LJ,진 에어,도착,0.0,9840.0,False,True,인천국제공항공사_항공사별 노선별 운송실적_20231231.csv
2023,2,ICN,CTS,ICN-CTS,,,,LJ,진 에어,출발,0.0,9719.0,False,True,인천국제공항공사_항공사별 노선별 운송실적_20231231.csv
2023,2,ICN,CTS,ICN-CTS,,,,TW,티웨이항공,도착,0.0,14566.0,True,True,인천국제공항공사_항공사별 노선별 운송실적_20231231.csv
2023,2,ICN,CTS,ICN-CTS,,,,TW,티웨이항공,출발,0.0,13954.0,True,True,인천국제공항공사_항공사별 노선별 운송실적_20231231.csv
2023,2,ICN,FSZ,ICN-FSZ,,,,7C,제주항공,도착,0.0,296.0,True,True,인천국제공항공사_항공사별 노선별 운송실적_20231231.csv
2023,2,ICN,FSZ,ICN-FSZ,,,,7C,제주항공,출발,0.0,266.0,True,True,인천국제공항공사_항공사별 노선별 운송실적_20231231.csv
2023,2,ICN,FUK,ICN-FUK,,,,KE,대한항공,도착,0.0,14803.0,False,True,인천국제공항공사_항공사별 노선별 운송실적_20231231.csv
2023,2,ICN,FUK,ICN-FUK,,,,KE,대한항공,도착,0.0,321.0,False,True,인천국제공항공사_항공사별 노선별 운송실적_20231231.csv
2023,2,ICN,FUK,ICN-FUK,,,,KE,대한항공,출발,0.0,15475.0,False,True,인천국제공항공사_항공사별 노선별 운송실적_20231231.csv
2023,2,ICN,FUK,ICN-FUK,,,,KE,대한항공,출발,0.0,326.0,False,True,인천국제공항공사_항공사별 노선별 운송실적_20231231.csv
2023,2,ICN,FUK,ICN-FUK,,,,OZ,아시아나항공,도착,0.0,13255.0,False,True,인천국제공항공사_항공사별 노선별 운송실적_20231231.csv
2023,2,ICN,FUK,ICN-FUK,,,,OZ,아시아나항공,출발,0.0,12814.0,False,True,인천국제공항공사_항공사별 노선별 운송실적_20231231.csv
2023,2,ICN,FUK,ICN-FUK,,,,BX,에어 부산,도착,0.0,8389.0,False,True,인천국제공항공사_항공사별 노선별 운송실적_20231231.csv
2023,2,ICN,FUK,ICN-FUK,,,,BX,에어 부산,출발,0.0,7808.0,False,True,인천국제공항공사_항공사별 노선별 운송실적_20231231.csv
2023,2,ICN,FUK,ICN-FUK,,,,RS,에어서울,도착,0.0,10875.0,True,True,인천국제공항공사_항공사별 노선별 운송실적_20231231.csv
2023,2,ICN,FUK,ICN-FUK,,,,RS,에어서울,출발,0.0,10798.0,True,True,인천국제공항공사_항공사별 노선별 운송실적_20231231.csv
2023,2,ICN,FUK,ICN-FUK,,,,7C,제주항공,도착,0.0,20839.0,True,True,인천국제공항공사_항공사별 노선별 운송실적_20231231.csv
2023,2,ICN,FUK,ICN-FUK,,,,7C,제주항공,출발,0.0,20701.0,True,True,인천국제공항공사_항공사별 노선별 운송실적_20231231.csv
2023,2,ICN,FUK,ICN-FUK,,,,LJ,진 에어,도착,0.0,19666.0,False,True,인천국제공항공사_항공사별 노선별 운송실적_20231231.csv
2023,2,ICN,FUK,ICN-FUK,,,,LJ,진 에어,도착,0.0,742.0,False,True,인천국제공항공사_항공사별 노선별 운송실적_20231231.csv
2023,2,ICN,FUK,ICN-FUK,,,,LJ,진 에어,출발,0.0,19019.0,False,True,인천국제공항공사_항공사별 노선별 운송실적_20231231.csv
2023,2,ICN,FUK,ICN-FUK,,,,LJ,진 에어,출발,0.0,647.0,False,True,인천국제공항공사_항공사별 노선별 운송실적_20231231.csv
2023,2,ICN,FUK,ICN-FUK,,,,TW,티웨이항공,도착,0.0,15678.0,True,True,인천국제공항공사_항공사별 노선별 운송실적_20231231.csv
2023,2,ICN,FUK,ICN-FUK,,,,TW,티웨이항공,도착,0.0,374.0,True,True,인천국제공항공사_항공사별 노선별 운송실적_20231231.csv
2023,2,ICN,FUK,ICN-FUK,,,,TW,티웨이항공,출발,0.0,15404.0,True,True,인천국제공항공사_항공사별 노선별 운송실적_20231231.csv
2023,2,ICN,FUK,ICN-FUK,,,,TW,티웨이항공,출발,0.0,377.0,True,True,인천국제공항공사_항공사별 노선별 운송실적_20231231.csv
2023,2,ICN,HND,ICN-HND,,,,MM,피치 항공,도착,0.0,4805.0,True,True,인천국제공항공사_항공사별 노선별 운송실적_20231231.csv
2023,2,ICN,HND,ICN-HND,,,,MM,피치 항공,출발,0.0,4428.0,True,True,인천국제공항공사_항공사별 노선별 운송실적_20231231.csv
2023,2,ICN,KIX,ICN-KIX,,,,KE,대한항공,도착,0.0,16113.0,False,True,인천국제공항공사_항공사별 노선별 운송실적_20231231.csv
2023,2,ICN,KIX,ICN-KIX,,,,KE,대한항공,출발,0.0,15914.0,False,True,인천국제공항공사_항공사별 노선별 운송실적_20231231.csv
2023,2,ICN,KIX,ICN-KIX,,,,OZ,아시아나항공,도착,0.0,14663.0,False,True,인천국제공항공사_항공사별 노선별 운송실적_20231231.csv
2023,2,ICN,KIX,ICN-KIX,,,,OZ,아시아나항공,출발,0.0,14436.0,False,True,인천국제공항공사_항공사별 노선별 운송실적_20231231.csv
2023,2,ICN,KIX,ICN-KIX,,,,BX,에어 부산,도착,0.0,12278.0,False,True,인천국제공항공사_항공사별 노선별 운송실적_20231231.csv
2023,2,ICN,KIX,ICN-KIX,,,,BX,에어 부산,출발,0.0,11884.0,False,True,인천국제공항공사_항공사별 노선별 운송실적_20231231.csv
2023,2,ICN,KIX,ICN-KIX,,,,RS,에어서울,도착,0.0,11075.0,True,True,인천국제공항공사_항공사별 노선별 운송실적_20231231.csv
2023,2,ICN,KIX,ICN-KIX,,,,RS,에어서울,도착,0.0,862.0,True,True,인천국제공항공사_항공사별 노선별 운송실적_20231231.csv
2023,2,ICN,KIX,ICN-KIX,,,,RS,에어서울,출발,0.0,10923.0,True,True,인천국제공항공사_항공사별 노선별 운송실적_20231231.csv
2023,2,ICN,KIX,ICN-KIX,,,,RS,에어서울,출발,0.0,834.0,True,True,인천국제공항공사_항공사별 노선별 운송실적_20231231.csv
2023,2,ICN,KIX,ICN-KIX,,,,7C,제주항공,도착,0.0,19558.0,True,True,인천국제공항공사_항공사별 노선별 운송실적_20231231.csv
2023,2,ICN,KIX,ICN-KIX,,,,7C,제주항공,출발,0.0,19178.0,True,True,인천국제공항공사_항공사별 노선별 운송실적_20231231.csv
2023,2,ICN,KIX,ICN-KIX,,,,LJ,진 에어,도착,0.0,30368.0,False,True,인천국제공항공사_항공사별 노선별 운송실적_20231231.csv
2023,2,ICN,KIX,ICN-KIX,,,,LJ,진 에어,도착,0.0,556.0,False,True,인천국제공항공사_항공사별 노선별 운송실적_20231231.csv
2023,2,ICN,KIX,ICN-KIX,,,,LJ,진 에어,출발,0.0,29841.0,False,True,인천국제공항공사_항공사별 노선별 운송실적_20231231.csv
2023,2,ICN,KIX,ICN-KIX,,,,LJ,진 에어,출발,0.0,549.0,False,True,인천국제공항공사_항공사별 노선별 운송실적_20231231.csv
2023,2,ICN,KIX,ICN-KIX,,,,TW,티웨이항공,도착,0.0,19764.0,True,True,인천국제공항공사_항공사별 노선별 운송실적_20231231.csv
2023,2,ICN,KIX,ICN-KIX,,,,TW,티웨이항공,도착,0.0,189.0,True,True,인천국제공항공사_항공사별 노선별 운송실적_20231231.csv
2023,2,ICN,KIX,ICN-KIX,,,,TW,티웨이항공,출발,0.0,19135.0,True,True,인천국제공항공사_항공사별 노선별 운송실적_20231231.csv
2023,2,ICN,KIX,ICN-KIX,,,,TW,티웨이항공,출발,0.0,178.0,True,True,인천국제공항공사_항공사별 노선별 운송실적_20231231.csv
2023,2,ICN,KIX,ICN-KIX,,,,MM,피치 항공,도착,0.0,10537.0,True,True,인천국제공항공사_항공사별 노선별 운송실적_20231231.csv
2023,2,ICN,KIX,ICN-KIX,,,,MM,피치 항공,출발,0.0,9243.0,True,True,인천국제공항공사_항공사별 노선별 운송실적_20231231.csv
2023,2,ICN,KKJ,ICN-KKJ,,,,LJ,진 에어,도착,0.0,179.0,False,True,인천국제공항공사_항공사별 노선별 운송실적_20231231.csv
2023,2,ICN,KKJ,ICN-KKJ,,,,LJ,진 에어,출발,0.0,183.0,False,True,인천국제공항공사_항공사별 노선별 운송실적_20231231.csv
2023,2,ICN,KMI,ICN-KMI,,,,OZ,아시아나항공,도착,0.0,1229.0,False,True,인천국제공항공사_항공사별 노선별 운송실적_20231231.csv
2023,2,ICN,KMI,ICN-KMI,,,,OZ,아시아나항공,출발,0.0,1057.0,False,True,인천국제공항공사_항공사별 노선별 운송실적_20231231.csv
2023,2,ICN,KMJ,ICN-KMJ,,,,TW,티웨이항공,도착,0.0,2355.0,True,True,인천국제공항공사_항공사별 노선별 운송실적_20231231.csv
2023,2,ICN,KMJ,ICN-KMJ,,,,TW,티웨이항공,출발,0.0,2456.0,True,True,인천국제공항공사_항공사별 노선별 운송실적_20231231.csv
2023,2,ICN,KOJ,ICN-KOJ,,,,KE,대한항공,도착,0.0,1474.0,False,True,인천국제공항공사_항공사별 노선별 운송실적_20231231.csv
2023,2,ICN,KOJ,ICN-KOJ,,,,KE,대한항공,출발,0.0,1470.0,False,True,인천국제공항공사_항공사별 노선별 운송실적_20231231.csv
2023,2,ICN,NGO,ICN-NGO,,,,KE,대한항공,도착,0.0,3939.0,False,True,인천국제공항공사_항공사별 노선별 운송실적_20231231.csv
2023,2,ICN,NGO,ICN-NGO,,,,KE,대한항공,출발,0.0,4200.0,False,True,인천국제공항공사_항공사별 노선별 운송실적_20231231.csv
2023,2,ICN,NGO,ICN-NGO,,,,OZ,아시아나항공,도착,0.0,3793.0,False,True,인천국제공항공사_항공사별 노선별 운송실적_20231231.csv
2023,2,ICN,NGO,ICN-NGO,,,,OZ,아시아나항공,출발,0.0,3275.0,False,True,인천국제공항공사_항공사별 노선별 운송실적_20231231.csv
2023,2,ICN,NGO,ICN-NGO,,,,7C,제주항공,도착,0.0,9845.0,True,True,인천국제공항공사_항공사별 노선별 운송실적_20231231.csv
2023,2,ICN,NGO,ICN-NGO,,,,7C,제주항공,출발,0.0,9380.0,True,True,인천국제공항공사_항공사별 노선별 운송실적_20231231.csv
2023,2,ICN,NRT,ICN-NRT,,,,KE,대한항공,도착,0.0,10291.0,False,True,인천국제공항공사_항공사별 노선별 운송실적_20231231.csv
2023,2,ICN,NRT,ICN-NRT,,,,KE,대한항공,출발,0.0,10064.0,False,True,인천국제공항공사_항공사별 노선별 운송실적_20231231.csv
2023,2,ICN,NRT,ICN-NRT,,,,OZ,아시아나항공,도착,0.0,13954.0,False,True,인천국제공항공사_항공사별 노선별 운송실적_20231231.csv
2023,2,ICN,NRT,ICN-NRT,,,,OZ,아시아나항공,출발,0.0,13812.0,False,True,인천국제공항공사_항공사별 노선별 운송실적_20231231.csv
2023,2,ICN,NRT,ICN-NRT,,,,BX,에어 부산,도착,0.0,12274.0,False,True,인천국제공항공사_항공사별 노선별 운송실적_20231231.csv
2023,2,ICN,NRT,ICN-NRT,,,,BX,에어 부산,출발,0.0,11466.0,False,True,인천국제공항공사_항공사별 노선별 운송실적_20231231.csv
2023,2,ICN,NRT,ICN-NRT,,,,YP,에어 프레미아,도착,0.0,4739.0,False,True,인천국제공항공사_항공사별 노선별 운송실적_20231231.csv
2023,2,ICN,NRT,ICN-NRT,,,,YP,에어 프레미아,출발,0.0,4554.0,False,True,인천국제공항공사_항공사별 노선별 운송실적_20231231.csv
2023,2,ICN,NRT,ICN-NRT,,,,RS,에어서울,도착,0.0,10806.0,True,True,인천국제공항공사_항공사별 노선별 운송실적_20231231.csv
2023,2,ICN,NRT,ICN-NRT,,,,RS,에어서울,도착,0.0,688.0,True,True,인천국제공항공사_항공사별 노선별 운송실적_20231231.csv
2023,2,ICN,NRT,ICN-NRT,,,,RS,에어서울,출발,0.0,10460.0,True,True,인천국제공항공사_항공사별 노선별 운송실적_20231231.csv
2023,2,ICN,NRT,ICN-NRT,,,,RS,에어서울,출발,0.0,696.0,True,True,인천국제공항공사_항공사별 노선별 운송실적_20231231.csv
2023,2,ICN,NRT,ICN-NRT,,,,ET,에티오피아 항공,도착,0.0,2585.0,False,True,인천국제공항공사_항공사별 노선별 운송실적_20231231.csv
2023,2,ICN,NRT,ICN-NRT,,,,ET,에티오피아 항공,출발,0.0,2019.0,False,True,인천국제공항공사_항공사별 노선별 운송실적_20231231.csv
2023,2,ICN,NRT,ICN-NRT,,,,7C,제주항공,도착,0.0,25114.0,True,True,인천국제공항공사_항공사별 노선별 운송실적_20231231.csv
2023,2,ICN,NRT,ICN-NRT,,,,7C,제주항공,출발,0.0,24627.0,True,True,인천국제공항공사_항공사별 노선별 운송실적_20231231.csv
2023,2,ICN,NRT,ICN-NRT,,,,LJ,진 에어,도착,0.0,20899.0,False,True,인천국제공항공사_항공사별 노선별 운송실적_20231231.csv
2023,2,ICN,NRT,ICN-NRT,,,,LJ,진 에어,출발,0.0,20406.0,False,True,인천국제공항공사_항공사별 노선별 운송실적_20231231.csv
2023,2,ICN,NRT,ICN-NRT,,,,ZG,집에어 도쿄,도착,0.0,7589.0,True,True,인천국제공항공사_항공사별 노선별 운송실적_20231231.csv
2023,2,ICN,NRT,ICN-NRT,,,,ZG,집에어 도쿄,출발,0.0,6119.0,True,True,인천국제공항공사_항공사별 노선별 운송실적_20231231.csv
2023,2,ICN,NRT,ICN-NRT,,,,TW,티웨이항공,도착,0.0,15469.0,True,True,인천국제공항공사_항공사별 노선별 운송실적_20231231.csv
2023,2,ICN,NRT,ICN-NRT,,,,TW,티웨이항공,출발,0.0,15425.0,True,True,인천국제공항공사_항공사별 노선별 운송실적_20231231.csv
2023,2,ICN,OKA,ICN-OKA,,,,KE,대한항공,도착,0.0,3443.0,False,True,인천국제공항공사_항공사별 노선별 운송실적_20231231.csv
2023,2,ICN,OKA,ICN-OKA,,,,KE,대한항공,출발,0.0,3426.0,False,True,인천국제공항공사_항공사별 노선별 운송실적_20231231.csv
2023,2,ICN,OKA,ICN-OKA,,,,OZ,아시아나항공,도착,0.0,2552.0,False,True,인천국제공항공사_항공사별 노선별 운송실적_20231231.csv
2023,2,ICN,OKA,ICN-OKA,,,,OZ,아시아나항공,출발,0.0,2649.0,False,True,인천국제공항공사_항공사별 노선별 운송실적_20231231.csv
2023,2,ICN,OKA,ICN-OKA,,,,7C,제주항공,도착,0.0,4811.0,True,True,인천국제공항공사_항공사별 노선별 운송실적_20231231.csv
2023,2,ICN,OKA,ICN-OKA,,,,7C,제주항공,출발,0.0,4725.0,True,True,인천국제공항공사_항공사별 노선별 운송실적_20231231.csv
2023,2,ICN,OKA,ICN-OKA,,,,LJ,진 에어,도착,0.0,4853.0,False,True,인천국제공항공사_항공사별 노선별 운송실적_20231231.csv
2023,2,ICN,OKA,ICN-OKA,,,,LJ,진 에어,출발,0.0,4964.0,False,True,인천국제공항공사_항공사별 노선별 운송실적_20231231.csv
2023,2,ICN,OKA,ICN-OKA,,,,TW,티웨이항공,도착,0.0,5003.0,True,True,인천국제공항공사_항공사별 노선별 운송실적_20231231.csv
2023,2,ICN,OKA,ICN-OKA,,,,TW,티웨이항공,출발,0.0,4756.0,True,True,인천국제공항공사_항공사별 노선별 운송실적_20231231.csv
2023,2,ICN,TAK,ICN-TAK,,,,RS,에어서울,도착,0.0,2343.0,True,True,인천국제공항공사_항공사별 노선별 운송실적_20231231.csv
2023,2,ICN,TAK,ICN-TAK,,,,RS,에어서울,출발,0.0,2320.0,True,True,인천국제공항공사_항공사별 노선별 운송실적_20231231.csv
2023,3,ICN,AOJ,ICN-AOJ,,,,KE,대한항공,도착,0.0,419.0,False,True,인천국제공항공사_항공사별 노선별 운송실적_20231231.csv
2023,3,ICN,AOJ,ICN-AOJ,,,,KE,대한항공,출발,0.0,419.0,False,True,인천국제공항공사_항공사별 노선별 운송실적_20231231.csv
2023,3,ICN,CTS,ICN-CTS,,,,KE,대한항공,도착,0.0,2973.0,False,True,인천국제공항공사_항공사별 노선별 운송실적_20231231.csv
2023,3,ICN,CTS,ICN-CTS,,,,KE,대한항공,출발,0.0,2485.0,False,True,인천국제공항공사_항공사별 노선별 운송실적_20231231.csv
2023,3,ICN,CTS,ICN-CTS,,,,OZ,아시아나항공,도착,0.0,1675.0,False,True,인천국제공항공사_항공사별 노선별 운송실적_20231231.csv
2023,3,ICN,CTS,ICN-CTS,,,,OZ,아시아나항공,출발,0.0,1434.0,False,True,인천국제공항공사_항공사별 노선별 운송실적_20231231.csv
2023,3,ICN,CTS,ICN-CTS,,,,RS,에어서울,도착,0.0,505.0,True,True,인천국제공항공사_항공사별 노선별 운송실적_20231231.csv
2023,3,ICN,CTS,ICN-CTS,,,,RS,에어서울,출발,0.0,406.0,True,True,인천국제공항공사_항공사별 노선별 운송실적_20231231.csv
2023,3,ICN,CTS,ICN-CTS,,,,7C,제주항공,도착,0.0,10420.0,True,True,인천국제공항공사_항공사별 노선별 운송실적_20231231.csv
2023,3,ICN,CTS,ICN-CTS,,,,7C,제주항공,출발,0.0,9968.0,True,True,인천국제공항공사_항공사별 노선별 운송실적_20231231.csv
2023,3,ICN,CTS,ICN-CTS,,,,LJ,진 에어,도착,0.0,4823.0,False,True,인천국제공항공사_항공사별 노선별 운송실적_20231231.csv
2023,3,ICN,CTS,ICN-CTS,,,,LJ,진 에어,도착,0.0,887.0,False,True,인천국제공항공사_항공사별 노선별 운송실적_20231231.csv
2023,3,ICN,CTS,ICN-CTS,,,,LJ,진 에어,출발,0.0,4447.0,False,True,인천국제공항공사_항공사별 노선별 운송실적_20231231.csv
2023,3,ICN,CTS,ICN-CTS,,,,LJ,진 에어,출발,0.0,533.0,False,True,인천국제공항공사_항공사별 노선별 운송실적_20231231.csv
2023,3,ICN,CTS,ICN-CTS,,,,TW,티웨이항공,도착,0.0,5597.0,True,True,인천국제공항공사_항공사별 노선별 운송실적_20231231.csv
2023,3,ICN,CTS,ICN-CTS,,,,TW,티웨이항공,출발,0.0,5073.0,True,True,인천국제공항공사_항공사별 노선별 운송실적_20231231.csv
2023,3,ICN,FSZ,ICN-FSZ,,,,7C,제주항공,도착,0.0,470.0,True,True,인천국제공항공사_항공사별 노선별 운송실적_20231231.csv
2023,3,ICN,FSZ,ICN-FSZ,,,,7C,제주항공,출발,0.0,495.0,True,True,인천국제공항공사_항공사별 노선별 운송실적_20231231.csv
2023,3,ICN,FUK,ICN-FUK,,,,KE,대한항공,도착,0.0,11738.0,False,True,인천국제공항공사_항공사별 노선별 운송실적_20231231.csv
2023,3,ICN,FUK,ICN-FUK,,,,KE,대한항공,출발,0.0,12254.0,False,True,인천국제공항공사_항공사별 노선별 운송실적_20231231.csv
2023,3,ICN,FUK,ICN-FUK,,,,OZ,아시아나항공,도착,0.0,11581.0,False,True,인천국제공항공사_항공사별 노선별 운송실적_20231231.csv
2023,3,ICN,FUK,ICN-FUK,,,,OZ,아시아나항공,출발,0.0,11286.0,False,True,인천국제공항공사_항공사별 노선별 운송실적_20231231.csv
2023,3,ICN,FUK,ICN-FUK,,,,BX,에어 부산,도착,0.0,1344.0,False,True,인천국제공항공사_항공사별 노선별 운송실적_20231231.csv
2023,3,ICN,FUK,ICN-FUK,,,,BX,에어 부산,도착,0.0,8684.0,False,True,인천국제공항공사_항공사별 노선별 운송실적_20231231.csv
2023,3,ICN,FUK,ICN-FUK,,,,BX,에어 부산,출발,0.0,1583.0,False,True,인천국제공항공사_항공사별 노선별 운송실적_20231231.csv
2023,3,ICN,FUK,ICN-FUK,,,,BX,에어 부산,출발,0.0,7827.0,False,True,인천국제공항공사_항공사별 노선별 운송실적_20231231.csv
2023,3,ICN,FUK,ICN-FUK,,,,RS,에어서울,도착,0.0,11176.0,True,True,인천국제공항공사_항공사별 노선별 운송실적_20231231.csv
2023,3,ICN,FUK,ICN-FUK,,,,RS,에어서울,출발,0.0,11250.0,True,True,인천국제공항공사_항공사별 노선별 운송실적_20231231.csv
2023,3,ICN,FUK,ICN-FUK,,,,7C,제주항공,도착,0.0,21910.0,True,True,인천국제공항공사_항공사별 노선별 운송실적_20231231.csv
2023,3,ICN,FUK,ICN-FUK,,,,7C,제주항공,도착,0.0,3355.0,True,True,인천국제공항공사_항공사별 노선별 운송실적_20231231.csv
2023,3,ICN,FUK,ICN-FUK,,,,7C,제주항공,출발,0.0,21723.0,True,True,인천국제공항공사_항공사별 노선별 운송실적_20231231.csv
2023,3,ICN,FUK,ICN-FUK,,,,7C,제주항공,출발,0.0,3460.0,True,True,인천국제공항공사_항공사별 노선별 운송실적_20231231.csv
2023,3,ICN,FUK,ICN-FUK,,,,LJ,진 에어,도착,0.0,21113.0,False,True,인천국제공항공사_항공사별 노선별 운송실적_20231231.csv
2023,3,ICN,FUK,ICN-FUK,,,,LJ,진 에어,출발,0.0,21304.0,False,True,인천국제공항공사_항공사별 노선별 운송실적_20231231.csv
2023,3,ICN,FUK,ICN-FUK,,,,TW,티웨이항공,도착,0.0,16434.0,True,True,인천국제공항공사_항공사별 노선별 운송실적_20231231.csv
2023,3,ICN,FUK,ICN-FUK,,,,TW,티웨이항공,도착,0.0,711.0,True,True,인천국제공항공사_항공사별 노선별 운송실적_20231231.csv
2023,3,ICN,FUK,ICN-FUK,,,,TW,티웨이항공,출발,0.0,16120.0,True,True,인천국제공항공사_항공사별 노선별 운송실적_20231231.csv
2023,3,ICN,FUK,ICN-FUK,,,,TW,티웨이항공,출발,0.0,739.0,True,True,인천국제공항공사_항공사별 노선별 운송실적_20231231.csv
2023,3,ICN,HND,ICN-HND,,,,KE,대한항공,도착,0.0,270.0,False,True,인천국제공항공사_항공사별 노선별 운송실적_20231231.csv
2023,3,ICN,HND,ICN-HND,,,,KE,대한항공,도착,0.0,266.0,False,True,인천국제공항공사_항공사별 노선별 운송실적_20231231.csv
2023,3,ICN,HND,ICN-HND,,,,KE,대한항공,출발,0.0,456.0,False,True,인천국제공항공사_항공사별 노선별 운송실적_20231231.csv
2023,3,ICN,HND,ICN-HND,,,,MM,피치 항공,도착,0.0,5094.0,True,True,인천국제공항공사_항공사별 노선별 운송실적_20231231.csv
2023,3,ICN,HND,ICN-HND,,,,MM,피치 항공,출발,0.0,4747.0,True,True,인천국제공항공사_항공사별 노선별 운송실적_20231231.csv
2023,3,ICN,KIX,ICN-KIX,,,,KE,대한항공,도착,0.0,12972.0,False,True,인천국제공항공사_항공사별 노선별 운송실적_20231231.csv
2023,3,ICN,KIX,ICN-KIX,,,,KE,대한항공,출발,0.0,13225.0,False,True,인천국제공항공사_항공사별 노선별 운송실적_20231231.csv
2023,3,ICN,KIX,ICN-KIX,,,,OZ,아시아나항공,도착,0.0,11773.0,False,True,인천국제공항공사_항공사별 노선별 운송실적_20231231.csv
2023,3,ICN,KIX,ICN-KIX,,,,OZ,아시아나항공,도착,0.0,1900.0,False,True,인천국제공항공사_항공사별 노선별 운송실적_20231231.csv
2023,3,ICN,KIX,ICN-KIX,,,,OZ,아시아나항공,출발,0.0,12047.0,False,True,인천국제공항공사_항공사별 노선별 운송실적_20231231.csv
2023,3,ICN,KIX,ICN-KIX,,,,OZ,아시아나항공,출발,0.0,2203.0,False,True,인천국제공항공사_항공사별 노선별 운송실적_20231231.csv
2023,3,ICN,KIX,ICN-KIX,,,,BX,에어 부산,도착,0.0,12059.0,False,True,인천국제공항공사_항공사별 노선별 운송실적_20231231.csv
2023,3,ICN,KIX,ICN-KIX,,,,BX,에어 부산,출발,0.0,12590.0,False,True,인천국제공항공사_항공사별 노선별 운송실적_20231231.csv
2023,3,ICN,KIX,ICN-KIX,,,,RS,에어서울,도착,0.0,11333.0,True,True,인천국제공항공사_항공사별 노선별 운송실적_20231231.csv
2023,3,ICN,KIX,ICN-KIX,,,,RS,에어서울,도착,0.0,582.0,True,True,인천국제공항공사_항공사별 노선별 운송실적_20231231.csv
2023,3,ICN,KIX,ICN-KIX,,,,RS,에어서울,출발,0.0,11443.0,True,True,인천국제공항공사_항공사별 노선별 운송실적_20231231.csv
2023,3,ICN,KIX,ICN-KIX,,,,RS,에어서울,출발,0.0,554.0,True,True,인천국제공항공사_항공사별 노선별 운송실적_20231231.csv
2023,3,ICN,KIX,ICN-KIX,,,,7C,제주항공,도착,0.0,16366.0,True,True,인천국제공항공사_항공사별 노선별 운송실적_20231231.csv
2023,3,ICN,KIX,ICN-KIX,,,,7C,제주항공,도착,0.0,4243.0,True,True,인천국제공항공사_항공사별 노선별 운송실적_20231231.csv
2023,3,ICN,KIX,ICN-KIX,,,,7C,제주항공,출발,0.0,16493.0,True,True,인천국제공항공사_항공사별 노선별 운송실적_20231231.csv
2023,3,ICN,KIX,ICN-KIX,,,,7C,제주항공,출발,0.0,4314.0,True,True,인천국제공항공사_항공사별 노선별 운송실적_20231231.csv
2023,3,ICN,KIX,ICN-KIX,,,,LJ,진 에어,도착,0.0,26919.0,False,True,인천국제공항공사_항공사별 노선별 운송실적_20231231.csv
2023,3,ICN,KIX,ICN-KIX,,,,LJ,진 에어,출발,0.0,27932.0,False,True,인천국제공항공사_항공사별 노선별 운송실적_20231231.csv
2023,3,ICN,KIX,ICN-KIX,,,,TW,티웨이항공,도착,0.0,20790.0,True,True,인천국제공항공사_항공사별 노선별 운송실적_20231231.csv
2023,3,ICN,KIX,ICN-KIX,,,,TW,티웨이항공,도착,0.0,548.0,True,True,인천국제공항공사_항공사별 노선별 운송실적_20231231.csv
2023,3,ICN,KIX,ICN-KIX,,,,TW,티웨이항공,출발,0.0,20664.0,True,True,인천국제공항공사_항공사별 노선별 운송실적_20231231.csv
2023,3,ICN,KIX,ICN-KIX,,,,TW,티웨이항공,출발,0.0,558.0,True,True,인천국제공항공사_항공사별 노선별 운송실적_20231231.csv
2023,3,ICN,KIX,ICN-KIX,,,,MM,피치 항공,도착,0.0,11434.0,True,True,인천국제공항공사_항공사별 노선별 운송실적_20231231.csv
2023,3,ICN,KIX,ICN-KIX,,,,MM,피치 항공,출발,0.0,10478.0,True,True,인천국제공항공사_항공사별 노선별 운송실적_20231231.csv
2023,3,ICN,KMI,ICN-KMI,,,,OZ,아시아나항공,출발,0.0,172.0,False,True,인천국제공항공사_항공사별 노선별 운송실적_20231231.csv
2023,3,ICN,KMJ,ICN-KMJ,,,,TW,티웨이항공,도착,0.0,2401.0,True,True,인천국제공항공사_항공사별 노선별 운송실적_20231231.csv
2023,3,ICN,KMJ,ICN-KMJ,,,,TW,티웨이항공,도착,0.0,2198.0,True,True,인천국제공항공사_항공사별 노선별 운송실적_20231231.csv
2023,3,ICN,KMJ,ICN-KMJ,,,,TW,티웨이항공,출발,0.0,2505.0,True,True,인천국제공항공사_항공사별 노선별 운송실적_20231231.csv
2023,3,ICN,KMJ,ICN-KMJ,,,,TW,티웨이항공,출발,0.0,2324.0,True,True,인천국제공항공사_항공사별 노선별 운송실적_20231231.csv
2023,3,ICN,KOJ,ICN-KOJ,,,,KE,대한항공,도착,0.0,998.0,False,True,인천국제공항공사_항공사별 노선별 운송실적_20231231.csv
2023,3,ICN,KOJ,ICN-KOJ,,,,KE,대한항공,출발,0.0,950.0,False,True,인천국제공항공사_항공사별 노선별 운송실적_20231231.csv
2023,3,ICN,KOJ,ICN-KOJ,,,,TW,티웨이항공,도착,0.0,1450.0,True,True,인천국제공항공사_항공사별 노선별 운송실적_20231231.csv
2023,3,ICN,KOJ,ICN-KOJ,,,,TW,티웨이항공,출발,0.0,1630.0,True,True,인천국제공항공사_항공사별 노선별 운송실적_20231231.csv
2023,3,ICN,MYJ,ICN-MYJ,,,,7C,제주항공,도착,0.0,561.0,True,True,인천국제공항공사_항공사별 노선별 운송실적_20231231.csv
2023,3,ICN,MYJ,ICN-MYJ,,,,7C,제주항공,출발,0.0,654.0,True,True,인천국제공항공사_항공사별 노선별 운송실적_20231231.csv
2023,3,ICN,NGO,ICN-NGO,,,,KE,대한항공,도착,0.0,4930.0,False,True,인천국제공항공사_항공사별 노선별 운송실적_20231231.csv
2023,3,ICN,NGO,ICN-NGO,,,,KE,대한항공,출발,0.0,5694.0,False,True,인천국제공항공사_항공사별 노선별 운송실적_20231231.csv
2023,3,ICN,NGO,ICN-NGO,,,,OZ,아시아나항공,도착,0.0,2818.0,False,True,인천국제공항공사_항공사별 노선별 운송실적_20231231.csv
2023,3,ICN,NGO,ICN-NGO,,,,OZ,아시아나항공,도착,0.0,1660.0,False,True,인천국제공항공사_항공사별 노선별 운송실적_20231231.csv
2023,3,ICN,NGO,ICN-NGO,,,,OZ,아시아나항공,출발,0.0,2634.0,False,True,인천국제공항공사_항공사별 노선별 운송실적_20231231.csv
2023,3,ICN,NGO,ICN-NGO,,,,OZ,아시아나항공,출발,0.0,1616.0,False,True,인천국제공항공사_항공사별 노선별 운송실적_20231231.csv
2023,3,ICN,NGO,ICN-NGO,,,,7C,제주항공,도착,0.0,10611.0,True,True,인천국제공항공사_항공사별 노선별 운송실적_20231231.csv
2023,3,ICN,NGO,ICN-NGO,,,,7C,제주항공,출발,0.0,10724.0,True,True,인천국제공항공사_항공사별 노선별 운송실적_20231231.csv
2023,3,ICN,NRT,ICN-NRT,,,,KE,대한항공,도착,0.0,9438.0,False,True,인천국제공항공사_항공사별 노선별 운송실적_20231231.csv
2023,3,ICN,NRT,ICN-NRT,,,,KE,대한항공,출발,0.0,9098.0,False,True,인천국제공항공사_항공사별 노선별 운송실적_20231231.csv
2023,3,ICN,NRT,ICN-NRT,,,,OZ,아시아나항공,도착,0.0,12813.0,False,True,인천국제공항공사_항공사별 노선별 운송실적_20231231.csv
2023,3,ICN,NRT,ICN-NRT,,,,OZ,아시아나항공,도착,0.0,3202.0,False,True,인천국제공항공사_항공사별 노선별 운송실적_20231231.csv
2023,3,ICN,NRT,ICN-NRT,,,,OZ,아시아나항공,출발,0.0,13269.0,False,True,인천국제공항공사_항공사별 노선별 운송실적_20231231.csv
2023,3,ICN,NRT,ICN-NRT,,,,OZ,아시아나항공,출발,0.0,2306.0,False,True,인천국제공항공사_항공사별 노선별 운송실적_20231231.csv
2023,3,ICN,NRT,ICN-NRT,,,,BX,에어 부산,도착,0.0,12686.0,False,True,인천국제공항공사_항공사별 노선별 운송실적_20231231.csv
2023,3,ICN,NRT,ICN-NRT,,,,BX,에어 부산,출발,0.0,12847.0,False,True,인천국제공항공사_항공사별 노선별 운송실적_20231231.csv
2023,3,ICN,NRT,ICN-NRT,,,,YP,에어 프레미아,도착,0.0,5186.0,False,True,인천국제공항공사_항공사별 노선별 운송실적_20231231.csv
2023,3,ICN,NRT,ICN-NRT,,,,YP,에어 프레미아,출발,0.0,5224.0,False,True,인천국제공항공사_항공사별 노선별 운송실적_20231231.csv
2023,3,ICN,NRT,ICN-NRT,,,,RS,에어서울,도착,0.0,11011.0,True,True,인천국제공항공사_항공사별 노선별 운송실적_20231231.csv
2023,3,ICN,NRT,ICN-NRT,,,,RS,에어서울,도착,0.0,1171.0,True,True,인천국제공항공사_항공사별 노선별 운송실적_20231231.csv
2023,3,ICN,NRT,ICN-NRT,,,,RS,에어서울,출발,0.0,11474.0,True,True,인천국제공항공사_항공사별 노선별 운송실적_20231231.csv
2023,3,ICN,NRT,ICN-NRT,,,,RS,에어서울,출발,0.0,1458.0,True,True,인천국제공항공사_항공사별 노선별 운송실적_20231231.csv
2023,3,ICN,NRT,ICN-NRT,,,,ET,에티오피아 항공,도착,0.0,1808.0,False,True,인천국제공항공사_항공사별 노선별 운송실적_20231231.csv
2023,3,ICN,NRT,ICN-NRT,,,,ET,에티오피아 항공,출발,0.0,1358.0,False,True,인천국제공항공사_항공사별 노선별 운송실적_20231231.csv
2023,3,ICN,NRT,ICN-NRT,,,,7C,제주항공,도착,0.0,26157.0,True,True,인천국제공항공사_항공사별 노선별 운송실적_20231231.csv
2023,3,ICN,NRT,ICN-NRT,,,,7C,제주항공,출발,0.0,26938.0,True,True,인천국제공항공사_항공사별 노선별 운송실적_20231231.csv
2023,3,ICN,NRT,ICN-NRT,,,,LJ,진 에어,도착,0.0,13559.0,False,True,인천국제공항공사_항공사별 노선별 운송실적_20231231.csv
2023,3,ICN,NRT,ICN-NRT,,,,LJ,진 에어,도착,0.0,9142.0,False,True,인천국제공항공사_항공사별 노선별 운송실적_20231231.csv
2023,3,ICN,NRT,ICN-NRT,,,,LJ,진 에어,출발,0.0,13946.0,False,True,인천국제공항공사_항공사별 노선별 운송실적_20231231.csv
2023,3,ICN,NRT,ICN-NRT,,,,LJ,진 에어,출발,0.0,8734.0,False,True,인천국제공항공사_항공사별 노선별 운송실적_20231231.csv
2023,3,ICN,NRT,ICN-NRT,,,,ZG,집에어 도쿄,도착,0.0,8409.0,True,True,인천국제공항공사_항공사별 노선별 운송실적_20231231.csv
2023,3,ICN,NRT,ICN-NRT,,,,ZG,집에어 도쿄,출발,0.0,6715.0,True,True,인천국제공항공사_항공사별 노선별 운송실적_20231231.csv
2023,3,ICN,NRT,ICN-NRT,,,,TW,티웨이항공,도착,0.0,19937.0,True,True,인천국제공항공사_항공사별 노선별 운송실적_20231231.csv
2023,3,ICN,NRT,ICN-NRT,,,,TW,티웨이항공,출발,0.0,20150.0,True,True,인천국제공항공사_항공사별 노선별 운송실적_20231231.csv
2023,3,ICN,OKA,ICN-OKA,,,,KE,대한항공,도착,0.0,3066.0,False,True,인천국제공항공사_항공사별 노선별 운송실적_20231231.csv
2023,3,ICN,OKA,ICN-OKA,,,,KE,대한항공,출발,0.0,2685.0,False,True,인천국제공항공사_항공사별 노선별 운송실적_20231231.csv
2023,3,ICN,OKA,ICN-OKA,,,,OZ,아시아나항공,도착,0.0,2199.0,False,True,인천국제공항공사_항공사별 노선별 운송실적_20231231.csv
2023,3,ICN,OKA,ICN-OKA,,,,OZ,아시아나항공,도착,0.0,359.0,False,True,인천국제공항공사_항공사별 노선별 운송실적_20231231.csv
2023,3,ICN,OKA,ICN-OKA,,,,OZ,아시아나항공,출발,0.0,2263.0,False,True,인천국제공항공사_항공사별 노선별 운송실적_20231231.csv
2023,3,ICN,OKA,ICN-OKA,,,,OZ,아시아나항공,출발,0.0,472.0,False,True,인천국제공항공사_항공사별 노선별 운송실적_20231231.csv
2023,3,ICN,OKA,ICN-OKA,,,,7C,제주항공,도착,0.0,5019.0,True,True,인천국제공항공사_항공사별 노선별 운송실적_20231231.csv
2023,3,ICN,OKA,ICN-OKA,,,,7C,제주항공,출발,0.0,4817.0,True,True,인천국제공항공사_항공사별 노선별 운송실적_20231231.csv
2023,3,ICN,OKA,ICN-OKA,,,,LJ,진 에어,도착,0.0,4992.0,False,True,인천국제공항공사_항공사별 노선별 운송실적_20231231.csv
2023,3,ICN,OKA,ICN-OKA,,,,LJ,진 에어,출발,0.0,4744.0,False,True,인천국제공항공사_항공사별 노선별 운송실적_20231231.csv
2023,3,ICN,OKA,ICN-OKA,,,,TW,티웨이항공,도착,0.0,4830.0,True,True,인천국제공항공사_항공사별 노선별 운송실적_20231231.csv
2023,3,ICN,OKA,ICN-OKA,,,,TW,티웨이항공,출발,0.0,4522.0,True,True,인천국제공항공사_항공사별 노선별 운송실적_20231231.csv
2023,3,ICN,SDJ,ICN-SDJ,,,,OZ,아시아나항공,도착,0.0,341.0,False,True,인천국제공항공사_항공사별 노선별 운송실적_20231231.csv
2023,3,ICN,SDJ,ICN-SDJ,,,,OZ,아시아나항공,출발,0.0,341.0,False,True,인천국제공항공사_항공사별 노선별 운송실적_20231231.csv
2023,3,ICN,TAK,ICN-TAK,,,,RS,에어서울,도착,0.0,2617.0,True,True,인천국제공항공사_항공사별 노선별 운송실적_20231231.csv
2023,3,ICN,TAK,ICN-TAK,,,,RS,에어서울,도착,0.0,317.0,True,True,인천국제공항공사_항공사별 노선별 운송실적_20231231.csv
2023,3,ICN,TAK,ICN-TAK,,,,RS,에어서울,출발,0.0,2620.0,True,True,인천국제공항공사_항공사별 노선별 운송실적_20231231.csv
2023,3,ICN,TAK,ICN-TAK,,,,RS,에어서울,출발,0.0,409.0,True,True,인천국제공항공사_항공사별 노선별 운송실적_20231231.csv
2023,4,ICN,CTS,ICN-CTS,,,,KE,대한항공,도착,0.0,1961.0,False,True,인천국제공항공사_항공사별 노선별 운송실적_20231231.csv
2023,4,ICN,CTS,ICN-CTS,,,,KE,대한항공,출발,0.0,2181.0,False,True,인천국제공항공사_항공사별 노선별 운송실적_20231231.csv
2023,4,ICN,CTS,ICN-CTS,,,,OZ,아시아나항공,도착,0.0,808.0,False,True,인천국제공항공사_항공사별 노선별 운송실적_20231231.csv
2023,4,ICN,CTS,ICN-CTS,,,,OZ,아시아나항공,출발,0.0,950.0,False,True,인천국제공항공사_항공사별 노선별 운송실적_20231231.csv
2023,4,ICN,CTS,ICN-CTS,,,,7C,제주항공,도착,0.0,7409.0,True,True,인천국제공항공사_항공사별 노선별 운송실적_20231231.csv
2023,4,ICN,CTS,ICN-CTS,,,,7C,제주항공,출발,0.0,7745.0,True,True,인천국제공항공사_항공사별 노선별 운송실적_20231231.csv
2023,4,ICN,CTS,ICN-CTS,,,,LJ,진 에어,도착,0.0,4107.0,False,True,인천국제공항공사_항공사별 노선별 운송실적_20231231.csv
2023,4,ICN,CTS,ICN-CTS,,,,LJ,진 에어,출발,0.0,4187.0,False,True,인천국제공항공사_항공사별 노선별 운송실적_20231231.csv
2023,4,ICN,CTS,ICN-CTS,,,,TW,티웨이항공,도착,0.0,4160.0,True,True,인천국제공항공사_항공사별 노선별 운송실적_20231231.csv
2023,4,ICN,CTS,ICN-CTS,,,,TW,티웨이항공,출발,0.0,4117.0,True,True,인천국제공항공사_항공사별 노선별 운송실적_20231231.csv
2023,4,ICN,FSZ,ICN-FSZ,,,,7C,제주항공,도착,0.0,2405.0,True,True,인천국제공항공사_항공사별 노선별 운송실적_20231231.csv
2023,4,ICN,FSZ,ICN-FSZ,,,,7C,제주항공,출발,0.0,2454.0,True,True,인천국제공항공사_항공사별 노선별 운송실적_20231231.csv
2023,4,ICN,FUK,ICN-FUK,,,,KE,대한항공,도착,0.0,9755.0,False,True,인천국제공항공사_항공사별 노선별 운송실적_20231231.csv
2023,4,ICN,FUK,ICN-FUK,,,,KE,대한항공,출발,0.0,9715.0,False,True,인천국제공항공사_항공사별 노선별 운송실적_20231231.csv
2023,4,ICN,FUK,ICN-FUK,,,,OZ,아시아나항공,도착,0.0,11399.0,False,True,인천국제공항공사_항공사별 노선별 운송실적_20231231.csv
2023,4,ICN,FUK,ICN-FUK,,,,OZ,아시아나항공,출발,0.0,11400.0,False,True,인천국제공항공사_항공사별 노선별 운송실적_20231231.csv
2023,4,ICN,FUK,ICN-FUK,,,,BX,에어 부산,도착,0.0,9706.0,False,True,인천국제공항공사_항공사별 노선별 운송실적_20231231.csv
2023,4,ICN,FUK,ICN-FUK,,,,BX,에어 부산,출발,0.0,9479.0,False,True,인천국제공항공사_항공사별 노선별 운송실적_20231231.csv
2023,4,ICN,FUK,ICN-FUK,,,,RS,에어서울,도착,0.0,9329.0,True,True,인천국제공항공사_항공사별 노선별 운송실적_20231231.csv
2023,4,ICN,FUK,ICN-FUK,,,,RS,에어서울,도착,0.0,1818.0,True,True,인천국제공항공사_항공사별 노선별 운송실적_20231231.csv
2023,4,ICN,FUK,ICN-FUK,,,,RS,에어서울,출발,0.0,9599.0,True,True,인천국제공항공사_항공사별 노선별 운송실적_20231231.csv
2023,4,ICN,FUK,ICN-FUK,,,,RS,에어서울,출발,0.0,1908.0,True,True,인천국제공항공사_항공사별 노선별 운송실적_20231231.csv
2023,4,ICN,FUK,ICN-FUK,,,,7C,제주항공,도착,0.0,19375.0,True,True,인천국제공항공사_항공사별 노선별 운송실적_20231231.csv
2023,4,ICN,FUK,ICN-FUK,,,,7C,제주항공,출발,0.0,18960.0,True,True,인천국제공항공사_항공사별 노선별 운송실적_20231231.csv
2023,4,ICN,FUK,ICN-FUK,,,,LJ,진 에어,도착,0.0,20474.0,False,True,인천국제공항공사_항공사별 노선별 운송실적_20231231.csv
2023,4,ICN,FUK,ICN-FUK,,,,LJ,진 에어,출발,0.0,19858.0,False,True,인천국제공항공사_항공사별 노선별 운송실적_20231231.csv
2023,4,ICN,FUK,ICN-FUK,,,,TW,티웨이항공,도착,0.0,15864.0,True,True,인천국제공항공사_항공사별 노선별 운송실적_20231231.csv
2023,4,ICN,FUK,ICN-FUK,,,,TW,티웨이항공,출발,0.0,15856.0,True,True,인천국제공항공사_항공사별 노선별 운송실적_20231231.csv
2023,4,ICN,HND,ICN-HND,,,,KE,대한항공,도착,0.0,1699.0,False,True,인천국제공항공사_항공사별 노선별 운송실적_20231231.csv
2023,4,ICN,HND,ICN-HND,,,,KE,대한항공,출발,0.0,2776.0,False,True,인천국제공항공사_항공사별 노선별 운송실적_20231231.csv
2023,4,ICN,HND,ICN-HND,,,,MM,피치 항공,도착,0.0,4833.0,True,True,인천국제공항공사_항공사별 노선별 운송실적_20231231.csv
2023,4,ICN,HND,ICN-HND,,,,MM,피치 항공,출발,0.0,4511.0,True,True,인천국제공항공사_항공사별 노선별 운송실적_20231231.csv
2023,4,ICN,KIX,ICN-KIX,,,,KL,KLM네덜란드항공,도착,0.0,1.0,False,True,인천국제공항공사_항공사별 노선별 운송실적_20231231.csv
2023,4,ICN,KIX,ICN-KIX,,,,KE,대한항공,도착,0.0,8610.0,False,True,인천국제공항공사_항공사별 노선별 운송실적_20231231.csv
2023,4,ICN,KIX,ICN-KIX,,,,KE,대한항공,출발,0.0,8816.0,False,True,인천국제공항공사_항공사별 노선별 운송실적_20231231.csv
2023,4,ICN,KIX,ICN-KIX,,,,OZ,아시아나항공,도착,0.0,12910.0,False,True,인천국제공항공사_항공사별 노선별 운송실적_20231231.csv
2023,4,ICN,KIX,ICN-KIX,,,,OZ,아시아나항공,출발,0.0,13012.0,False,True,인천국제공항공사_항공사별 노선별 운송실적_20231231.csv
2023,4,ICN,KIX,ICN-KIX,,,,BX,에어 부산,도착,0.0,14774.0,False,True,인천국제공항공사_항공사별 노선별 운송실적_20231231.csv
2023,4,ICN,KIX,ICN-KIX,,,,BX,에어 부산,출발,0.0,15078.0,False,True,인천국제공항공사_항공사별 노선별 운송실적_20231231.csv
2023,4,ICN,KIX,ICN-KIX,,,,RS,에어서울,도착,0.0,10654.0,True,True,인천국제공항공사_항공사별 노선별 운송실적_20231231.csv
2023,4,ICN,KIX,ICN-KIX,,,,RS,에어서울,출발,0.0,10661.0,True,True,인천국제공항공사_항공사별 노선별 운송실적_20231231.csv
2023,4,ICN,KIX,ICN-KIX,,,,7C,제주항공,도착,0.0,18425.0,True,True,인천국제공항공사_항공사별 노선별 운송실적_20231231.csv
2023,4,ICN,KIX,ICN-KIX,,,,7C,제주항공,도착,0.0,504.0,True,True,인천국제공항공사_항공사별 노선별 운송실적_20231231.csv
2023,4,ICN,KIX,ICN-KIX,,,,7C,제주항공,출발,0.0,18487.0,True,True,인천국제공항공사_항공사별 노선별 운송실적_20231231.csv
2023,4,ICN,KIX,ICN-KIX,,,,7C,제주항공,출발,0.0,450.0,True,True,인천국제공항공사_항공사별 노선별 운송실적_20231231.csv
2023,4,ICN,KIX,ICN-KIX,,,,LJ,진 에어,도착,0.0,30458.0,False,True,인천국제공항공사_항공사별 노선별 운송실적_20231231.csv
2023,4,ICN,KIX,ICN-KIX,,,,LJ,진 에어,출발,0.0,30180.0,False,True,인천국제공항공사_항공사별 노선별 운송실적_20231231.csv
2023,4,ICN,KIX,ICN-KIX,,,,TW,티웨이항공,도착,0.0,19959.0,True,True,인천국제공항공사_항공사별 노선별 운송실적_20231231.csv
2023,4,ICN,KIX,ICN-KIX,,,,TW,티웨이항공,도착,0.0,880.0,True,True,인천국제공항공사_항공사별 노선별 운송실적_20231231.csv
2023,4,ICN,KIX,ICN-KIX,,,,TW,티웨이항공,출발,0.0,19792.0,True,True,인천국제공항공사_항공사별 노선별 운송실적_20231231.csv
2023,4,ICN,KIX,ICN-KIX,,,,TW,티웨이항공,출발,0.0,900.0,True,True,인천국제공항공사_항공사별 노선별 운송실적_20231231.csv
2023,4,ICN,KIX,ICN-KIX,,,,MM,피치 항공,도착,0.0,13704.0,True,True,인천국제공항공사_항공사별 노선별 운송실적_20231231.csv
2023,4,ICN,KIX,ICN-KIX,,,,MM,피치 항공,출발,0.0,11686.0,True,True,인천국제공항공사_항공사별 노선별 운송실적_20231231.csv
2023,4,ICN,KMI,ICN-KMI,,,,OZ,아시아나항공,도착,0.0,768.0,False,True,인천국제공항공사_항공사별 노선별 운송실적_20231231.csv
2023,4,ICN,KMI,ICN-KMI,,,,OZ,아시아나항공,출발,0.0,595.0,False,True,인천국제공항공사_항공사별 노선별 운송실적_20231231.csv
2023,4,ICN,KMJ,ICN-KMJ,,,,TW,티웨이항공,도착,0.0,4325.0,True,True,인천국제공항공사_항공사별 노선별 운송실적_20231231.csv
2023,4,ICN,KMJ,ICN-KMJ,,,,TW,티웨이항공,출발,0.0,4194.0,True,True,인천국제공항공사_항공사별 노선별 운송실적_20231231.csv
2023,4,ICN,KOJ,ICN-KOJ,,,,KE,대한항공,도착,0.0,975.0,False,True,인천국제공항공사_항공사별 노선별 운송실적_20231231.csv
2023,4,ICN,KOJ,ICN-KOJ,,,,KE,대한항공,출발,0.0,884.0,False,True,인천국제공항공사_항공사별 노선별 운송실적_20231231.csv
2023,4,ICN,KOJ,ICN-KOJ,,,,TW,티웨이항공,도착,0.0,175.0,True,True,인천국제공항공사_항공사별 노선별 운송실적_20231231.csv
2023,4,ICN,MYJ,ICN-MYJ,,,,7C,제주항공,도착,0.0,3374.0,True,True,인천국제공항공사_항공사별 노선별 운송실적_20231231.csv
2023,4,ICN,MYJ,ICN-MYJ,,,,7C,제주항공,출발,0.0,3360.0,True,True,인천국제공항공사_항공사별 노선별 운송실적_20231231.csv
2023,4,ICN,NGO,ICN-NGO,,,,KE,대한항공,도착,0.0,5897.0,False,True,인천국제공항공사_항공사별 노선별 운송실적_20231231.csv
2023,4,ICN,NGO,ICN-NGO,,,,KE,대한항공,출발,0.0,6875.0,False,True,인천국제공항공사_항공사별 노선별 운송실적_20231231.csv
2023,4,ICN,NGO,ICN-NGO,,,,OZ,아시아나항공,도착,0.0,3104.0,False,True,인천국제공항공사_항공사별 노선별 운송실적_20231231.csv
2023,4,ICN,NGO,ICN-NGO,,,,OZ,아시아나항공,출발,0.0,2815.0,False,True,인천국제공항공사_항공사별 노선별 운송실적_20231231.csv
2023,4,ICN,NGO,ICN-NGO,,,,7C,제주항공,도착,0.0,9627.0,True,True,인천국제공항공사_항공사별 노선별 운송실적_20231231.csv
2023,4,ICN,NGO,ICN-NGO,,,,7C,제주항공,출발,0.0,9705.0,True,True,인천국제공항공사_항공사별 노선별 운송실적_20231231.csv
2023,4,ICN,NRT,ICN-NRT,,,,KE,대한항공,도착,0.0,6045.0,False,True,인천국제공항공사_항공사별 노선별 운송실적_20231231.csv
2023,4,ICN,NRT,ICN-NRT,,,,KE,대한항공,출발,0.0,6512.0,False,True,인천국제공항공사_항공사별 노선별 운송실적_20231231.csv
2023,4,ICN,NRT,ICN-NRT,,,,OZ,아시아나항공,도착,0.0,11327.0,False,True,인천국제공항공사_항공사별 노선별 운송실적_20231231.csv
2023,4,ICN,NRT,ICN-NRT,,,,OZ,아시아나항공,출발,0.0,11669.0,False,True,인천국제공항공사_항공사별 노선별 운송실적_20231231.csv
2023,4,ICN,NRT,ICN-NRT,,,,BX,에어 부산,도착,0.0,10800.0,False,True,인천국제공항공사_항공사별 노선별 운송실적_20231231.csv
2023,4,ICN,NRT,ICN-NRT,,,,BX,에어 부산,출발,0.0,10559.0,False,True,인천국제공항공사_항공사별 노선별 운송실적_20231231.csv
2023,4,ICN,NRT,ICN-NRT,,,,YP,에어 프레미아,도착,0.0,5893.0,False,True,인천국제공항공사_항공사별 노선별 운송실적_20231231.csv
2023,4,ICN,NRT,ICN-NRT,,,,YP,에어 프레미아,출발,0.0,5788.0,False,True,인천국제공항공사_항공사별 노선별 운송실적_20231231.csv
2023,4,ICN,NRT,ICN-NRT,,,,RS,에어서울,도착,0.0,10989.0,True,True,인천국제공항공사_항공사별 노선별 운송실적_20231231.csv
2023,4,ICN,NRT,ICN-NRT,,,,RS,에어서울,도착,0.0,2847.0,True,True,인천국제공항공사_항공사별 노선별 운송실적_20231231.csv
2023,4,ICN,NRT,ICN-NRT,,,,RS,에어서울,출발,0.0,11006.0,True,True,인천국제공항공사_항공사별 노선별 운송실적_20231231.csv
2023,4,ICN,NRT,ICN-NRT,,,,RS,에어서울,출발,0.0,2954.0,True,True,인천국제공항공사_항공사별 노선별 운송실적_20231231.csv
2023,4,ICN,NRT,ICN-NRT,,,,ET,에티오피아 항공,도착,0.0,1206.0,False,True,인천국제공항공사_항공사별 노선별 운송실적_20231231.csv
2023,4,ICN,NRT,ICN-NRT,,,,ET,에티오피아 항공,출발,0.0,815.0,False,True,인천국제공항공사_항공사별 노선별 운송실적_20231231.csv
2023,4,ICN,NRT,ICN-NRT,,,,7C,제주항공,도착,0.0,25280.0,True,True,인천국제공항공사_항공사별 노선별 운송실적_20231231.csv
2023,4,ICN,NRT,ICN-NRT,,,,7C,제주항공,출발,0.0,24659.0,True,True,인천국제공항공사_항공사별 노선별 운송실적_20231231.csv
2023,4,ICN,NRT,ICN-NRT,,,,LJ,진 에어,도착,0.0,19776.0,False,True,인천국제공항공사_항공사별 노선별 운송실적_20231231.csv
2023,4,ICN,NRT,ICN-NRT,,,,LJ,진 에어,도착,0.0,1477.0,False,True,인천국제공항공사_항공사별 노선별 운송실적_20231231.csv
2023,4,ICN,NRT,ICN-NRT,,,,LJ,진 에어,출발,0.0,18923.0,False,True,인천국제공항공사_항공사별 노선별 운송실적_20231231.csv
2023,4,ICN,NRT,ICN-NRT,,,,LJ,진 에어,출발,0.0,926.0,False,True,인천국제공항공사_항공사별 노선별 운송실적_20231231.csv
2023,4,ICN,NRT,ICN-NRT,,,,ZG,집에어 도쿄,도착,0.0,7101.0,True,True,인천국제공항공사_항공사별 노선별 운송실적_20231231.csv
2023,4,ICN,NRT,ICN-NRT,,,,ZG,집에어 도쿄,도착,0.0,1760.0,True,True,인천국제공항공사_항공사별 노선별 운송실적_20231231.csv
2023,4,ICN,NRT,ICN-NRT,,,,ZG,집에어 도쿄,출발,0.0,4224.0,True,True,인천국제공항공사_항공사별 노선별 운송실적_20231231.csv
2023,4,ICN,NRT,ICN-NRT,,,,ZG,집에어 도쿄,출발,0.0,618.0,True,True,인천국제공항공사_항공사별 노선별 운송실적_20231231.csv
2023,4,ICN,NRT,ICN-NRT,,,,TW,티웨이항공,도착,0.0,17839.0,True,True,인천국제공항공사_항공사별 노선별 운송실적_20231231.csv
2023,4,ICN,NRT,ICN-NRT,,,,TW,티웨이항공,출발,0.0,18039.0,True,True,인천국제공항공사_항공사별 노선별 운송실적_20231231.csv
2023,4,ICN,OKA,ICN-OKA,,,,KE,대한항공,도착,0.0,2648.0,False,True,인천국제공항공사_항공사별 노선별 운송실적_20231231.csv
2023,4,ICN,OKA,ICN-OKA,,,,KE,대한항공,출발,0.0,2740.0,False,True,인천국제공항공사_항공사별 노선별 운송실적_20231231.csv
2023,4,ICN,OKA,ICN-OKA,,,,OZ,아시아나항공,도착,0.0,3735.0,False,True,인천국제공항공사_항공사별 노선별 운송실적_20231231.csv
2023,4,ICN,OKA,ICN-OKA,,,,OZ,아시아나항공,출발,0.0,3872.0,False,True,인천국제공항공사_항공사별 노선별 운송실적_20231231.csv
2023,4,ICN,OKA,ICN-OKA,,,,7C,제주항공,도착,0.0,4301.0,True,True,인천국제공항공사_항공사별 노선별 운송실적_20231231.csv
2023,4,ICN,OKA,ICN-OKA,,,,7C,제주항공,출발,0.0,4054.0,True,True,인천국제공항공사_항공사별 노선별 운송실적_20231231.csv
2023,4,ICN,OKA,ICN-OKA,,,,LJ,진 에어,도착,0.0,4582.0,False,True,인천국제공항공사_항공사별 노선별 운송실적_20231231.csv
2023,4,ICN,OKA,ICN-OKA,,,,LJ,진 에어,출발,0.0,4703.0,False,True,인천국제공항공사_항공사별 노선별 운송실적_20231231.csv
2023,4,ICN,OKA,ICN-OKA,,,,TW,티웨이항공,도착,0.0,4570.0,True,True,인천국제공항공사_항공사별 노선별 운송실적_20231231.csv
2023,4,ICN,OKA,ICN-OKA,,,,TW,티웨이항공,출발,0.0,4704.0,True,True,인천국제공항공사_항공사별 노선별 운송실적_20231231.csv
2023,4,ICN,SDJ,ICN-SDJ,,,,OZ,아시아나항공,도착,0.0,248.0,False,True,인천국제공항공사_항공사별 노선별 운송실적_20231231.csv
2023,4,ICN,SDJ,ICN-SDJ,,,,OZ,아시아나항공,출발,0.0,169.0,False,True,인천국제공항공사_항공사별 노선별 운송실적_20231231.csv
2023,4,ICN,TAK,ICN-TAK,,,,RS,에어서울,도착,0.0,2275.0,True,True,인천국제공항공사_항공사별 노선별 운송실적_20231231.csv
2023,4,ICN,TAK,ICN-TAK,,,,RS,에어서울,도착,0.0,2655.0,True,True,인천국제공항공사_항공사별 노선별 운송실적_20231231.csv
2023,4,ICN,TAK,ICN-TAK,,,,RS,에어서울,출발,0.0,2267.0,True,True,인천국제공항공사_항공사별 노선별 운송실적_20231231.csv
2023,4,ICN,TAK,ICN-TAK,,,,RS,에어서울,출발,0.0,2744.0,True,True,인천국제공항공사_항공사별 노선별 운송실적_20231231.csv
2023,4,ICN,YGJ,ICN-YGJ,,,,RS,에어서울,도착,0.0,1246.0,True,True,인천국제공항공사_항공사별 노선별 운송실적_20231231.csv
2023,4,ICN,YGJ,ICN-YGJ,,,,RS,에어서울,출발,0.0,1252.0,True,True,인천국제공항공사_항공사별 노선별 운송실적_20231231.csv
2023,5,ICN,CTS,ICN-CTS,,,,KE,대한항공,도착,0.0,3736.0,False,True,인천국제공항공사_항공사별 노선별 운송실적_20231231.csv
2023,5,ICN,CTS,ICN-CTS,,,,KE,대한항공,출발,0.0,4072.0,False,True,인천국제공항공사_항공사별 노선별 운송실적_20231231.csv
2023,5,ICN,CTS,ICN-CTS,,,,OZ,아시아나항공,도착,0.0,2009.0,False,True,인천국제공항공사_항공사별 노선별 운송실적_20231231.csv
2023,5,ICN,CTS,ICN-CTS,,,,OZ,아시아나항공,출발,0.0,2423.0,False,True,인천국제공항공사_항공사별 노선별 운송실적_20231231.csv
2023,5,ICN,CTS,ICN-CTS,,,,7C,제주항공,도착,0.0,9889.0,True,True,인천국제공항공사_항공사별 노선별 운송실적_20231231.csv
2023,5,ICN,CTS,ICN-CTS,,,,7C,제주항공,출발,0.0,9867.0,True,True,인천국제공항공사_항공사별 노선별 운송실적_20231231.csv
2023,5,ICN,CTS,ICN-CTS,,,,LJ,진 에어,도착,0.0,4644.0,False,True,인천국제공항공사_항공사별 노선별 운송실적_20231231.csv
2023,5,ICN,CTS,ICN-CTS,,,,LJ,진 에어,출발,0.0,4876.0,False,True,인천국제공항공사_항공사별 노선별 운송실적_20231231.csv
2023,5,ICN,CTS,ICN-CTS,,,,TW,티웨이항공,도착,0.0,4879.0,True,True,인천국제공항공사_항공사별 노선별 운송실적_20231231.csv
2023,5,ICN,CTS,ICN-CTS,,,,TW,티웨이항공,출발,0.0,5036.0,True,True,인천국제공항공사_항공사별 노선별 운송실적_20231231.csv
2023,5,ICN,FSZ,ICN-FSZ,,,,7C,제주항공,도착,0.0,4368.0,True,True,인천국제공항공사_항공사별 노선별 운송실적_20231231.csv
2023,5,ICN,FSZ,ICN-FSZ,,,,7C,제주항공,출발,0.0,4404.0,True,True,인천국제공항공사_항공사별 노선별 운송실적_20231231.csv
2023,5,ICN,FUK,ICN-FUK,,,,KE,대한항공,도착,0.0,8874.0,False,True,인천국제공항공사_항공사별 노선별 운송실적_20231231.csv
2023,5,ICN,FUK,ICN-FUK,,,,KE,대한항공,출발,0.0,9159.0,False,True,인천국제공항공사_항공사별 노선별 운송실적_20231231.csv
2023,5,ICN,FUK,ICN-FUK,,,,OZ,아시아나항공,도착,0.0,12696.0,False,True,인천국제공항공사_항공사별 노선별 운송실적_20231231.csv
2023,5,ICN,FUK,ICN-FUK,,,,OZ,아시아나항공,도착,0.0,170.0,False,True,인천국제공항공사_항공사별 노선별 운송실적_20231231.csv
2023,5,ICN,FUK,ICN-FUK,,,,OZ,아시아나항공,출발,0.0,12767.0,False,True,인천국제공항공사_항공사별 노선별 운송실적_20231231.csv
2023,5,ICN,FUK,ICN-FUK,,,,OZ,아시아나항공,출발,0.0,237.0,False,True,인천국제공항공사_항공사별 노선별 운송실적_20231231.csv
2023,5,ICN,FUK,ICN-FUK,,,,BX,에어 부산,도착,0.0,10194.0,False,True,인천국제공항공사_항공사별 노선별 운송실적_20231231.csv
2023,5,ICN,FUK,ICN-FUK,,,,BX,에어 부산,출발,0.0,10487.0,False,True,인천국제공항공사_항공사별 노선별 운송실적_20231231.csv
2023,5,ICN,FUK,ICN-FUK,,,,RS,에어서울,도착,0.0,8739.0,True,True,인천국제공항공사_항공사별 노선별 운송실적_20231231.csv
2023,5,ICN,FUK,ICN-FUK,,,,RS,에어서울,도착,0.0,2155.0,True,True,인천국제공항공사_항공사별 노선별 운송실적_20231231.csv
2023,5,ICN,FUK,ICN-FUK,,,,RS,에어서울,출발,0.0,8937.0,True,True,인천국제공항공사_항공사별 노선별 운송실적_20231231.csv
2023,5,ICN,FUK,ICN-FUK,,,,RS,에어서울,출발,0.0,2167.0,True,True,인천국제공항공사_항공사별 노선별 운송실적_20231231.csv
2023,5,ICN,FUK,ICN-FUK,,,,7C,제주항공,도착,0.0,25322.0,True,True,인천국제공항공사_항공사별 노선별 운송실적_20231231.csv
2023,5,ICN,FUK,ICN-FUK,,,,7C,제주항공,출발,0.0,24826.0,True,True,인천국제공항공사_항공사별 노선별 운송실적_20231231.csv
2023,5,ICN,FUK,ICN-FUK,,,,LJ,진 에어,도착,0.0,21141.0,False,True,인천국제공항공사_항공사별 노선별 운송실적_20231231.csv
2023,5,ICN,FUK,ICN-FUK,,,,LJ,진 에어,출발,0.0,20814.0,False,True,인천국제공항공사_항공사별 노선별 운송실적_20231231.csv
2023,5,ICN,FUK,ICN-FUK,,,,TW,티웨이항공,도착,0.0,15825.0,True,True,인천국제공항공사_항공사별 노선별 운송실적_20231231.csv
2023,5,ICN,FUK,ICN-FUK,,,,TW,티웨이항공,출발,0.0,15873.0,True,True,인천국제공항공사_항공사별 노선별 운송실적_20231231.csv
2023,5,ICN,HND,ICN-HND,,,,KE,대한항공,도착,0.0,2797.0,False,True,인천국제공항공사_항공사별 노선별 운송실적_20231231.csv
2023,5,ICN,HND,ICN-HND,,,,KE,대한항공,출발,0.0,3549.0,False,True,인천국제공항공사_항공사별 노선별 운송실적_20231231.csv
2023,5,ICN,HND,ICN-HND,,,,OZ,아시아나항공,도착,0.0,2703.0,False,True,인천국제공항공사_항공사별 노선별 운송실적_20231231.csv
2023,5,ICN,HND,ICN-HND,,,,OZ,아시아나항공,출발,0.0,3459.0,False,True,인천국제공항공사_항공사별 노선별 운송실적_20231231.csv
2023,5,ICN,HND,ICN-HND,,,,MM,피치 항공,도착,0.0,5114.0,True,True,인천국제공항공사_항공사별 노선별 운송실적_20231231.csv
2023,5,ICN,HND,ICN-HND,,,,MM,피치 항공,출발,0.0,4919.0,True,True,인천국제공항공사_항공사별 노선별 운송실적_20231231.csv
2023,5,ICN,KIX,ICN-KIX,,,,KE,대한항공,도착,0.0,12092.0,False,True,인천국제공항공사_항공사별 노선별 운송실적_20231231.csv
2023,5,ICN,KIX,ICN-KIX,,,,KE,대한항공,출발,0.0,12221.0,False,True,인천국제공항공사_항공사별 노선별 운송실적_20231231.csv
2023,5,ICN,KIX,ICN-KIX,,,,OZ,아시아나항공,도착,0.0,15715.0,False,True,인천국제공항공사_항공사별 노선별 운송실적_20231231.csv
2023,5,ICN,KIX,ICN-KIX,,,,OZ,아시아나항공,출발,0.0,16320.0,False,True,인천국제공항공사_항공사별 노선별 운송실적_20231231.csv
2023,5,ICN,KIX,ICN-KIX,,,,BX,에어 부산,도착,0.0,16626.0,False,True,인천국제공항공사_항공사별 노선별 운송실적_20231231.csv
2023,5,ICN,KIX,ICN-KIX,,,,BX,에어 부산,출발,0.0,17218.0,False,True,인천국제공항공사_항공사별 노선별 운송실적_20231231.csv
2023,5,ICN,KIX,ICN-KIX,,,,RS,에어서울,도착,0.0,10769.0,True,True,인천국제공항공사_항공사별 노선별 운송실적_20231231.csv
2023,5,ICN,KIX,ICN-KIX,,,,RS,에어서울,출발,0.0,11167.0,True,True,인천국제공항공사_항공사별 노선별 운송실적_20231231.csv
2023,5,ICN,KIX,ICN-KIX,,,,7C,제주항공,도착,0.0,26163.0,True,True,인천국제공항공사_항공사별 노선별 운송실적_20231231.csv
2023,5,ICN,KIX,ICN-KIX,,,,7C,제주항공,도착,0.0,2006.0,True,True,인천국제공항공사_항공사별 노선별 운송실적_20231231.csv
2023,5,ICN,KIX,ICN-KIX,,,,7C,제주항공,출발,0.0,25644.0,True,True,인천국제공항공사_항공사별 노선별 운송실적_20231231.csv
2023,5,ICN,KIX,ICN-KIX,,,,7C,제주항공,출발,0.0,1955.0,True,True,인천국제공항공사_항공사별 노선별 운송실적_20231231.csv
2023,5,ICN,KIX,ICN-KIX,,,,LJ,진 에어,도착,0.0,31769.0,False,True,인천국제공항공사_항공사별 노선별 운송실적_20231231.csv
2023,5,ICN,KIX,ICN-KIX,,,,LJ,진 에어,도착,0.0,651.0,False,True,인천국제공항공사_항공사별 노선별 운송실적_20231231.csv
2023,5,ICN,KIX,ICN-KIX,,,,LJ,진 에어,출발,0.0,32349.0,False,True,인천국제공항공사_항공사별 노선별 운송실적_20231231.csv
2023,5,ICN,KIX,ICN-KIX,,,,LJ,진 에어,출발,0.0,844.0,False,True,인천국제공항공사_항공사별 노선별 운송실적_20231231.csv
2023,5,ICN,KIX,ICN-KIX,,,,TW,티웨이항공,도착,0.0,20620.0,True,True,인천국제공항공사_항공사별 노선별 운송실적_20231231.csv
2023,5,ICN,KIX,ICN-KIX,,,,TW,티웨이항공,출발,0.0,21028.0,True,True,인천국제공항공사_항공사별 노선별 운송실적_20231231.csv
2023,5,ICN,KIX,ICN-KIX,,,,MM,피치 항공,도착,0.0,15136.0,True,True,인천국제공항공사_항공사별 노선별 운송실적_20231231.csv
2023,5,ICN,KIX,ICN-KIX,,,,MM,피치 항공,출발,0.0,13069.0,True,True,인천국제공항공사_항공사별 노선별 운송실적_20231231.csv
2023,5,ICN,KKJ,ICN-KKJ,,,,LJ,진 에어,도착,0.0,1758.0,False,True,인천국제공항공사_항공사별 노선별 운송실적_20231231.csv
2023,5,ICN,KKJ,ICN-KKJ,,,,LJ,진 에어,출발,0.0,2059.0,False,True,인천국제공항공사_항공사별 노선별 운송실적_20231231.csv
2023,5,ICN,KMJ,ICN-KMJ,,,,TW,티웨이항공,도착,0.0,3813.0,True,True,인천국제공항공사_항공사별 노선별 운송실적_20231231.csv
2023,5,ICN,KMJ,ICN-KMJ,,,,TW,티웨이항공,출발,0.0,4005.0,True,True,인천국제공항공사_항공사별 노선별 운송실적_20231231.csv
2023,5,ICN,MYJ,ICN-MYJ,,,,7C,제주항공,도착,0.0,3153.0,True,True,인천국제공항공사_항공사별 노선별 운송실적_20231231.csv
2023,5,ICN,MYJ,ICN-MYJ,,,,7C,제주항공,출발,0.0,3145.0,True,True,인천국제공항공사_항공사별 노선별 운송실적_20231231.csv
2023,5,ICN,NGO,ICN-NGO,,,,KE,대한항공,도착,0.0,7155.0,False,True,인천국제공항공사_항공사별 노선별 운송실적_20231231.csv
2023,5,ICN,NGO,ICN-NGO,,,,KE,대한항공,출발,0.0,8199.0,False,True,인천국제공항공사_항공사별 노선별 운송실적_20231231.csv
2023,5,ICN,NGO,ICN-NGO,,,,OZ,아시아나항공,도착,0.0,2945.0,False,True,인천국제공항공사_항공사별 노선별 운송실적_20231231.csv
2023,5,ICN,NGO,ICN-NGO,,,,OZ,아시아나항공,도착,0.0,211.0,False,True,인천국제공항공사_항공사별 노선별 운송실적_20231231.csv
2023,5,ICN,NGO,ICN-NGO,,,,OZ,아시아나항공,출발,0.0,3130.0,False,True,인천국제공항공사_항공사별 노선별 운송실적_20231231.csv
2023,5,ICN,NGO,ICN-NGO,,,,OZ,아시아나항공,출발,0.0,303.0,False,True,인천국제공항공사_항공사별 노선별 운송실적_20231231.csv
2023,5,ICN,NGO,ICN-NGO,,,,7C,제주항공,도착,0.0,9799.0,True,True,인천국제공항공사_항공사별 노선별 운송실적_20231231.csv
2023,5,ICN,NGO,ICN-NGO,,,,7C,제주항공,도착,0.0,2921.0,True,True,인천국제공항공사_항공사별 노선별 운송실적_20231231.csv
2023,5,ICN,NGO,ICN-NGO,,,,7C,제주항공,출발,0.0,10325.0,True,True,인천국제공항공사_항공사별 노선별 운송실적_20231231.csv
2023,5,ICN,NGO,ICN-NGO,,,,7C,제주항공,출발,0.0,2807.0,True,True,인천국제공항공사_항공사별 노선별 운송실적_20231231.csv
2023,5,ICN,NRT,ICN-NRT,,,,KL,KLM네덜란드항공,도착,0.0,1.0,False,True,인천국제공항공사_항공사별 노선별 운송실적_20231231.csv
2023,5,ICN,NRT,ICN-NRT,,,,KE,대한항공,도착,0.0,7856.0,False,True,인천국제공항공사_항공사별 노선별 운송실적_20231231.csv
2023,5,ICN,NRT,ICN-NRT,,,,KE,대한항공,출발,0.0,8646.0,False,True,인천국제공항공사_항공사별 노선별 운송실적_20231231.csv
2023,5,ICN,NRT,ICN-NRT,,,,OZ,아시아나항공,도착,0.0,16935.0,False,True,인천국제공항공사_항공사별 노선별 운송실적_20231231.csv
2023,5,ICN,NRT,ICN-NRT,,,,OZ,아시아나항공,도착,0.0,314.0,False,True,인천국제공항공사_항공사별 노선별 운송실적_20231231.csv
2023,5,ICN,NRT,ICN-NRT,,,,OZ,아시아나항공,출발,0.0,17545.0,False,True,인천국제공항공사_항공사별 노선별 운송실적_20231231.csv
2023,5,ICN,NRT,ICN-NRT,,,,OZ,아시아나항공,출발,0.0,437.0,False,True,인천국제공항공사_항공사별 노선별 운송실적_20231231.csv
2023,5,ICN,NRT,ICN-NRT,,,,BX,에어 부산,도착,0.0,10718.0,False,True,인천국제공항공사_항공사별 노선별 운송실적_20231231.csv
2023,5,ICN,NRT,ICN-NRT,,,,BX,에어 부산,출발,0.0,12132.0,False,True,인천국제공항공사_항공사별 노선별 운송실적_20231231.csv
2023,5,ICN,NRT,ICN-NRT,,,,YP,에어 프레미아,도착,0.0,6222.0,False,True,인천국제공항공사_항공사별 노선별 운송실적_20231231.csv
2023,5,ICN,NRT,ICN-NRT,,,,YP,에어 프레미아,출발,0.0,6613.0,False,True,인천국제공항공사_항공사별 노선별 운송실적_20231231.csv
2023,5,ICN,NRT,ICN-NRT,,,,RS,에어서울,도착,0.0,10685.0,True,True,인천국제공항공사_항공사별 노선별 운송실적_20231231.csv
2023,5,ICN,NRT,ICN-NRT,,,,RS,에어서울,도착,0.0,4007.0,True,True,인천국제공항공사_항공사별 노선별 운송실적_20231231.csv
2023,5,ICN,NRT,ICN-NRT,,,,RS,에어서울,출발,0.0,11484.0,True,True,인천국제공항공사_항공사별 노선별 운송실적_20231231.csv
2023,5,ICN,NRT,ICN-NRT,,,,RS,에어서울,출발,0.0,4294.0,True,True,인천국제공항공사_항공사별 노선별 운송실적_20231231.csv
2023,5,ICN,NRT,ICN-NRT,,,,ET,에티오피아 항공,도착,0.0,1634.0,False,True,인천국제공항공사_항공사별 노선별 운송실적_20231231.csv
2023,5,ICN,NRT,ICN-NRT,,,,ET,에티오피아 항공,도착,0.0,164.0,False,True,인천국제공항공사_항공사별 노선별 운송실적_20231231.csv
2023,5,ICN,NRT,ICN-NRT,,,,ET,에티오피아 항공,출발,0.0,1759.0,False,True,인천국제공항공사_항공사별 노선별 운송실적_20231231.csv
2023,5,ICN,NRT,ICN-NRT,,,,ET,에티오피아 항공,출발,0.0,63.0,False,True,인천국제공항공사_항공사별 노선별 운송실적_20231231.csv
2023,5,ICN,NRT,ICN-NRT,,,,7C,제주항공,도착,0.0,25909.0,True,True,인천국제공항공사_항공사별 노선별 운송실적_20231231.csv
2023,5,ICN,NRT,ICN-NRT,,,,7C,제주항공,출발,0.0,27243.0,True,True,인천국제공항공사_항공사별 노선별 운송실적_20231231.csv
2023,5,ICN,NRT,ICN-NRT,,,,LJ,진 에어,도착,0.0,22489.0,False,True,인천국제공항공사_항공사별 노선별 운송실적_20231231.csv
2023,5,ICN,NRT,ICN-NRT,,,,LJ,진 에어,도착,0.0,2444.0,False,True,인천국제공항공사_항공사별 노선별 운송실적_20231231.csv
2023,5,ICN,NRT,ICN-NRT,,,,LJ,진 에어,출발,0.0,22767.0,False,True,인천국제공항공사_항공사별 노선별 운송실적_20231231.csv
2023,5,ICN,NRT,ICN-NRT,,,,LJ,진 에어,출발,0.0,2265.0,False,True,인천국제공항공사_항공사별 노선별 운송실적_20231231.csv
2023,5,ICN,NRT,ICN-NRT,,,,ZG,집에어 도쿄,도착,0.0,6675.0,True,True,인천국제공항공사_항공사별 노선별 운송실적_20231231.csv
2023,5,ICN,NRT,ICN-NRT,,,,ZG,집에어 도쿄,도착,0.0,5352.0,True,True,인천국제공항공사_항공사별 노선별 운송실적_20231231.csv
2023,5,ICN,NRT,ICN-NRT,,,,ZG,집에어 도쿄,출발,0.0,4790.0,True,True,인천국제공항공사_항공사별 노선별 운송실적_20231231.csv
2023,5,ICN,NRT,ICN-NRT,,,,ZG,집에어 도쿄,출발,0.0,3658.0,True,True,인천국제공항공사_항공사별 노선별 운송실적_20231231.csv
2023,5,ICN,NRT,ICN-NRT,,,,TW,티웨이항공,도착,0.0,18941.0,True,True,인천국제공항공사_항공사별 노선별 운송실적_20231231.csv
2023,5,ICN,NRT,ICN-NRT,,,,TW,티웨이항공,출발,0.0,20332.0,True,True,인천국제공항공사_항공사별 노선별 운송실적_20231231.csv
2023,5,ICN,OKA,ICN-OKA,,,,KE,대한항공,도착,0.0,2905.0,False,True,인천국제공항공사_항공사별 노선별 운송실적_20231231.csv
2023,5,ICN,OKA,ICN-OKA,,,,KE,대한항공,출발,0.0,2775.0,False,True,인천국제공항공사_항공사별 노선별 운송실적_20231231.csv
2023,5,ICN,OKA,ICN-OKA,,,,OZ,아시아나항공,도착,0.0,5234.0,False,True,인천국제공항공사_항공사별 노선별 운송실적_20231231.csv
2023,5,ICN,OKA,ICN-OKA,,,,OZ,아시아나항공,출발,0.0,5150.0,False,True,인천국제공항공사_항공사별 노선별 운송실적_20231231.csv
2023,5,ICN,OKA,ICN-OKA,,,,7C,제주항공,도착,0.0,4539.0,True,True,인천국제공항공사_항공사별 노선별 운송실적_20231231.csv
2023,5,ICN,OKA,ICN-OKA,,,,7C,제주항공,출발,0.0,4376.0,True,True,인천국제공항공사_항공사별 노선별 운송실적_20231231.csv
2023,5,ICN,OKA,ICN-OKA,,,,LJ,진 에어,도착,0.0,4684.0,False,True,인천국제공항공사_항공사별 노선별 운송실적_20231231.csv
2023,5,ICN,OKA,ICN-OKA,,,,LJ,진 에어,출발,0.0,4730.0,False,True,인천국제공항공사_항공사별 노선별 운송실적_20231231.csv
2023,5,ICN,OKA,ICN-OKA,,,,TW,티웨이항공,도착,0.0,4745.0,True,True,인천국제공항공사_항공사별 노선별 운송실적_20231231.csv
2023,5,ICN,OKA,ICN-OKA,,,,TW,티웨이항공,출발,0.0,4665.0,True,True,인천국제공항공사_항공사별 노선별 운송실적_20231231.csv
2023,5,ICN,SDJ,ICN-SDJ,,,,OZ,아시아나항공,도착,0.0,1504.0,False,True,인천국제공항공사_항공사별 노선별 운송실적_20231231.csv
2023,5,ICN,SDJ,ICN-SDJ,,,,OZ,아시아나항공,출발,0.0,1650.0,False,True,인천국제공항공사_항공사별 노선별 운송실적_20231231.csv
2023,5,ICN,TAK,ICN-TAK,,,,RS,에어서울,도착,0.0,5313.0,True,True,인천국제공항공사_항공사별 노선별 운송실적_20231231.csv
2023,5,ICN,TAK,ICN-TAK,,,,RS,에어서울,출발,0.0,5449.0,True,True,인천국제공항공사_항공사별 노선별 운송실적_20231231.csv
2023,6,ICN,CTS,ICN-CTS,,,,KE,대한항공,도착,0.0,5973.0,False,True,인천국제공항공사_항공사별 노선별 운송실적_20231231.csv
2023,6,ICN,CTS,ICN-CTS,,,,KE,대한항공,출발,0.0,6549.0,False,True,인천국제공항공사_항공사별 노선별 운송실적_20231231.csv
2023,6,ICN,CTS,ICN-CTS,,,,OZ,아시아나항공,도착,0.0,2214.0,False,True,인천국제공항공사_항공사별 노선별 운송실적_20231231.csv
2023,6,ICN,CTS,ICN-CTS,,,,OZ,아시아나항공,도착,0.0,543.0,False,True,인천국제공항공사_항공사별 노선별 운송실적_20231231.csv
2023,6,ICN,CTS,ICN-CTS,,,,OZ,아시아나항공,출발,0.0,2784.0,False,True,인천국제공항공사_항공사별 노선별 운송실적_20231231.csv
2023,6,ICN,CTS,ICN-CTS,,,,OZ,아시아나항공,출발,0.0,577.0,False,True,인천국제공항공사_항공사별 노선별 운송실적_20231231.csv
2023,6,ICN,CTS,ICN-CTS,,,,BX,에어 부산,도착,0.0,1368.0,False,True,인천국제공항공사_항공사별 노선별 운송실적_20231231.csv
2023,6,ICN,CTS,ICN-CTS,,,,BX,에어 부산,출발,0.0,1633.0,False,True,인천국제공항공사_항공사별 노선별 운송실적_20231231.csv
2023,6,ICN,CTS,ICN-CTS,,,,7C,제주항공,도착,0.0,9862.0,True,True,인천국제공항공사_항공사별 노선별 운송실적_20231231.csv
2023,6,ICN,CTS,ICN-CTS,,,,7C,제주항공,출발,0.0,10403.0,True,True,인천국제공항공사_항공사별 노선별 운송실적_20231231.csv
2023,6,ICN,CTS,ICN-CTS,,,,LJ,진 에어,도착,0.0,5600.0,False,True,인천국제공항공사_항공사별 노선별 운송실적_20231231.csv
2023,6,ICN,CTS,ICN-CTS,,,,LJ,진 에어,출발,0.0,6023.0,False,True,인천국제공항공사_항공사별 노선별 운송실적_20231231.csv
2023,6,ICN,CTS,ICN-CTS,,,,TW,티웨이항공,도착,0.0,7470.0,True,True,인천국제공항공사_항공사별 노선별 운송실적_20231231.csv
2023,6,ICN,CTS,ICN-CTS,,,,TW,티웨이항공,도착,0.0,4918.0,True,True,인천국제공항공사_항공사별 노선별 운송실적_20231231.csv
2023,6,ICN,CTS,ICN-CTS,,,,TW,티웨이항공,출발,0.0,7765.0,True,True,인천국제공항공사_항공사별 노선별 운송실적_20231231.csv
2023,6,ICN,CTS,ICN-CTS,,,,TW,티웨이항공,출발,0.0,5207.0,True,True,인천국제공항공사_항공사별 노선별 운송실적_20231231.csv
2023,6,ICN,FSZ,ICN-FSZ,,,,7C,제주항공,도착,0.0,4837.0,True,True,인천국제공항공사_항공사별 노선별 운송실적_20231231.csv
2023,6,ICN,FSZ,ICN-FSZ,,,,7C,제주항공,출발,0.0,4818.0,True,True,인천국제공항공사_항공사별 노선별 운송실적_20231231.csv
2023,6,ICN,FUK,ICN-FUK,,,,KE,대한항공,도착,0.0,8896.0,False,True,인천국제공항공사_항공사별 노선별 운송실적_20231231.csv
2023,6,ICN,FUK,ICN-FUK,,,,KE,대한항공,출발,0.0,9274.0,False,True,인천국제공항공사_항공사별 노선별 운송실적_20231231.csv
2023,6,ICN,FUK,ICN-FUK,,,,OZ,아시아나항공,도착,0.0,11725.0,False,True,인천국제공항공사_항공사별 노선별 운송실적_20231231.csv
2023,6,ICN,FUK,ICN-FUK,,,,OZ,아시아나항공,출발,0.0,13413.0,False,True,인천국제공항공사_항공사별 노선별 운송실적_20231231.csv
2023,6,ICN,FUK,ICN-FUK,,,,BX,에어 부산,도착,0.0,12167.0,False,True,인천국제공항공사_항공사별 노선별 운송실적_20231231.csv
2023,6,ICN,FUK,ICN-FUK,,,,BX,에어 부산,출발,0.0,11786.0,False,True,인천국제공항공사_항공사별 노선별 운송실적_20231231.csv
2023,6,ICN,FUK,ICN-FUK,,,,RS,에어서울,도착,0.0,11156.0,True,True,인천국제공항공사_항공사별 노선별 운송실적_20231231.csv
2023,6,ICN,FUK,ICN-FUK,,,,RS,에어서울,출발,0.0,11421.0,True,True,인천국제공항공사_항공사별 노선별 운송실적_20231231.csv
2023,6,ICN,FUK,ICN-FUK,,,,7C,제주항공,도착,0.0,22047.0,True,True,인천국제공항공사_항공사별 노선별 운송실적_20231231.csv
2023,6,ICN,FUK,ICN-FUK,,,,7C,제주항공,도착,0.0,3928.0,True,True,인천국제공항공사_항공사별 노선별 운송실적_20231231.csv
2023,6,ICN,FUK,ICN-FUK,,,,7C,제주항공,출발,0.0,22015.0,True,True,인천국제공항공사_항공사별 노선별 운송실적_20231231.csv
2023,6,ICN,FUK,ICN-FUK,,,,7C,제주항공,출발,0.0,3966.0,True,True,인천국제공항공사_항공사별 노선별 운송실적_20231231.csv
2023,6,ICN,FUK,ICN-FUK,,,,LJ,진 에어,도착,0.0,21436.0,False,True,인천국제공항공사_항공사별 노선별 운송실적_20231231.csv
2023,6,ICN,FUK,ICN-FUK,,,,LJ,진 에어,도착,0.0,188.0,False,True,인천국제공항공사_항공사별 노선별 운송실적_20231231.csv
2023,6,ICN,FUK,ICN-FUK,,,,LJ,진 에어,출발,0.0,20844.0,False,True,인천국제공항공사_항공사별 노선별 운송실적_20231231.csv
2023,6,ICN,FUK,ICN-FUK,,,,LJ,진 에어,출발,0.0,107.0,False,True,인천국제공항공사_항공사별 노선별 운송실적_20231231.csv
2023,6,ICN,FUK,ICN-FUK,,,,TW,티웨이항공,도착,0.0,15196.0,True,True,인천국제공항공사_항공사별 노선별 운송실적_20231231.csv
2023,6,ICN,FUK,ICN-FUK,,,,TW,티웨이항공,도착,0.0,742.0,True,True,인천국제공항공사_항공사별 노선별 운송실적_20231231.csv
2023,6,ICN,FUK,ICN-FUK,,,,TW,티웨이항공,출발,0.0,14987.0,True,True,인천국제공항공사_항공사별 노선별 운송실적_20231231.csv
2023,6,ICN,FUK,ICN-FUK,,,,TW,티웨이항공,출발,0.0,720.0,True,True,인천국제공항공사_항공사별 노선별 운송실적_20231231.csv
2023,6,ICN,HND,ICN-HND,,,,KE,대한항공,도착,0.0,3239.0,False,True,인천국제공항공사_항공사별 노선별 운송실적_20231231.csv
2023,6,ICN,HND,ICN-HND,,,,KE,대한항공,출발,0.0,4037.0,False,True,인천국제공항공사_항공사별 노선별 운송실적_20231231.csv
2023,6,ICN,HND,ICN-HND,,,,OZ,아시아나항공,도착,0.0,94.0,False,True,인천국제공항공사_항공사별 노선별 운송실적_20231231.csv
2023,6,ICN,HND,ICN-HND,,,,OZ,아시아나항공,도착,0.0,244.0,False,True,인천국제공항공사_항공사별 노선별 운송실적_20231231.csv
2023,6,ICN,HND,ICN-HND,,,,MM,피치 항공,도착,0.0,5096.0,True,True,인천국제공항공사_항공사별 노선별 운송실적_20231231.csv
2023,6,ICN,HND,ICN-HND,,,,MM,피치 항공,출발,0.0,5020.0,True,True,인천국제공항공사_항공사별 노선별 운송실적_20231231.csv
2023,6,ICN,KIX,ICN-KIX,,,,KE,대한항공,도착,0.0,11270.0,False,True,인천국제공항공사_항공사별 노선별 운송실적_20231231.csv
2023,6,ICN,KIX,ICN-KIX,,,,KE,대한항공,출발,0.0,11729.0,False,True,인천국제공항공사_항공사별 노선별 운송실적_20231231.csv
2023,6,ICN,KIX,ICN-KIX,,,,OZ,아시아나항공,도착,0.0,15940.0,False,True,인천국제공항공사_항공사별 노선별 운송실적_20231231.csv
2023,6,ICN,KIX,ICN-KIX,,,,OZ,아시아나항공,출발,0.0,16894.0,False,True,인천국제공항공사_항공사별 노선별 운송실적_20231231.csv
2023,6,ICN,KIX,ICN-KIX,,,,BX,에어 부산,도착,0.0,18455.0,False,True,인천국제공항공사_항공사별 노선별 운송실적_20231231.csv
2023,6,ICN,KIX,ICN-KIX,,,,BX,에어 부산,출발,0.0,18532.0,False,True,인천국제공항공사_항공사별 노선별 운송실적_20231231.csv
2023,6,ICN,KIX,ICN-KIX,,,,RS,에어서울,도착,0.0,11273.0,True,True,인천국제공항공사_항공사별 노선별 운송실적_20231231.csv
2023,6,ICN,KIX,ICN-KIX,,,,RS,에어서울,출발,0.0,11454.0,True,True,인천국제공항공사_항공사별 노선별 운송실적_20231231.csv
2023,6,ICN,KIX,ICN-KIX,,,,7C,제주항공,도착,0.0,26416.0,True,True,인천국제공항공사_항공사별 노선별 운송실적_20231231.csv
2023,6,ICN,KIX,ICN-KIX,,,,7C,제주항공,출발,0.0,26316.0,True,True,인천국제공항공사_항공사별 노선별 운송실적_20231231.csv
2023,6,ICN,KIX,ICN-KIX,,,,LJ,진 에어,도착,0.0,25988.0,False,True,인천국제공항공사_항공사별 노선별 운송실적_20231231.csv
2023,6,ICN,KIX,ICN-KIX,,,,LJ,진 에어,도착,0.0,2057.0,False,True,인천국제공항공사_항공사별 노선별 운송실적_20231231.csv
2023,6,ICN,KIX,ICN-KIX,,,,LJ,진 에어,출발,0.0,25908.0,False,True,인천국제공항공사_항공사별 노선별 운송실적_20231231.csv
2023,6,ICN,KIX,ICN-KIX,,,,LJ,진 에어,출발,0.0,1952.0,False,True,인천국제공항공사_항공사별 노선별 운송실적_20231231.csv
2023,6,ICN,KIX,ICN-KIX,,,,TW,티웨이항공,도착,0.0,20667.0,True,True,인천국제공항공사_항공사별 노선별 운송실적_20231231.csv
2023,6,ICN,KIX,ICN-KIX,,,,TW,티웨이항공,출발,0.0,20650.0,True,True,인천국제공항공사_항공사별 노선별 운송실적_20231231.csv
2023,6,ICN,KIX,ICN-KIX,,,,MM,피치 항공,도착,0.0,15351.0,True,True,인천국제공항공사_항공사별 노선별 운송실적_20231231.csv
2023,6,ICN,KIX,ICN-KIX,,,,MM,피치 항공,출발,0.0,14473.0,True,True,인천국제공항공사_항공사별 노선별 운송실적_20231231.csv
2023,6,ICN,KKJ,ICN-KKJ,,,,LJ,진 에어,도착,0.0,2489.0,False,True,인천국제공항공사_항공사별 노선별 운송실적_20231231.csv
2023,6,ICN,KKJ,ICN-KKJ,,,,LJ,진 에어,출발,0.0,2747.0,False,True,인천국제공항공사_항공사별 노선별 운송실적_20231231.csv
2023,6,ICN,KMJ,ICN-KMJ,,,,TW,티웨이항공,도착,0.0,3562.0,True,True,인천국제공항공사_항공사별 노선별 운송실적_20231231.csv
2023,6,ICN,KMJ,ICN-KMJ,,,,TW,티웨이항공,출발,0.0,3388.0,True,True,인천국제공항공사_항공사별 노선별 운송실적_20231231.csv
2023,6,ICN,MYJ,ICN-MYJ,,,,7C,제주항공,도착,0.0,3382.0,True,True,인천국제공항공사_항공사별 노선별 운송실적_20231231.csv
2023,6,ICN,MYJ,ICN-MYJ,,,,7C,제주항공,출발,0.0,3493.0,True,True,인천국제공항공사_항공사별 노선별 운송실적_20231231.csv
2023,6,ICN,NGO,ICN-NGO,,,,KE,대한항공,도착,0.0,7052.0,False,True,인천국제공항공사_항공사별 노선별 운송실적_20231231.csv
2023,6,ICN,NGO,ICN-NGO,,,,KE,대한항공,출발,0.0,8154.0,False,True,인천국제공항공사_항공사별 노선별 운송실적_20231231.csv
2023,6,ICN,NGO,ICN-NGO,,,,OZ,아시아나항공,도착,0.0,2931.0,False,True,인천국제공항공사_항공사별 노선별 운송실적_20231231.csv
2023,6,ICN,NGO,ICN-NGO,,,,OZ,아시아나항공,출발,0.0,2770.0,False,True,인천국제공항공사_항공사별 노선별 운송실적_20231231.csv
2023,6,ICN,NGO,ICN-NGO,,,,7C,제주항공,도착,0.0,15041.0,True,True,인천국제공항공사_항공사별 노선별 운송실적_20231231.csv
2023,6,ICN,NGO,ICN-NGO,,,,7C,제주항공,출발,0.0,14984.0,True,True,인천국제공항공사_항공사별 노선별 운송실적_20231231.csv
2023,6,ICN,NRT,ICN-NRT,,,,KE,대한항공,도착,0.0,8274.0,False,True,인천국제공항공사_항공사별 노선별 운송실적_20231231.csv
2023,6,ICN,NRT,ICN-NRT,,,,KE,대한항공,도착,0.0,89.0,False,True,인천국제공항공사_항공사별 노선별 운송실적_20231231.csv
2023,6,ICN,NRT,ICN-NRT,,,,KE,대한항공,출발,0.0,9073.0,False,True,인천국제공항공사_항공사별 노선별 운송실적_20231231.csv
2023,6,ICN,NRT,ICN-NRT,,,,KE,대한항공,출발,0.0,101.0,False,True,인천국제공항공사_항공사별 노선별 운송실적_20231231.csv
2023,6,ICN,NRT,ICN-NRT,,,,OZ,아시아나항공,도착,0.0,18368.0,False,True,인천국제공항공사_항공사별 노선별 운송실적_20231231.csv
2023,6,ICN,NRT,ICN-NRT,,,,OZ,아시아나항공,출발,0.0,19196.0,False,True,인천국제공항공사_항공사별 노선별 운송실적_20231231.csv
2023,6,ICN,NRT,ICN-NRT,,,,BX,에어 부산,도착,0.0,11927.0,False,True,인천국제공항공사_항공사별 노선별 운송실적_20231231.csv
2023,6,ICN,NRT,ICN-NRT,,,,BX,에어 부산,출발,0.0,12460.0,False,True,인천국제공항공사_항공사별 노선별 운송실적_20231231.csv
2023,6,ICN,NRT,ICN-NRT,,,,YP,에어 프레미아,도착,0.0,6366.0,False,True,인천국제공항공사_항공사별 노선별 운송실적_20231231.csv
2023,6,ICN,NRT,ICN-NRT,,,,YP,에어 프레미아,출발,0.0,6428.0,False,True,인천국제공항공사_항공사별 노선별 운송실적_20231231.csv
2023,6,ICN,NRT,ICN-NRT,,,,RS,에어서울,도착,0.0,15530.0,True,True,인천국제공항공사_항공사별 노선별 운송실적_20231231.csv
2023,6,ICN,NRT,ICN-NRT,,,,RS,에어서울,출발,0.0,15698.0,True,True,인천국제공항공사_항공사별 노선별 운송실적_20231231.csv
2023,6,ICN,NRT,ICN-NRT,,,,ET,에티오피아 항공,도착,0.0,1715.0,False,True,인천국제공항공사_항공사별 노선별 운송실적_20231231.csv
2023,6,ICN,NRT,ICN-NRT,,,,ET,에티오피아 항공,출발,0.0,1706.0,False,True,인천국제공항공사_항공사별 노선별 운송실적_20231231.csv
2023,6,ICN,NRT,ICN-NRT,,,,7C,제주항공,도착,0.0,28529.0,True,True,인천국제공항공사_항공사별 노선별 운송실적_20231231.csv
2023,6,ICN,NRT,ICN-NRT,,,,7C,제주항공,출발,0.0,28171.0,True,True,인천국제공항공사_항공사별 노선별 운송실적_20231231.csv
2023,6,ICN,NRT,ICN-NRT,,,,LJ,진 에어,도착,0.0,21537.0,False,True,인천국제공항공사_항공사별 노선별 운송실적_20231231.csv
2023,6,ICN,NRT,ICN-NRT,,,,LJ,진 에어,출발,0.0,21612.0,False,True,인천국제공항공사_항공사별 노선별 운송실적_20231231.csv
2023,6,ICN,NRT,ICN-NRT,,,,ZG,집에어 도쿄,도착,0.0,6895.0,True,True,인천국제공항공사_항공사별 노선별 운송실적_20231231.csv
2023,6,ICN,NRT,ICN-NRT,,,,ZG,집에어 도쿄,도착,0.0,6457.0,True,True,인천국제공항공사_항공사별 노선별 운송실적_20231231.csv
2023,6,ICN,NRT,ICN-NRT,,,,ZG,집에어 도쿄,출발,0.0,4635.0,True,True,인천국제공항공사_항공사별 노선별 운송실적_20231231.csv
2023,6,ICN,NRT,ICN-NRT,,,,ZG,집에어 도쿄,출발,0.0,4533.0,True,True,인천국제공항공사_항공사별 노선별 운송실적_20231231.csv
2023,6,ICN,NRT,ICN-NRT,,,,TW,티웨이항공,도착,0.0,17765.0,True,True,인천국제공항공사_항공사별 노선별 운송실적_20231231.csv
2023,6,ICN,NRT,ICN-NRT,,,,TW,티웨이항공,출발,0.0,17872.0,True,True,인천국제공항공사_항공사별 노선별 운송실적_20231231.csv
2023,6,ICN,OIT,ICN-OIT,,,,7C,제주항공,도착,0.0,577.0,True,True,인천국제공항공사_항공사별 노선별 운송실적_20231231.csv
2023,6,ICN,OIT,ICN-OIT,,,,7C,제주항공,출발,0.0,672.0,True,True,인천국제공항공사_항공사별 노선별 운송실적_20231231.csv
2023,6,ICN,OKA,ICN-OKA,,,,KE,대한항공,도착,0.0,2806.0,False,True,인천국제공항공사_항공사별 노선별 운송실적_20231231.csv
2023,6,ICN,OKA,ICN-OKA,,,,KE,대한항공,출발,0.0,3006.0,False,True,인천국제공항공사_항공사별 노선별 운송실적_20231231.csv
2023,6,ICN,OKA,ICN-OKA,,,,OZ,아시아나항공,도착,0.0,4340.0,False,True,인천국제공항공사_항공사별 노선별 운송실적_20231231.csv
2023,6,ICN,OKA,ICN-OKA,,,,OZ,아시아나항공,출발,0.0,4549.0,False,True,인천국제공항공사_항공사별 노선별 운송실적_20231231.csv
2023,6,ICN,OKA,ICN-OKA,,,,7C,제주항공,도착,0.0,4418.0,True,True,인천국제공항공사_항공사별 노선별 운송실적_20231231.csv
2023,6,ICN,OKA,ICN-OKA,,,,7C,제주항공,출발,0.0,4630.0,True,True,인천국제공항공사_항공사별 노선별 운송실적_20231231.csv
2023,6,ICN,OKA,ICN-OKA,,,,LJ,진 에어,도착,0.0,4440.0,False,True,인천국제공항공사_항공사별 노선별 운송실적_20231231.csv
2023,6,ICN,OKA,ICN-OKA,,,,LJ,진 에어,도착,0.0,84.0,False,True,인천국제공항공사_항공사별 노선별 운송실적_20231231.csv
2023,6,ICN,OKA,ICN-OKA,,,,LJ,진 에어,출발,0.0,4798.0,False,True,인천국제공항공사_항공사별 노선별 운송실적_20231231.csv
2023,6,ICN,OKA,ICN-OKA,,,,LJ,진 에어,출발,0.0,1.0,False,True,인천국제공항공사_항공사별 노선별 운송실적_20231231.csv
2023,6,ICN,OKA,ICN-OKA,,,,TW,티웨이항공,도착,0.0,4668.0,True,True,인천국제공항공사_항공사별 노선별 운송실적_20231231.csv
2023,6,ICN,OKA,ICN-OKA,,,,TW,티웨이항공,출발,0.0,4713.0,True,True,인천국제공항공사_항공사별 노선별 운송실적_20231231.csv
2023,6,ICN,SDJ,ICN-SDJ,,,,OZ,아시아나항공,도착,0.0,1624.0,False,True,인천국제공항공사_항공사별 노선별 운송실적_20231231.csv
2023,6,ICN,SDJ,ICN-SDJ,,,,OZ,아시아나항공,출발,0.0,1610.0,False,True,인천국제공항공사_항공사별 노선별 운송실적_20231231.csv
2023,6,ICN,TAK,ICN-TAK,,,,RS,에어서울,도착,0.0,5396.0,True,True,인천국제공항공사_항공사별 노선별 운송실적_20231231.csv
2023,6,ICN,TAK,ICN-TAK,,,,RS,에어서울,출발,0.0,5360.0,True,True,인천국제공항공사_항공사별 노선별 운송실적_20231231.csv
2023,7,ICN,CTS,ICN-CTS,,,,KE,대한항공,도착,0.0,8088.0,False,True,인천국제공항공사_항공사별 노선별 운송실적_20231231.csv
2023,7,ICN,CTS,ICN-CTS,,,,KE,대한항공,도착,0.0,1289.0,False,True,인천국제공항공사_항공사별 노선별 운송실적_20231231.csv
2023,7,ICN,CTS,ICN-CTS,,,,KE,대한항공,출발,0.0,8592.0,False,True,인천국제공항공사_항공사별 노선별 운송실적_20231231.csv
2023,7,ICN,CTS,ICN-CTS,,,,KE,대한항공,출발,0.0,1465.0,False,True,인천국제공항공사_항공사별 노선별 운송실적_20231231.csv
2023,7,ICN,CTS,ICN-CTS,,,,OZ,아시아나항공,도착,0.0,7276.0,False,True,인천국제공항공사_항공사별 노선별 운송실적_20231231.csv
2023,7,ICN,CTS,ICN-CTS,,,,OZ,아시아나항공,출발,0.0,8336.0,False,True,인천국제공항공사_항공사별 노선별 운송실적_20231231.csv
2023,7,ICN,CTS,ICN-CTS,,,,BX,에어 부산,도착,0.0,5937.0,False,True,인천국제공항공사_항공사별 노선별 운송실적_20231231.csv
2023,7,ICN,CTS,ICN-CTS,,,,BX,에어 부산,출발,0.0,5946.0,False,True,인천국제공항공사_항공사별 노선별 운송실적_20231231.csv
2023,7,ICN,CTS,ICN-CTS,,,,RS,에어서울,도착,0.0,4583.0,True,True,인천국제공항공사_항공사별 노선별 운송실적_20231231.csv
2023,7,ICN,CTS,ICN-CTS,,,,RS,에어서울,출발,0.0,4763.0,True,True,인천국제공항공사_항공사별 노선별 운송실적_20231231.csv
2023,7,ICN,CTS,ICN-CTS,,,,7C,제주항공,도착,0.0,14050.0,True,True,인천국제공항공사_항공사별 노선별 운송실적_20231231.csv
2023,7,ICN,CTS,ICN-CTS,,,,7C,제주항공,출발,0.0,14979.0,True,True,인천국제공항공사_항공사별 노선별 운송실적_20231231.csv
2023,7,ICN,CTS,ICN-CTS,,,,LJ,진 에어,도착,0.0,16169.0,False,True,인천국제공항공사_항공사별 노선별 운송실적_20231231.csv
2023,7,ICN,CTS,ICN-CTS,,,,LJ,진 에어,출발,0.0,17068.0,False,True,인천국제공항공사_항공사별 노선별 운송실적_20231231.csv
2023,7,ICN,CTS,ICN-CTS,,,,TW,티웨이항공,도착,0.0,9562.0,True,True,인천국제공항공사_항공사별 노선별 운송실적_20231231.csv
2023,7,ICN,CTS,ICN-CTS,,,,TW,티웨이항공,도착,0.0,5732.0,True,True,인천국제공항공사_항공사별 노선별 운송실적_20231231.csv
2023,7,ICN,CTS,ICN-CTS,,,,TW,티웨이항공,출발,0.0,9896.0,True,True,인천국제공항공사_항공사별 노선별 운송실적_20231231.csv
2023,7,ICN,CTS,ICN-CTS,,,,TW,티웨이항공,출발,0.0,5751.0,True,True,인천국제공항공사_항공사별 노선별 운송실적_20231231.csv
2023,7,ICN,FSZ,ICN-FSZ,,,,7C,제주항공,도착,0.0,2133.0,True,True,인천국제공항공사_항공사별 노선별 운송실적_20231231.csv
2023,7,ICN,FSZ,ICN-FSZ,,,,7C,제주항공,출발,0.0,2082.0,True,True,인천국제공항공사_항공사별 노선별 운송실적_20231231.csv
2023,7,ICN,FUK,ICN-FUK,,,,KE,대한항공,도착,0.0,8537.0,False,True,인천국제공항공사_항공사별 노선별 운송실적_20231231.csv
2023,7,ICN,FUK,ICN-FUK,,,,KE,대한항공,출발,0.0,8701.0,False,True,인천국제공항공사_항공사별 노선별 운송실적_20231231.csv
2023,7,ICN,FUK,ICN-FUK,,,,OZ,아시아나항공,도착,0.0,11267.0,False,True,인천국제공항공사_항공사별 노선별 운송실적_20231231.csv
2023,7,ICN,FUK,ICN-FUK,,,,OZ,아시아나항공,출발,0.0,12654.0,False,True,인천국제공항공사_항공사별 노선별 운송실적_20231231.csv
2023,7,ICN,FUK,ICN-FUK,,,,BX,에어 부산,도착,0.0,12269.0,False,True,인천국제공항공사_항공사별 노선별 운송실적_20231231.csv
2023,7,ICN,FUK,ICN-FUK,,,,BX,에어 부산,출발,0.0,12018.0,False,True,인천국제공항공사_항공사별 노선별 운송실적_20231231.csv
2023,7,ICN,FUK,ICN-FUK,,,,RS,에어서울,도착,0.0,10852.0,True,True,인천국제공항공사_항공사별 노선별 운송실적_20231231.csv
2023,7,ICN,FUK,ICN-FUK,,,,RS,에어서울,출발,0.0,11602.0,True,True,인천국제공항공사_항공사별 노선별 운송실적_20231231.csv
2023,7,ICN,FUK,ICN-FUK,,,,7C,제주항공,도착,0.0,25692.0,True,True,인천국제공항공사_항공사별 노선별 운송실적_20231231.csv
2023,7,ICN,FUK,ICN-FUK,,,,7C,제주항공,출발,0.0,26800.0,True,True,인천국제공항공사_항공사별 노선별 운송실적_20231231.csv
2023,7,ICN,FUK,ICN-FUK,,,,LJ,진 에어,도착,0.0,26998.0,False,True,인천국제공항공사_항공사별 노선별 운송실적_20231231.csv
2023,7,ICN,FUK,ICN-FUK,,,,LJ,진 에어,출발,0.0,27269.0,False,True,인천국제공항공사_항공사별 노선별 운송실적_20231231.csv
2023,7,ICN,FUK,ICN-FUK,,,,TW,티웨이항공,도착,0.0,16632.0,True,True,인천국제공항공사_항공사별 노선별 운송실적_20231231.csv
2023,7,ICN,FUK,ICN-FUK,,,,TW,티웨이항공,출발,0.0,16407.0,True,True,인천국제공항공사_항공사별 노선별 운송실적_20231231.csv
2023,7,ICN,HIJ,ICN-HIJ,,,,7C,제주항공,도착,0.0,1162.0,True,True,인천국제공항공사_항공사별 노선별 운송실적_20231231.csv
2023,7,ICN,HIJ,ICN-HIJ,,,,7C,제주항공,출발,0.0,1181.0,True,True,인천국제공항공사_항공사별 노선별 운송실적_20231231.csv
2023,7,ICN,HND,ICN-HND,,,,KE,대한항공,도착,0.0,2988.0,False,True,인천국제공항공사_항공사별 노선별 운송실적_20231231.csv
2023,7,ICN,HND,ICN-HND,,,,KE,대한항공,출발,0.0,4319.0,False,True,인천국제공항공사_항공사별 노선별 운송실적_20231231.csv
2023,7,ICN,HND,ICN-HND,,,,MM,피치 항공,도착,0.0,5254.0,True,True,인천국제공항공사_항공사별 노선별 운송실적_20231231.csv
2023,7,ICN,HND,ICN-HND,,,,MM,피치 항공,출발,0.0,5094.0,True,True,인천국제공항공사_항공사별 노선별 운송실적_20231231.csv
2023,7,ICN,KIX,ICN-KIX,,,,KE,대한항공,도착,0.0,11182.0,False,True,인천국제공항공사_항공사별 노선별 운송실적_20231231.csv
2023,7,ICN,KIX,ICN-KIX,,,,KE,대한항공,출발,0.0,11803.0,False,True,인천국제공항공사_항공사별 노선별 운송실적_20231231.csv
2023,7,ICN,KIX,ICN-KIX,,,,OZ,아시아나항공,도착,0.0,15036.0,False,True,인천국제공항공사_항공사별 노선별 운송실적_20231231.csv
2023,7,ICN,KIX,ICN-KIX,,,,OZ,아시아나항공,출발,0.0,16373.0,False,True,인천국제공항공사_항공사별 노선별 운송실적_20231231.csv
2023,7,ICN,KIX,ICN-KIX,,,,BX,에어 부산,도착,0.0,19366.0,False,True,인천국제공항공사_항공사별 노선별 운송실적_20231231.csv
2023,7,ICN,KIX,ICN-KIX,,,,BX,에어 부산,출발,0.0,19201.0,False,True,인천국제공항공사_항공사별 노선별 운송실적_20231231.csv
2023,7,ICN,KIX,ICN-KIX,,,,RS,에어서울,도착,0.0,13352.0,True,True,인천국제공항공사_항공사별 노선별 운송실적_20231231.csv
2023,7,ICN,KIX,ICN-KIX,,,,RS,에어서울,도착,0.0,721.0,True,True,인천국제공항공사_항공사별 노선별 운송실적_20231231.csv
2023,7,ICN,KIX,ICN-KIX,,,,RS,에어서울,출발,0.0,13846.0,True,True,인천국제공항공사_항공사별 노선별 운송실적_20231231.csv
2023,7,ICN,KIX,ICN-KIX,,,,RS,에어서울,출발,0.0,713.0,True,True,인천국제공항공사_항공사별 노선별 운송실적_20231231.csv
2023,7,ICN,KIX,ICN-KIX,,,,7C,제주항공,도착,0.0,23731.0,True,True,인천국제공항공사_항공사별 노선별 운송실적_20231231.csv
2023,7,ICN,KIX,ICN-KIX,,,,7C,제주항공,출발,0.0,23785.0,True,True,인천국제공항공사_항공사별 노선별 운송실적_20231231.csv
2023,7,ICN,KIX,ICN-KIX,,,,LJ,진 에어,도착,0.0,33666.0,False,True,인천국제공항공사_항공사별 노선별 운송실적_20231231.csv
2023,7,ICN,KIX,ICN-KIX,,,,LJ,진 에어,출발,0.0,34564.0,False,True,인천국제공항공사_항공사별 노선별 운송실적_20231231.csv
2023,7,ICN,KIX,ICN-KIX,,,,TW,티웨이항공,도착,0.0,21362.0,True,True,인천국제공항공사_항공사별 노선별 운송실적_20231231.csv
2023,7,ICN,KIX,ICN-KIX,,,,TW,티웨이항공,출발,0.0,21430.0,True,True,인천국제공항공사_항공사별 노선별 운송실적_20231231.csv
2023,7,ICN,KIX,ICN-KIX,,,,MM,피치 항공,도착,0.0,16030.0,True,True,인천국제공항공사_항공사별 노선별 운송실적_20231231.csv
2023,7,ICN,KIX,ICN-KIX,,,,MM,피치 항공,출발,0.0,15495.0,True,True,인천국제공항공사_항공사별 노선별 운송실적_20231231.csv
2023,7,ICN,KKJ,ICN-KKJ,,,,LJ,진 에어,도착,0.0,4270.0,False,True,인천국제공항공사_항공사별 노선별 운송실적_20231231.csv
2023,7,ICN,KKJ,ICN-KKJ,,,,LJ,진 에어,출발,0.0,4838.0,False,True,인천국제공항공사_항공사별 노선별 운송실적_20231231.csv
2023,7,ICN,KMJ,ICN-KMJ,,,,TW,티웨이항공,도착,0.0,3499.0,True,True,인천국제공항공사_항공사별 노선별 운송실적_20231231.csv
2023,7,ICN,KMJ,ICN-KMJ,,,,TW,티웨이항공,출발,0.0,3833.0,True,True,인천국제공항공사_항공사별 노선별 운송실적_20231231.csv
2023,7,ICN,MYJ,ICN-MYJ,,,,7C,제주항공,도착,0.0,3461.0,True,True,인천국제공항공사_항공사별 노선별 운송실적_20231231.csv
2023,7,ICN,MYJ,ICN-MYJ,,,,7C,제주항공,출발,0.0,3660.0,True,True,인천국제공항공사_항공사별 노선별 운송실적_20231231.csv
2023,7,ICN,NGO,ICN-NGO,,,,KE,대한항공,도착,0.0,6436.0,False,True,인천국제공항공사_항공사별 노선별 운송실적_20231231.csv
2023,7,ICN,NGO,ICN-NGO,,,,KE,대한항공,출발,0.0,7740.0,False,True,인천국제공항공사_항공사별 노선별 운송실적_20231231.csv
2023,7,ICN,NGO,ICN-NGO,,,,OZ,아시아나항공,도착,0.0,5329.0,False,True,인천국제공항공사_항공사별 노선별 운송실적_20231231.csv
2023,7,ICN,NGO,ICN-NGO,,,,OZ,아시아나항공,출발,0.0,5613.0,False,True,인천국제공항공사_항공사별 노선별 운송실적_20231231.csv
2023,7,ICN,NGO,ICN-NGO,,,,7C,제주항공,도착,0.0,15310.0,True,True,인천국제공항공사_항공사별 노선별 운송실적_20231231.csv
2023,7,ICN,NGO,ICN-NGO,,,,7C,제주항공,출발,0.0,16175.0,True,True,인천국제공항공사_항공사별 노선별 운송실적_20231231.csv
2023,7,ICN,NRT,ICN-NRT,,,,KL,KLM네덜란드항공,도착,0.0,2.0,False,True,인천국제공항공사_항공사별 노선별 운송실적_20231231.csv
2023,7,ICN,NRT,ICN-NRT,,,,KE,대한항공,도착,0.0,10444.0,False,True,인천국제공항공사_항공사별 노선별 운송실적_20231231.csv
2023,7,ICN,NRT,ICN-NRT,,,,KE,대한항공,출발,0.0,12154.0,False,True,인천국제공항공사_항공사별 노선별 운송실적_20231231.csv
2023,7,ICN,NRT,ICN-NRT,,,,OZ,아시아나항공,도착,0.0,16659.0,False,True,인천국제공항공사_항공사별 노선별 운송실적_20231231.csv
2023,7,ICN,NRT,ICN-NRT,,,,OZ,아시아나항공,출발,0.0,18674.0,False,True,인천국제공항공사_항공사별 노선별 운송실적_20231231.csv
2023,7,ICN,NRT,ICN-NRT,,,,5Y,아틀라스항공,도착,0.0,128.0,False,True,인천국제공항공사_항공사별 노선별 운송실적_20231231.csv
2023,7,ICN,NRT,ICN-NRT,,,,BX,에어 부산,도착,0.0,12482.0,False,True,인천국제공항공사_항공사별 노선별 운송실적_20231231.csv
2023,7,ICN,NRT,ICN-NRT,,,,BX,에어 부산,출발,0.0,12679.0,False,True,인천국제공항공사_항공사별 노선별 운송실적_20231231.csv
2023,7,ICN,NRT,ICN-NRT,,,,YP,에어 프레미아,도착,0.0,7027.0,False,True,인천국제공항공사_항공사별 노선별 운송실적_20231231.csv
2023,7,ICN,NRT,ICN-NRT,,,,YP,에어 프레미아,출발,0.0,7058.0,False,True,인천국제공항공사_항공사별 노선별 운송실적_20231231.csv
2023,7,ICN,NRT,ICN-NRT,,,,RS,에어서울,도착,0.0,16126.0,True,True,인천국제공항공사_항공사별 노선별 운송실적_20231231.csv
2023,7,ICN,NRT,ICN-NRT,,,,RS,에어서울,도착,0.0,1349.0,True,True,인천국제공항공사_항공사별 노선별 운송실적_20231231.csv
2023,7,ICN,NRT,ICN-NRT,,,,RS,에어서울,출발,0.0,16647.0,True,True,인천국제공항공사_항공사별 노선별 운송실적_20231231.csv
2023,7,ICN,NRT,ICN-NRT,,,,RS,에어서울,출발,0.0,1373.0,True,True,인천국제공항공사_항공사별 노선별 운송실적_20231231.csv
2023,7,ICN,NRT,ICN-NRT,,,,ET,에티오피아 항공,도착,0.0,2149.0,False,True,인천국제공항공사_항공사별 노선별 운송실적_20231231.csv
2023,7,ICN,NRT,ICN-NRT,,,,ET,에티오피아 항공,출발,0.0,1827.0,False,True,인천국제공항공사_항공사별 노선별 운송실적_20231231.csv
2023,7,ICN,NRT,ICN-NRT,,,,7C,제주항공,도착,0.0,29158.0,True,True,인천국제공항공사_항공사별 노선별 운송실적_20231231.csv
2023,7,ICN,NRT,ICN-NRT,,,,7C,제주항공,출발,0.0,29108.0,True,True,인천국제공항공사_항공사별 노선별 운송실적_20231231.csv
2023,7,ICN,NRT,ICN-NRT,,,,LJ,진 에어,도착,0.0,26211.0,False,True,인천국제공항공사_항공사별 노선별 운송실적_20231231.csv
2023,7,ICN,NRT,ICN-NRT,,,,LJ,진 에어,도착,0.0,772.0,False,True,인천국제공항공사_항공사별 노선별 운송실적_20231231.csv
2023,7,ICN,NRT,ICN-NRT,,,,LJ,진 에어,출발,0.0,26382.0,False,True,인천국제공항공사_항공사별 노선별 운송실적_20231231.csv
2023,7,ICN,NRT,ICN-NRT,,,,LJ,진 에어,출발,0.0,757.0,False,True,인천국제공항공사_항공사별 노선별 운송실적_20231231.csv
2023,7,ICN,NRT,ICN-NRT,,,,ZG,집에어 도쿄,도착,0.0,7837.0,True,True,인천국제공항공사_항공사별 노선별 운송실적_20231231.csv
2023,7,ICN,NRT,ICN-NRT,,,,ZG,집에어 도쿄,출발,0.0,6689.0,True,True,인천국제공항공사_항공사별 노선별 운송실적_20231231.csv
2023,7,ICN,NRT,ICN-NRT,,,,TW,티웨이항공,도착,0.0,16709.0,True,True,인천국제공항공사_항공사별 노선별 운송실적_20231231.csv
2023,7,ICN,NRT,ICN-NRT,,,,TW,티웨이항공,출발,0.0,16707.0,True,True,인천국제공항공사_항공사별 노선별 운송실적_20231231.csv
2023,7,ICN,OIT,ICN-OIT,,,,7C,제주항공,도착,0.0,1734.0,True,True,인천국제공항공사_항공사별 노선별 운송실적_20231231.csv
2023,7,ICN,OIT,ICN-OIT,,,,7C,제주항공,출발,0.0,1836.0,True,True,인천국제공항공사_항공사별 노선별 운송실적_20231231.csv
2023,7,ICN,OKA,ICN-OKA,,,,KE,대한항공,도착,0.0,3300.0,False,True,인천국제공항공사_항공사별 노선별 운송실적_20231231.csv
2023,7,ICN,OKA,ICN-OKA,,,,KE,대한항공,출발,0.0,3436.0,False,True,인천국제공항공사_항공사별 노선별 운송실적_20231231.csv
2023,7,ICN,OKA,ICN-OKA,,,,OZ,아시아나항공,도착,0.0,6631.0,False,True,인천국제공항공사_항공사별 노선별 운송실적_20231231.csv
2023,7,ICN,OKA,ICN-OKA,,,,OZ,아시아나항공,출발,0.0,7255.0,False,True,인천국제공항공사_항공사별 노선별 운송실적_20231231.csv
2023,7,ICN,OKA,ICN-OKA,,,,7C,제주항공,도착,0.0,5075.0,True,True,인천국제공항공사_항공사별 노선별 운송실적_20231231.csv
2023,7,ICN,OKA,ICN-OKA,,,,7C,제주항공,출발,0.0,4972.0,True,True,인천국제공항공사_항공사별 노선별 운송실적_20231231.csv
2023,7,ICN,OKA,ICN-OKA,,,,LJ,진 에어,도착,0.0,6397.0,False,True,인천국제공항공사_항공사별 노선별 운송실적_20231231.csv
2023,7,ICN,OKA,ICN-OKA,,,,LJ,진 에어,출발,0.0,6480.0,False,True,인천국제공항공사_항공사별 노선별 운송실적_20231231.csv
2023,7,ICN,OKA,ICN-OKA,,,,TW,티웨이항공,도착,0.0,5483.0,True,True,인천국제공항공사_항공사별 노선별 운송실적_20231231.csv
2023,7,ICN,OKA,ICN-OKA,,,,TW,티웨이항공,출발,0.0,5438.0,True,True,인천국제공항공사_항공사별 노선별 운송실적_20231231.csv
2023,7,ICN,SDJ,ICN-SDJ,,,,OZ,아시아나항공,도착,0.0,1838.0,False,True,인천국제공항공사_항공사별 노선별 운송실적_20231231.csv
2023,7,ICN,SDJ,ICN-SDJ,,,,OZ,아시아나항공,출발,0.0,1899.0,False,True,인천국제공항공사_항공사별 노선별 운송실적_20231231.csv
2023,7,ICN,TAK,ICN-TAK,,,,RS,에어서울,도착,0.0,5349.0,True,True,인천국제공항공사_항공사별 노선별 운송실적_20231231.csv
2023,7,ICN,TAK,ICN-TAK,,,,RS,에어서울,출발,0.0,5653.0,True,True,인천국제공항공사_항공사별 노선별 운송실적_20231231.csv
2023,8,ICN,CTS,ICN-CTS,,,,KE,대한항공,도착,0.0,10547.0,False,True,인천국제공항공사_항공사별 노선별 운송실적_20231231.csv
2023,8,ICN,CTS,ICN-CTS,,,,KE,대한항공,도착,0.0,792.0,False,True,인천국제공항공사_항공사별 노선별 운송실적_20231231.csv
2023,8,ICN,CTS,ICN-CTS,,,,KE,대한항공,출발,0.0,9774.0,False,True,인천국제공항공사_항공사별 노선별 운송실적_20231231.csv
2023,8,ICN,CTS,ICN-CTS,,,,KE,대한항공,출발,0.0,623.0,False,True,인천국제공항공사_항공사별 노선별 운송실적_20231231.csv
2023,8,ICN,CTS,ICN-CTS,,,,OZ,아시아나항공,도착,0.0,9271.0,False,True,인천국제공항공사_항공사별 노선별 운송실적_20231231.csv
2023,8,ICN,CTS,ICN-CTS,,,,OZ,아시아나항공,출발,0.0,8980.0,False,True,인천국제공항공사_항공사별 노선별 운송실적_20231231.csv
2023,8,ICN,CTS,ICN-CTS,,,,BX,에어 부산,도착,0.0,6124.0,False,True,인천국제공항공사_항공사별 노선별 운송실적_20231231.csv
2023,8,ICN,CTS,ICN-CTS,,,,BX,에어 부산,출발,0.0,5757.0,False,True,인천국제공항공사_항공사별 노선별 운송실적_20231231.csv
2023,8,ICN,CTS,ICN-CTS,,,,RS,에어서울,도착,0.0,5845.0,True,True,인천국제공항공사_항공사별 노선별 운송실적_20231231.csv
2023,8,ICN,CTS,ICN-CTS,,,,RS,에어서울,도착,0.0,196.0,True,True,인천국제공항공사_항공사별 노선별 운송실적_20231231.csv
2023,8,ICN,CTS,ICN-CTS,,,,RS,에어서울,출발,0.0,5367.0,True,True,인천국제공항공사_항공사별 노선별 운송실적_20231231.csv
2023,8,ICN,CTS,ICN-CTS,,,,RS,에어서울,출발,0.0,112.0,True,True,인천국제공항공사_항공사별 노선별 운송실적_20231231.csv
2023,8,ICN,CTS,ICN-CTS,,,,7C,제주항공,도착,0.0,15377.0,True,True,인천국제공항공사_항공사별 노선별 운송실적_20231231.csv
2023,8,ICN,CTS,ICN-CTS,,,,7C,제주항공,출발,0.0,13951.0,True,True,인천국제공항공사_항공사별 노선별 운송실적_20231231.csv
2023,8,ICN,CTS,ICN-CTS,,,,LJ,진 에어,도착,0.0,16758.0,False,True,인천국제공항공사_항공사별 노선별 운송실적_20231231.csv
2023,8,ICN,CTS,ICN-CTS,,,,LJ,진 에어,도착,0.0,141.0,False,True,인천국제공항공사_항공사별 노선별 운송실적_20231231.csv
2023,8,ICN,CTS,ICN-CTS,,,,LJ,진 에어,출발,0.0,16668.0,False,True,인천국제공항공사_항공사별 노선별 운송실적_20231231.csv
2023,8,ICN,CTS,ICN-CTS,,,,TW,티웨이항공,도착,0.0,7110.0,True,True,인천국제공항공사_항공사별 노선별 운송실적_20231231.csv
2023,8,ICN,CTS,ICN-CTS,,,,TW,티웨이항공,도착,0.0,1871.0,True,True,인천국제공항공사_항공사별 노선별 운송실적_20231231.csv
2023,8,ICN,CTS,ICN-CTS,,,,TW,티웨이항공,출발,0.0,6607.0,True,True,인천국제공항공사_항공사별 노선별 운송실적_20231231.csv
2023,8,ICN,CTS,ICN-CTS,,,,TW,티웨이항공,출발,0.0,1815.0,True,True,인천국제공항공사_항공사별 노선별 운송실적_20231231.csv
2023,8,ICN,FSZ,ICN-FSZ,,,,7C,제주항공,도착,0.0,2172.0,True,True,인천국제공항공사_항공사별 노선별 운송실적_20231231.csv
2023,8,ICN,FSZ,ICN-FSZ,,,,7C,제주항공,출발,0.0,2090.0,True,True,인천국제공항공사_항공사별 노선별 운송실적_20231231.csv
2023,8,ICN,FUK,ICN-FUK,,,,KE,대한항공,도착,0.0,10787.0,False,True,인천국제공항공사_항공사별 노선별 운송실적_20231231.csv
2023,8,ICN,FUK,ICN-FUK,,,,KE,대한항공,출발,0.0,9646.0,False,True,인천국제공항공사_항공사별 노선별 운송실적_20231231.csv
2023,8,ICN,FUK,ICN-FUK,,,,OZ,아시아나항공,도착,0.0,13860.0,False,True,인천국제공항공사_항공사별 노선별 운송실적_20231231.csv
2023,8,ICN,FUK,ICN-FUK,,,,OZ,아시아나항공,출발,0.0,13634.0,False,True,인천국제공항공사_항공사별 노선별 운송실적_20231231.csv
2023,8,ICN,FUK,ICN-FUK,,,,BX,에어 부산,도착,0.0,13047.0,False,True,인천국제공항공사_항공사별 노선별 운송실적_20231231.csv
2023,8,ICN,FUK,ICN-FUK,,,,BX,에어 부산,출발,0.0,11384.0,False,True,인천국제공항공사_항공사별 노선별 운송실적_20231231.csv
2023,8,ICN,FUK,ICN-FUK,,,,RS,에어서울,도착,0.0,12157.0,True,True,인천국제공항공사_항공사별 노선별 운송실적_20231231.csv
2023,8,ICN,FUK,ICN-FUK,,,,RS,에어서울,출발,0.0,11762.0,True,True,인천국제공항공사_항공사별 노선별 운송실적_20231231.csv
2023,8,ICN,FUK,ICN-FUK,,,,7C,제주항공,도착,0.0,26538.0,True,True,인천국제공항공사_항공사별 노선별 운송실적_20231231.csv
2023,8,ICN,FUK,ICN-FUK,,,,7C,제주항공,출발,0.0,25585.0,True,True,인천국제공항공사_항공사별 노선별 운송실적_20231231.csv
2023,8,ICN,FUK,ICN-FUK,,,,LJ,진 에어,도착,0.0,27768.0,False,True,인천국제공항공사_항공사별 노선별 운송실적_20231231.csv
2023,8,ICN,FUK,ICN-FUK,,,,LJ,진 에어,출발,0.0,26708.0,False,True,인천국제공항공사_항공사별 노선별 운송실적_20231231.csv
2023,8,ICN,FUK,ICN-FUK,,,,TW,티웨이항공,도착,0.0,16824.0,True,True,인천국제공항공사_항공사별 노선별 운송실적_20231231.csv
2023,8,ICN,FUK,ICN-FUK,,,,TW,티웨이항공,출발,0.0,16126.0,True,True,인천국제공항공사_항공사별 노선별 운송실적_20231231.csv
2023,8,ICN,HIJ,ICN-HIJ,,,,7C,제주항공,도착,0.0,2438.0,True,True,인천국제공항공사_항공사별 노선별 운송실적_20231231.csv
2023,8,ICN,HIJ,ICN-HIJ,,,,7C,제주항공,출발,0.0,1968.0,True,True,인천국제공항공사_항공사별 노선별 운송실적_20231231.csv
2023,8,ICN,HND,ICN-HND,,,,KE,대한항공,도착,0.0,2463.0,False,True,인천국제공항공사_항공사별 노선별 운송실적_20231231.csv
2023,8,ICN,HND,ICN-HND,,,,KE,대한항공,도착,0.0,214.0,False,True,인천국제공항공사_항공사별 노선별 운송실적_20231231.csv
2023,8,ICN,HND,ICN-HND,,,,KE,대한항공,출발,0.0,3168.0,False,True,인천국제공항공사_항공사별 노선별 운송실적_20231231.csv
2023,8,ICN,HND,ICN-HND,,,,OZ,아시아나항공,도착,0.0,1021.0,False,True,인천국제공항공사_항공사별 노선별 운송실적_20231231.csv
2023,8,ICN,HND,ICN-HND,,,,OZ,아시아나항공,출발,0.0,1711.0,False,True,인천국제공항공사_항공사별 노선별 운송실적_20231231.csv
2023,8,ICN,HND,ICN-HND,,,,MM,피치 항공,도착,0.0,4844.0,True,True,인천국제공항공사_항공사별 노선별 운송실적_20231231.csv
2023,8,ICN,HND,ICN-HND,,,,MM,피치 항공,출발,0.0,4844.0,True,True,인천국제공항공사_항공사별 노선별 운송실적_20231231.csv
2023,8,ICN,KIX,ICN-KIX,,,,KL,KLM네덜란드항공,도착,0.0,7.0,False,True,인천국제공항공사_항공사별 노선별 운송실적_20231231.csv
2023,8,ICN,KIX,ICN-KIX,,,,KE,대한항공,도착,0.0,12739.0,False,True,인천국제공항공사_항공사별 노선별 운송실적_20231231.csv
2023,8,ICN,KIX,ICN-KIX,,,,KE,대한항공,도착,0.0,256.0,False,True,인천국제공항공사_항공사별 노선별 운송실적_20231231.csv
2023,8,ICN,KIX,ICN-KIX,,,,KE,대한항공,출발,0.0,12149.0,False,True,인천국제공항공사_항공사별 노선별 운송실적_20231231.csv
2023,8,ICN,KIX,ICN-KIX,,,,OZ,아시아나항공,도착,0.0,14968.0,False,True,인천국제공항공사_항공사별 노선별 운송실적_20231231.csv
2023,8,ICN,KIX,ICN-KIX,,,,OZ,아시아나항공,도착,0.0,839.0,False,True,인천국제공항공사_항공사별 노선별 운송실적_20231231.csv
2023,8,ICN,KIX,ICN-KIX,,,,OZ,아시아나항공,출발,0.0,15772.0,False,True,인천국제공항공사_항공사별 노선별 운송실적_20231231.csv
2023,8,ICN,KIX,ICN-KIX,,,,OZ,아시아나항공,출발,0.0,336.0,False,True,인천국제공항공사_항공사별 노선별 운송실적_20231231.csv
2023,8,ICN,KIX,ICN-KIX,,,,BX,에어 부산,도착,0.0,18444.0,False,True,인천국제공항공사_항공사별 노선별 운송실적_20231231.csv
2023,8,ICN,KIX,ICN-KIX,,,,BX,에어 부산,도착,0.0,146.0,False,True,인천국제공항공사_항공사별 노선별 운송실적_20231231.csv
2023,8,ICN,KIX,ICN-KIX,,,,BX,에어 부산,출발,0.0,17096.0,False,True,인천국제공항공사_항공사별 노선별 운송실적_20231231.csv
2023,8,ICN,KIX,ICN-KIX,,,,BX,에어 부산,출발,0.0,79.0,False,True,인천국제공항공사_항공사별 노선별 운송실적_20231231.csv
2023,8,ICN,KIX,ICN-KIX,,,,RS,에어서울,도착,0.0,14353.0,True,True,인천국제공항공사_항공사별 노선별 운송실적_20231231.csv
2023,8,ICN,KIX,ICN-KIX,,,,RS,에어서울,출발,0.0,13946.0,True,True,인천국제공항공사_항공사별 노선별 운송실적_20231231.csv
2023,8,ICN,KIX,ICN-KIX,,,,7C,제주항공,도착,0.0,22807.0,True,True,인천국제공항공사_항공사별 노선별 운송실적_20231231.csv
2023,8,ICN,KIX,ICN-KIX,,,,7C,제주항공,도착,0.0,220.0,True,True,인천국제공항공사_항공사별 노선별 운송실적_20231231.csv
2023,8,ICN,KIX,ICN-KIX,,,,7C,제주항공,출발,0.0,22003.0,True,True,인천국제공항공사_항공사별 노선별 운송실적_20231231.csv
2023,8,ICN,KIX,ICN-KIX,,,,7C,제주항공,출발,0.0,63.0,True,True,인천국제공항공사_항공사별 노선별 운송실적_20231231.csv
2023,8,ICN,KIX,ICN-KIX,,,,LJ,진 에어,도착,0.0,33353.0,False,True,인천국제공항공사_항공사별 노선별 운송실적_20231231.csv
2023,8,ICN,KIX,ICN-KIX,,,,LJ,진 에어,출발,0.0,32503.0,False,True,인천국제공항공사_항공사별 노선별 운송실적_20231231.csv
2023,8,ICN,KIX,ICN-KIX,,,,TW,티웨이항공,도착,0.0,21171.0,True,True,인천국제공항공사_항공사별 노선별 운송실적_20231231.csv
2023,8,ICN,KIX,ICN-KIX,,,,TW,티웨이항공,도착,0.0,276.0,True,True,인천국제공항공사_항공사별 노선별 운송실적_20231231.csv
2023,8,ICN,KIX,ICN-KIX,,,,TW,티웨이항공,출발,0.0,20464.0,True,True,인천국제공항공사_항공사별 노선별 운송실적_20231231.csv
2023,8,ICN,KIX,ICN-KIX,,,,TW,티웨이항공,출발,0.0,306.0,True,True,인천국제공항공사_항공사별 노선별 운송실적_20231231.csv
2023,8,ICN,KIX,ICN-KIX,,,,MM,피치 항공,도착,0.0,14979.0,True,True,인천국제공항공사_항공사별 노선별 운송실적_20231231.csv
2023,8,ICN,KIX,ICN-KIX,,,,MM,피치 항공,출발,0.0,14038.0,True,True,인천국제공항공사_항공사별 노선별 운송실적_20231231.csv
2023,8,ICN,KKJ,ICN-KKJ,,,,LJ,진 에어,도착,0.0,4959.0,False,True,인천국제공항공사_항공사별 노선별 운송실적_20231231.csv
2023,8,ICN,KKJ,ICN-KKJ,,,,LJ,진 에어,출발,0.0,4971.0,False,True,인천국제공항공사_항공사별 노선별 운송실적_20231231.csv
2023,8,ICN,KMJ,ICN-KMJ,,,,TW,티웨이항공,도착,0.0,4888.0,True,True,인천국제공항공사_항공사별 노선별 운송실적_20231231.csv
2023,8,ICN,KMJ,ICN-KMJ,,,,TW,티웨이항공,출발,0.0,4532.0,True,True,인천국제공항공사_항공사별 노선별 운송실적_20231231.csv
2023,8,ICN,MYJ,ICN-MYJ,,,,7C,제주항공,도착,0.0,3450.0,True,True,인천국제공항공사_항공사별 노선별 운송실적_20231231.csv
2023,8,ICN,MYJ,ICN-MYJ,,,,7C,제주항공,출발,0.0,3270.0,True,True,인천국제공항공사_항공사별 노선별 운송실적_20231231.csv
2023,8,ICN,NGO,ICN-NGO,,,,KE,대한항공,도착,0.0,7194.0,False,True,인천국제공항공사_항공사별 노선별 운송실적_20231231.csv
2023,8,ICN,NGO,ICN-NGO,,,,KE,대한항공,도착,0.0,99.0,False,True,인천국제공항공사_항공사별 노선별 운송실적_20231231.csv
2023,8,ICN,NGO,ICN-NGO,,,,KE,대한항공,출발,0.0,7799.0,False,True,인천국제공항공사_항공사별 노선별 운송실적_20231231.csv
2023,8,ICN,NGO,ICN-NGO,,,,OZ,아시아나항공,도착,0.0,8524.0,False,True,인천국제공항공사_항공사별 노선별 운송실적_20231231.csv
2023,8,ICN,NGO,ICN-NGO,,,,OZ,아시아나항공,출발,0.0,8047.0,False,True,인천국제공항공사_항공사별 노선별 운송실적_20231231.csv
2023,8,ICN,NGO,ICN-NGO,,,,7C,제주항공,도착,0.0,13845.0,True,True,인천국제공항공사_항공사별 노선별 운송실적_20231231.csv
2023,8,ICN,NGO,ICN-NGO,,,,7C,제주항공,도착,0.0,168.0,True,True,인천국제공항공사_항공사별 노선별 운송실적_20231231.csv
2023,8,ICN,NGO,ICN-NGO,,,,7C,제주항공,출발,0.0,12734.0,True,True,인천국제공항공사_항공사별 노선별 운송실적_20231231.csv
2023,8,ICN,NGO,ICN-NGO,,,,7C,제주항공,출발,0.0,188.0,True,True,인천국제공항공사_항공사별 노선별 운송실적_20231231.csv
2023,8,ICN,NRT,ICN-NRT,,,,KL,KLM네덜란드항공,도착,0.0,3.0,False,True,인천국제공항공사_항공사별 노선별 운송실적_20231231.csv
2023,8,ICN,NRT,ICN-NRT,,,,KE,대한항공,도착,0.0,9278.0,False,True,인천국제공항공사_항공사별 노선별 운송실적_20231231.csv
2023,8,ICN,NRT,ICN-NRT,,,,KE,대한항공,도착,0.0,946.0,False,True,인천국제공항공사_항공사별 노선별 운송실적_20231231.csv
2023,8,ICN,NRT,ICN-NRT,,,,KE,대한항공,출발,0.0,9858.0,False,True,인천국제공항공사_항공사별 노선별 운송실적_20231231.csv
2023,8,ICN,NRT,ICN-NRT,,,,KE,대한항공,출발,0.0,1014.0,False,True,인천국제공항공사_항공사별 노선별 운송실적_20231231.csv
2023,8,ICN,NRT,ICN-NRT,,,,OZ,아시아나항공,도착,0.0,19598.0,False,True,인천국제공항공사_항공사별 노선별 운송실적_20231231.csv
2023,8,ICN,NRT,ICN-NRT,,,,OZ,아시아나항공,출발,0.0,19956.0,False,True,인천국제공항공사_항공사별 노선별 운송실적_20231231.csv
2023,8,ICN,NRT,ICN-NRT,,,,BX,에어 부산,도착,0.0,12805.0,False,True,인천국제공항공사_항공사별 노선별 운송실적_20231231.csv
2023,8,ICN,NRT,ICN-NRT,,,,BX,에어 부산,출발,0.0,12230.0,False,True,인천국제공항공사_항공사별 노선별 운송실적_20231231.csv
2023,8,ICN,NRT,ICN-NRT,,,,YP,에어 프레미아,도착,0.0,6519.0,False,True,인천국제공항공사_항공사별 노선별 운송실적_20231231.csv
2023,8,ICN,NRT,ICN-NRT,,,,YP,에어 프레미아,출발,0.0,6246.0,False,True,인천국제공항공사_항공사별 노선별 운송실적_20231231.csv
2023,8,ICN,NRT,ICN-NRT,,,,RS,에어서울,도착,0.0,17710.0,True,True,인천국제공항공사_항공사별 노선별 운송실적_20231231.csv
2023,8,ICN,NRT,ICN-NRT,,,,RS,에어서울,도착,0.0,608.0,True,True,인천국제공항공사_항공사별 노선별 운송실적_20231231.csv
2023,8,ICN,NRT,ICN-NRT,,,,RS,에어서울,출발,0.0,16776.0,True,True,인천국제공항공사_항공사별 노선별 운송실적_20231231.csv
2023,8,ICN,NRT,ICN-NRT,,,,RS,에어서울,출발,0.0,560.0,True,True,인천국제공항공사_항공사별 노선별 운송실적_20231231.csv
2023,8,ICN,NRT,ICN-NRT,,,,ET,에티오피아 항공,도착,0.0,1853.0,False,True,인천국제공항공사_항공사별 노선별 운송실적_20231231.csv
2023,8,ICN,NRT,ICN-NRT,,,,ET,에티오피아 항공,출발,0.0,1452.0,False,True,인천국제공항공사_항공사별 노선별 운송실적_20231231.csv
2023,8,ICN,NRT,ICN-NRT,,,,7C,제주항공,도착,0.0,28746.0,True,True,인천국제공항공사_항공사별 노선별 운송실적_20231231.csv
2023,8,ICN,NRT,ICN-NRT,,,,7C,제주항공,출발,0.0,26420.0,True,True,인천국제공항공사_항공사별 노선별 운송실적_20231231.csv
2023,8,ICN,NRT,ICN-NRT,,,,LJ,진 에어,도착,0.0,26784.0,False,True,인천국제공항공사_항공사별 노선별 운송실적_20231231.csv
2023,8,ICN,NRT,ICN-NRT,,,,LJ,진 에어,출발,0.0,25094.0,False,True,인천국제공항공사_항공사별 노선별 운송실적_20231231.csv
2023,8,ICN,NRT,ICN-NRT,,,,ZG,집에어 도쿄,도착,0.0,8512.0,True,True,인천국제공항공사_항공사별 노선별 운송실적_20231231.csv
2023,8,ICN,NRT,ICN-NRT,,,,ZG,집에어 도쿄,출발,0.0,6755.0,True,True,인천국제공항공사_항공사별 노선별 운송실적_20231231.csv
2023,8,ICN,NRT,ICN-NRT,,,,TW,티웨이항공,도착,0.0,18638.0,True,True,인천국제공항공사_항공사별 노선별 운송실적_20231231.csv
2023,8,ICN,NRT,ICN-NRT,,,,TW,티웨이항공,도착,0.0,1268.0,True,True,인천국제공항공사_항공사별 노선별 운송실적_20231231.csv
2023,8,ICN,NRT,ICN-NRT,,,,TW,티웨이항공,출발,0.0,18188.0,True,True,인천국제공항공사_항공사별 노선별 운송실적_20231231.csv
2023,8,ICN,NRT,ICN-NRT,,,,TW,티웨이항공,출발,0.0,1210.0,True,True,인천국제공항공사_항공사별 노선별 운송실적_20231231.csv
2023,8,ICN,OIT,ICN-OIT,,,,7C,제주항공,도착,0.0,2107.0,True,True,인천국제공항공사_항공사별 노선별 운송실적_20231231.csv
2023,8,ICN,OIT,ICN-OIT,,,,7C,제주항공,출발,0.0,2035.0,True,True,인천국제공항공사_항공사별 노선별 운송실적_20231231.csv
2023,8,ICN,OKA,ICN-OKA,,,,KE,대한항공,도착,0.0,2603.0,False,True,인천국제공항공사_항공사별 노선별 운송실적_20231231.csv
2023,8,ICN,OKA,ICN-OKA,,,,KE,대한항공,도착,0.0,249.0,False,True,인천국제공항공사_항공사별 노선별 운송실적_20231231.csv
2023,8,ICN,OKA,ICN-OKA,,,,KE,대한항공,출발,0.0,2519.0,False,True,인천국제공항공사_항공사별 노선별 운송실적_20231231.csv
2023,8,ICN,OKA,ICN-OKA,,,,KE,대한항공,출발,0.0,4.0,False,True,인천국제공항공사_항공사별 노선별 운송실적_20231231.csv
2023,8,ICN,OKA,ICN-OKA,,,,OZ,아시아나항공,도착,0.0,5613.0,False,True,인천국제공항공사_항공사별 노선별 운송실적_20231231.csv
2023,8,ICN,OKA,ICN-OKA,,,,OZ,아시아나항공,도착,0.0,143.0,False,True,인천국제공항공사_항공사별 노선별 운송실적_20231231.csv
2023,8,ICN,OKA,ICN-OKA,,,,OZ,아시아나항공,출발,0.0,5743.0,False,True,인천국제공항공사_항공사별 노선별 운송실적_20231231.csv
2023,8,ICN,OKA,ICN-OKA,,,,7C,제주항공,도착,0.0,3541.0,True,True,인천국제공항공사_항공사별 노선별 운송실적_20231231.csv
2023,8,ICN,OKA,ICN-OKA,,,,7C,제주항공,도착,0.0,337.0,True,True,인천국제공항공사_항공사별 노선별 운송실적_20231231.csv
2023,8,ICN,OKA,ICN-OKA,,,,7C,제주항공,출발,0.0,3711.0,True,True,인천국제공항공사_항공사별 노선별 운송실적_20231231.csv
2023,8,ICN,OKA,ICN-OKA,,,,LJ,진 에어,도착,0.0,6573.0,False,True,인천국제공항공사_항공사별 노선별 운송실적_20231231.csv
2023,8,ICN,OKA,ICN-OKA,,,,LJ,진 에어,출발,0.0,6466.0,False,True,인천국제공항공사_항공사별 노선별 운송실적_20231231.csv
2023,8,ICN,OKA,ICN-OKA,,,,TW,티웨이항공,도착,0.0,4283.0,True,True,인천국제공항공사_항공사별 노선별 운송실적_20231231.csv
2023,8,ICN,OKA,ICN-OKA,,,,TW,티웨이항공,도착,0.0,335.0,True,True,인천국제공항공사_항공사별 노선별 운송실적_20231231.csv
2023,8,ICN,OKA,ICN-OKA,,,,TW,티웨이항공,출발,0.0,4144.0,True,True,인천국제공항공사_항공사별 노선별 운송실적_20231231.csv
2023,8,ICN,SDJ,ICN-SDJ,,,,OZ,아시아나항공,도착,0.0,1942.0,False,True,인천국제공항공사_항공사별 노선별 운송실적_20231231.csv
2023,8,ICN,SDJ,ICN-SDJ,,,,OZ,아시아나항공,출발,0.0,1876.0,False,True,인천국제공항공사_항공사별 노선별 운송실적_20231231.csv
2023,8,ICN,TAK,ICN-TAK,,,,RS,에어서울,도착,0.0,5652.0,True,True,인천국제공항공사_항공사별 노선별 운송실적_20231231.csv
2023,8,ICN,TAK,ICN-TAK,,,,RS,에어서울,출발,0.0,5184.0,True,True,인천국제공항공사_항공사별 노선별 운송실적_20231231.csv
2023,9,ICN,CTS,ICN-CTS,,,,KE,대한항공,도착,0.0,7369.0,False,True,인천국제공항공사_항공사별 노선별 운송실적_20231231.csv
2023,9,ICN,CTS,ICN-CTS,,,,KE,대한항공,도착,0.0,249.0,False,True,인천국제공항공사_항공사별 노선별 운송실적_20231231.csv
2023,9,ICN,CTS,ICN-CTS,,,,KE,대한항공,출발,0.0,7566.0,False,True,인천국제공항공사_항공사별 노선별 운송실적_20231231.csv
2023,9,ICN,CTS,ICN-CTS,,,,KE,대한항공,출발,0.0,556.0,False,True,인천국제공항공사_항공사별 노선별 운송실적_20231231.csv
2023,9,ICN,CTS,ICN-CTS,,,,OZ,아시아나항공,도착,0.0,5726.0,False,True,인천국제공항공사_항공사별 노선별 운송실적_20231231.csv
2023,9,ICN,CTS,ICN-CTS,,,,OZ,아시아나항공,출발,0.0,6948.0,False,True,인천국제공항공사_항공사별 노선별 운송실적_20231231.csv
2023,9,ICN,CTS,ICN-CTS,,,,BX,에어 부산,도착,0.0,5461.0,False,True,인천국제공항공사_항공사별 노선별 운송실적_20231231.csv
2023,9,ICN,CTS,ICN-CTS,,,,BX,에어 부산,출발,0.0,5759.0,False,True,인천국제공항공사_항공사별 노선별 운송실적_20231231.csv
2023,9,ICN,CTS,ICN-CTS,,,,7C,제주항공,도착,0.0,9991.0,True,True,인천국제공항공사_항공사별 노선별 운송실적_20231231.csv
2023,9,ICN,CTS,ICN-CTS,,,,7C,제주항공,출발,0.0,10259.0,True,True,인천국제공항공사_항공사별 노선별 운송실적_20231231.csv
2023,9,ICN,CTS,ICN-CTS,,,,LJ,진 에어,도착,0.0,6109.0,False,True,인천국제공항공사_항공사별 노선별 운송실적_20231231.csv
2023,9,ICN,CTS,ICN-CTS,,,,LJ,진 에어,도착,0.0,399.0,False,True,인천국제공항공사_항공사별 노선별 운송실적_20231231.csv
2023,9,ICN,CTS,ICN-CTS,,,,LJ,진 에어,출발,0.0,6057.0,False,True,인천국제공항공사_항공사별 노선별 운송실적_20231231.csv
2023,9,ICN,CTS,ICN-CTS,,,,LJ,진 에어,출발,0.0,564.0,False,True,인천국제공항공사_항공사별 노선별 운송실적_20231231.csv
2023,9,ICN,CTS,ICN-CTS,,,,TW,티웨이항공,도착,0.0,5536.0,True,True,인천국제공항공사_항공사별 노선별 운송실적_20231231.csv
2023,9,ICN,CTS,ICN-CTS,,,,TW,티웨이항공,출발,0.0,5636.0,True,True,인천국제공항공사_항공사별 노선별 운송실적_20231231.csv
2023,9,ICN,FSZ,ICN-FSZ,,,,7C,제주항공,도착,0.0,1945.0,True,True,인천국제공항공사_항공사별 노선별 운송실적_20231231.csv
2023,9,ICN,FSZ,ICN-FSZ,,,,7C,제주항공,출발,0.0,2101.0,True,True,인천국제공항공사_항공사별 노선별 운송실적_20231231.csv
2023,9,ICN,FUK,ICN-FUK,,,,KE,대한항공,도착,0.0,9202.0,False,True,인천국제공항공사_항공사별 노선별 운송실적_20231231.csv
2023,9,ICN,FUK,ICN-FUK,,,,KE,대한항공,출발,0.0,10937.0,False,True,인천국제공항공사_항공사별 노선별 운송실적_20231231.csv
2023,9,ICN,FUK,ICN-FUK,,,,OZ,아시아나항공,도착,0.0,10581.0,False,True,인천국제공항공사_항공사별 노선별 운송실적_20231231.csv
2023,9,ICN,FUK,ICN-FUK,,,,OZ,아시아나항공,출발,0.0,13732.0,False,True,인천국제공항공사_항공사별 노선별 운송실적_20231231.csv
2023,9,ICN,FUK,ICN-FUK,,,,BX,에어 부산,도착,0.0,10014.0,False,True,인천국제공항공사_항공사별 노선별 운송실적_20231231.csv
2023,9,ICN,FUK,ICN-FUK,,,,BX,에어 부산,출발,0.0,11515.0,False,True,인천국제공항공사_항공사별 노선별 운송실적_20231231.csv
2023,9,ICN,FUK,ICN-FUK,,,,RS,에어서울,도착,0.0,10970.0,True,True,인천국제공항공사_항공사별 노선별 운송실적_20231231.csv
2023,9,ICN,FUK,ICN-FUK,,,,RS,에어서울,출발,0.0,11530.0,True,True,인천국제공항공사_항공사별 노선별 운송실적_20231231.csv
2023,9,ICN,FUK,ICN-FUK,,,,7C,제주항공,도착,0.0,24534.0,True,True,인천국제공항공사_항공사별 노선별 운송실적_20231231.csv
2023,9,ICN,FUK,ICN-FUK,,,,7C,제주항공,도착,0.0,123.0,True,True,인천국제공항공사_항공사별 노선별 운송실적_20231231.csv
2023,9,ICN,FUK,ICN-FUK,,,,7C,제주항공,출발,0.0,25839.0,True,True,인천국제공항공사_항공사별 노선별 운송실적_20231231.csv
2023,9,ICN,FUK,ICN-FUK,,,,7C,제주항공,출발,0.0,189.0,True,True,인천국제공항공사_항공사별 노선별 운송실적_20231231.csv
2023,9,ICN,FUK,ICN-FUK,,,,LJ,진 에어,도착,0.0,23888.0,False,True,인천국제공항공사_항공사별 노선별 운송실적_20231231.csv
2023,9,ICN,FUK,ICN-FUK,,,,LJ,진 에어,도착,0.0,1613.0,False,True,인천국제공항공사_항공사별 노선별 운송실적_20231231.csv
2023,9,ICN,FUK,ICN-FUK,,,,LJ,진 에어,출발,0.0,24088.0,False,True,인천국제공항공사_항공사별 노선별 운송실적_20231231.csv
2023,9,ICN,FUK,ICN-FUK,,,,LJ,진 에어,출발,0.0,1772.0,False,True,인천국제공항공사_항공사별 노선별 운송실적_20231231.csv
2023,9,ICN,FUK,ICN-FUK,,,,TW,티웨이항공,도착,0.0,15736.0,True,True,인천국제공항공사_항공사별 노선별 운송실적_20231231.csv
2023,9,ICN,FUK,ICN-FUK,,,,TW,티웨이항공,도착,0.0,441.0,True,True,인천국제공항공사_항공사별 노선별 운송실적_20231231.csv
2023,9,ICN,FUK,ICN-FUK,,,,TW,티웨이항공,출발,0.0,15745.0,True,True,인천국제공항공사_항공사별 노선별 운송실적_20231231.csv
2023,9,ICN,FUK,ICN-FUK,,,,TW,티웨이항공,출발,0.0,567.0,True,True,인천국제공항공사_항공사별 노선별 운송실적_20231231.csv
2023,9,ICN,HIJ,ICN-HIJ,,,,7C,제주항공,도착,0.0,1803.0,True,True,인천국제공항공사_항공사별 노선별 운송실적_20231231.csv
2023,9,ICN,HIJ,ICN-HIJ,,,,7C,제주항공,출발,0.0,1894.0,True,True,인천국제공항공사_항공사별 노선별 운송실적_20231231.csv
2023,9,ICN,HND,ICN-HND,,,,KE,대한항공,도착,0.0,3202.0,False,True,인천국제공항공사_항공사별 노선별 운송실적_20231231.csv
2023,9,ICN,HND,ICN-HND,,,,KE,대한항공,출발,0.0,4399.0,False,True,인천국제공항공사_항공사별 노선별 운송실적_20231231.csv
2023,9,ICN,HND,ICN-HND,,,,OZ,아시아나항공,도착,0.0,1399.0,False,True,인천국제공항공사_항공사별 노선별 운송실적_20231231.csv
2023,9,ICN,HND,ICN-HND,,,,OZ,아시아나항공,출발,0.0,1826.0,False,True,인천국제공항공사_항공사별 노선별 운송실적_20231231.csv
2023,9,ICN,HND,ICN-HND,,,,MM,피치 항공,도착,0.0,4938.0,True,True,인천국제공항공사_항공사별 노선별 운송실적_20231231.csv
2023,9,ICN,HND,ICN-HND,,,,MM,피치 항공,출발,0.0,5138.0,True,True,인천국제공항공사_항공사별 노선별 운송실적_20231231.csv
2023,9,ICN,KIX,ICN-KIX,,,,KE,대한항공,도착,0.0,11077.0,False,True,인천국제공항공사_항공사별 노선별 운송실적_20231231.csv
2023,9,ICN,KIX,ICN-KIX,,,,KE,대한항공,출발,0.0,13325.0,False,True,인천국제공항공사_항공사별 노선별 운송실적_20231231.csv
2023,9,ICN,KIX,ICN-KIX,,,,OZ,아시아나항공,도착,0.0,14976.0,False,True,인천국제공항공사_항공사별 노선별 운송실적_20231231.csv
2023,9,ICN,KIX,ICN-KIX,,,,OZ,아시아나항공,도착,0.0,80.0,False,True,인천국제공항공사_항공사별 노선별 운송실적_20231231.csv
2023,9,ICN,KIX,ICN-KIX,,,,OZ,아시아나항공,출발,0.0,18083.0,False,True,인천국제공항공사_항공사별 노선별 운송실적_20231231.csv
2023,9,ICN,KIX,ICN-KIX,,,,OZ,아시아나항공,출발,0.0,171.0,False,True,인천국제공항공사_항공사별 노선별 운송실적_20231231.csv
2023,9,ICN,KIX,ICN-KIX,,,,BX,에어 부산,도착,0.0,16640.0,False,True,인천국제공항공사_항공사별 노선별 운송실적_20231231.csv
2023,9,ICN,KIX,ICN-KIX,,,,BX,에어 부산,출발,0.0,18105.0,False,True,인천국제공항공사_항공사별 노선별 운송실적_20231231.csv
2023,9,ICN,KIX,ICN-KIX,,,,RS,에어서울,도착,0.0,14284.0,True,True,인천국제공항공사_항공사별 노선별 운송실적_20231231.csv
2023,9,ICN,KIX,ICN-KIX,,,,RS,에어서울,출발,0.0,15278.0,True,True,인천국제공항공사_항공사별 노선별 운송실적_20231231.csv
2023,9,ICN,KIX,ICN-KIX,,,,ZE,이스타 항공,도착,0.0,3625.0,True,True,인천국제공항공사_항공사별 노선별 운송실적_20231231.csv
2023,9,ICN,KIX,ICN-KIX,,,,ZE,이스타 항공,출발,0.0,4125.0,True,True,인천국제공항공사_항공사별 노선별 운송실적_20231231.csv
2023,9,ICN,KIX,ICN-KIX,,,,7C,제주항공,도착,0.0,21875.0,True,True,인천국제공항공사_항공사별 노선별 운송실적_20231231.csv
2023,9,ICN,KIX,ICN-KIX,,,,7C,제주항공,도착,0.0,151.0,True,True,인천국제공항공사_항공사별 노선별 운송실적_20231231.csv
2023,9,ICN,KIX,ICN-KIX,,,,7C,제주항공,출발,0.0,22501.0,True,True,인천국제공항공사_항공사별 노선별 운송실적_20231231.csv
2023,9,ICN,KIX,ICN-KIX,,,,LJ,진 에어,도착,0.0,32292.0,False,True,인천국제공항공사_항공사별 노선별 운송실적_20231231.csv
2023,9,ICN,KIX,ICN-KIX,,,,LJ,진 에어,도착,0.0,2052.0,False,True,인천국제공항공사_항공사별 노선별 운송실적_20231231.csv
2023,9,ICN,KIX,ICN-KIX,,,,LJ,진 에어,출발,0.0,36354.0,False,True,인천국제공항공사_항공사별 노선별 운송실적_20231231.csv
2023,9,ICN,KIX,ICN-KIX,,,,LJ,진 에어,출발,0.0,2400.0,False,True,인천국제공항공사_항공사별 노선별 운송실적_20231231.csv
2023,9,ICN,KIX,ICN-KIX,,,,TW,티웨이항공,도착,0.0,19419.0,True,True,인천국제공항공사_항공사별 노선별 운송실적_20231231.csv
2023,9,ICN,KIX,ICN-KIX,,,,TW,티웨이항공,도착,0.0,458.0,True,True,인천국제공항공사_항공사별 노선별 운송실적_20231231.csv
2023,9,ICN,KIX,ICN-KIX,,,,TW,티웨이항공,출발,0.0,20632.0,True,True,인천국제공항공사_항공사별 노선별 운송실적_20231231.csv
2023,9,ICN,KIX,ICN-KIX,,,,TW,티웨이항공,출발,0.0,562.0,True,True,인천국제공항공사_항공사별 노선별 운송실적_20231231.csv
2023,9,ICN,KIX,ICN-KIX,,,,MM,피치 항공,도착,0.0,14371.0,True,True,인천국제공항공사_항공사별 노선별 운송실적_20231231.csv
2023,9,ICN,KIX,ICN-KIX,,,,MM,피치 항공,도착,0.0,81.0,True,True,인천국제공항공사_항공사별 노선별 운송실적_20231231.csv
2023,9,ICN,KIX,ICN-KIX,,,,MM,피치 항공,출발,0.0,14360.0,True,True,인천국제공항공사_항공사별 노선별 운송실적_20231231.csv
2023,9,ICN,KIX,ICN-KIX,,,,MM,피치 항공,출발,0.0,179.0,True,True,인천국제공항공사_항공사별 노선별 운송실적_20231231.csv
2023,9,ICN,KKJ,ICN-KKJ,,,,LJ,진 에어,도착,0.0,4385.0,False,True,인천국제공항공사_항공사별 노선별 운송실적_20231231.csv
2023,9,ICN,KKJ,ICN-KKJ,,,,LJ,진 에어,출발,0.0,4842.0,False,True,인천국제공항공사_항공사별 노선별 운송실적_20231231.csv
2023,9,ICN,KMI,ICN-KMI,,,,OZ,아시아나항공,도착,0.0,168.0,False,True,인천국제공항공사_항공사별 노선별 운송실적_20231231.csv
2023,9,ICN,KMI,ICN-KMI,,,,OZ,아시아나항공,출발,0.0,356.0,False,True,인천국제공항공사_항공사별 노선별 운송실적_20231231.csv
2023,9,ICN,KMJ,ICN-KMJ,,,,TW,티웨이항공,도착,0.0,4015.0,True,True,인천국제공항공사_항공사별 노선별 운송실적_20231231.csv
2023,9,ICN,KMJ,ICN-KMJ,,,,TW,티웨이항공,출발,0.0,4341.0,True,True,인천국제공항공사_항공사별 노선별 운송실적_20231231.csv
2023,9,ICN,KOJ,ICN-KOJ,,,,KE,대한항공,출발,0.0,172.0,False,True,인천국제공항공사_항공사별 노선별 운송실적_20231231.csv
2023,9,ICN,MYJ,ICN-MYJ,,,,7C,제주항공,도착,0.0,2940.0,True,True,인천국제공항공사_항공사별 노선별 운송실적_20231231.csv
2023,9,ICN,MYJ,ICN-MYJ,,,,7C,제주항공,출발,0.0,3259.0,True,True,인천국제공항공사_항공사별 노선별 운송실적_20231231.csv
2023,9,ICN,NGO,ICN-NGO,,,,KE,대한항공,도착,0.0,6546.0,False,True,인천국제공항공사_항공사별 노선별 운송실적_20231231.csv
2023,9,ICN,NGO,ICN-NGO,,,,KE,대한항공,출발,0.0,9036.0,False,True,인천국제공항공사_항공사별 노선별 운송실적_20231231.csv
2023,9,ICN,NGO,ICN-NGO,,,,OZ,아시아나항공,도착,0.0,7437.0,False,True,인천국제공항공사_항공사별 노선별 운송실적_20231231.csv
2023,9,ICN,NGO,ICN-NGO,,,,OZ,아시아나항공,출발,0.0,8838.0,False,True,인천국제공항공사_항공사별 노선별 운송실적_20231231.csv
2023,9,ICN,NGO,ICN-NGO,,,,7C,제주항공,도착,0.0,10218.0,True,True,인천국제공항공사_항공사별 노선별 운송실적_20231231.csv
2023,9,ICN,NGO,ICN-NGO,,,,7C,제주항공,출발,0.0,10772.0,True,True,인천국제공항공사_항공사별 노선별 운송실적_20231231.csv
2023,9,ICN,NGO,ICN-NGO,,,,LJ,진 에어,도착,0.0,5164.0,False,True,인천국제공항공사_항공사별 노선별 운송실적_20231231.csv
2023,9,ICN,NGO,ICN-NGO,,,,LJ,진 에어,출발,0.0,5737.0,False,True,인천국제공항공사_항공사별 노선별 운송실적_20231231.csv
2023,9,ICN,NRT,ICN-NRT,,,,KE,대한항공,도착,0.0,11602.0,False,True,인천국제공항공사_항공사별 노선별 운송실적_20231231.csv
2023,9,ICN,NRT,ICN-NRT,,,,KE,대한항공,도착,0.0,1528.0,False,True,인천국제공항공사_항공사별 노선별 운송실적_20231231.csv
2023,9,ICN,NRT,ICN-NRT,,,,KE,대한항공,출발,0.0,14258.0,False,True,인천국제공항공사_항공사별 노선별 운송실적_20231231.csv
2023,9,ICN,NRT,ICN-NRT,,,,KE,대한항공,출발,0.0,1773.0,False,True,인천국제공항공사_항공사별 노선별 운송실적_20231231.csv
2023,9,ICN,NRT,ICN-NRT,,,,OZ,아시아나항공,도착,0.0,17678.0,False,True,인천국제공항공사_항공사별 노선별 운송실적_20231231.csv
2023,9,ICN,NRT,ICN-NRT,,,,OZ,아시아나항공,출발,0.0,21621.0,False,True,인천국제공항공사_항공사별 노선별 운송실적_20231231.csv
2023,9,ICN,NRT,ICN-NRT,,,,BX,에어 부산,도착,0.0,11243.0,False,True,인천국제공항공사_항공사별 노선별 운송실적_20231231.csv
2023,9,ICN,NRT,ICN-NRT,,,,BX,에어 부산,출발,0.0,12688.0,False,True,인천국제공항공사_항공사별 노선별 운송실적_20231231.csv
2023,9,ICN,NRT,ICN-NRT,,,,YP,에어 프레미아,도착,0.0,6456.0,False,True,인천국제공항공사_항공사별 노선별 운송실적_20231231.csv
2023,9,ICN,NRT,ICN-NRT,,,,YP,에어 프레미아,출발,0.0,6782.0,False,True,인천국제공항공사_항공사별 노선별 운송실적_20231231.csv
2023,9,ICN,NRT,ICN-NRT,,,,RS,에어서울,도착,0.0,11439.0,True,True,인천국제공항공사_항공사별 노선별 운송실적_20231231.csv
2023,9,ICN,NRT,ICN-NRT,,,,RS,에어서울,도착,0.0,199.0,True,True,인천국제공항공사_항공사별 노선별 운송실적_20231231.csv
2023,9,ICN,NRT,ICN-NRT,,,,RS,에어서울,출발,0.0,12467.0,True,True,인천국제공항공사_항공사별 노선별 운송실적_20231231.csv
2023,9,ICN,NRT,ICN-NRT,,,,RS,에어서울,출발,0.0,199.0,True,True,인천국제공항공사_항공사별 노선별 운송실적_20231231.csv
2023,9,ICN,NRT,ICN-NRT,,,,ET,에티오피아 항공,도착,0.0,1616.0,False,True,인천국제공항공사_항공사별 노선별 운송실적_20231231.csv
2023,9,ICN,NRT,ICN-NRT,,,,ET,에티오피아 항공,출발,0.0,1682.0,False,True,인천국제공항공사_항공사별 노선별 운송실적_20231231.csv
2023,9,ICN,NRT,ICN-NRT,,,,ZE,이스타 항공,도착,0.0,1741.0,True,True,인천국제공항공사_항공사별 노선별 운송실적_20231231.csv
2023,9,ICN,NRT,ICN-NRT,,,,ZE,이스타 항공,출발,0.0,2044.0,True,True,인천국제공항공사_항공사별 노선별 운송실적_20231231.csv
2023,9,ICN,NRT,ICN-NRT,,,,7C,제주항공,도착,0.0,27177.0,True,True,인천국제공항공사_항공사별 노선별 운송실적_20231231.csv
2023,9,ICN,NRT,ICN-NRT,,,,7C,제주항공,출발,0.0,28172.0,True,True,인천국제공항공사_항공사별 노선별 운송실적_20231231.csv
2023,9,ICN,NRT,ICN-NRT,,,,LJ,진 에어,도착,0.0,19988.0,False,True,인천국제공항공사_항공사별 노선별 운송실적_20231231.csv
2023,9,ICN,NRT,ICN-NRT,,,,LJ,진 에어,도착,0.0,1515.0,False,True,인천국제공항공사_항공사별 노선별 운송실적_20231231.csv
2023,9,ICN,NRT,ICN-NRT,,,,LJ,진 에어,출발,0.0,20989.0,False,True,인천국제공항공사_항공사별 노선별 운송실적_20231231.csv
2023,9,ICN,NRT,ICN-NRT,,,,LJ,진 에어,출발,0.0,1621.0,False,True,인천국제공항공사_항공사별 노선별 운송실적_20231231.csv
2023,9,ICN,NRT,ICN-NRT,,,,ZG,집에어 도쿄,도착,0.0,7459.0,True,True,인천국제공항공사_항공사별 노선별 운송실적_20231231.csv
2023,9,ICN,NRT,ICN-NRT,,,,ZG,집에어 도쿄,출발,0.0,6697.0,True,True,인천국제공항공사_항공사별 노선별 운송실적_20231231.csv
2023,9,ICN,NRT,ICN-NRT,,,,TW,티웨이항공,도착,0.0,18770.0,True,True,인천국제공항공사_항공사별 노선별 운송실적_20231231.csv
2023,9,ICN,NRT,ICN-NRT,,,,TW,티웨이항공,출발,0.0,19917.0,True,True,인천국제공항공사_항공사별 노선별 운송실적_20231231.csv
2023,9,ICN,OIT,ICN-OIT,,,,7C,제주항공,도착,0.0,1795.0,True,True,인천국제공항공사_항공사별 노선별 운송실적_20231231.csv
2023,9,ICN,OIT,ICN-OIT,,,,7C,제주항공,출발,0.0,2047.0,True,True,인천국제공항공사_항공사별 노선별 운송실적_20231231.csv
2023,9,ICN,OKA,ICN-OKA,,,,KE,대한항공,도착,0.0,2736.0,False,True,인천국제공항공사_항공사별 노선별 운송실적_20231231.csv
2023,9,ICN,OKA,ICN-OKA,,,,KE,대한항공,출발,0.0,3104.0,False,True,인천국제공항공사_항공사별 노선별 운송실적_20231231.csv
2023,9,ICN,OKA,ICN-OKA,,,,OZ,아시아나항공,도착,0.0,3675.0,False,True,인천국제공항공사_항공사별 노선별 운송실적_20231231.csv
2023,9,ICN,OKA,ICN-OKA,,,,OZ,아시아나항공,도착,0.0,2010.0,False,True,인천국제공항공사_항공사별 노선별 운송실적_20231231.csv
2023,9,ICN,OKA,ICN-OKA,,,,OZ,아시아나항공,출발,0.0,3981.0,False,True,인천국제공항공사_항공사별 노선별 운송실적_20231231.csv
2023,9,ICN,OKA,ICN-OKA,,,,OZ,아시아나항공,출발,0.0,2454.0,False,True,인천국제공항공사_항공사별 노선별 운송실적_20231231.csv
2023,9,ICN,OKA,ICN-OKA,,,,7C,제주항공,도착,0.0,4420.0,True,True,인천국제공항공사_항공사별 노선별 운송실적_20231231.csv
2023,9,ICN,OKA,ICN-OKA,,,,7C,제주항공,출발,0.0,4579.0,True,True,인천국제공항공사_항공사별 노선별 운송실적_20231231.csv
2023,9,ICN,OKA,ICN-OKA,,,,LJ,진 에어,도착,0.0,4992.0,False,True,인천국제공항공사_항공사별 노선별 운송실적_20231231.csv
2023,9,ICN,OKA,ICN-OKA,,,,LJ,진 에어,출발,0.0,5126.0,False,True,인천국제공항공사_항공사별 노선별 운송실적_20231231.csv
2023,9,ICN,OKA,ICN-OKA,,,,TW,티웨이항공,도착,0.0,4695.0,True,True,인천국제공항공사_항공사별 노선별 운송실적_20231231.csv
2023,9,ICN,OKA,ICN-OKA,,,,TW,티웨이항공,출발,0.0,4789.0,True,True,인천국제공항공사_항공사별 노선별 운송실적_20231231.csv
2023,9,ICN,OKJ,ICN-OKJ,,,,KE,대한항공,출발,0.0,137.0,False,True,인천국제공항공사_항공사별 노선별 운송실적_20231231.csv
2023,9,ICN,SDJ,ICN-SDJ,,,,OZ,아시아나항공,도착,0.0,1706.0,False,True,인천국제공항공사_항공사별 노선별 운송실적_20231231.csv
2023,9,ICN,SDJ,ICN-SDJ,,,,OZ,아시아나항공,출발,0.0,1891.0,False,True,인천국제공항공사_항공사별 노선별 운송실적_20231231.csv
2023,9,ICN,TAK,ICN-TAK,,,,RS,에어서울,도착,0.0,4856.0,True,True,인천국제공항공사_항공사별 노선별 운송실적_20231231.csv
2023,9,ICN,TAK,ICN-TAK,,,,RS,에어서울,도착,0.0,282.0,True,True,인천국제공항공사_항공사별 노선별 운송실적_20231231.csv
2023,9,ICN,TAK,ICN-TAK,,,,RS,에어서울,출발,0.0,5357.0,True,True,인천국제공항공사_항공사별 노선별 운송실적_20231231.csv
2023,9,ICN,TAK,ICN-TAK,,,,RS,에어서울,출발,0.0,629.0,True,True,인천국제공항공사_항공사별 노선별 운송실적_20231231.csv
2023,10,ICN,CTS,ICN-CTS,,,,KE,대한항공,도착,0.0,7889.0,False,True,인천국제공항공사_항공사별 노선별 운송실적_20231231.csv
2023,10,ICN,CTS,ICN-CTS,,,,KE,대한항공,도착,0.0,283.0,False,True,인천국제공항공사_항공사별 노선별 운송실적_20231231.csv
2023,10,ICN,CTS,ICN-CTS,,,,KE,대한항공,출발,0.0,6966.0,False,True,인천국제공항공사_항공사별 노선별 운송실적_20231231.csv
2023,10,ICN,CTS,ICN-CTS,,,,OZ,아시아나항공,도착,0.0,5060.0,False,True,인천국제공항공사_항공사별 노선별 운송실적_20231231.csv
2023,10,ICN,CTS,ICN-CTS,,,,OZ,아시아나항공,출발,0.0,4650.0,False,True,인천국제공항공사_항공사별 노선별 운송실적_20231231.csv
2023,10,ICN,CTS,ICN-CTS,,,,BX,에어 부산,도착,0.0,541.0,False,True,인천국제공항공사_항공사별 노선별 운송실적_20231231.csv
2023,10,ICN,CTS,ICN-CTS,,,,BX,에어 부산,도착,0.0,5133.0,False,True,인천국제공항공사_항공사별 노선별 운송실적_20231231.csv
2023,10,ICN,CTS,ICN-CTS,,,,BX,에어 부산,출발,0.0,382.0,False,True,인천국제공항공사_항공사별 노선별 운송실적_20231231.csv
2023,10,ICN,CTS,ICN-CTS,,,,BX,에어 부산,출발,0.0,4743.0,False,True,인천국제공항공사_항공사별 노선별 운송실적_20231231.csv
2023,10,ICN,CTS,ICN-CTS,,,,7C,제주항공,도착,0.0,12461.0,True,True,인천국제공항공사_항공사별 노선별 운송실적_20231231.csv
2023,10,ICN,CTS,ICN-CTS,,,,7C,제주항공,출발,0.0,11529.0,True,True,인천국제공항공사_항공사별 노선별 운송실적_20231231.csv
2023,10,ICN,CTS,ICN-CTS,,,,LJ,진 에어,도착,0.0,5226.0,False,True,인천국제공항공사_항공사별 노선별 운송실적_20231231.csv
2023,10,ICN,CTS,ICN-CTS,,,,LJ,진 에어,도착,0.0,562.0,False,True,인천국제공항공사_항공사별 노선별 운송실적_20231231.csv
2023,10,ICN,CTS,ICN-CTS,,,,LJ,진 에어,출발,0.0,4991.0,False,True,인천국제공항공사_항공사별 노선별 운송실적_20231231.csv
2023,10,ICN,CTS,ICN-CTS,,,,LJ,진 에어,출발,0.0,403.0,False,True,인천국제공항공사_항공사별 노선별 운송실적_20231231.csv
2023,10,ICN,CTS,ICN-CTS,,,,TW,티웨이항공,도착,0.0,5572.0,True,True,인천국제공항공사_항공사별 노선별 운송실적_20231231.csv
2023,10,ICN,CTS,ICN-CTS,,,,TW,티웨이항공,출발,0.0,4817.0,True,True,인천국제공항공사_항공사별 노선별 운송실적_20231231.csv
2023,10,ICN,FSZ,ICN-FSZ,,,,7C,제주항공,도착,0.0,2467.0,True,True,인천국제공항공사_항공사별 노선별 운송실적_20231231.csv
2023,10,ICN,FSZ,ICN-FSZ,,,,7C,제주항공,출발,0.0,2346.0,True,True,인천국제공항공사_항공사별 노선별 운송실적_20231231.csv
2023,10,ICN,FUK,ICN-FUK,,,,KE,대한항공,도착,0.0,13247.0,False,True,인천국제공항공사_항공사별 노선별 운송실적_20231231.csv
2023,10,ICN,FUK,ICN-FUK,,,,KE,대한항공,출발,0.0,12196.0,False,True,인천국제공항공사_항공사별 노선별 운송실적_20231231.csv
2023,10,ICN,FUK,ICN-FUK,,,,OZ,아시아나항공,도착,0.0,16621.0,False,True,인천국제공항공사_항공사별 노선별 운송실적_20231231.csv
2023,10,ICN,FUK,ICN-FUK,,,,OZ,아시아나항공,출발,0.0,15866.0,False,True,인천국제공항공사_항공사별 노선별 운송실적_20231231.csv
2023,10,ICN,FUK,ICN-FUK,,,,BX,에어 부산,도착,0.0,12810.0,False,True,인천국제공항공사_항공사별 노선별 운송실적_20231231.csv
2023,10,ICN,FUK,ICN-FUK,,,,BX,에어 부산,출발,0.0,12508.0,False,True,인천국제공항공사_항공사별 노선별 운송실적_20231231.csv
2023,10,ICN,FUK,ICN-FUK,,,,RS,에어서울,도착,0.0,12004.0,True,True,인천국제공항공사_항공사별 노선별 운송실적_20231231.csv
2023,10,ICN,FUK,ICN-FUK,,,,RS,에어서울,출발,0.0,11660.0,True,True,인천국제공항공사_항공사별 노선별 운송실적_20231231.csv
2023,10,ICN,FUK,ICN-FUK,,,,ZE,이스타 항공,도착,0.0,1094.0,True,True,인천국제공항공사_항공사별 노선별 운송실적_20231231.csv
2023,10,ICN,FUK,ICN-FUK,,,,ZE,이스타 항공,출발,0.0,961.0,True,True,인천국제공항공사_항공사별 노선별 운송실적_20231231.csv
2023,10,ICN,FUK,ICN-FUK,,,,7C,제주항공,도착,0.0,27523.0,True,True,인천국제공항공사_항공사별 노선별 운송실적_20231231.csv
2023,10,ICN,FUK,ICN-FUK,,,,7C,제주항공,도착,0.0,180.0,True,True,인천국제공항공사_항공사별 노선별 운송실적_20231231.csv
2023,10,ICN,FUK,ICN-FUK,,,,7C,제주항공,출발,0.0,26222.0,True,True,인천국제공항공사_항공사별 노선별 운송실적_20231231.csv
2023,10,ICN,FUK,ICN-FUK,,,,7C,제주항공,출발,0.0,139.0,True,True,인천국제공항공사_항공사별 노선별 운송실적_20231231.csv
2023,10,ICN,FUK,ICN-FUK,,,,LJ,진 에어,도착,0.0,26974.0,False,True,인천국제공항공사_항공사별 노선별 운송실적_20231231.csv
2023,10,ICN,FUK,ICN-FUK,,,,LJ,진 에어,도착,0.0,2226.0,False,True,인천국제공항공사_항공사별 노선별 운송실적_20231231.csv
2023,10,ICN,FUK,ICN-FUK,,,,LJ,진 에어,출발,0.0,25062.0,False,True,인천국제공항공사_항공사별 노선별 운송실적_20231231.csv
2023,10,ICN,FUK,ICN-FUK,,,,LJ,진 에어,출발,0.0,2033.0,False,True,인천국제공항공사_항공사별 노선별 운송실적_20231231.csv
2023,10,ICN,FUK,ICN-FUK,,,,TW,티웨이항공,도착,0.0,17039.0,True,True,인천국제공항공사_항공사별 노선별 운송실적_20231231.csv
2023,10,ICN,FUK,ICN-FUK,,,,TW,티웨이항공,도착,0.0,377.0,True,True,인천국제공항공사_항공사별 노선별 운송실적_20231231.csv
2023,10,ICN,FUK,ICN-FUK,,,,TW,티웨이항공,출발,0.0,16141.0,True,True,인천국제공항공사_항공사별 노선별 운송실적_20231231.csv
2023,10,ICN,FUK,ICN-FUK,,,,TW,티웨이항공,출발,0.0,332.0,True,True,인천국제공항공사_항공사별 노선별 운송실적_20231231.csv
2023,10,ICN,HIJ,ICN-HIJ,,,,7C,제주항공,도착,0.0,2460.0,True,True,인천국제공항공사_항공사별 노선별 운송실적_20231231.csv
2023,10,ICN,HIJ,ICN-HIJ,,,,7C,제주항공,출발,0.0,2153.0,True,True,인천국제공항공사_항공사별 노선별 운송실적_20231231.csv
2023,10,ICN,HND,ICN-HND,,,,KE,대한항공,도착,0.0,3801.0,False,True,인천국제공항공사_항공사별 노선별 운송실적_20231231.csv
2023,10,ICN,HND,ICN-HND,,,,KE,대한항공,출발,0.0,4071.0,False,True,인천국제공항공사_항공사별 노선별 운송실적_20231231.csv
2023,10,ICN,HND,ICN-HND,,,,MM,피치 항공,도착,0.0,5348.0,True,True,인천국제공항공사_항공사별 노선별 운송실적_20231231.csv
2023,10,ICN,HND,ICN-HND,,,,MM,피치 항공,출발,0.0,5033.0,True,True,인천국제공항공사_항공사별 노선별 운송실적_20231231.csv
2023,10,ICN,KIJ,ICN-KIJ,,,,KE,대한항공,도착,0.0,34.0,False,True,인천국제공항공사_항공사별 노선별 운송실적_20231231.csv
2023,10,ICN,KIJ,ICN-KIJ,,,,KE,대한항공,출발,0.0,62.0,False,True,인천국제공항공사_항공사별 노선별 운송실적_20231231.csv
2023,10,ICN,KIX,ICN-KIX,,,,KE,대한항공,도착,0.0,15278.0,False,True,인천국제공항공사_항공사별 노선별 운송실적_20231231.csv
2023,10,ICN,KIX,ICN-KIX,,,,KE,대한항공,출발,0.0,14154.0,False,True,인천국제공항공사_항공사별 노선별 운송실적_20231231.csv
2023,10,ICN,KIX,ICN-KIX,,,,OZ,아시아나항공,도착,0.0,19840.0,False,True,인천국제공항공사_항공사별 노선별 운송실적_20231231.csv
2023,10,ICN,KIX,ICN-KIX,,,,OZ,아시아나항공,도착,0.0,171.0,False,True,인천국제공항공사_항공사별 노선별 운송실적_20231231.csv
2023,10,ICN,KIX,ICN-KIX,,,,OZ,아시아나항공,출발,0.0,18401.0,False,True,인천국제공항공사_항공사별 노선별 운송실적_20231231.csv
2023,10,ICN,KIX,ICN-KIX,,,,OZ,아시아나항공,출발,0.0,109.0,False,True,인천국제공항공사_항공사별 노선별 운송실적_20231231.csv
2023,10,ICN,KIX,ICN-KIX,,,,BX,에어 부산,도착,0.0,19204.0,False,True,인천국제공항공사_항공사별 노선별 운송실적_20231231.csv
2023,10,ICN,KIX,ICN-KIX,,,,BX,에어 부산,출발,0.0,18392.0,False,True,인천국제공항공사_항공사별 노선별 운송실적_20231231.csv
2023,10,ICN,KIX,ICN-KIX,,,,RS,에어서울,도착,0.0,14832.0,True,True,인천국제공항공사_항공사별 노선별 운송실적_20231231.csv
2023,10,ICN,KIX,ICN-KIX,,,,RS,에어서울,도착,0.0,843.0,True,True,인천국제공항공사_항공사별 노선별 운송실적_20231231.csv
2023,10,ICN,KIX,ICN-KIX,,,,RS,에어서울,출발,0.0,14307.0,True,True,인천국제공항공사_항공사별 노선별 운송실적_20231231.csv
2023,10,ICN,KIX,ICN-KIX,,,,RS,에어서울,출발,0.0,925.0,True,True,인천국제공항공사_항공사별 노선별 운송실적_20231231.csv
2023,10,ICN,KIX,ICN-KIX,,,,ZE,이스타 항공,도착,0.0,11381.0,True,True,인천국제공항공사_항공사별 노선별 운송실적_20231231.csv
2023,10,ICN,KIX,ICN-KIX,,,,ZE,이스타 항공,출발,0.0,10217.0,True,True,인천국제공항공사_항공사별 노선별 운송실적_20231231.csv
2023,10,ICN,KIX,ICN-KIX,,,,7C,제주항공,도착,0.0,24313.0,True,True,인천국제공항공사_항공사별 노선별 운송실적_20231231.csv
2023,10,ICN,KIX,ICN-KIX,,,,7C,제주항공,출발,0.0,22630.0,True,True,인천국제공항공사_항공사별 노선별 운송실적_20231231.csv
2023,10,ICN,KIX,ICN-KIX,,,,LJ,진 에어,도착,0.0,39315.0,False,True,인천국제공항공사_항공사별 노선별 운송실적_20231231.csv
2023,10,ICN,KIX,ICN-KIX,,,,LJ,진 에어,도착,0.0,1787.0,False,True,인천국제공항공사_항공사별 노선별 운송실적_20231231.csv
2023,10,ICN,KIX,ICN-KIX,,,,LJ,진 에어,출발,0.0,38032.0,False,True,인천국제공항공사_항공사별 노선별 운송실적_20231231.csv
2023,10,ICN,KIX,ICN-KIX,,,,LJ,진 에어,출발,0.0,1433.0,False,True,인천국제공항공사_항공사별 노선별 운송실적_20231231.csv
2023,10,ICN,KIX,ICN-KIX,,,,TW,티웨이항공,도착,0.0,21625.0,True,True,인천국제공항공사_항공사별 노선별 운송실적_20231231.csv
2023,10,ICN,KIX,ICN-KIX,,,,TW,티웨이항공,도착,0.0,932.0,True,True,인천국제공항공사_항공사별 노선별 운송실적_20231231.csv
2023,10,ICN,KIX,ICN-KIX,,,,TW,티웨이항공,출발,0.0,20689.0,True,True,인천국제공항공사_항공사별 노선별 운송실적_20231231.csv
2023,10,ICN,KIX,ICN-KIX,,,,TW,티웨이항공,출발,0.0,936.0,True,True,인천국제공항공사_항공사별 노선별 운송실적_20231231.csv
2023,10,ICN,KIX,ICN-KIX,,,,MM,피치 항공,도착,0.0,16318.0,True,True,인천국제공항공사_항공사별 노선별 운송실적_20231231.csv
2023,10,ICN,KIX,ICN-KIX,,,,MM,피치 항공,도착,0.0,173.0,True,True,인천국제공항공사_항공사별 노선별 운송실적_20231231.csv
2023,10,ICN,KIX,ICN-KIX,,,,MM,피치 항공,출발,0.0,14779.0,True,True,인천국제공항공사_항공사별 노선별 운송실적_20231231.csv
2023,10,ICN,KIX,ICN-KIX,,,,MM,피치 항공,출발,0.0,145.0,True,True,인천국제공항공사_항공사별 노선별 운송실적_20231231.csv
2023,10,ICN,KKJ,ICN-KKJ,,,,LJ,진 에어,도착,0.0,4567.0,False,True,인천국제공항공사_항공사별 노선별 운송실적_20231231.csv
2023,10,ICN,KKJ,ICN-KKJ,,,,LJ,진 에어,출발,0.0,4479.0,False,True,인천국제공항공사_항공사별 노선별 운송실적_20231231.csv
2023,10,ICN,KMI,ICN-KMI,,,,OZ,아시아나항공,도착,0.0,1850.0,False,True,인천국제공항공사_항공사별 노선별 운송실적_20231231.csv
2023,10,ICN,KMI,ICN-KMI,,,,OZ,아시아나항공,출발,0.0,1888.0,False,True,인천국제공항공사_항공사별 노선별 운송실적_20231231.csv
2023,10,ICN,KMJ,ICN-KMJ,,,,TW,티웨이항공,도착,0.0,4711.0,True,True,인천국제공항공사_항공사별 노선별 운송실적_20231231.csv
2023,10,ICN,KMJ,ICN-KMJ,,,,TW,티웨이항공,출발,0.0,4568.0,True,True,인천국제공항공사_항공사별 노선별 운송실적_20231231.csv
2023,10,ICN,KOJ,ICN-KOJ,,,,KE,대한항공,도착,0.0,47.0,False,True,인천국제공항공사_항공사별 노선별 운송실적_20231231.csv
2023,10,ICN,KOJ,ICN-KOJ,,,,KE,대한항공,도착,0.0,350.0,False,True,인천국제공항공사_항공사별 노선별 운송실적_20231231.csv
2023,10,ICN,KOJ,ICN-KOJ,,,,KE,대한항공,출발,0.0,152.0,False,True,인천국제공항공사_항공사별 노선별 운송실적_20231231.csv
2023,10,ICN,KOJ,ICN-KOJ,,,,KE,대한항공,출발,0.0,179.0,False,True,인천국제공항공사_항공사별 노선별 운송실적_20231231.csv
2023,10,ICN,MYJ,ICN-MYJ,,,,7C,제주항공,도착,0.0,3753.0,True,True,인천국제공항공사_항공사별 노선별 운송실적_20231231.csv
2023,10,ICN,MYJ,ICN-MYJ,,,,7C,제주항공,출발,0.0,3508.0,True,True,인천국제공항공사_항공사별 노선별 운송실적_20231231.csv
2023,10,ICN,NGO,ICN-NGO,,,,KE,대한항공,도착,0.0,8069.0,False,True,인천국제공항공사_항공사별 노선별 운송실적_20231231.csv
2023,10,ICN,NGO,ICN-NGO,,,,KE,대한항공,출발,0.0,8275.0,False,True,인천국제공항공사_항공사별 노선별 운송실적_20231231.csv
2023,10,ICN,NGO,ICN-NGO,,,,OZ,아시아나항공,도착,0.0,9702.0,False,True,인천국제공항공사_항공사별 노선별 운송실적_20231231.csv
2023,10,ICN,NGO,ICN-NGO,,,,OZ,아시아나항공,출발,0.0,8980.0,False,True,인천국제공항공사_항공사별 노선별 운송실적_20231231.csv
2023,10,ICN,NGO,ICN-NGO,,,,7C,제주항공,도착,0.0,11038.0,True,True,인천국제공항공사_항공사별 노선별 운송실적_20231231.csv
2023,10,ICN,NGO,ICN-NGO,,,,7C,제주항공,출발,0.0,10180.0,True,True,인천국제공항공사_항공사별 노선별 운송실적_20231231.csv
2023,10,ICN,NGO,ICN-NGO,,,,LJ,진 에어,도착,0.0,10978.0,False,True,인천국제공항공사_항공사별 노선별 운송실적_20231231.csv
2023,10,ICN,NGO,ICN-NGO,,,,LJ,진 에어,출발,0.0,10224.0,False,True,인천국제공항공사_항공사별 노선별 운송실적_20231231.csv
2023,10,ICN,NRT,ICN-NRT,,,,KE,대한항공,도착,0.0,14824.0,False,True,인천국제공항공사_항공사별 노선별 운송실적_20231231.csv
2023,10,ICN,NRT,ICN-NRT,,,,KE,대한항공,도착,0.0,2301.0,False,True,인천국제공항공사_항공사별 노선별 운송실적_20231231.csv
2023,10,ICN,NRT,ICN-NRT,,,,KE,대한항공,출발,0.0,14677.0,False,True,인천국제공항공사_항공사별 노선별 운송실적_20231231.csv
2023,10,ICN,NRT,ICN-NRT,,,,KE,대한항공,출발,0.0,2209.0,False,True,인천국제공항공사_항공사별 노선별 운송실적_20231231.csv
2023,10,ICN,NRT,ICN-NRT,,,,OZ,아시아나항공,도착,0.0,22537.0,False,True,인천국제공항공사_항공사별 노선별 운송실적_20231231.csv
2023,10,ICN,NRT,ICN-NRT,,,,OZ,아시아나항공,출발,0.0,21475.0,False,True,인천국제공항공사_항공사별 노선별 운송실적_20231231.csv
2023,10,ICN,NRT,ICN-NRT,,,,BX,에어 부산,도착,0.0,12849.0,False,True,인천국제공항공사_항공사별 노선별 운송실적_20231231.csv
2023,10,ICN,NRT,ICN-NRT,,,,BX,에어 부산,출발,0.0,12011.0,False,True,인천국제공항공사_항공사별 노선별 운송실적_20231231.csv
2023,10,ICN,NRT,ICN-NRT,,,,YP,에어 프레미아,도착,0.0,6719.0,False,True,인천국제공항공사_항공사별 노선별 운송실적_20231231.csv
2023,10,ICN,NRT,ICN-NRT,,,,YP,에어 프레미아,출발,0.0,6434.0,False,True,인천국제공항공사_항공사별 노선별 운송실적_20231231.csv
2023,10,ICN,NRT,ICN-NRT,,,,RS,에어서울,도착,0.0,15663.0,True,True,인천국제공항공사_항공사별 노선별 운송실적_20231231.csv
2023,10,ICN,NRT,ICN-NRT,,,,RS,에어서울,출발,0.0,14657.0,True,True,인천국제공항공사_항공사별 노선별 운송실적_20231231.csv
2023,10,ICN,NRT,ICN-NRT,,,,ET,에티오피아 항공,도착,0.0,1909.0,False,True,인천국제공항공사_항공사별 노선별 운송실적_20231231.csv
2023,10,ICN,NRT,ICN-NRT,,,,ET,에티오피아 항공,출발,0.0,1671.0,False,True,인천국제공항공사_항공사별 노선별 운송실적_20231231.csv
2023,10,ICN,NRT,ICN-NRT,,,,ZE,이스타 항공,도착,0.0,5664.0,True,True,인천국제공항공사_항공사별 노선별 운송실적_20231231.csv
2023,10,ICN,NRT,ICN-NRT,,,,ZE,이스타 항공,출발,0.0,5286.0,True,True,인천국제공항공사_항공사별 노선별 운송실적_20231231.csv
2023,10,ICN,NRT,ICN-NRT,,,,7C,제주항공,도착,0.0,30002.0,True,True,인천국제공항공사_항공사별 노선별 운송실적_20231231.csv
2023,10,ICN,NRT,ICN-NRT,,,,7C,제주항공,출발,0.0,28577.0,True,True,인천국제공항공사_항공사별 노선별 운송실적_20231231.csv
2023,10,ICN,NRT,ICN-NRT,,,,LJ,진 에어,도착,0.0,27489.0,False,True,인천국제공항공사_항공사별 노선별 운송실적_20231231.csv
2023,10,ICN,NRT,ICN-NRT,,,,LJ,진 에어,도착,0.0,3657.0,False,True,인천국제공항공사_항공사별 노선별 운송실적_20231231.csv
2023,10,ICN,NRT,ICN-NRT,,,,LJ,진 에어,출발,0.0,25207.0,False,True,인천국제공항공사_항공사별 노선별 운송실적_20231231.csv
2023,10,ICN,NRT,ICN-NRT,,,,LJ,진 에어,출발,0.0,3552.0,False,True,인천국제공항공사_항공사별 노선별 운송실적_20231231.csv
2023,10,ICN,NRT,ICN-NRT,,,,ZG,집에어 도쿄,도착,0.0,8370.0,True,True,인천국제공항공사_항공사별 노선별 운송실적_20231231.csv
2023,10,ICN,NRT,ICN-NRT,,,,ZG,집에어 도쿄,출발,0.0,6165.0,True,True,인천국제공항공사_항공사별 노선별 운송실적_20231231.csv
2023,10,ICN,NRT,ICN-NRT,,,,TW,티웨이항공,도착,0.0,21126.0,True,True,인천국제공항공사_항공사별 노선별 운송실적_20231231.csv
2023,10,ICN,NRT,ICN-NRT,,,,TW,티웨이항공,도착,0.0,197.0,True,True,인천국제공항공사_항공사별 노선별 운송실적_20231231.csv
2023,10,ICN,NRT,ICN-NRT,,,,TW,티웨이항공,출발,0.0,20015.0,True,True,인천국제공항공사_항공사별 노선별 운송실적_20231231.csv
2023,10,ICN,NRT,ICN-NRT,,,,TW,티웨이항공,출발,0.0,180.0,True,True,인천국제공항공사_항공사별 노선별 운송실적_20231231.csv
2023,10,ICN,OIT,ICN-OIT,,,,7C,제주항공,도착,0.0,2006.0,True,True,인천국제공항공사_항공사별 노선별 운송실적_20231231.csv
2023,10,ICN,OIT,ICN-OIT,,,,7C,제주항공,출발,0.0,2066.0,True,True,인천국제공항공사_항공사별 노선별 운송실적_20231231.csv
2023,10,ICN,OKA,ICN-OKA,,,,KE,대한항공,도착,0.0,3582.0,False,True,인천국제공항공사_항공사별 노선별 운송실적_20231231.csv
2023,10,ICN,OKA,ICN-OKA,,,,KE,대한항공,출발,0.0,3221.0,False,True,인천국제공항공사_항공사별 노선별 운송실적_20231231.csv
2023,10,ICN,OKA,ICN-OKA,,,,OZ,아시아나항공,도착,0.0,5261.0,False,True,인천국제공항공사_항공사별 노선별 운송실적_20231231.csv
2023,10,ICN,OKA,ICN-OKA,,,,OZ,아시아나항공,출발,0.0,5316.0,False,True,인천국제공항공사_항공사별 노선별 운송실적_20231231.csv
2023,10,ICN,OKA,ICN-OKA,,,,7C,제주항공,도착,0.0,5061.0,True,True,인천국제공항공사_항공사별 노선별 운송실적_20231231.csv
2023,10,ICN,OKA,ICN-OKA,,,,7C,제주항공,출발,0.0,4811.0,True,True,인천국제공항공사_항공사별 노선별 운송실적_20231231.csv
2023,10,ICN,OKA,ICN-OKA,,,,LJ,진 에어,도착,0.0,5361.0,False,True,인천국제공항공사_항공사별 노선별 운송실적_20231231.csv
2023,10,ICN,OKA,ICN-OKA,,,,LJ,진 에어,출발,0.0,5244.0,False,True,인천국제공항공사_항공사별 노선별 운송실적_20231231.csv
2023,10,ICN,OKA,ICN-OKA,,,,TW,티웨이항공,도착,0.0,5475.0,True,True,인천국제공항공사_항공사별 노선별 운송실적_20231231.csv
2023,10,ICN,OKA,ICN-OKA,,,,TW,티웨이항공,출발,0.0,4862.0,True,True,인천국제공항공사_항공사별 노선별 운송실적_20231231.csv
2023,10,ICN,OKJ,ICN-OKJ,,,,KE,대한항공,도착,0.0,51.0,False,True,인천국제공항공사_항공사별 노선별 운송실적_20231231.csv
2023,10,ICN,OKJ,ICN-OKJ,,,,KE,대한항공,도착,0.0,271.0,False,True,인천국제공항공사_항공사별 노선별 운송실적_20231231.csv
2023,10,ICN,OKJ,ICN-OKJ,,,,KE,대한항공,출발,0.0,56.0,False,True,인천국제공항공사_항공사별 노선별 운송실적_20231231.csv
2023,10,ICN,OKJ,ICN-OKJ,,,,KE,대한항공,출발,0.0,134.0,False,True,인천국제공항공사_항공사별 노선별 운송실적_20231231.csv
2023,10,ICN,SDJ,ICN-SDJ,,,,OZ,아시아나항공,도착,0.0,2244.0,False,True,인천국제공항공사_항공사별 노선별 운송실적_20231231.csv
2023,10,ICN,SDJ,ICN-SDJ,,,,OZ,아시아나항공,출발,0.0,2063.0,False,True,인천국제공항공사_항공사별 노선별 운송실적_20231231.csv
2023,10,ICN,TAK,ICN-TAK,,,,RS,에어서울,도착,0.0,5789.0,True,True,인천국제공항공사_항공사별 노선별 운송실적_20231231.csv
2023,10,ICN,TAK,ICN-TAK,,,,RS,에어서울,도착,0.0,2084.0,True,True,인천국제공항공사_항공사별 노선별 운송실적_20231231.csv
2023,10,ICN,TAK,ICN-TAK,,,,RS,에어서울,출발,0.0,5543.0,True,True,인천국제공항공사_항공사별 노선별 운송실적_20231231.csv
2023,10,ICN,TAK,ICN-TAK,,,,RS,에어서울,출발,0.0,1596.0,True,True,인천국제공항공사_항공사별 노선별 운송실적_20231231.csv
2023,10,ICN,YGJ,ICN-YGJ,,,,RS,에어서울,도착,0.0,187.0,True,True,인천국제공항공사_항공사별 노선별 운송실적_20231231.csv
2023,10,ICN,YGJ,ICN-YGJ,,,,RS,에어서울,도착,0.0,301.0,True,True,인천국제공항공사_항공사별 노선별 운송실적_20231231.csv
2023,10,ICN,YGJ,ICN-YGJ,,,,RS,에어서울,출발,0.0,190.0,True,True,인천국제공항공사_항공사별 노선별 운송실적_20231231.csv
2023,10,ICN,YGJ,ICN-YGJ,,,,RS,에어서울,출발,0.0,368.0,True,True,인천국제공항공사_항공사별 노선별 운송실적_20231231.csv
2023,11,ICN,CTS,ICN-CTS,,,,KE,대한항공,도착,0.0,6626.0,False,True,인천국제공항공사_항공사별 노선별 운송실적_20231231.csv
2023,11,ICN,CTS,ICN-CTS,,,,KE,대한항공,출발,0.0,7827.0,False,True,인천국제공항공사_항공사별 노선별 운송실적_20231231.csv
2023,11,ICN,CTS,ICN-CTS,,,,OZ,아시아나항공,도착,0.0,4306.0,False,True,인천국제공항공사_항공사별 노선별 운송실적_20231231.csv
2023,11,ICN,CTS,ICN-CTS,,,,OZ,아시아나항공,출발,0.0,4983.0,False,True,인천국제공항공사_항공사별 노선별 운송실적_20231231.csv
2023,11,ICN,CTS,ICN-CTS,,,,BX,에어 부산,도착,0.0,5386.0,False,True,인천국제공항공사_항공사별 노선별 운송실적_20231231.csv
2023,11,ICN,CTS,ICN-CTS,,,,BX,에어 부산,출발,0.0,5437.0,False,True,인천국제공항공사_항공사별 노선별 운송실적_20231231.csv
2023,11,ICN,CTS,ICN-CTS,,,,7C,제주항공,도착,0.0,5331.0,True,True,인천국제공항공사_항공사별 노선별 운송실적_20231231.csv
2023,11,ICN,CTS,ICN-CTS,,,,7C,제주항공,출발,0.0,5466.0,True,True,인천국제공항공사_항공사별 노선별 운송실적_20231231.csv
2023,11,ICN,CTS,ICN-CTS,,,,LJ,진 에어,도착,0.0,5342.0,False,True,인천국제공항공사_항공사별 노선별 운송실적_20231231.csv
2023,11,ICN,CTS,ICN-CTS,,,,LJ,진 에어,출발,0.0,5373.0,False,True,인천국제공항공사_항공사별 노선별 운송실적_20231231.csv
2023,11,ICN,CTS,ICN-CTS,,,,TW,티웨이항공,도착,0.0,5006.0,True,True,인천국제공항공사_항공사별 노선별 운송실적_20231231.csv
2023,11,ICN,CTS,ICN-CTS,,,,TW,티웨이항공,출발,0.0,5017.0,True,True,인천국제공항공사_항공사별 노선별 운송실적_20231231.csv
2023,11,ICN,FSZ,ICN-FSZ,,,,7C,제주항공,도착,0.0,5024.0,True,True,인천국제공항공사_항공사별 노선별 운송실적_20231231.csv
2023,11,ICN,FSZ,ICN-FSZ,,,,7C,제주항공,출발,0.0,5148.0,True,True,인천국제공항공사_항공사별 노선별 운송실적_20231231.csv
2023,11,ICN,FUK,ICN-FUK,,,,KE,대한항공,도착,0.0,18828.0,False,True,인천국제공항공사_항공사별 노선별 운송실적_20231231.csv
2023,11,ICN,FUK,ICN-FUK,,,,KE,대한항공,출발,0.0,20627.0,False,True,인천국제공항공사_항공사별 노선별 운송실적_20231231.csv
2023,11,ICN,FUK,ICN-FUK,,,,OZ,아시아나항공,도착,0.0,17251.0,False,True,인천국제공항공사_항공사별 노선별 운송실적_20231231.csv
2023,11,ICN,FUK,ICN-FUK,,,,OZ,아시아나항공,출발,0.0,17837.0,False,True,인천국제공항공사_항공사별 노선별 운송실적_20231231.csv
2023,11,ICN,FUK,ICN-FUK,,,,BX,에어 부산,도착,0.0,12347.0,False,True,인천국제공항공사_항공사별 노선별 운송실적_20231231.csv
2023,11,ICN,FUK,ICN-FUK,,,,BX,에어 부산,출발,0.0,13157.0,False,True,인천국제공항공사_항공사별 노선별 운송실적_20231231.csv
2023,11,ICN,FUK,ICN-FUK,,,,RS,에어서울,도착,0.0,11645.0,True,True,인천국제공항공사_항공사별 노선별 운송실적_20231231.csv
2023,11,ICN,FUK,ICN-FUK,,,,RS,에어서울,출발,0.0,11713.0,True,True,인천국제공항공사_항공사별 노선별 운송실적_20231231.csv
2023,11,ICN,FUK,ICN-FUK,,,,ZE,이스타 항공,도착,0.0,10823.0,True,True,인천국제공항공사_항공사별 노선별 운송실적_20231231.csv
2023,11,ICN,FUK,ICN-FUK,,,,ZE,이스타 항공,출발,0.0,10148.0,True,True,인천국제공항공사_항공사별 노선별 운송실적_20231231.csv
2023,11,ICN,FUK,ICN-FUK,,,,7C,제주항공,도착,0.0,21345.0,True,True,인천국제공항공사_항공사별 노선별 운송실적_20231231.csv
2023,11,ICN,FUK,ICN-FUK,,,,7C,제주항공,출발,0.0,21394.0,True,True,인천국제공항공사_항공사별 노선별 운송실적_20231231.csv
2023,11,ICN,FUK,ICN-FUK,,,,LJ,진 에어,도착,0.0,20334.0,False,True,인천국제공항공사_항공사별 노선별 운송실적_20231231.csv
2023,11,ICN,FUK,ICN-FUK,,,,LJ,진 에어,도착,0.0,1024.0,False,True,인천국제공항공사_항공사별 노선별 운송실적_20231231.csv
2023,11,ICN,FUK,ICN-FUK,,,,LJ,진 에어,출발,0.0,19960.0,False,True,인천국제공항공사_항공사별 노선별 운송실적_20231231.csv
2023,11,ICN,FUK,ICN-FUK,,,,LJ,진 에어,출발,0.0,999.0,False,True,인천국제공항공사_항공사별 노선별 운송실적_20231231.csv
2023,11,ICN,FUK,ICN-FUK,,,,TW,티웨이항공,도착,0.0,16125.0,True,True,인천국제공항공사_항공사별 노선별 운송실적_20231231.csv
2023,11,ICN,FUK,ICN-FUK,,,,TW,티웨이항공,출발,0.0,15880.0,True,True,인천국제공항공사_항공사별 노선별 운송실적_20231231.csv
2023,11,ICN,HIJ,ICN-HIJ,,,,7C,제주항공,도착,0.0,4495.0,True,True,인천국제공항공사_항공사별 노선별 운송실적_20231231.csv
2023,11,ICN,HIJ,ICN-HIJ,,,,7C,제주항공,출발,0.0,4114.0,True,True,인천국제공항공사_항공사별 노선별 운송실적_20231231.csv
2023,11,ICN,HND,ICN-HND,,,,KE,대한항공,도착,0.0,3227.0,False,True,인천국제공항공사_항공사별 노선별 운송실적_20231231.csv
2023,11,ICN,HND,ICN-HND,,,,KE,대한항공,출발,0.0,3911.0,False,True,인천국제공항공사_항공사별 노선별 운송실적_20231231.csv
2023,11,ICN,HND,ICN-HND,,,,MM,피치 항공,도착,0.0,5166.0,True,True,인천국제공항공사_항공사별 노선별 운송실적_20231231.csv
2023,11,ICN,HND,ICN-HND,,,,MM,피치 항공,출발,0.0,5030.0,True,True,인천국제공항공사_항공사별 노선별 운송실적_20231231.csv
2023,11,ICN,KIJ,ICN-KIJ,,,,KE,대한항공,도착,0.0,953.0,False,True,인천국제공항공사_항공사별 노선별 운송실적_20231231.csv
2023,11,ICN,KIJ,ICN-KIJ,,,,KE,대한항공,출발,0.0,1312.0,False,True,인천국제공항공사_항공사별 노선별 운송실적_20231231.csv
2023,11,ICN,KIX,ICN-KIX,,,,KE,대한항공,도착,0.0,22546.0,False,True,인천국제공항공사_항공사별 노선별 운송실적_20231231.csv
2023,11,ICN,KIX,ICN-KIX,,,,KE,대한항공,출발,0.0,24847.0,False,True,인천국제공항공사_항공사별 노선별 운송실적_20231231.csv
2023,11,ICN,KIX,ICN-KIX,,,,OZ,아시아나항공,도착,0.0,21154.0,False,True,인천국제공항공사_항공사별 노선별 운송실적_20231231.csv
2023,11,ICN,KIX,ICN-KIX,,,,OZ,아시아나항공,출발,0.0,22057.0,False,True,인천국제공항공사_항공사별 노선별 운송실적_20231231.csv
2023,11,ICN,KIX,ICN-KIX,,,,BX,에어 부산,도착,0.0,17237.0,False,True,인천국제공항공사_항공사별 노선별 운송실적_20231231.csv
2023,11,ICN,KIX,ICN-KIX,,,,BX,에어 부산,출발,0.0,16982.0,False,True,인천국제공항공사_항공사별 노선별 운송실적_20231231.csv
2023,11,ICN,KIX,ICN-KIX,,,,RS,에어서울,도착,0.0,16272.0,True,True,인천국제공항공사_항공사별 노선별 운송실적_20231231.csv
2023,11,ICN,KIX,ICN-KIX,,,,RS,에어서울,출발,0.0,16759.0,True,True,인천국제공항공사_항공사별 노선별 운송실적_20231231.csv
2023,11,ICN,KIX,ICN-KIX,,,,ZE,이스타 항공,도착,0.0,10570.0,True,True,인천국제공항공사_항공사별 노선별 운송실적_20231231.csv
2023,11,ICN,KIX,ICN-KIX,,,,ZE,이스타 항공,출발,0.0,10466.0,True,True,인천국제공항공사_항공사별 노선별 운송실적_20231231.csv
2023,11,ICN,KIX,ICN-KIX,,,,7C,제주항공,도착,0.0,16178.0,True,True,인천국제공항공사_항공사별 노선별 운송실적_20231231.csv
2023,11,ICN,KIX,ICN-KIX,,,,7C,제주항공,출발,0.0,16126.0,True,True,인천국제공항공사_항공사별 노선별 운송실적_20231231.csv
2023,11,ICN,KIX,ICN-KIX,,,,LJ,진 에어,도착,0.0,31485.0,False,True,인천국제공항공사_항공사별 노선별 운송실적_20231231.csv
2023,11,ICN,KIX,ICN-KIX,,,,LJ,진 에어,도착,0.0,371.0,False,True,인천국제공항공사_항공사별 노선별 운송실적_20231231.csv
2023,11,ICN,KIX,ICN-KIX,,,,LJ,진 에어,출발,0.0,32080.0,False,True,인천국제공항공사_항공사별 노선별 운송실적_20231231.csv
2023,11,ICN,KIX,ICN-KIX,,,,LJ,진 에어,출발,0.0,354.0,False,True,인천국제공항공사_항공사별 노선별 운송실적_20231231.csv
2023,11,ICN,KIX,ICN-KIX,,,,TW,티웨이항공,도착,0.0,20749.0,True,True,인천국제공항공사_항공사별 노선별 운송실적_20231231.csv
2023,11,ICN,KIX,ICN-KIX,,,,TW,티웨이항공,출발,0.0,20671.0,True,True,인천국제공항공사_항공사별 노선별 운송실적_20231231.csv
2023,11,ICN,KIX,ICN-KIX,,,,MM,피치 항공,도착,0.0,20698.0,True,True,인천국제공항공사_항공사별 노선별 운송실적_20231231.csv
2023,11,ICN,KIX,ICN-KIX,,,,MM,피치 항공,출발,0.0,20204.0,True,True,인천국제공항공사_항공사별 노선별 운송실적_20231231.csv
2023,11,ICN,KKJ,ICN-KKJ,,,,LJ,진 에어,도착,0.0,4444.0,False,True,인천국제공항공사_항공사별 노선별 운송실적_20231231.csv
2023,11,ICN,KKJ,ICN-KKJ,,,,LJ,진 에어,출발,0.0,4664.0,False,True,인천국제공항공사_항공사별 노선별 운송실적_20231231.csv
2023,11,ICN,KMI,ICN-KMI,,,,OZ,아시아나항공,도착,0.0,1864.0,False,True,인천국제공항공사_항공사별 노선별 운송실적_20231231.csv
2023,11,ICN,KMI,ICN-KMI,,,,OZ,아시아나항공,출발,0.0,1919.0,False,True,인천국제공항공사_항공사별 노선별 운송실적_20231231.csv
2023,11,ICN,KMJ,ICN-KMJ,,,,TW,티웨이항공,도착,0.0,4417.0,True,True,인천국제공항공사_항공사별 노선별 운송실적_20231231.csv
2023,11,ICN,KMJ,ICN-KMJ,,,,TW,티웨이항공,출발,0.0,4419.0,True,True,인천국제공항공사_항공사별 노선별 운송실적_20231231.csv
2023,11,ICN,KOJ,ICN-KOJ,,,,KE,대한항공,도착,0.0,1629.0,False,True,인천국제공항공사_항공사별 노선별 운송실적_20231231.csv
2023,11,ICN,KOJ,ICN-KOJ,,,,KE,대한항공,출발,0.0,1827.0,False,True,인천국제공항공사_항공사별 노선별 운송실적_20231231.csv
2023,11,ICN,MYJ,ICN-MYJ,,,,7C,제주항공,도착,0.0,4783.0,True,True,인천국제공항공사_항공사별 노선별 운송실적_20231231.csv
2023,11,ICN,MYJ,ICN-MYJ,,,,7C,제주항공,출발,0.0,4966.0,True,True,인천국제공항공사_항공사별 노선별 운송실적_20231231.csv
2023,11,ICN,NGO,ICN-NGO,,,,KE,대한항공,도착,0.0,9786.0,False,True,인천국제공항공사_항공사별 노선별 운송실적_20231231.csv
2023,11,ICN,NGO,ICN-NGO,,,,KE,대한항공,출발,0.0,12549.0,False,True,인천국제공항공사_항공사별 노선별 운송실적_20231231.csv
2023,11,ICN,NGO,ICN-NGO,,,,OZ,아시아나항공,도착,0.0,8388.0,False,True,인천국제공항공사_항공사별 노선별 운송실적_20231231.csv
2023,11,ICN,NGO,ICN-NGO,,,,OZ,아시아나항공,출발,0.0,8738.0,False,True,인천국제공항공사_항공사별 노선별 운송실적_20231231.csv
2023,11,ICN,NGO,ICN-NGO,,,,7C,제주항공,도착,0.0,5451.0,True,True,인천국제공항공사_항공사별 노선별 운송실적_20231231.csv
2023,11,ICN,NGO,ICN-NGO,,,,7C,제주항공,출발,0.0,5399.0,True,True,인천국제공항공사_항공사별 노선별 운송실적_20231231.csv
2023,11,ICN,NGO,ICN-NGO,,,,LJ,진 에어,도착,0.0,9658.0,False,True,인천국제공항공사_항공사별 노선별 운송실적_20231231.csv
2023,11,ICN,NGO,ICN-NGO,,,,LJ,진 에어,출발,0.0,8742.0,False,True,인천국제공항공사_항공사별 노선별 운송실적_20231231.csv
2023,11,ICN,NRT,ICN-NRT,,,,KE,대한항공,도착,0.0,18678.0,False,True,인천국제공항공사_항공사별 노선별 운송실적_20231231.csv
2023,11,ICN,NRT,ICN-NRT,,,,KE,대한항공,출발,0.0,20835.0,False,True,인천국제공항공사_항공사별 노선별 운송실적_20231231.csv
2023,11,ICN,NRT,ICN-NRT,,,,OZ,아시아나항공,도착,0.0,26847.0,False,True,인천국제공항공사_항공사별 노선별 운송실적_20231231.csv
2023,11,ICN,NRT,ICN-NRT,,,,OZ,아시아나항공,출발,0.0,28532.0,False,True,인천국제공항공사_항공사별 노선별 운송실적_20231231.csv
2023,11,ICN,NRT,ICN-NRT,,,,BX,에어 부산,도착,0.0,10757.0,False,True,인천국제공항공사_항공사별 노선별 운송실적_20231231.csv
2023,11,ICN,NRT,ICN-NRT,,,,BX,에어 부산,출발,0.0,10932.0,False,True,인천국제공항공사_항공사별 노선별 운송실적_20231231.csv
2023,11,ICN,NRT,ICN-NRT,,,,YP,에어 프레미아,도착,0.0,5846.0,False,True,인천국제공항공사_항공사별 노선별 운송실적_20231231.csv
2023,11,ICN,NRT,ICN-NRT,,,,YP,에어 프레미아,출발,0.0,5956.0,False,True,인천국제공항공사_항공사별 노선별 운송실적_20231231.csv
2023,11,ICN,NRT,ICN-NRT,,,,RS,에어서울,도착,0.0,17185.0,True,True,인천국제공항공사_항공사별 노선별 운송실적_20231231.csv
2023,11,ICN,NRT,ICN-NRT,,,,RS,에어서울,출발,0.0,17723.0,True,True,인천국제공항공사_항공사별 노선별 운송실적_20231231.csv
2023,11,ICN,NRT,ICN-NRT,,,,ET,에티오피아 항공,도착,0.0,2238.0,False,True,인천국제공항공사_항공사별 노선별 운송실적_20231231.csv
2023,11,ICN,NRT,ICN-NRT,,,,ET,에티오피아 항공,출발,0.0,2135.0,False,True,인천국제공항공사_항공사별 노선별 운송실적_20231231.csv
2023,11,ICN,NRT,ICN-NRT,,,,ZE,이스타 항공,도착,0.0,7993.0,True,True,인천국제공항공사_항공사별 노선별 운송실적_20231231.csv
2023,11,ICN,NRT,ICN-NRT,,,,ZE,이스타 항공,출발,0.0,8242.0,True,True,인천국제공항공사_항공사별 노선별 운송실적_20231231.csv
2023,11,ICN,NRT,ICN-NRT,,,,7C,제주항공,도착,0.0,25622.0,True,True,인천국제공항공사_항공사별 노선별 운송실적_20231231.csv
2023,11,ICN,NRT,ICN-NRT,,,,7C,제주항공,출발,0.0,25319.0,True,True,인천국제공항공사_항공사별 노선별 운송실적_20231231.csv
2023,11,ICN,NRT,ICN-NRT,,,,LJ,진 에어,도착,0.0,26559.0,False,True,인천국제공항공사_항공사별 노선별 운송실적_20231231.csv
2023,11,ICN,NRT,ICN-NRT,,,,LJ,진 에어,출발,0.0,26689.0,False,True,인천국제공항공사_항공사별 노선별 운송실적_20231231.csv
2023,11,ICN,NRT,ICN-NRT,,,,ZG,집에어 도쿄,도착,0.0,7039.0,True,True,인천국제공항공사_항공사별 노선별 운송실적_20231231.csv
2023,11,ICN,NRT,ICN-NRT,,,,ZG,집에어 도쿄,출발,0.0,6186.0,True,True,인천국제공항공사_항공사별 노선별 운송실적_20231231.csv
2023,11,ICN,NRT,ICN-NRT,,,,TW,티웨이항공,도착,0.0,18278.0,True,True,인천국제공항공사_항공사별 노선별 운송실적_20231231.csv
2023,11,ICN,NRT,ICN-NRT,,,,TW,티웨이항공,출발,0.0,18481.0,True,True,인천국제공항공사_항공사별 노선별 운송실적_20231231.csv
2023,11,ICN,OIT,ICN-OIT,,,,7C,제주항공,도착,0.0,1992.0,True,True,인천국제공항공사_항공사별 노선별 운송실적_20231231.csv
2023,11,ICN,OIT,ICN-OIT,,,,7C,제주항공,출발,0.0,2154.0,True,True,인천국제공항공사_항공사별 노선별 운송실적_20231231.csv
2023,11,ICN,OKA,ICN-OKA,,,,KE,대한항공,도착,0.0,3067.0,False,True,인천국제공항공사_항공사별 노선별 운송실적_20231231.csv
2023,11,ICN,OKA,ICN-OKA,,,,KE,대한항공,출발,0.0,3159.0,False,True,인천국제공항공사_항공사별 노선별 운송실적_20231231.csv
2023,11,ICN,OKA,ICN-OKA,,,,OZ,아시아나항공,도착,0.0,6822.0,False,True,인천국제공항공사_항공사별 노선별 운송실적_20231231.csv
2023,11,ICN,OKA,ICN-OKA,,,,OZ,아시아나항공,출발,0.0,7194.0,False,True,인천국제공항공사_항공사별 노선별 운송실적_20231231.csv
2023,11,ICN,OKA,ICN-OKA,,,,7C,제주항공,도착,0.0,5035.0,True,True,인천국제공항공사_항공사별 노선별 운송실적_20231231.csv
2023,11,ICN,OKA,ICN-OKA,,,,7C,제주항공,출발,0.0,5158.0,True,True,인천국제공항공사_항공사별 노선별 운송실적_20231231.csv
2023,11,ICN,OKA,ICN-OKA,,,,LJ,진 에어,도착,0.0,5262.0,False,True,인천국제공항공사_항공사별 노선별 운송실적_20231231.csv
2023,11,ICN,OKA,ICN-OKA,,,,LJ,진 에어,출발,0.0,5381.0,False,True,인천국제공항공사_항공사별 노선별 운송실적_20231231.csv
2023,11,ICN,OKA,ICN-OKA,,,,TW,티웨이항공,도착,0.0,5178.0,True,True,인천국제공항공사_항공사별 노선별 운송실적_20231231.csv
2023,11,ICN,OKA,ICN-OKA,,,,TW,티웨이항공,출발,0.0,5107.0,True,True,인천국제공항공사_항공사별 노선별 운송실적_20231231.csv
2023,11,ICN,OKJ,ICN-OKJ,,,,KE,대한항공,도착,0.0,1131.0,False,True,인천국제공항공사_항공사별 노선별 운송실적_20231231.csv
2023,11,ICN,OKJ,ICN-OKJ,,,,KE,대한항공,출발,0.0,1429.0,False,True,인천국제공항공사_항공사별 노선별 운송실적_20231231.csv
2023,11,ICN,SDJ,ICN-SDJ,,,,OZ,아시아나항공,도착,0.0,2178.0,False,True,인천국제공항공사_항공사별 노선별 운송실적_20231231.csv
2023,11,ICN,SDJ,ICN-SDJ,,,,OZ,아시아나항공,출발,0.0,2260.0,False,True,인천국제공항공사_항공사별 노선별 운송실적_20231231.csv
2023,11,ICN,TAK,ICN-TAK,,,,RS,에어서울,도착,0.0,5550.0,True,True,인천국제공항공사_항공사별 노선별 운송실적_20231231.csv
2023,11,ICN,TAK,ICN-TAK,,,,RS,에어서울,출발,0.0,5760.0,True,True,인천국제공항공사_항공사별 노선별 운송실적_20231231.csv
2023,11,ICN,TAK,ICN-TAK,,,,JL,일본항공,출발,0.0,123.0,False,True,인천국제공항공사_항공사별 노선별 운송실적_20231231.csv
2023,11,ICN,YGJ,ICN-YGJ,,,,RS,에어서울,도착,0.0,2240.0,True,True,인천국제공항공사_항공사별 노선별 운송실적_20231231.csv
2023,11,ICN,YGJ,ICN-YGJ,,,,RS,에어서울,출발,0.0,2261.0,True,True,인천국제공항공사_항공사별 노선별 운송실적_20231231.csv
2023,12,ICN,CTS,ICN-CTS,,,,KE,대한항공,도착,0.0,9842.0,False,True,인천국제공항공사_항공사별 노선별 운송실적_20231231.csv
2023,12,ICN,CTS,ICN-CTS,,,,KE,대한항공,출발,0.0,10632.0,False,True,인천국제공항공사_항공사별 노선별 운송실적_20231231.csv
2023,12,ICN,CTS,ICN-CTS,,,,OZ,아시아나항공,도착,0.0,6397.0,False,True,인천국제공항공사_항공사별 노선별 운송실적_20231231.csv
2023,12,ICN,CTS,ICN-CTS,,,,OZ,아시아나항공,출발,0.0,6563.0,False,True,인천국제공항공사_항공사별 노선별 운송실적_20231231.csv
2023,12,ICN,CTS,ICN-CTS,,,,BX,에어 부산,도착,0.0,6675.0,False,True,인천국제공항공사_항공사별 노선별 운송실적_20231231.csv
2023,12,ICN,CTS,ICN-CTS,,,,BX,에어 부산,출발,0.0,6836.0,False,True,인천국제공항공사_항공사별 노선별 운송실적_20231231.csv
2023,12,ICN,CTS,ICN-CTS,,,,7C,제주항공,도착,0.0,10734.0,True,True,인천국제공항공사_항공사별 노선별 운송실적_20231231.csv
2023,12,ICN,CTS,ICN-CTS,,,,7C,제주항공,출발,0.0,11212.0,True,True,인천국제공항공사_항공사별 노선별 운송실적_20231231.csv
2023,12,ICN,CTS,ICN-CTS,,,,LJ,진 에어,도착,0.0,9218.0,False,True,인천국제공항공사_항공사별 노선별 운송실적_20231231.csv
2023,12,ICN,CTS,ICN-CTS,,,,LJ,진 에어,도착,0.0,2382.0,False,True,인천국제공항공사_항공사별 노선별 운송실적_20231231.csv
2023,12,ICN,CTS,ICN-CTS,,,,LJ,진 에어,출발,0.0,9462.0,False,True,인천국제공항공사_항공사별 노선별 운송실적_20231231.csv
2023,12,ICN,CTS,ICN-CTS,,,,LJ,진 에어,출발,0.0,2360.0,False,True,인천국제공항공사_항공사별 노선별 운송실적_20231231.csv
2023,12,ICN,CTS,ICN-CTS,,,,TW,티웨이항공,도착,0.0,5622.0,True,True,인천국제공항공사_항공사별 노선별 운송실적_20231231.csv
2023,12,ICN,CTS,ICN-CTS,,,,TW,티웨이항공,출발,0.0,5691.0,True,True,인천국제공항공사_항공사별 노선별 운송실적_20231231.csv
2023,12,ICN,FSZ,ICN-FSZ,,,,7C,제주항공,도착,0.0,5282.0,True,True,인천국제공항공사_항공사별 노선별 운송실적_20231231.csv
2023,12,ICN,FSZ,ICN-FSZ,,,,7C,제주항공,출발,0.0,5138.0,True,True,인천국제공항공사_항공사별 노선별 운송실적_20231231.csv
2023,12,ICN,FUK,ICN-FUK,,,,KE,대한항공,도착,0.0,21878.0,False,True,인천국제공항공사_항공사별 노선별 운송실적_20231231.csv
2023,12,ICN,FUK,ICN-FUK,,,,KE,대한항공,출발,0.0,22932.0,False,True,인천국제공항공사_항공사별 노선별 운송실적_20231231.csv
2023,12,ICN,FUK,ICN-FUK,,,,OZ,아시아나항공,도착,0.0,19306.0,False,True,인천국제공항공사_항공사별 노선별 운송실적_20231231.csv
2023,12,ICN,FUK,ICN-FUK,,,,OZ,아시아나항공,출발,0.0,19211.0,False,True,인천국제공항공사_항공사별 노선별 운송실적_20231231.csv
2023,12,ICN,FUK,ICN-FUK,,,,BX,에어 부산,도착,0.0,13011.0,False,True,인천국제공항공사_항공사별 노선별 운송실적_20231231.csv
2023,12,ICN,FUK,ICN-FUK,,,,BX,에어 부산,출발,0.0,13415.0,False,True,인천국제공항공사_항공사별 노선별 운송실적_20231231.csv
2023,12,ICN,FUK,ICN-FUK,,,,RS,에어서울,도착,0.0,12098.0,True,True,인천국제공항공사_항공사별 노선별 운송실적_20231231.csv
2023,12,ICN,FUK,ICN-FUK,,,,RS,에어서울,출발,0.0,12050.0,True,True,인천국제공항공사_항공사별 노선별 운송실적_20231231.csv
2023,12,ICN,FUK,ICN-FUK,,,,ZE,이스타 항공,도착,0.0,10995.0,True,True,인천국제공항공사_항공사별 노선별 운송실적_20231231.csv
2023,12,ICN,FUK,ICN-FUK,,,,ZE,이스타 항공,출발,0.0,10783.0,True,True,인천국제공항공사_항공사별 노선별 운송실적_20231231.csv
2023,12,ICN,FUK,ICN-FUK,,,,7C,제주항공,도착,0.0,21768.0,True,True,인천국제공항공사_항공사별 노선별 운송실적_20231231.csv
2023,12,ICN,FUK,ICN-FUK,,,,7C,제주항공,도착,0.0,840.0,True,True,인천국제공항공사_항공사별 노선별 운송실적_20231231.csv
2023,12,ICN,FUK,ICN-FUK,,,,7C,제주항공,출발,0.0,21743.0,True,True,인천국제공항공사_항공사별 노선별 운송실적_20231231.csv
2023,12,ICN,FUK,ICN-FUK,,,,7C,제주항공,출발,0.0,837.0,True,True,인천국제공항공사_항공사별 노선별 운송실적_20231231.csv
2023,12,ICN,FUK,ICN-FUK,,,,LJ,진 에어,도착,0.0,16581.0,False,True,인천국제공항공사_항공사별 노선별 운송실적_20231231.csv
2023,12,ICN,FUK,ICN-FUK,,,,LJ,진 에어,출발,0.0,16484.0,False,True,인천국제공항공사_항공사별 노선별 운송실적_20231231.csv
2023,12,ICN,FUK,ICN-FUK,,,,TW,티웨이항공,도착,0.0,16717.0,True,True,인천국제공항공사_항공사별 노선별 운송실적_20231231.csv
2023,12,ICN,FUK,ICN-FUK,,,,TW,티웨이항공,출발,0.0,16541.0,True,True,인천국제공항공사_항공사별 노선별 운송실적_20231231.csv
2023,12,ICN,HIJ,ICN-HIJ,,,,7C,제주항공,도착,0.0,4943.0,True,True,인천국제공항공사_항공사별 노선별 운송실적_20231231.csv
2023,12,ICN,HIJ,ICN-HIJ,,,,7C,제주항공,출발,0.0,4614.0,True,True,인천국제공항공사_항공사별 노선별 운송실적_20231231.csv
2023,12,ICN,HND,ICN-HND,,,,KE,대한항공,도착,0.0,3030.0,False,True,인천국제공항공사_항공사별 노선별 운송실적_20231231.csv
2023,12,ICN,HND,ICN-HND,,,,KE,대한항공,도착,0.0,452.0,False,True,인천국제공항공사_항공사별 노선별 운송실적_20231231.csv
2023,12,ICN,HND,ICN-HND,,,,KE,대한항공,출발,0.0,3708.0,False,True,인천국제공항공사_항공사별 노선별 운송실적_20231231.csv
2023,12,ICN,HND,ICN-HND,,,,MM,피치 항공,도착,0.0,5464.0,True,True,인천국제공항공사_항공사별 노선별 운송실적_20231231.csv
2023,12,ICN,HND,ICN-HND,,,,MM,피치 항공,출발,0.0,5045.0,True,True,인천국제공항공사_항공사별 노선별 운송실적_20231231.csv
2023,12,ICN,KIJ,ICN-KIJ,,,,KE,대한항공,도착,0.0,1169.0,False,True,인천국제공항공사_항공사별 노선별 운송실적_20231231.csv
2023,12,ICN,KIJ,ICN-KIJ,,,,KE,대한항공,출발,0.0,1318.0,False,True,인천국제공항공사_항공사별 노선별 운송실적_20231231.csv
2023,12,ICN,KIX,ICN-KIX,,,,KE,대한항공,도착,0.0,19048.0,False,True,인천국제공항공사_항공사별 노선별 운송실적_20231231.csv
2023,12,ICN,KIX,ICN-KIX,,,,KE,대한항공,출발,0.0,20220.0,False,True,인천국제공항공사_항공사별 노선별 운송실적_20231231.csv
2023,12,ICN,KIX,ICN-KIX,,,,OZ,아시아나항공,도착,0.0,20381.0,False,True,인천국제공항공사_항공사별 노선별 운송실적_20231231.csv
2023,12,ICN,KIX,ICN-KIX,,,,OZ,아시아나항공,출발,0.0,20598.0,False,True,인천국제공항공사_항공사별 노선별 운송실적_20231231.csv
2023,12,ICN,KIX,ICN-KIX,,,,BX,에어 부산,도착,0.0,16771.0,False,True,인천국제공항공사_항공사별 노선별 운송실적_20231231.csv
2023,12,ICN,KIX,ICN-KIX,,,,BX,에어 부산,출발,0.0,16913.0,False,True,인천국제공항공사_항공사별 노선별 운송실적_20231231.csv
2023,12,ICN,KIX,ICN-KIX,,,,RF,에어로케이,도착,0.0,157.0,True,True,인천국제공항공사_항공사별 노선별 운송실적_20231231.csv
2023,12,ICN,KIX,ICN-KIX,,,,RS,에어서울,도착,0.0,11559.0,True,True,인천국제공항공사_항공사별 노선별 운송실적_20231231.csv
2023,12,ICN,KIX,ICN-KIX,,,,RS,에어서울,도착,0.0,4738.0,True,True,인천국제공항공사_항공사별 노선별 운송실적_20231231.csv
2023,12,ICN,KIX,ICN-KIX,,,,RS,에어서울,출발,0.0,12153.0,True,True,인천국제공항공사_항공사별 노선별 운송실적_20231231.csv
2023,12,ICN,KIX,ICN-KIX,,,,RS,에어서울,출발,0.0,4881.0,True,True,인천국제공항공사_항공사별 노선별 운송실적_20231231.csv
2023,12,ICN,KIX,ICN-KIX,,,,ZE,이스타 항공,도착,0.0,10650.0,True,True,인천국제공항공사_항공사별 노선별 운송실적_20231231.csv
2023,12,ICN,KIX,ICN-KIX,,,,ZE,이스타 항공,출발,0.0,10938.0,True,True,인천국제공항공사_항공사별 노선별 운송실적_20231231.csv
2023,12,ICN,KIX,ICN-KIX,,,,7C,제주항공,도착,0.0,20439.0,True,True,인천국제공항공사_항공사별 노선별 운송실적_20231231.csv
2023,12,ICN,KIX,ICN-KIX,,,,7C,제주항공,도착,0.0,712.0,True,True,인천국제공항공사_항공사별 노선별 운송실적_20231231.csv
2023,12,ICN,KIX,ICN-KIX,,,,7C,제주항공,출발,0.0,20028.0,True,True,인천국제공항공사_항공사별 노선별 운송실적_20231231.csv
2023,12,ICN,KIX,ICN-KIX,,,,7C,제주항공,출발,0.0,685.0,True,True,인천국제공항공사_항공사별 노선별 운송실적_20231231.csv
2023,12,ICN,KIX,ICN-KIX,,,,LJ,진 에어,도착,0.0,28791.0,False,True,인천국제공항공사_항공사별 노선별 운송실적_20231231.csv
2023,12,ICN,KIX,ICN-KIX,,,,LJ,진 에어,도착,0.0,4012.0,False,True,인천국제공항공사_항공사별 노선별 운송실적_20231231.csv
2023,12,ICN,KIX,ICN-KIX,,,,LJ,진 에어,출발,0.0,30178.0,False,True,인천국제공항공사_항공사별 노선별 운송실적_20231231.csv
2023,12,ICN,KIX,ICN-KIX,,,,LJ,진 에어,출발,0.0,4076.0,False,True,인천국제공항공사_항공사별 노선별 운송실적_20231231.csv
2023,12,ICN,KIX,ICN-KIX,,,,TW,티웨이항공,도착,0.0,20973.0,True,True,인천국제공항공사_항공사별 노선별 운송실적_20231231.csv
2023,12,ICN,KIX,ICN-KIX,,,,TW,티웨이항공,출발,0.0,21376.0,True,True,인천국제공항공사_항공사별 노선별 운송실적_20231231.csv
2023,12,ICN,KIX,ICN-KIX,,,,MM,피치 항공,도착,0.0,21884.0,True,True,인천국제공항공사_항공사별 노선별 운송실적_20231231.csv
2023,12,ICN,KIX,ICN-KIX,,,,MM,피치 항공,출발,0.0,21006.0,True,True,인천국제공항공사_항공사별 노선별 운송실적_20231231.csv
2023,12,ICN,KKJ,ICN-KKJ,,,,LJ,진 에어,도착,0.0,4860.0,False,True,인천국제공항공사_항공사별 노선별 운송실적_20231231.csv
2023,12,ICN,KKJ,ICN-KKJ,,,,LJ,진 에어,출발,0.0,5123.0,False,True,인천국제공항공사_항공사별 노선별 운송실적_20231231.csv
2023,12,ICN,KMI,ICN-KMI,,,,OZ,아시아나항공,도착,0.0,2164.0,False,True,인천국제공항공사_항공사별 노선별 운송실적_20231231.csv
2023,12,ICN,KMI,ICN-KMI,,,,OZ,아시아나항공,출발,0.0,2141.0,False,True,인천국제공항공사_항공사별 노선별 운송실적_20231231.csv
2023,12,ICN,KMJ,ICN-KMJ,,,,TW,티웨이항공,도착,0.0,4607.0,True,True,인천국제공항공사_항공사별 노선별 운송실적_20231231.csv
2023,12,ICN,KMJ,ICN-KMJ,,,,TW,티웨이항공,출발,0.0,4765.0,True,True,인천국제공항공사_항공사별 노선별 운송실적_20231231.csv
2023,12,ICN,KOJ,ICN-KOJ,,,,KE,대한항공,도착,0.0,2121.0,False,True,인천국제공항공사_항공사별 노선별 운송실적_20231231.csv
2023,12,ICN,KOJ,ICN-KOJ,,,,KE,대한항공,출발,0.0,2227.0,False,True,인천국제공항공사_항공사별 노선별 운송실적_20231231.csv
2023,12,ICN,MYJ,ICN-MYJ,,,,7C,제주항공,도착,0.0,5464.0,True,True,인천국제공항공사_항공사별 노선별 운송실적_20231231.csv
2023,12,ICN,MYJ,ICN-MYJ,,,,7C,제주항공,출발,0.0,5314.0,True,True,인천국제공항공사_항공사별 노선별 운송실적_20231231.csv
2023,12,ICN,NGO,ICN-NGO,,,,KE,대한항공,도착,0.0,8057.0,False,True,인천국제공항공사_항공사별 노선별 운송실적_20231231.csv
2023,12,ICN,NGO,ICN-NGO,,,,KE,대한항공,출발,0.0,9837.0,False,True,인천국제공항공사_항공사별 노선별 운송실적_20231231.csv
2023,12,ICN,NGO,ICN-NGO,,,,OZ,아시아나항공,도착,0.0,7493.0,False,True,인천국제공항공사_항공사별 노선별 운송실적_20231231.csv
2023,12,ICN,NGO,ICN-NGO,,,,OZ,아시아나항공,출발,0.0,7317.0,False,True,인천국제공항공사_항공사별 노선별 운송실적_20231231.csv
2023,12,ICN,NGO,ICN-NGO,,,,7C,제주항공,도착,0.0,10818.0,True,True,인천국제공항공사_항공사별 노선별 운송실적_20231231.csv
2023,12,ICN,NGO,ICN-NGO,,,,7C,제주항공,출발,0.0,10389.0,True,True,인천국제공항공사_항공사별 노선별 운송실적_20231231.csv
2023,12,ICN,NGO,ICN-NGO,,,,LJ,진 에어,도착,0.0,9435.0,False,True,인천국제공항공사_항공사별 노선별 운송실적_20231231.csv
2023,12,ICN,NGO,ICN-NGO,,,,LJ,진 에어,출발,0.0,9711.0,False,True,인천국제공항공사_항공사별 노선별 운송실적_20231231.csv
2023,12,ICN,NRT,ICN-NRT,,,,KE,대한항공,도착,0.0,18214.0,False,True,인천국제공항공사_항공사별 노선별 운송실적_20231231.csv
2023,12,ICN,NRT,ICN-NRT,,,,KE,대한항공,출발,0.0,18378.0,False,True,인천국제공항공사_항공사별 노선별 운송실적_20231231.csv
2023,12,ICN,NRT,ICN-NRT,,,,OZ,아시아나항공,도착,0.0,27967.0,False,True,인천국제공항공사_항공사별 노선별 운송실적_20231231.csv
2023,12,ICN,NRT,ICN-NRT,,,,OZ,아시아나항공,출발,0.0,28576.0,False,True,인천국제공항공사_항공사별 노선별 운송실적_20231231.csv
2023,12,ICN,NRT,ICN-NRT,,,,BX,에어 부산,도착,0.0,11162.0,False,True,인천국제공항공사_항공사별 노선별 운송실적_20231231.csv
2023,12,ICN,NRT,ICN-NRT,,,,BX,에어 부산,출발,0.0,10558.0,False,True,인천국제공항공사_항공사별 노선별 운송실적_20231231.csv
2023,12,ICN,NRT,ICN-NRT,,,,YP,에어 프레미아,도착,0.0,6519.0,False,True,인천국제공항공사_항공사별 노선별 운송실적_20231231.csv
2023,12,ICN,NRT,ICN-NRT,,,,YP,에어 프레미아,출발,0.0,6589.0,False,True,인천국제공항공사_항공사별 노선별 운송실적_20231231.csv
2023,12,ICN,NRT,ICN-NRT,,,,RS,에어서울,도착,0.0,17260.0,True,True,인천국제공항공사_항공사별 노선별 운송실적_20231231.csv
2023,12,ICN,NRT,ICN-NRT,,,,RS,에어서울,출발,0.0,17196.0,True,True,인천국제공항공사_항공사별 노선별 운송실적_20231231.csv
2023,12,ICN,NRT,ICN-NRT,,,,ET,에티오피아 항공,도착,0.0,1888.0,False,True,인천국제공항공사_항공사별 노선별 운송실적_20231231.csv
2023,12,ICN,NRT,ICN-NRT,,,,ET,에티오피아 항공,출발,0.0,1473.0,False,True,인천국제공항공사_항공사별 노선별 운송실적_20231231.csv
2023,12,ICN,NRT,ICN-NRT,,,,ZE,이스타 항공,도착,0.0,12245.0,True,True,인천국제공항공사_항공사별 노선별 운송실적_20231231.csv
2023,12,ICN,NRT,ICN-NRT,,,,ZE,이스타 항공,출발,0.0,12293.0,True,True,인천국제공항공사_항공사별 노선별 운송실적_20231231.csv
2023,12,ICN,NRT,ICN-NRT,,,,7C,제주항공,도착,0.0,24286.0,True,True,인천국제공항공사_항공사별 노선별 운송실적_20231231.csv
2023,12,ICN,NRT,ICN-NRT,,,,7C,제주항공,출발,0.0,23802.0,True,True,인천국제공항공사_항공사별 노선별 운송실적_20231231.csv
2023,12,ICN,NRT,ICN-NRT,,,,LJ,진 에어,도착,0.0,25391.0,False,True,인천국제공항공사_항공사별 노선별 운송실적_20231231.csv
2023,12,ICN,NRT,ICN-NRT,,,,LJ,진 에어,도착,0.0,4168.0,False,True,인천국제공항공사_항공사별 노선별 운송실적_20231231.csv
2023,12,ICN,NRT,ICN-NRT,,,,LJ,진 에어,출발,0.0,25526.0,False,True,인천국제공항공사_항공사별 노선별 운송실적_20231231.csv
2023,12,ICN,NRT,ICN-NRT,,,,LJ,진 에어,출발,0.0,4269.0,False,True,인천국제공항공사_항공사별 노선별 운송실적_20231231.csv
2023,12,ICN,NRT,ICN-NRT,,,,ZG,집에어 도쿄,도착,0.0,6706.0,True,True,인천국제공항공사_항공사별 노선별 운송실적_20231231.csv
2023,12,ICN,NRT,ICN-NRT,,,,ZG,집에어 도쿄,출발,0.0,5998.0,True,True,인천국제공항공사_항공사별 노선별 운송실적_20231231.csv
2023,12,ICN,NRT,ICN-NRT,,,,TW,티웨이항공,도착,0.0,20539.0,True,True,인천국제공항공사_항공사별 노선별 운송실적_20231231.csv
2023,12,ICN,NRT,ICN-NRT,,,,TW,티웨이항공,출발,0.0,20790.0,True,True,인천국제공항공사_항공사별 노선별 운송실적_20231231.csv
2023,12,ICN,OIT,ICN-OIT,,,,7C,제주항공,도착,0.0,2319.0,True,True,인천국제공항공사_항공사별 노선별 운송실적_20231231.csv
2023,12,ICN,OIT,ICN-OIT,,,,7C,제주항공,출발,0.0,2317.0,True,True,인천국제공항공사_항공사별 노선별 운송실적_20231231.csv
2023,12,ICN,OKA,ICN-OKA,,,,KE,대한항공,도착,0.0,3612.0,False,True,인천국제공항공사_항공사별 노선별 운송실적_20231231.csv
2023,12,ICN,OKA,ICN-OKA,,,,KE,대한항공,출발,0.0,3634.0,False,True,인천국제공항공사_항공사별 노선별 운송실적_20231231.csv
2023,12,ICN,OKA,ICN-OKA,,,,OZ,아시아나항공,도착,0.0,7823.0,False,True,인천국제공항공사_항공사별 노선별 운송실적_20231231.csv
2023,12,ICN,OKA,ICN-OKA,,,,OZ,아시아나항공,출발,0.0,7849.0,False,True,인천국제공항공사_항공사별 노선별 운송실적_20231231.csv
2023,12,ICN,OKA,ICN-OKA,,,,7C,제주항공,도착,0.0,5258.0,True,True,인천국제공항공사_항공사별 노선별 운송실적_20231231.csv
2023,12,ICN,OKA,ICN-OKA,,,,7C,제주항공,출발,0.0,5365.0,True,True,인천국제공항공사_항공사별 노선별 운송실적_20231231.csv
2023,12,ICN,OKA,ICN-OKA,,,,LJ,진 에어,도착,0.0,5501.0,False,True,인천국제공항공사_항공사별 노선별 운송실적_20231231.csv
2023,12,ICN,OKA,ICN-OKA,,,,LJ,진 에어,출발,0.0,5572.0,False,True,인천국제공항공사_항공사별 노선별 운송실적_20231231.csv
2023,12,ICN,OKA,ICN-OKA,,,,TW,티웨이항공,도착,0.0,5644.0,True,True,인천국제공항공사_항공사별 노선별 운송실적_20231231.csv
2023,12,ICN,OKA,ICN-OKA,,,,TW,티웨이항공,출발,0.0,5526.0,True,True,인천국제공항공사_항공사별 노선별 운송실적_20231231.csv
2023,12,ICN,OKJ,ICN-OKJ,,,,KE,대한항공,도착,0.0,1373.0,False,True,인천국제공항공사_항공사별 노선별 운송실적_20231231.csv
2023,12,ICN,OKJ,ICN-OKJ,,,,KE,대한항공,출발,0.0,1715.0,False,True,인천국제공항공사_항공사별 노선별 운송실적_20231231.csv
2023,12,ICN,SDJ,ICN-SDJ,,,,OZ,아시아나항공,도착,0.0,1881.0,False,True,인천국제공항공사_항공사별 노선별 운송실적_20231231.csv
2023,12,ICN,SDJ,ICN-SDJ,,,,OZ,아시아나항공,도착,0.0,325.0,False,True,인천국제공항공사_항공사별 노선별 운송실적_20231231.csv
2023,12,ICN,SDJ,ICN-SDJ,,,,OZ,아시아나항공,출발,0.0,1865.0,False,True,인천국제공항공사_항공사별 노선별 운송실적_20231231.csv
2023,12,ICN,SDJ,ICN-SDJ,,,,OZ,아시아나항공,출발,0.0,452.0,False,True,인천국제공항공사_항공사별 노선별 운송실적_20231231.csv
2023,12,ICN,TAK,ICN-TAK,,,,RS,에어서울,도착,0.0,5620.0,True,True,인천국제공항공사_항공사별 노선별 운송실적_20231231.csv
2023,12,ICN,TAK,ICN-TAK,,,,RS,에어서울,출발,0.0,5569.0,True,True,인천국제공항공사_항공사별 노선별 운송실적_20231231.csv
2023,12,ICN,YGJ,ICN-YGJ,,,,RS,에어서울,도착,0.0,2543.0,True,True,인천국제공항공사_항공사별 노선별 운송실적_20231231.csv
2023,12,ICN,YGJ,ICN-YGJ,,,,RS,에어서울,출발,0.0,2583.0,True,True,인천국제공항공사_항공사별 노선별 운송실적_20231231.csv
2024,1,ICN,AOJ,ICN-AOJ,,,,KE,대한항공,도착,0.0,475.0,False,True,인천국제공항공사_항공사별 노선별 운송실적_20241231.csv
2024,1,ICN,AOJ,ICN-AOJ,,,,KE,대한항공,출발,0.0,577.0,False,True,인천국제공항공사_항공사별 노선별 운송실적_20241231.csv
2024,1,ICN,CTS,ICN-CTS,,,,KE,대한항공,도착,0.0,10387.0,False,True,인천국제공항공사_항공사별 노선별 운송실적_20241231.csv
2024,1,ICN,CTS,ICN-CTS,,,,KE,대한항공,도착,0.0,935.0,False,True,인천국제공항공사_항공사별 노선별 운송실적_20241231.csv
2024,1,ICN,CTS,ICN-CTS,,,,KE,대한항공,출발,0.0,10895.0,False,True,인천국제공항공사_항공사별 노선별 운송실적_20241231.csv
2024,1,ICN,CTS,ICN-CTS,,,,KE,대한항공,출발,0.0,913.0,False,True,인천국제공항공사_항공사별 노선별 운송실적_20241231.csv
2024,1,ICN,CTS,ICN-CTS,,,,OZ,아시아나항공,도착,0.0,8486.0,False,True,인천국제공항공사_항공사별 노선별 운송실적_20241231.csv
2024,1,ICN,CTS,ICN-CTS,,,,OZ,아시아나항공,출발,0.0,9392.0,False,True,인천국제공항공사_항공사별 노선별 운송실적_20241231.csv
2024,1,ICN,CTS,ICN-CTS,,,,BX,에어 부산,도착,0.0,6855.0,False,True,인천국제공항공사_항공사별 노선별 운송실적_20241231.csv
2024,1,ICN,CTS,ICN-CTS,,,,BX,에어 부산,도착,0.0,227.0,False,True,인천국제공항공사_항공사별 노선별 운송실적_20241231.csv
2024,1,ICN,CTS,ICN-CTS,,,,BX,에어 부산,출발,0.0,7076.0,False,True,인천국제공항공사_항공사별 노선별 운송실적_20241231.csv
2024,1,ICN,CTS,ICN-CTS,,,,7C,제주항공,도착,0.0,10936.0,True,True,인천국제공항공사_항공사별 노선별 운송실적_20241231.csv
2024,1,ICN,CTS,ICN-CTS,,,,7C,제주항공,출발,0.0,10946.0,True,True,인천국제공항공사_항공사별 노선별 운송실적_20241231.csv
2024,1,ICN,CTS,ICN-CTS,,,,LJ,진 에어,도착,0.0,15138.0,False,True,인천국제공항공사_항공사별 노선별 운송실적_20241231.csv
2024,1,ICN,CTS,ICN-CTS,,,,LJ,진 에어,출발,0.0,15220.0,False,True,인천국제공항공사_항공사별 노선별 운송실적_20241231.csv
2024,1,ICN,CTS,ICN-CTS,,,,TW,티웨이항공,도착,0.0,10019.0,True,True,인천국제공항공사_항공사별 노선별 운송실적_20241231.csv
2024,1,ICN,CTS,ICN-CTS,,,,TW,티웨이항공,출발,0.0,10020.0,True,True,인천국제공항공사_항공사별 노선별 운송실적_20241231.csv
2024,1,ICN,FSZ,ICN-FSZ,,,,7C,제주항공,도착,0.0,4656.0,True,True,인천국제공항공사_항공사별 노선별 운송실적_20241231.csv
2024,1,ICN,FSZ,ICN-FSZ,,,,7C,제주항공,출발,0.0,4964.0,True,True,인천국제공항공사_항공사별 노선별 운송실적_20241231.csv
2024,1,ICN,FUK,ICN-FUK,,,,KE,대한항공,도착,0.0,21464.0,False,True,인천국제공항공사_항공사별 노선별 운송실적_20241231.csv
2024,1,ICN,FUK,ICN-FUK,,,,KE,대한항공,출발,0.0,21788.0,False,True,인천국제공항공사_항공사별 노선별 운송실적_20241231.csv
2024,1,ICN,FUK,ICN-FUK,,,,OZ,아시아나항공,도착,0.0,19672.0,False,True,인천국제공항공사_항공사별 노선별 운송실적_20241231.csv
2024,1,ICN,FUK,ICN-FUK,,,,OZ,아시아나항공,출발,0.0,19520.0,False,True,인천국제공항공사_항공사별 노선별 운송실적_20241231.csv
2024,1,ICN,FUK,ICN-FUK,,,,BX,에어 부산,도착,0.0,12648.0,False,True,인천국제공항공사_항공사별 노선별 운송실적_20241231.csv
2024,1,ICN,FUK,ICN-FUK,,,,BX,에어 부산,출발,0.0,13398.0,False,True,인천국제공항공사_항공사별 노선별 운송실적_20241231.csv
2024,1,ICN,FUK,ICN-FUK,,,,RS,에어서울,도착,0.0,11387.0,True,True,인천국제공항공사_항공사별 노선별 운송실적_20241231.csv
2024,1,ICN,FUK,ICN-FUK,,,,RS,에어서울,출발,0.0,11983.0,True,True,인천국제공항공사_항공사별 노선별 운송실적_20241231.csv
2024,1,ICN,FUK,ICN-FUK,,,,ZE,이스타 항공,도착,0.0,10143.0,True,True,인천국제공항공사_항공사별 노선별 운송실적_20241231.csv
2024,1,ICN,FUK,ICN-FUK,,,,ZE,이스타 항공,출발,0.0,10298.0,True,True,인천국제공항공사_항공사별 노선별 운송실적_20241231.csv
2024,1,ICN,FUK,ICN-FUK,,,,7C,제주항공,도착,0.0,23136.0,True,True,인천국제공항공사_항공사별 노선별 운송실적_20241231.csv
2024,1,ICN,FUK,ICN-FUK,,,,7C,제주항공,도착,0.0,185.0,True,True,인천국제공항공사_항공사별 노선별 운송실적_20241231.csv
2024,1,ICN,FUK,ICN-FUK,,,,7C,제주항공,출발,0.0,23975.0,True,True,인천국제공항공사_항공사별 노선별 운송실적_20241231.csv
2024,1,ICN,FUK,ICN-FUK,,,,7C,제주항공,출발,0.0,180.0,True,True,인천국제공항공사_항공사별 노선별 운송실적_20241231.csv
2024,1,ICN,FUK,ICN-FUK,,,,LJ,진 에어,도착,0.0,16569.0,False,True,인천국제공항공사_항공사별 노선별 운송실적_20241231.csv
2024,1,ICN,FUK,ICN-FUK,,,,LJ,진 에어,출발,0.0,16669.0,False,True,인천국제공항공사_항공사별 노선별 운송실적_20241231.csv
2024,1,ICN,FUK,ICN-FUK,,,,TW,티웨이항공,도착,0.0,16451.0,True,True,인천국제공항공사_항공사별 노선별 운송실적_20241231.csv
2024,1,ICN,FUK,ICN-FUK,,,,TW,티웨이항공,출발,0.0,16727.0,True,True,인천국제공항공사_항공사별 노선별 운송실적_20241231.csv
2024,1,ICN,HIJ,ICN-HIJ,,,,7C,제주항공,도착,0.0,7215.0,True,True,인천국제공항공사_항공사별 노선별 운송실적_20241231.csv
2024,1,ICN,HIJ,ICN-HIJ,,,,7C,제주항공,출발,0.0,7673.0,True,True,인천국제공항공사_항공사별 노선별 운송실적_20241231.csv
2024,1,ICN,HND,ICN-HND,,,,KE,대한항공,도착,0.0,2720.0,False,True,인천국제공항공사_항공사별 노선별 운송실적_20241231.csv
2024,1,ICN,HND,ICN-HND,,,,KE,대한항공,도착,0.0,113.0,False,True,인천국제공항공사_항공사별 노선별 운송실적_20241231.csv
2024,1,ICN,HND,ICN-HND,,,,KE,대한항공,출발,0.0,2707.0,False,True,인천국제공항공사_항공사별 노선별 운송실적_20241231.csv
2024,1,ICN,HND,ICN-HND,,,,OZ,아시아나항공,도착,0.0,3432.0,False,True,인천국제공항공사_항공사별 노선별 운송실적_20241231.csv
2024,1,ICN,HND,ICN-HND,,,,OZ,아시아나항공,도착,0.0,534.0,False,True,인천국제공항공사_항공사별 노선별 운송실적_20241231.csv
2024,1,ICN,HND,ICN-HND,,,,OZ,아시아나항공,출발,0.0,3455.0,False,True,인천국제공항공사_항공사별 노선별 운송실적_20241231.csv
2024,1,ICN,HND,ICN-HND,,,,MM,피치 항공,도착,0.0,5349.0,True,True,인천국제공항공사_항공사별 노선별 운송실적_20241231.csv
2024,1,ICN,HND,ICN-HND,,,,MM,피치 항공,출발,0.0,5319.0,True,True,인천국제공항공사_항공사별 노선별 운송실적_20241231.csv
2024,1,ICN,KIJ,ICN-KIJ,,,,KE,대한항공,도착,0.0,1022.0,False,True,인천국제공항공사_항공사별 노선별 운송실적_20241231.csv
2024,1,ICN,KIJ,ICN-KIJ,,,,KE,대한항공,출발,0.0,1279.0,False,True,인천국제공항공사_항공사별 노선별 운송실적_20241231.csv
2024,1,ICN,KIX,ICN-KIX,,,,KE,대한항공,도착,0.0,18319.0,False,True,인천국제공항공사_항공사별 노선별 운송실적_20241231.csv
2024,1,ICN,KIX,ICN-KIX,,,,KE,대한항공,출발,0.0,20103.0,False,True,인천국제공항공사_항공사별 노선별 운송실적_20241231.csv
2024,1,ICN,KIX,ICN-KIX,,,,OZ,아시아나항공,도착,0.0,20657.0,False,True,인천국제공항공사_항공사별 노선별 운송실적_20241231.csv
2024,1,ICN,KIX,ICN-KIX,,,,OZ,아시아나항공,도착,0.0,359.0,False,True,인천국제공항공사_항공사별 노선별 운송실적_20241231.csv
2024,1,ICN,KIX,ICN-KIX,,,,OZ,아시아나항공,출발,0.0,20362.0,False,True,인천국제공항공사_항공사별 노선별 운송실적_20241231.csv
2024,1,ICN,KIX,ICN-KIX,,,,OZ,아시아나항공,출발,0.0,518.0,False,True,인천국제공항공사_항공사별 노선별 운송실적_20241231.csv
2024,1,ICN,KIX,ICN-KIX,,,,BX,에어 부산,도착,0.0,17269.0,False,True,인천국제공항공사_항공사별 노선별 운송실적_20241231.csv
2024,1,ICN,KIX,ICN-KIX,,,,BX,에어 부산,출발,0.0,18687.0,False,True,인천국제공항공사_항공사별 노선별 운송실적_20241231.csv
2024,1,ICN,KIX,ICN-KIX,,,,RS,에어서울,도착,0.0,16626.0,True,True,인천국제공항공사_항공사별 노선별 운송실적_20241231.csv
2024,1,ICN,KIX,ICN-KIX,,,,RS,에어서울,출발,0.0,18253.0,True,True,인천국제공항공사_항공사별 노선별 운송실적_20241231.csv
2024,1,ICN,KIX,ICN-KIX,,,,ZE,이스타 항공,도착,0.0,10331.0,True,True,인천국제공항공사_항공사별 노선별 운송실적_20241231.csv
2024,1,ICN,KIX,ICN-KIX,,,,ZE,이스타 항공,출발,0.0,10914.0,True,True,인천국제공항공사_항공사별 노선별 운송실적_20241231.csv
2024,1,ICN,KIX,ICN-KIX,,,,7C,제주항공,도착,0.0,21672.0,True,True,인천국제공항공사_항공사별 노선별 운송실적_20241231.csv
2024,1,ICN,KIX,ICN-KIX,,,,7C,제주항공,출발,0.0,21911.0,True,True,인천국제공항공사_항공사별 노선별 운송실적_20241231.csv
2024,1,ICN,KIX,ICN-KIX,,,,LJ,진 에어,도착,0.0,30318.0,False,True,인천국제공항공사_항공사별 노선별 운송실적_20241231.csv
2024,1,ICN,KIX,ICN-KIX,,,,LJ,진 에어,출발,0.0,31713.0,False,True,인천국제공항공사_항공사별 노선별 운송실적_20241231.csv
2024,1,ICN,KIX,ICN-KIX,,,,TW,티웨이항공,도착,0.0,20796.0,True,True,인천국제공항공사_항공사별 노선별 운송실적_20241231.csv
2024,1,ICN,KIX,ICN-KIX,,,,TW,티웨이항공,출발,0.0,21341.0,True,True,인천국제공항공사_항공사별 노선별 운송실적_20241231.csv
2024,1,ICN,KIX,ICN-KIX,,,,MM,피치 항공,도착,0.0,21273.0,True,True,인천국제공항공사_항공사별 노선별 운송실적_20241231.csv
2024,1,ICN,KIX,ICN-KIX,,,,MM,피치 항공,출발,0.0,21544.0,True,True,인천국제공항공사_항공사별 노선별 운송실적_20241231.csv
2024,1,ICN,KKJ,ICN-KKJ,,,,LJ,진 에어,도착,0.0,4196.0,False,True,인천국제공항공사_항공사별 노선별 운송실적_20241231.csv
2024,1,ICN,KKJ,ICN-KKJ,,,,LJ,진 에어,출발,0.0,4871.0,False,True,인천국제공항공사_항공사별 노선별 운송실적_20241231.csv
2024,1,ICN,KMI,ICN-KMI,,,,OZ,아시아나항공,도착,0.0,1898.0,False,True,인천국제공항공사_항공사별 노선별 운송실적_20241231.csv
2024,1,ICN,KMI,ICN-KMI,,,,OZ,아시아나항공,출발,0.0,2062.0,False,True,인천국제공항공사_항공사별 노선별 운송실적_20241231.csv
2024,1,ICN,KMJ,ICN-KMJ,,,,TW,티웨이항공,도착,0.0,4499.0,True,True,인천국제공항공사_항공사별 노선별 운송실적_20241231.csv
2024,1,ICN,KMJ,ICN-KMJ,,,,TW,티웨이항공,출발,0.0,4761.0,True,True,인천국제공항공사_항공사별 노선별 운송실적_20241231.csv
2024,1,ICN,KOJ,ICN-KOJ,,,,KE,대한항공,도착,0.0,1871.0,False,True,인천국제공항공사_항공사별 노선별 운송실적_20241231.csv
2024,1,ICN,KOJ,ICN-KOJ,,,,KE,대한항공,도착,0.0,1469.0,False,True,인천국제공항공사_항공사별 노선별 운송실적_20241231.csv
2024,1,ICN,KOJ,ICN-KOJ,,,,KE,대한항공,출발,0.0,2205.0,False,True,인천국제공항공사_항공사별 노선별 운송실적_20241231.csv
2024,1,ICN,KOJ,ICN-KOJ,,,,KE,대한항공,출발,0.0,1642.0,False,True,인천국제공항공사_항공사별 노선별 운송실적_20241231.csv
2024,1,ICN,MYJ,ICN-MYJ,,,,7C,제주항공,도착,0.0,5035.0,True,True,인천국제공항공사_항공사별 노선별 운송실적_20241231.csv
2024,1,ICN,MYJ,ICN-MYJ,,,,7C,제주항공,출발,0.0,5278.0,True,True,인천국제공항공사_항공사별 노선별 운송실적_20241231.csv
2024,1,ICN,NGO,ICN-NGO,,,,KE,대한항공,도착,0.0,7250.0,False,True,인천국제공항공사_항공사별 노선별 운송실적_20241231.csv
2024,1,ICN,NGO,ICN-NGO,,,,KE,대한항공,출발,0.0,8942.0,False,True,인천국제공항공사_항공사별 노선별 운송실적_20241231.csv
2024,1,ICN,NGO,ICN-NGO,,,,OZ,아시아나항공,도착,0.0,6944.0,False,True,인천국제공항공사_항공사별 노선별 운송실적_20241231.csv
2024,1,ICN,NGO,ICN-NGO,,,,OZ,아시아나항공,도착,0.0,106.0,False,True,인천국제공항공사_항공사별 노선별 운송실적_20241231.csv
2024,1,ICN,NGO,ICN-NGO,,,,OZ,아시아나항공,출발,0.0,7231.0,False,True,인천국제공항공사_항공사별 노선별 운송실적_20241231.csv
2024,1,ICN,NGO,ICN-NGO,,,,OZ,아시아나항공,출발,0.0,111.0,False,True,인천국제공항공사_항공사별 노선별 운송실적_20241231.csv
2024,1,ICN,NGO,ICN-NGO,,,,7C,제주항공,도착,0.0,9885.0,True,True,인천국제공항공사_항공사별 노선별 운송실적_20241231.csv
2024,1,ICN,NGO,ICN-NGO,,,,7C,제주항공,출발,0.0,10099.0,True,True,인천국제공항공사_항공사별 노선별 운송실적_20241231.csv
2024,1,ICN,NGO,ICN-NGO,,,,LJ,진 에어,도착,0.0,9698.0,False,True,인천국제공항공사_항공사별 노선별 운송실적_20241231.csv
2024,1,ICN,NGO,ICN-NGO,,,,LJ,진 에어,출발,0.0,10244.0,False,True,인천국제공항공사_항공사별 노선별 운송실적_20241231.csv
2024,1,ICN,NRT,ICN-NRT,,,,KE,대한항공,도착,0.0,15992.0,False,True,인천국제공항공사_항공사별 노선별 운송실적_20241231.csv
2024,1,ICN,NRT,ICN-NRT,,,,KE,대한항공,출발,0.0,16912.0,False,True,인천국제공항공사_항공사별 노선별 운송실적_20241231.csv
2024,1,ICN,NRT,ICN-NRT,,,,OZ,아시아나항공,도착,0.0,26904.0,False,True,인천국제공항공사_항공사별 노선별 운송실적_20241231.csv
2024,1,ICN,NRT,ICN-NRT,,,,OZ,아시아나항공,출발,0.0,27756.0,False,True,인천국제공항공사_항공사별 노선별 운송실적_20241231.csv
2024,1,ICN,NRT,ICN-NRT,,,,BX,에어 부산,도착,0.0,11568.0,False,True,인천국제공항공사_항공사별 노선별 운송실적_20241231.csv
2024,1,ICN,NRT,ICN-NRT,,,,BX,에어 부산,출발,0.0,12435.0,False,True,인천국제공항공사_항공사별 노선별 운송실적_20241231.csv
2024,1,ICN,NRT,ICN-NRT,,,,YP,에어 프레미아,도착,0.0,7244.0,False,True,인천국제공항공사_항공사별 노선별 운송실적_20241231.csv
2024,1,ICN,NRT,ICN-NRT,,,,YP,에어 프레미아,출발,0.0,7710.0,False,True,인천국제공항공사_항공사별 노선별 운송실적_20241231.csv
2024,1,ICN,NRT,ICN-NRT,,,,RS,에어서울,도착,0.0,18115.0,True,True,인천국제공항공사_항공사별 노선별 운송실적_20241231.csv
2024,1,ICN,NRT,ICN-NRT,,,,RS,에어서울,출발,0.0,19830.0,True,True,인천국제공항공사_항공사별 노선별 운송실적_20241231.csv
2024,1,ICN,NRT,ICN-NRT,,,,ET,에티오피아 항공,도착,0.0,1612.0,False,True,인천국제공항공사_항공사별 노선별 운송실적_20241231.csv
2024,1,ICN,NRT,ICN-NRT,,,,ET,에티오피아 항공,출발,0.0,1556.0,False,True,인천국제공항공사_항공사별 노선별 운송실적_20241231.csv
2024,1,ICN,NRT,ICN-NRT,,,,ZE,이스타 항공,도착,0.0,11305.0,True,True,인천국제공항공사_항공사별 노선별 운송실적_20241231.csv
2024,1,ICN,NRT,ICN-NRT,,,,ZE,이스타 항공,출발,0.0,13155.0,True,True,인천국제공항공사_항공사별 노선별 운송실적_20241231.csv
2024,1,ICN,NRT,ICN-NRT,,,,7C,제주항공,도착,0.0,23508.0,True,True,인천국제공항공사_항공사별 노선별 운송실적_20241231.csv
2024,1,ICN,NRT,ICN-NRT,,,,7C,제주항공,출발,0.0,24700.0,True,True,인천국제공항공사_항공사별 노선별 운송실적_20241231.csv
2024,1,ICN,NRT,ICN-NRT,,,,LJ,진 에어,도착,0.0,29888.0,False,True,인천국제공항공사_항공사별 노선별 운송실적_20241231.csv
2024,1,ICN,NRT,ICN-NRT,,,,LJ,진 에어,출발,0.0,31221.0,False,True,인천국제공항공사_항공사별 노선별 운송실적_20241231.csv
2024,1,ICN,NRT,ICN-NRT,,,,ZG,집에어 도쿄,도착,0.0,6365.0,True,True,인천국제공항공사_항공사별 노선별 운송실적_20241231.csv
2024,1,ICN,NRT,ICN-NRT,,,,ZG,집에어 도쿄,출발,0.0,6709.0,True,True,인천국제공항공사_항공사별 노선별 운송실적_20241231.csv
2024,1,ICN,NRT,ICN-NRT,,,,TW,티웨이항공,도착,0.0,15866.0,True,True,인천국제공항공사_항공사별 노선별 운송실적_20241231.csv
2024,1,ICN,NRT,ICN-NRT,,,,TW,티웨이항공,출발,0.0,17041.0,True,True,인천국제공항공사_항공사별 노선별 운송실적_20241231.csv
2024,1,ICN,OIT,ICN-OIT,,,,KE,대한항공,도착,0.0,688.0,False,True,인천국제공항공사_항공사별 노선별 운송실적_20241231.csv
2024,1,ICN,OIT,ICN-OIT,,,,KE,대한항공,출발,0.0,805.0,False,True,인천국제공항공사_항공사별 노선별 운송실적_20241231.csv
2024,1,ICN,OIT,ICN-OIT,,,,7C,제주항공,도착,0.0,3090.0,True,True,인천국제공항공사_항공사별 노선별 운송실적_20241231.csv
2024,1,ICN,OIT,ICN-OIT,,,,7C,제주항공,출발,0.0,3377.0,True,True,인천국제공항공사_항공사별 노선별 운송실적_20241231.csv
2024,1,ICN,OKA,ICN-OKA,,,,KE,대한항공,도착,0.0,3701.0,False,True,인천국제공항공사_항공사별 노선별 운송실적_20241231.csv
2024,1,ICN,OKA,ICN-OKA,,,,KE,대한항공,출발,0.0,3834.0,False,True,인천국제공항공사_항공사별 노선별 운송실적_20241231.csv
2024,1,ICN,OKA,ICN-OKA,,,,OZ,아시아나항공,도착,0.0,7966.0,False,True,인천국제공항공사_항공사별 노선별 운송실적_20241231.csv
2024,1,ICN,OKA,ICN-OKA,,,,OZ,아시아나항공,출발,0.0,8310.0,False,True,인천국제공항공사_항공사별 노선별 운송실적_20241231.csv
2024,1,ICN,OKA,ICN-OKA,,,,7C,제주항공,도착,0.0,5036.0,True,True,인천국제공항공사_항공사별 노선별 운송실적_20241231.csv
2024,1,ICN,OKA,ICN-OKA,,,,7C,제주항공,출발,0.0,5170.0,True,True,인천국제공항공사_항공사별 노선별 운송실적_20241231.csv
2024,1,ICN,OKA,ICN-OKA,,,,LJ,진 에어,도착,0.0,5490.0,False,True,인천국제공항공사_항공사별 노선별 운송실적_20241231.csv
2024,1,ICN,OKA,ICN-OKA,,,,LJ,진 에어,출발,0.0,5675.0,False,True,인천국제공항공사_항공사별 노선별 운송실적_20241231.csv
2024,1,ICN,OKA,ICN-OKA,,,,TW,티웨이항공,도착,0.0,5679.0,True,True,인천국제공항공사_항공사별 노선별 운송실적_20241231.csv
2024,1,ICN,OKA,ICN-OKA,,,,TW,티웨이항공,출발,0.0,5696.0,True,True,인천국제공항공사_항공사별 노선별 운송실적_20241231.csv
2024,1,ICN,OKJ,ICN-OKJ,,,,KE,대한항공,도착,0.0,1179.0,False,True,인천국제공항공사_항공사별 노선별 운송실적_20241231.csv
2024,1,ICN,OKJ,ICN-OKJ,,,,KE,대한항공,출발,0.0,1455.0,False,True,인천국제공항공사_항공사별 노선별 운송실적_20241231.csv
2024,1,ICN,SDJ,ICN-SDJ,,,,OZ,아시아나항공,도착,0.0,2742.0,False,True,인천국제공항공사_항공사별 노선별 운송실적_20241231.csv
2024,1,ICN,SDJ,ICN-SDJ,,,,OZ,아시아나항공,출발,0.0,2996.0,False,True,인천국제공항공사_항공사별 노선별 운송실적_20241231.csv
2024,1,ICN,TAK,ICN-TAK,,,,RS,에어서울,도착,0.0,4930.0,True,True,인천국제공항공사_항공사별 노선별 운송실적_20241231.csv
2024,1,ICN,TAK,ICN-TAK,,,,RS,에어서울,출발,0.0,5306.0,True,True,인천국제공항공사_항공사별 노선별 운송실적_20241231.csv
2024,1,ICN,YGJ,ICN-YGJ,,,,RS,에어서울,도착,0.0,2246.0,True,True,인천국제공항공사_항공사별 노선별 운송실적_20241231.csv
2024,1,ICN,YGJ,ICN-YGJ,,,,RS,에어서울,출발,0.0,2314.0,True,True,인천국제공항공사_항공사별 노선별 운송실적_20241231.csv
2024,2,ICN,AOJ,ICN-AOJ,,,,KE,대한항공,도착,0.0,1289.0,False,True,인천국제공항공사_항공사별 노선별 운송실적_20241231.csv
2024,2,ICN,AOJ,ICN-AOJ,,,,KE,대한항공,출발,0.0,1305.0,False,True,인천국제공항공사_항공사별 노선별 운송실적_20241231.csv
2024,2,ICN,CTS,ICN-CTS,,,,KE,대한항공,도착,0.0,11362.0,False,True,인천국제공항공사_항공사별 노선별 운송실적_20241231.csv
2024,2,ICN,CTS,ICN-CTS,,,,KE,대한항공,도착,0.0,242.0,False,True,인천국제공항공사_항공사별 노선별 운송실적_20241231.csv
2024,2,ICN,CTS,ICN-CTS,,,,KE,대한항공,출발,0.0,10850.0,False,True,인천국제공항공사_항공사별 노선별 운송실적_20241231.csv
2024,2,ICN,CTS,ICN-CTS,,,,KE,대한항공,출발,0.0,508.0,False,True,인천국제공항공사_항공사별 노선별 운송실적_20241231.csv
2024,2,ICN,CTS,ICN-CTS,,,,OZ,아시아나항공,도착,0.0,8226.0,False,True,인천국제공항공사_항공사별 노선별 운송실적_20241231.csv
2024,2,ICN,CTS,ICN-CTS,,,,OZ,아시아나항공,출발,0.0,8806.0,False,True,인천국제공항공사_항공사별 노선별 운송실적_20241231.csv
2024,2,ICN,CTS,ICN-CTS,,,,BX,에어 부산,도착,0.0,6597.0,False,True,인천국제공항공사_항공사별 노선별 운송실적_20241231.csv
2024,2,ICN,CTS,ICN-CTS,,,,BX,에어 부산,출발,0.0,6595.0,False,True,인천국제공항공사_항공사별 노선별 운송실적_20241231.csv
2024,2,ICN,CTS,ICN-CTS,,,,7C,제주항공,도착,0.0,10408.0,True,True,인천국제공항공사_항공사별 노선별 운송실적_20241231.csv
2024,2,ICN,CTS,ICN-CTS,,,,7C,제주항공,출발,0.0,9780.0,True,True,인천국제공항공사_항공사별 노선별 운송실적_20241231.csv
2024,2,ICN,CTS,ICN-CTS,,,,LJ,진 에어,도착,0.0,13832.0,False,True,인천국제공항공사_항공사별 노선별 운송실적_20241231.csv
2024,2,ICN,CTS,ICN-CTS,,,,LJ,진 에어,출발,0.0,13613.0,False,True,인천국제공항공사_항공사별 노선별 운송실적_20241231.csv
2024,2,ICN,CTS,ICN-CTS,,,,TW,티웨이항공,도착,0.0,9799.0,True,True,인천국제공항공사_항공사별 노선별 운송실적_20241231.csv
2024,2,ICN,CTS,ICN-CTS,,,,TW,티웨이항공,출발,0.0,9560.0,True,True,인천국제공항공사_항공사별 노선별 운송실적_20241231.csv
2024,2,ICN,FSZ,ICN-FSZ,,,,7C,제주항공,도착,0.0,4934.0,True,True,인천국제공항공사_항공사별 노선별 운송실적_20241231.csv
2024,2,ICN,FSZ,ICN-FSZ,,,,7C,제주항공,출발,0.0,4471.0,True,True,인천국제공항공사_항공사별 노선별 운송실적_20241231.csv
2024,2,ICN,FUK,ICN-FUK,,,,KE,대한항공,도착,0.0,22179.0,False,True,인천국제공항공사_항공사별 노선별 운송실적_20241231.csv
2024,2,ICN,FUK,ICN-FUK,,,,KE,대한항공,출발,0.0,22094.0,False,True,인천국제공항공사_항공사별 노선별 운송실적_20241231.csv
2024,2,ICN,FUK,ICN-FUK,,,,OZ,아시아나항공,도착,0.0,19241.0,False,True,인천국제공항공사_항공사별 노선별 운송실적_20241231.csv
2024,2,ICN,FUK,ICN-FUK,,,,OZ,아시아나항공,출발,0.0,18973.0,False,True,인천국제공항공사_항공사별 노선별 운송실적_20241231.csv
2024,2,ICN,FUK,ICN-FUK,,,,BX,에어 부산,도착,0.0,12660.0,False,True,인천국제공항공사_항공사별 노선별 운송실적_20241231.csv
2024,2,ICN,FUK,ICN-FUK,,,,BX,에어 부산,출발,0.0,12680.0,False,True,인천국제공항공사_항공사별 노선별 운송실적_20241231.csv
2024,2,ICN,FUK,ICN-FUK,,,,RS,에어서울,도착,0.0,11677.0,True,True,인천국제공항공사_항공사별 노선별 운송실적_20241231.csv
2024,2,ICN,FUK,ICN-FUK,,,,RS,에어서울,출발,0.0,11665.0,True,True,인천국제공항공사_항공사별 노선별 운송실적_20241231.csv
2024,2,ICN,FUK,ICN-FUK,,,,ZE,이스타 항공,도착,0.0,10596.0,True,True,인천국제공항공사_항공사별 노선별 운송실적_20241231.csv
2024,2,ICN,FUK,ICN-FUK,,,,ZE,이스타 항공,출발,0.0,10171.0,True,True,인천국제공항공사_항공사별 노선별 운송실적_20241231.csv
2024,2,ICN,FUK,ICN-FUK,,,,7C,제주항공,도착,0.0,23300.0,True,True,인천국제공항공사_항공사별 노선별 운송실적_20241231.csv
2024,2,ICN,FUK,ICN-FUK,,,,7C,제주항공,출발,0.0,23050.0,True,True,인천국제공항공사_항공사별 노선별 운송실적_20241231.csv
2024,2,ICN,FUK,ICN-FUK,,,,LJ,진 에어,도착,0.0,16061.0,False,True,인천국제공항공사_항공사별 노선별 운송실적_20241231.csv
2024,2,ICN,FUK,ICN-FUK,,,,LJ,진 에어,출발,0.0,15971.0,False,True,인천국제공항공사_항공사별 노선별 운송실적_20241231.csv
2024,2,ICN,FUK,ICN-FUK,,,,TW,티웨이항공,도착,0.0,15901.0,True,True,인천국제공항공사_항공사별 노선별 운송실적_20241231.csv
2024,2,ICN,FUK,ICN-FUK,,,,TW,티웨이항공,출발,0.0,15665.0,True,True,인천국제공항공사_항공사별 노선별 운송실적_20241231.csv
2024,2,ICN,HIJ,ICN-HIJ,,,,7C,제주항공,도착,0.0,9542.0,True,True,인천국제공항공사_항공사별 노선별 운송실적_20241231.csv
2024,2,ICN,HIJ,ICN-HIJ,,,,7C,제주항공,출발,0.0,8981.0,True,True,인천국제공항공사_항공사별 노선별 운송실적_20241231.csv
2024,2,ICN,HND,ICN-HND,,,,KE,대한항공,도착,0.0,3530.0,False,True,인천국제공항공사_항공사별 노선별 운송실적_20241231.csv
2024,2,ICN,HND,ICN-HND,,,,KE,대한항공,도착,0.0,540.0,False,True,인천국제공항공사_항공사별 노선별 운송실적_20241231.csv
2024,2,ICN,HND,ICN-HND,,,,KE,대한항공,출발,0.0,3620.0,False,True,인천국제공항공사_항공사별 노선별 운송실적_20241231.csv
2024,2,ICN,HND,ICN-HND,,,,OZ,아시아나항공,도착,0.0,3233.0,False,True,인천국제공항공사_항공사별 노선별 운송실적_20241231.csv
2024,2,ICN,HND,ICN-HND,,,,OZ,아시아나항공,도착,0.0,293.0,False,True,인천국제공항공사_항공사별 노선별 운송실적_20241231.csv
2024,2,ICN,HND,ICN-HND,,,,OZ,아시아나항공,출발,0.0,3919.0,False,True,인천국제공항공사_항공사별 노선별 운송실적_20241231.csv
2024,2,ICN,HND,ICN-HND,,,,MM,피치 항공,도착,0.0,5200.0,True,True,인천국제공항공사_항공사별 노선별 운송실적_20241231.csv
2024,2,ICN,HND,ICN-HND,,,,MM,피치 항공,출발,0.0,5069.0,True,True,인천국제공항공사_항공사별 노선별 운송실적_20241231.csv
2024,2,ICN,KIJ,ICN-KIJ,,,,KE,대한항공,도착,0.0,1243.0,False,True,인천국제공항공사_항공사별 노선별 운송실적_20241231.csv
2024,2,ICN,KIJ,ICN-KIJ,,,,KE,대한항공,출발,0.0,1274.0,False,True,인천국제공항공사_항공사별 노선별 운송실적_20241231.csv
2024,2,ICN,KIX,ICN-KIX,,,,KE,대한항공,도착,0.0,21527.0,False,True,인천국제공항공사_항공사별 노선별 운송실적_20241231.csv
2024,2,ICN,KIX,ICN-KIX,,,,KE,대한항공,출발,0.0,21417.0,False,True,인천국제공항공사_항공사별 노선별 운송실적_20241231.csv
2024,2,ICN,KIX,ICN-KIX,,,,OZ,아시아나항공,도착,0.0,18884.0,False,True,인천국제공항공사_항공사별 노선별 운송실적_20241231.csv
2024,2,ICN,KIX,ICN-KIX,,,,OZ,아시아나항공,도착,0.0,435.0,False,True,인천국제공항공사_항공사별 노선별 운송실적_20241231.csv
2024,2,ICN,KIX,ICN-KIX,,,,OZ,아시아나항공,출발,0.0,19106.0,False,True,인천국제공항공사_항공사별 노선별 운송실적_20241231.csv
2024,2,ICN,KIX,ICN-KIX,,,,OZ,아시아나항공,출발,0.0,537.0,False,True,인천국제공항공사_항공사별 노선별 운송실적_20241231.csv
2024,2,ICN,KIX,ICN-KIX,,,,BX,에어 부산,도착,0.0,18867.0,False,True,인천국제공항공사_항공사별 노선별 운송실적_20241231.csv
2024,2,ICN,KIX,ICN-KIX,,,,BX,에어 부산,출발,0.0,18485.0,False,True,인천국제공항공사_항공사별 노선별 운송실적_20241231.csv
2024,2,ICN,KIX,ICN-KIX,,,,RS,에어서울,도착,0.0,17153.0,True,True,인천국제공항공사_항공사별 노선별 운송실적_20241231.csv
2024,2,ICN,KIX,ICN-KIX,,,,RS,에어서울,출발,0.0,16837.0,True,True,인천국제공항공사_항공사별 노선별 운송실적_20241231.csv
2024,2,ICN,KIX,ICN-KIX,,,,ZE,이스타 항공,도착,0.0,10575.0,True,True,인천국제공항공사_항공사별 노선별 운송실적_20241231.csv
2024,2,ICN,KIX,ICN-KIX,,,,ZE,이스타 항공,출발,0.0,10502.0,True,True,인천국제공항공사_항공사별 노선별 운송실적_20241231.csv
2024,2,ICN,KIX,ICN-KIX,,,,7C,제주항공,도착,0.0,21139.0,True,True,인천국제공항공사_항공사별 노선별 운송실적_20241231.csv
2024,2,ICN,KIX,ICN-KIX,,,,7C,제주항공,출발,0.0,20854.0,True,True,인천국제공항공사_항공사별 노선별 운송실적_20241231.csv
2024,2,ICN,KIX,ICN-KIX,,,,LJ,진 에어,도착,0.0,29431.0,False,True,인천국제공항공사_항공사별 노선별 운송실적_20241231.csv
2024,2,ICN,KIX,ICN-KIX,,,,LJ,진 에어,도착,0.0,346.0,False,True,인천국제공항공사_항공사별 노선별 운송실적_20241231.csv
2024,2,ICN,KIX,ICN-KIX,,,,LJ,진 에어,출발,0.0,29373.0,False,True,인천국제공항공사_항공사별 노선별 운송실적_20241231.csv
2024,2,ICN,KIX,ICN-KIX,,,,LJ,진 에어,출발,0.0,376.0,False,True,인천국제공항공사_항공사별 노선별 운송실적_20241231.csv
2024,2,ICN,KIX,ICN-KIX,,,,TW,티웨이항공,도착,0.0,20257.0,True,True,인천국제공항공사_항공사별 노선별 운송실적_20241231.csv
2024,2,ICN,KIX,ICN-KIX,,,,TW,티웨이항공,출발,0.0,19985.0,True,True,인천국제공항공사_항공사별 노선별 운송실적_20241231.csv
2024,2,ICN,KIX,ICN-KIX,,,,MM,피치 항공,도착,0.0,20673.0,True,True,인천국제공항공사_항공사별 노선별 운송실적_20241231.csv
2024,2,ICN,KIX,ICN-KIX,,,,MM,피치 항공,출발,0.0,20264.0,True,True,인천국제공항공사_항공사별 노선별 운송실적_20241231.csv
2024,2,ICN,KKJ,ICN-KKJ,,,,LJ,진 에어,도착,0.0,4644.0,False,True,인천국제공항공사_항공사별 노선별 운송실적_20241231.csv
2024,2,ICN,KKJ,ICN-KKJ,,,,LJ,진 에어,출발,0.0,4771.0,False,True,인천국제공항공사_항공사별 노선별 운송실적_20241231.csv
2024,2,ICN,KMI,ICN-KMI,,,,OZ,아시아나항공,도착,0.0,1835.0,False,True,인천국제공항공사_항공사별 노선별 운송실적_20241231.csv
2024,2,ICN,KMI,ICN-KMI,,,,OZ,아시아나항공,출발,0.0,1758.0,False,True,인천국제공항공사_항공사별 노선별 운송실적_20241231.csv
2024,2,ICN,KMJ,ICN-KMJ,,,,TW,티웨이항공,도착,0.0,4650.0,True,True,인천국제공항공사_항공사별 노선별 운송실적_20241231.csv
2024,2,ICN,KMJ,ICN-KMJ,,,,TW,티웨이항공,출발,0.0,4769.0,True,True,인천국제공항공사_항공사별 노선별 운송실적_20241231.csv
2024,2,ICN,KOJ,ICN-KOJ,,,,KE,대한항공,도착,0.0,1948.0,False,True,인천국제공항공사_항공사별 노선별 운송실적_20241231.csv
2024,2,ICN,KOJ,ICN-KOJ,,,,KE,대한항공,도착,0.0,1455.0,False,True,인천국제공항공사_항공사별 노선별 운송실적_20241231.csv
2024,2,ICN,KOJ,ICN-KOJ,,,,KE,대한항공,출발,0.0,1917.0,False,True,인천국제공항공사_항공사별 노선별 운송실적_20241231.csv
2024,2,ICN,KOJ,ICN-KOJ,,,,KE,대한항공,출발,0.0,1454.0,False,True,인천국제공항공사_항공사별 노선별 운송실적_20241231.csv
2024,2,ICN,MYJ,ICN-MYJ,,,,7C,제주항공,도착,0.0,5064.0,True,True,인천국제공항공사_항공사별 노선별 운송실적_20241231.csv
2024,2,ICN,MYJ,ICN-MYJ,,,,7C,제주항공,출발,0.0,4938.0,True,True,인천국제공항공사_항공사별 노선별 운송실적_20241231.csv
2024,2,ICN,NGO,ICN-NGO,,,,KE,대한항공,도착,0.0,9206.0,False,True,인천국제공항공사_항공사별 노선별 운송실적_20241231.csv
2024,2,ICN,NGO,ICN-NGO,,,,KE,대한항공,출발,0.0,9887.0,False,True,인천국제공항공사_항공사별 노선별 운송실적_20241231.csv
2024,2,ICN,NGO,ICN-NGO,,,,OZ,아시아나항공,도착,0.0,7703.0,False,True,인천국제공항공사_항공사별 노선별 운송실적_20241231.csv
2024,2,ICN,NGO,ICN-NGO,,,,OZ,아시아나항공,출발,0.0,7771.0,False,True,인천국제공항공사_항공사별 노선별 운송실적_20241231.csv
2024,2,ICN,NGO,ICN-NGO,,,,7C,제주항공,도착,0.0,10291.0,True,True,인천국제공항공사_항공사별 노선별 운송실적_20241231.csv
2024,2,ICN,NGO,ICN-NGO,,,,7C,제주항공,출발,0.0,9685.0,True,True,인천국제공항공사_항공사별 노선별 운송실적_20241231.csv
2024,2,ICN,NGO,ICN-NGO,,,,LJ,진 에어,도착,0.0,10230.0,False,True,인천국제공항공사_항공사별 노선별 운송실적_20241231.csv
2024,2,ICN,NGO,ICN-NGO,,,,LJ,진 에어,출발,0.0,10003.0,False,True,인천국제공항공사_항공사별 노선별 운송실적_20241231.csv
2024,2,ICN,NRT,ICN-NRT,,,,KE,대한항공,도착,0.0,19840.0,False,True,인천국제공항공사_항공사별 노선별 운송실적_20241231.csv
2024,2,ICN,NRT,ICN-NRT,,,,KE,대한항공,출발,0.0,18609.0,False,True,인천국제공항공사_항공사별 노선별 운송실적_20241231.csv
2024,2,ICN,NRT,ICN-NRT,,,,OZ,아시아나항공,도착,0.0,29345.0,False,True,인천국제공항공사_항공사별 노선별 운송실적_20241231.csv
2024,2,ICN,NRT,ICN-NRT,,,,OZ,아시아나항공,출발,0.0,29659.0,False,True,인천국제공항공사_항공사별 노선별 운송실적_20241231.csv
2024,2,ICN,NRT,ICN-NRT,,,,BX,에어 부산,도착,0.0,12838.0,False,True,인천국제공항공사_항공사별 노선별 운송실적_20241231.csv
2024,2,ICN,NRT,ICN-NRT,,,,BX,에어 부산,출발,0.0,12335.0,False,True,인천국제공항공사_항공사별 노선별 운송실적_20241231.csv
2024,2,ICN,NRT,ICN-NRT,,,,YP,에어 프레미아,도착,0.0,7767.0,False,True,인천국제공항공사_항공사별 노선별 운송실적_20241231.csv
2024,2,ICN,NRT,ICN-NRT,,,,YP,에어 프레미아,출발,0.0,7527.0,False,True,인천국제공항공사_항공사별 노선별 운송실적_20241231.csv
2024,2,ICN,NRT,ICN-NRT,,,,RS,에어서울,도착,0.0,19279.0,True,True,인천국제공항공사_항공사별 노선별 운송실적_20241231.csv
2024,2,ICN,NRT,ICN-NRT,,,,RS,에어서울,출발,0.0,18970.0,True,True,인천국제공항공사_항공사별 노선별 운송실적_20241231.csv
2024,2,ICN,NRT,ICN-NRT,,,,NQ,에어재팬,도착,0.0,1557.0,False,True,인천국제공항공사_항공사별 노선별 운송실적_20241231.csv
2024,2,ICN,NRT,ICN-NRT,,,,NQ,에어재팬,출발,0.0,1507.0,False,True,인천국제공항공사_항공사별 노선별 운송실적_20241231.csv
2024,2,ICN,NRT,ICN-NRT,,,,ET,에티오피아 항공,도착,0.0,2409.0,False,True,인천국제공항공사_항공사별 노선별 운송실적_20241231.csv
2024,2,ICN,NRT,ICN-NRT,,,,ET,에티오피아 항공,출발,0.0,1928.0,False,True,인천국제공항공사_항공사별 노선별 운송실적_20241231.csv
2024,2,ICN,NRT,ICN-NRT,,,,ZE,이스타 항공,도착,0.0,13128.0,True,True,인천국제공항공사_항공사별 노선별 운송실적_20241231.csv
2024,2,ICN,NRT,ICN-NRT,,,,ZE,이스타 항공,출발,0.0,12545.0,True,True,인천국제공항공사_항공사별 노선별 운송실적_20241231.csv
2024,2,ICN,NRT,ICN-NRT,,,,7C,제주항공,도착,0.0,23497.0,True,True,인천국제공항공사_항공사별 노선별 운송실적_20241231.csv
2024,2,ICN,NRT,ICN-NRT,,,,7C,제주항공,출발,0.0,22755.0,True,True,인천국제공항공사_항공사별 노선별 운송실적_20241231.csv
2024,2,ICN,NRT,ICN-NRT,,,,LJ,진 에어,도착,0.0,30318.0,False,True,인천국제공항공사_항공사별 노선별 운송실적_20241231.csv
2024,2,ICN,NRT,ICN-NRT,,,,LJ,진 에어,도착,0.0,158.0,False,True,인천국제공항공사_항공사별 노선별 운송실적_20241231.csv
2024,2,ICN,NRT,ICN-NRT,,,,LJ,진 에어,출발,0.0,29878.0,False,True,인천국제공항공사_항공사별 노선별 운송실적_20241231.csv
2024,2,ICN,NRT,ICN-NRT,,,,LJ,진 에어,출발,0.0,184.0,False,True,인천국제공항공사_항공사별 노선별 운송실적_20241231.csv
2024,2,ICN,NRT,ICN-NRT,,,,ZG,집에어 도쿄,도착,0.0,7646.0,True,True,인천국제공항공사_항공사별 노선별 운송실적_20241231.csv
2024,2,ICN,NRT,ICN-NRT,,,,ZG,집에어 도쿄,출발,0.0,6777.0,True,True,인천국제공항공사_항공사별 노선별 운송실적_20241231.csv
2024,2,ICN,NRT,ICN-NRT,,,,TW,티웨이항공,도착,0.0,15702.0,True,True,인천국제공항공사_항공사별 노선별 운송실적_20241231.csv
2024,2,ICN,NRT,ICN-NRT,,,,TW,티웨이항공,출발,0.0,15642.0,True,True,인천국제공항공사_항공사별 노선별 운송실적_20241231.csv
2024,2,ICN,OIT,ICN-OIT,,,,KE,대한항공,도착,0.0,1788.0,False,True,인천국제공항공사_항공사별 노선별 운송실적_20241231.csv
2024,2,ICN,OIT,ICN-OIT,,,,KE,대한항공,출발,0.0,1696.0,False,True,인천국제공항공사_항공사별 노선별 운송실적_20241231.csv
2024,2,ICN,OIT,ICN-OIT,,,,7C,제주항공,도착,0.0,3674.0,True,True,인천국제공항공사_항공사별 노선별 운송실적_20241231.csv
2024,2,ICN,OIT,ICN-OIT,,,,7C,제주항공,출발,0.0,3676.0,True,True,인천국제공항공사_항공사별 노선별 운송실적_20241231.csv
2024,2,ICN,OKA,ICN-OKA,,,,KE,대한항공,도착,0.0,3465.0,False,True,인천국제공항공사_항공사별 노선별 운송실적_20241231.csv
2024,2,ICN,OKA,ICN-OKA,,,,KE,대한항공,출발,0.0,3426.0,False,True,인천국제공항공사_항공사별 노선별 운송실적_20241231.csv
2024,2,ICN,OKA,ICN-OKA,,,,OZ,아시아나항공,도착,0.0,7365.0,False,True,인천국제공항공사_항공사별 노선별 운송실적_20241231.csv
2024,2,ICN,OKA,ICN-OKA,,,,OZ,아시아나항공,출발,0.0,7479.0,False,True,인천국제공항공사_항공사별 노선별 운송실적_20241231.csv
2024,2,ICN,OKA,ICN-OKA,,,,7C,제주항공,도착,0.0,4723.0,True,True,인천국제공항공사_항공사별 노선별 운송실적_20241231.csv
2024,2,ICN,OKA,ICN-OKA,,,,7C,제주항공,출발,0.0,4573.0,True,True,인천국제공항공사_항공사별 노선별 운송실적_20241231.csv
2024,2,ICN,OKA,ICN-OKA,,,,LJ,진 에어,도착,0.0,5213.0,False,True,인천국제공항공사_항공사별 노선별 운송실적_20241231.csv
2024,2,ICN,OKA,ICN-OKA,,,,LJ,진 에어,출발,0.0,5131.0,False,True,인천국제공항공사_항공사별 노선별 운송실적_20241231.csv
2024,2,ICN,OKA,ICN-OKA,,,,TW,티웨이항공,도착,0.0,5375.0,True,True,인천국제공항공사_항공사별 노선별 운송실적_20241231.csv
2024,2,ICN,OKA,ICN-OKA,,,,TW,티웨이항공,출발,0.0,5331.0,True,True,인천국제공항공사_항공사별 노선별 운송실적_20241231.csv
2024,2,ICN,OKJ,ICN-OKJ,,,,KE,대한항공,도착,0.0,1174.0,False,True,인천국제공항공사_항공사별 노선별 운송실적_20241231.csv
2024,2,ICN,OKJ,ICN-OKJ,,,,KE,대한항공,출발,0.0,1451.0,False,True,인천국제공항공사_항공사별 노선별 운송실적_20241231.csv
2024,2,ICN,SDJ,ICN-SDJ,,,,OZ,아시아나항공,도착,0.0,3592.0,False,True,인천국제공항공사_항공사별 노선별 운송실적_20241231.csv
2024,2,ICN,SDJ,ICN-SDJ,,,,OZ,아시아나항공,출발,0.0,3392.0,False,True,인천국제공항공사_항공사별 노선별 운송실적_20241231.csv
2024,2,ICN,TAK,ICN-TAK,,,,RS,에어서울,도착,0.0,5388.0,True,True,인천국제공항공사_항공사별 노선별 운송실적_20241231.csv
2024,2,ICN,TAK,ICN-TAK,,,,RS,에어서울,출발,0.0,5319.0,True,True,인천국제공항공사_항공사별 노선별 운송실적_20241231.csv
2024,2,ICN,YGJ,ICN-YGJ,,,,RS,에어서울,도착,0.0,2252.0,True,True,인천국제공항공사_항공사별 노선별 운송실적_20241231.csv
2024,2,ICN,YGJ,ICN-YGJ,,,,RS,에어서울,출발,0.0,2194.0,True,True,인천국제공항공사_항공사별 노선별 운송실적_20241231.csv
2024,3,ICN,AOJ,ICN-AOJ,,,,KE,대한항공,도착,0.0,1078.0,False,True,인천국제공항공사_항공사별 노선별 운송실적_20241231.csv
2024,3,ICN,AOJ,ICN-AOJ,,,,KE,대한항공,출발,0.0,1159.0,False,True,인천국제공항공사_항공사별 노선별 운송실적_20241231.csv
2024,3,ICN,CTS,ICN-CTS,,,,KE,대한항공,도착,0.0,9216.0,False,True,인천국제공항공사_항공사별 노선별 운송실적_20241231.csv
2024,3,ICN,CTS,ICN-CTS,,,,KE,대한항공,도착,0.0,1565.0,False,True,인천국제공항공사_항공사별 노선별 운송실적_20241231.csv
2024,3,ICN,CTS,ICN-CTS,,,,KE,대한항공,출발,0.0,7749.0,False,True,인천국제공항공사_항공사별 노선별 운송실적_20241231.csv
2024,3,ICN,CTS,ICN-CTS,,,,KE,대한항공,출발,0.0,1320.0,False,True,인천국제공항공사_항공사별 노선별 운송실적_20241231.csv
2024,3,ICN,CTS,ICN-CTS,,,,OZ,아시아나항공,도착,0.0,4331.0,False,True,인천국제공항공사_항공사별 노선별 운송실적_20241231.csv
2024,3,ICN,CTS,ICN-CTS,,,,OZ,아시아나항공,출발,0.0,3962.0,False,True,인천국제공항공사_항공사별 노선별 운송실적_20241231.csv
2024,3,ICN,CTS,ICN-CTS,,,,BX,에어 부산,도착,0.0,5232.0,False,True,인천국제공항공사_항공사별 노선별 운송실적_20241231.csv
2024,3,ICN,CTS,ICN-CTS,,,,BX,에어 부산,도착,0.0,108.0,False,True,인천국제공항공사_항공사별 노선별 운송실적_20241231.csv
2024,3,ICN,CTS,ICN-CTS,,,,BX,에어 부산,출발,0.0,5599.0,False,True,인천국제공항공사_항공사별 노선별 운송실적_20241231.csv
2024,3,ICN,CTS,ICN-CTS,,,,7C,제주항공,도착,0.0,8104.0,True,True,인천국제공항공사_항공사별 노선별 운송실적_20241231.csv
2024,3,ICN,CTS,ICN-CTS,,,,7C,제주항공,출발,0.0,7056.0,True,True,인천국제공항공사_항공사별 노선별 운송실적_20241231.csv
2024,3,ICN,CTS,ICN-CTS,,,,LJ,진 에어,도착,0.0,6067.0,False,True,인천국제공항공사_항공사별 노선별 운송실적_20241231.csv
2024,3,ICN,CTS,ICN-CTS,,,,LJ,진 에어,출발,0.0,5471.0,False,True,인천국제공항공사_항공사별 노선별 운송실적_20241231.csv
2024,3,ICN,CTS,ICN-CTS,,,,TW,티웨이항공,도착,0.0,5726.0,True,True,인천국제공항공사_항공사별 노선별 운송실적_20241231.csv
2024,3,ICN,CTS,ICN-CTS,,,,TW,티웨이항공,출발,0.0,5044.0,True,True,인천국제공항공사_항공사별 노선별 운송실적_20241231.csv
2024,3,ICN,FSZ,ICN-FSZ,,,,7C,제주항공,도착,0.0,5253.0,True,True,인천국제공항공사_항공사별 노선별 운송실적_20241231.csv
2024,3,ICN,FSZ,ICN-FSZ,,,,7C,제주항공,출발,0.0,5211.0,True,True,인천국제공항공사_항공사별 노선별 운송실적_20241231.csv
2024,3,ICN,FUK,ICN-FUK,,,,KE,대한항공,도착,0.0,21304.0,False,True,인천국제공항공사_항공사별 노선별 운송실적_20241231.csv
2024,3,ICN,FUK,ICN-FUK,,,,KE,대한항공,도착,0.0,400.0,False,True,인천국제공항공사_항공사별 노선별 운송실적_20241231.csv
2024,3,ICN,FUK,ICN-FUK,,,,KE,대한항공,출발,0.0,20990.0,False,True,인천국제공항공사_항공사별 노선별 운송실적_20241231.csv
2024,3,ICN,FUK,ICN-FUK,,,,KE,대한항공,출발,0.0,535.0,False,True,인천국제공항공사_항공사별 노선별 운송실적_20241231.csv
2024,3,ICN,FUK,ICN-FUK,,,,OZ,아시아나항공,도착,0.0,19272.0,False,True,인천국제공항공사_항공사별 노선별 운송실적_20241231.csv
2024,3,ICN,FUK,ICN-FUK,,,,OZ,아시아나항공,출발,0.0,18996.0,False,True,인천국제공항공사_항공사별 노선별 운송실적_20241231.csv
2024,3,ICN,FUK,ICN-FUK,,,,BX,에어 부산,도착,0.0,13875.0,False,True,인천국제공항공사_항공사별 노선별 운송실적_20241231.csv
2024,3,ICN,FUK,ICN-FUK,,,,BX,에어 부산,도착,0.0,373.0,False,True,인천국제공항공사_항공사별 노선별 운송실적_20241231.csv
2024,3,ICN,FUK,ICN-FUK,,,,BX,에어 부산,출발,0.0,13620.0,False,True,인천국제공항공사_항공사별 노선별 운송실적_20241231.csv
2024,3,ICN,FUK,ICN-FUK,,,,RS,에어서울,도착,0.0,12476.0,True,True,인천국제공항공사_항공사별 노선별 운송실적_20241231.csv
2024,3,ICN,FUK,ICN-FUK,,,,RS,에어서울,출발,0.0,12443.0,True,True,인천국제공항공사_항공사별 노선별 운송실적_20241231.csv
2024,3,ICN,FUK,ICN-FUK,,,,ZE,이스타 항공,도착,0.0,10586.0,True,True,인천국제공항공사_항공사별 노선별 운송실적_20241231.csv
2024,3,ICN,FUK,ICN-FUK,,,,ZE,이스타 항공,출발,0.0,10671.0,True,True,인천국제공항공사_항공사별 노선별 운송실적_20241231.csv
2024,3,ICN,FUK,ICN-FUK,,,,7C,제주항공,도착,0.0,24001.0,True,True,인천국제공항공사_항공사별 노선별 운송실적_20241231.csv
2024,3,ICN,FUK,ICN-FUK,,,,7C,제주항공,출발,0.0,23285.0,True,True,인천국제공항공사_항공사별 노선별 운송실적_20241231.csv
2024,3,ICN,FUK,ICN-FUK,,,,LJ,진 에어,도착,0.0,23184.0,False,True,인천국제공항공사_항공사별 노선별 운송실적_20241231.csv
2024,3,ICN,FUK,ICN-FUK,,,,LJ,진 에어,출발,0.0,22950.0,False,True,인천국제공항공사_항공사별 노선별 운송실적_20241231.csv
2024,3,ICN,FUK,ICN-FUK,,,,TW,티웨이항공,도착,0.0,16587.0,True,True,인천국제공항공사_항공사별 노선별 운송실적_20241231.csv
2024,3,ICN,FUK,ICN-FUK,,,,TW,티웨이항공,출발,0.0,16350.0,True,True,인천국제공항공사_항공사별 노선별 운송실적_20241231.csv
2024,3,ICN,HIJ,ICN-HIJ,,,,7C,제주항공,도착,0.0,10274.0,True,True,인천국제공항공사_항공사별 노선별 운송실적_20241231.csv
2024,3,ICN,HIJ,ICN-HIJ,,,,7C,제주항공,출발,0.0,9972.0,True,True,인천국제공항공사_항공사별 노선별 운송실적_20241231.csv
2024,3,ICN,HND,ICN-HND,,,,KE,대한항공,도착,0.0,3671.0,False,True,인천국제공항공사_항공사별 노선별 운송실적_20241231.csv
2024,3,ICN,HND,ICN-HND,,,,KE,대한항공,출발,0.0,3141.0,False,True,인천국제공항공사_항공사별 노선별 운송실적_20241231.csv
2024,3,ICN,HND,ICN-HND,,,,OZ,아시아나항공,도착,0.0,3926.0,False,True,인천국제공항공사_항공사별 노선별 운송실적_20241231.csv
2024,3,ICN,HND,ICN-HND,,,,OZ,아시아나항공,출발,0.0,3966.0,False,True,인천국제공항공사_항공사별 노선별 운송실적_20241231.csv
2024,3,ICN,HND,ICN-HND,,,,MM,피치 항공,도착,0.0,5565.0,True,True,인천국제공항공사_항공사별 노선별 운송실적_20241231.csv
2024,3,ICN,HND,ICN-HND,,,,MM,피치 항공,출발,0.0,5478.0,True,True,인천국제공항공사_항공사별 노선별 운송실적_20241231.csv
2024,3,ICN,KIJ,ICN-KIJ,,,,KE,대한항공,도착,0.0,1053.0,False,True,인천국제공항공사_항공사별 노선별 운송실적_20241231.csv
2024,3,ICN,KIJ,ICN-KIJ,,,,KE,대한항공,출발,0.0,1257.0,False,True,인천국제공항공사_항공사별 노선별 운송실적_20241231.csv
2024,3,ICN,KIX,ICN-KIX,,,,KE,대한항공,도착,0.0,18689.0,False,True,인천국제공항공사_항공사별 노선별 운송실적_20241231.csv
2024,3,ICN,KIX,ICN-KIX,,,,KE,대한항공,출발,0.0,19073.0,False,True,인천국제공항공사_항공사별 노선별 운송실적_20241231.csv
2024,3,ICN,KIX,ICN-KIX,,,,OZ,아시아나항공,도착,0.0,21360.0,False,True,인천국제공항공사_항공사별 노선별 운송실적_20241231.csv
2024,3,ICN,KIX,ICN-KIX,,,,OZ,아시아나항공,도착,0.0,421.0,False,True,인천국제공항공사_항공사별 노선별 운송실적_20241231.csv
2024,3,ICN,KIX,ICN-KIX,,,,OZ,아시아나항공,출발,0.0,21069.0,False,True,인천국제공항공사_항공사별 노선별 운송실적_20241231.csv
2024,3,ICN,KIX,ICN-KIX,,,,OZ,아시아나항공,출발,0.0,324.0,False,True,인천국제공항공사_항공사별 노선별 운송실적_20241231.csv
2024,3,ICN,KIX,ICN-KIX,,,,BX,에어 부산,도착,0.0,19516.0,False,True,인천국제공항공사_항공사별 노선별 운송실적_20241231.csv
2024,3,ICN,KIX,ICN-KIX,,,,BX,에어 부산,도착,0.0,213.0,False,True,인천국제공항공사_항공사별 노선별 운송실적_20241231.csv
2024,3,ICN,KIX,ICN-KIX,,,,BX,에어 부산,출발,0.0,19632.0,False,True,인천국제공항공사_항공사별 노선별 운송실적_20241231.csv
2024,3,ICN,KIX,ICN-KIX,,,,RS,에어서울,도착,0.0,17408.0,True,True,인천국제공항공사_항공사별 노선별 운송실적_20241231.csv
2024,3,ICN,KIX,ICN-KIX,,,,RS,에어서울,출발,0.0,17544.0,True,True,인천국제공항공사_항공사별 노선별 운송실적_20241231.csv
2024,3,ICN,KIX,ICN-KIX,,,,ZE,이스타 항공,도착,0.0,10746.0,True,True,인천국제공항공사_항공사별 노선별 운송실적_20241231.csv
2024,3,ICN,KIX,ICN-KIX,,,,ZE,이스타 항공,출발,0.0,10751.0,True,True,인천국제공항공사_항공사별 노선별 운송실적_20241231.csv
2024,3,ICN,KIX,ICN-KIX,,,,7C,제주항공,도착,0.0,22412.0,True,True,인천국제공항공사_항공사별 노선별 운송실적_20241231.csv
2024,3,ICN,KIX,ICN-KIX,,,,7C,제주항공,도착,0.0,996.0,True,True,인천국제공항공사_항공사별 노선별 운송실적_20241231.csv
2024,3,ICN,KIX,ICN-KIX,,,,7C,제주항공,출발,0.0,21164.0,True,True,인천국제공항공사_항공사별 노선별 운송실적_20241231.csv
2024,3,ICN,KIX,ICN-KIX,,,,7C,제주항공,출발,0.0,955.0,True,True,인천국제공항공사_항공사별 노선별 운송실적_20241231.csv
2024,3,ICN,KIX,ICN-KIX,,,,LJ,진 에어,도착,0.0,34344.0,False,True,인천국제공항공사_항공사별 노선별 운송실적_20241231.csv
2024,3,ICN,KIX,ICN-KIX,,,,LJ,진 에어,출발,0.0,34588.0,False,True,인천국제공항공사_항공사별 노선별 운송실적_20241231.csv
2024,3,ICN,KIX,ICN-KIX,,,,TW,티웨이항공,도착,0.0,21081.0,True,True,인천국제공항공사_항공사별 노선별 운송실적_20241231.csv
2024,3,ICN,KIX,ICN-KIX,,,,TW,티웨이항공,출발,0.0,20683.0,True,True,인천국제공항공사_항공사별 노선별 운송실적_20241231.csv
2024,3,ICN,KIX,ICN-KIX,,,,MM,피치 항공,도착,0.0,21967.0,True,True,인천국제공항공사_항공사별 노선별 운송실적_20241231.csv
2024,3,ICN,KIX,ICN-KIX,,,,MM,피치 항공,출발,0.0,21316.0,True,True,인천국제공항공사_항공사별 노선별 운송실적_20241231.csv
2024,3,ICN,KKJ,ICN-KKJ,,,,LJ,진 에어,도착,0.0,5210.0,False,True,인천국제공항공사_항공사별 노선별 운송실적_20241231.csv
2024,3,ICN,KKJ,ICN-KKJ,,,,LJ,진 에어,출발,0.0,5148.0,False,True,인천국제공항공사_항공사별 노선별 운송실적_20241231.csv
2024,3,ICN,KMI,ICN-KMI,,,,OZ,아시아나항공,도착,0.0,2349.0,False,True,인천국제공항공사_항공사별 노선별 운송실적_20241231.csv
2024,3,ICN,KMI,ICN-KMI,,,,OZ,아시아나항공,출발,0.0,2223.0,False,True,인천국제공항공사_항공사별 노선별 운송실적_20241231.csv
2024,3,ICN,KMJ,ICN-KMJ,,,,TW,티웨이항공,도착,0.0,4938.0,True,True,인천국제공항공사_항공사별 노선별 운송실적_20241231.csv
2024,3,ICN,KMJ,ICN-KMJ,,,,TW,티웨이항공,출발,0.0,5009.0,True,True,인천국제공항공사_항공사별 노선별 운송실적_20241231.csv
2024,3,ICN,KOJ,ICN-KOJ,,,,KE,대한항공,도착,0.0,2117.0,False,True,인천국제공항공사_항공사별 노선별 운송실적_20241231.csv
2024,3,ICN,KOJ,ICN-KOJ,,,,KE,대한항공,도착,0.0,327.0,False,True,인천국제공항공사_항공사별 노선별 운송실적_20241231.csv
2024,3,ICN,KOJ,ICN-KOJ,,,,KE,대한항공,출발,0.0,2229.0,False,True,인천국제공항공사_항공사별 노선별 운송실적_20241231.csv
2024,3,ICN,KOJ,ICN-KOJ,,,,KE,대한항공,출발,0.0,165.0,False,True,인천국제공항공사_항공사별 노선별 운송실적_20241231.csv
2024,3,ICN,MYJ,ICN-MYJ,,,,7C,제주항공,도착,0.0,5566.0,True,True,인천국제공항공사_항공사별 노선별 운송실적_20241231.csv
2024,3,ICN,MYJ,ICN-MYJ,,,,7C,제주항공,출발,0.0,5457.0,True,True,인천국제공항공사_항공사별 노선별 운송실적_20241231.csv
2024,3,ICN,NGO,ICN-NGO,,,,KE,대한항공,도착,0.0,10477.0,False,True,인천국제공항공사_항공사별 노선별 운송실적_20241231.csv
2024,3,ICN,NGO,ICN-NGO,,,,KE,대한항공,출발,0.0,11458.0,False,True,인천국제공항공사_항공사별 노선별 운송실적_20241231.csv
2024,3,ICN,NGO,ICN-NGO,,,,OZ,아시아나항공,도착,0.0,10908.0,False,True,인천국제공항공사_항공사별 노선별 운송실적_20241231.csv
2024,3,ICN,NGO,ICN-NGO,,,,OZ,아시아나항공,출발,0.0,11145.0,False,True,인천국제공항공사_항공사별 노선별 운송실적_20241231.csv
2024,3,ICN,NGO,ICN-NGO,,,,7C,제주항공,도착,0.0,11210.0,True,True,인천국제공항공사_항공사별 노선별 운송실적_20241231.csv
2024,3,ICN,NGO,ICN-NGO,,,,7C,제주항공,출발,0.0,10932.0,True,True,인천국제공항공사_항공사별 노선별 운송실적_20241231.csv
2024,3,ICN,NGO,ICN-NGO,,,,LJ,진 에어,도착,0.0,11137.0,False,True,인천국제공항공사_항공사별 노선별 운송실적_20241231.csv
2024,3,ICN,NGO,ICN-NGO,,,,LJ,진 에어,출발,0.0,10707.0,False,True,인천국제공항공사_항공사별 노선별 운송실적_20241231.csv
2024,3,ICN,NRT,ICN-NRT,,,,KE,대한항공,도착,0.0,20433.0,False,True,인천국제공항공사_항공사별 노선별 운송실적_20241231.csv
2024,3,ICN,NRT,ICN-NRT,,,,KE,대한항공,출발,0.0,19068.0,False,True,인천국제공항공사_항공사별 노선별 운송실적_20241231.csv
2024,3,ICN,NRT,ICN-NRT,,,,OZ,아시아나항공,도착,0.0,29521.0,False,True,인천국제공항공사_항공사별 노선별 운송실적_20241231.csv
2024,3,ICN,NRT,ICN-NRT,,,,OZ,아시아나항공,출발,0.0,29227.0,False,True,인천국제공항공사_항공사별 노선별 운송실적_20241231.csv
2024,3,ICN,NRT,ICN-NRT,,,,BX,에어 부산,도착,0.0,13317.0,False,True,인천국제공항공사_항공사별 노선별 운송실적_20241231.csv
2024,3,ICN,NRT,ICN-NRT,,,,BX,에어 부산,출발,0.0,13359.0,False,True,인천국제공항공사_항공사별 노선별 운송실적_20241231.csv
2024,3,ICN,NRT,ICN-NRT,,,,YP,에어 프레미아,도착,0.0,8448.0,False,True,인천국제공항공사_항공사별 노선별 운송실적_20241231.csv
2024,3,ICN,NRT,ICN-NRT,,,,YP,에어 프레미아,출발,0.0,8134.0,False,True,인천국제공항공사_항공사별 노선별 운송실적_20241231.csv
2024,3,ICN,NRT,ICN-NRT,,,,RS,에어서울,도착,0.0,19304.0,True,True,인천국제공항공사_항공사별 노선별 운송실적_20241231.csv
2024,3,ICN,NRT,ICN-NRT,,,,RS,에어서울,출발,0.0,19195.0,True,True,인천국제공항공사_항공사별 노선별 운송실적_20241231.csv
2024,3,ICN,NRT,ICN-NRT,,,,NQ,에어재팬,도착,0.0,6078.0,False,True,인천국제공항공사_항공사별 노선별 운송실적_20241231.csv
2024,3,ICN,NRT,ICN-NRT,,,,NQ,에어재팬,출발,0.0,5346.0,False,True,인천국제공항공사_항공사별 노선별 운송실적_20241231.csv
2024,3,ICN,NRT,ICN-NRT,,,,ET,에티오피아 항공,도착,0.0,2310.0,False,True,인천국제공항공사_항공사별 노선별 운송실적_20241231.csv
2024,3,ICN,NRT,ICN-NRT,,,,ET,에티오피아 항공,출발,0.0,1880.0,False,True,인천국제공항공사_항공사별 노선별 운송실적_20241231.csv
2024,3,ICN,NRT,ICN-NRT,,,,ZE,이스타 항공,도착,0.0,13359.0,True,True,인천국제공항공사_항공사별 노선별 운송실적_20241231.csv
2024,3,ICN,NRT,ICN-NRT,,,,ZE,이스타 항공,출발,0.0,13074.0,True,True,인천국제공항공사_항공사별 노선별 운송실적_20241231.csv
2024,3,ICN,NRT,ICN-NRT,,,,7C,제주항공,도착,0.0,24605.0,True,True,인천국제공항공사_항공사별 노선별 운송실적_20241231.csv
2024,3,ICN,NRT,ICN-NRT,,,,7C,제주항공,도착,0.0,1543.0,True,True,인천국제공항공사_항공사별 노선별 운송실적_20241231.csv
2024,3,ICN,NRT,ICN-NRT,,,,7C,제주항공,출발,0.0,24105.0,True,True,인천국제공항공사_항공사별 노선별 운송실적_20241231.csv
2024,3,ICN,NRT,ICN-NRT,,,,7C,제주항공,출발,0.0,1609.0,True,True,인천국제공항공사_항공사별 노선별 운송실적_20241231.csv
2024,3,ICN,NRT,ICN-NRT,,,,LJ,진 에어,도착,0.0,28718.0,False,True,인천국제공항공사_항공사별 노선별 운송실적_20241231.csv
2024,3,ICN,NRT,ICN-NRT,,,,LJ,진 에어,도착,0.0,5342.0,False,True,인천국제공항공사_항공사별 노선별 운송실적_20241231.csv
2024,3,ICN,NRT,ICN-NRT,,,,LJ,진 에어,출발,0.0,27831.0,False,True,인천국제공항공사_항공사별 노선별 운송실적_20241231.csv
2024,3,ICN,NRT,ICN-NRT,,,,LJ,진 에어,출발,0.0,5252.0,False,True,인천국제공항공사_항공사별 노선별 운송실적_20241231.csv
2024,3,ICN,NRT,ICN-NRT,,,,ZG,집에어 도쿄,도착,0.0,8296.0,True,True,인천국제공항공사_항공사별 노선별 운송실적_20241231.csv
2024,3,ICN,NRT,ICN-NRT,,,,ZG,집에어 도쿄,출발,0.0,7319.0,True,True,인천국제공항공사_항공사별 노선별 운송실적_20241231.csv
2024,3,ICN,NRT,ICN-NRT,,,,TW,티웨이항공,도착,0.0,18214.0,True,True,인천국제공항공사_항공사별 노선별 운송실적_20241231.csv
2024,3,ICN,NRT,ICN-NRT,,,,TW,티웨이항공,출발,0.0,17912.0,True,True,인천국제공항공사_항공사별 노선별 운송실적_20241231.csv
2024,3,ICN,OIT,ICN-OIT,,,,KE,대한항공,도착,0.0,1906.0,False,True,인천국제공항공사_항공사별 노선별 운송실적_20241231.csv
2024,3,ICN,OIT,ICN-OIT,,,,KE,대한항공,출발,0.0,1956.0,False,True,인천국제공항공사_항공사별 노선별 운송실적_20241231.csv
2024,3,ICN,OIT,ICN-OIT,,,,7C,제주항공,도착,0.0,3657.0,True,True,인천국제공항공사_항공사별 노선별 운송실적_20241231.csv
2024,3,ICN,OIT,ICN-OIT,,,,7C,제주항공,출발,0.0,3759.0,True,True,인천국제공항공사_항공사별 노선별 운송실적_20241231.csv
2024,3,ICN,OKA,ICN-OKA,,,,KE,대한항공,도착,0.0,3316.0,False,True,인천국제공항공사_항공사별 노선별 운송실적_20241231.csv
2024,3,ICN,OKA,ICN-OKA,,,,KE,대한항공,출발,0.0,3072.0,False,True,인천국제공항공사_항공사별 노선별 운송실적_20241231.csv
2024,3,ICN,OKA,ICN-OKA,,,,OZ,아시아나항공,도착,0.0,7375.0,False,True,인천국제공항공사_항공사별 노선별 운송실적_20241231.csv
2024,3,ICN,OKA,ICN-OKA,,,,OZ,아시아나항공,출발,0.0,6874.0,False,True,인천국제공항공사_항공사별 노선별 운송실적_20241231.csv
2024,3,ICN,OKA,ICN-OKA,,,,7C,제주항공,도착,0.0,5107.0,True,True,인천국제공항공사_항공사별 노선별 운송실적_20241231.csv
2024,3,ICN,OKA,ICN-OKA,,,,7C,제주항공,출발,0.0,4990.0,True,True,인천국제공항공사_항공사별 노선별 운송실적_20241231.csv
2024,3,ICN,OKA,ICN-OKA,,,,LJ,진 에어,도착,0.0,5451.0,False,True,인천국제공항공사_항공사별 노선별 운송실적_20241231.csv
2024,3,ICN,OKA,ICN-OKA,,,,LJ,진 에어,출발,0.0,5344.0,False,True,인천국제공항공사_항공사별 노선별 운송실적_20241231.csv
2024,3,ICN,OKA,ICN-OKA,,,,TW,티웨이항공,도착,0.0,5469.0,True,True,인천국제공항공사_항공사별 노선별 운송실적_20241231.csv
2024,3,ICN,OKA,ICN-OKA,,,,TW,티웨이항공,출발,0.0,5231.0,True,True,인천국제공항공사_항공사별 노선별 운송실적_20241231.csv
2024,3,ICN,OKJ,ICN-OKJ,,,,KE,대한항공,도착,0.0,1642.0,False,True,인천국제공항공사_항공사별 노선별 운송실적_20241231.csv
2024,3,ICN,OKJ,ICN-OKJ,,,,KE,대한항공,출발,0.0,1936.0,False,True,인천국제공항공사_항공사별 노선별 운송실적_20241231.csv
2024,3,ICN,SDJ,ICN-SDJ,,,,OZ,아시아나항공,도착,0.0,2533.0,False,True,인천국제공항공사_항공사별 노선별 운송실적_20241231.csv
2024,3,ICN,SDJ,ICN-SDJ,,,,OZ,아시아나항공,도착,0.0,976.0,False,True,인천국제공항공사_항공사별 노선별 운송실적_20241231.csv
2024,3,ICN,SDJ,ICN-SDJ,,,,OZ,아시아나항공,출발,0.0,2521.0,False,True,인천국제공항공사_항공사별 노선별 운송실적_20241231.csv
2024,3,ICN,SDJ,ICN-SDJ,,,,OZ,아시아나항공,출발,0.0,939.0,False,True,인천국제공항공사_항공사별 노선별 운송실적_20241231.csv
2024,3,ICN,TAK,ICN-TAK,,,,RS,에어서울,도착,0.0,6088.0,True,True,인천국제공항공사_항공사별 노선별 운송실적_20241231.csv
2024,3,ICN,TAK,ICN-TAK,,,,RS,에어서울,출발,0.0,5929.0,True,True,인천국제공항공사_항공사별 노선별 운송실적_20241231.csv
2024,3,ICN,YGJ,ICN-YGJ,,,,RS,에어서울,도착,0.0,2522.0,True,True,인천국제공항공사_항공사별 노선별 운송실적_20241231.csv
2024,3,ICN,YGJ,ICN-YGJ,,,,RS,에어서울,출발,0.0,2479.0,True,True,인천국제공항공사_항공사별 노선별 운송실적_20241231.csv
2024,4,ICN,AOJ,ICN-AOJ,,,,KE,대한항공,도착,0.0,942.0,False,True,인천국제공항공사_항공사별 노선별 운송실적_20241231.csv
2024,4,ICN,AOJ,ICN-AOJ,,,,KE,대한항공,출발,0.0,1004.0,False,True,인천국제공항공사_항공사별 노선별 운송실적_20241231.csv
2024,4,ICN,CTS,ICN-CTS,,,,KE,대한항공,도착,0.0,5655.0,False,True,인천국제공항공사_항공사별 노선별 운송실적_20241231.csv
2024,4,ICN,CTS,ICN-CTS,,,,KE,대한항공,출발,0.0,5919.0,False,True,인천국제공항공사_항공사별 노선별 운송실적_20241231.csv
2024,4,ICN,CTS,ICN-CTS,,,,OZ,아시아나항공,도착,0.0,3342.0,False,True,인천국제공항공사_항공사별 노선별 운송실적_20241231.csv
2024,4,ICN,CTS,ICN-CTS,,,,OZ,아시아나항공,출발,0.0,3757.0,False,True,인천국제공항공사_항공사별 노선별 운송실적_20241231.csv
2024,4,ICN,CTS,ICN-CTS,,,,BX,에어 부산,도착,0.0,4235.0,False,True,인천국제공항공사_항공사별 노선별 운송실적_20241231.csv
2024,4,ICN,CTS,ICN-CTS,,,,BX,에어 부산,출발,0.0,4732.0,False,True,인천국제공항공사_항공사별 노선별 운송실적_20241231.csv
2024,4,ICN,CTS,ICN-CTS,,,,7C,제주항공,도착,0.0,5142.0,True,True,인천국제공항공사_항공사별 노선별 운송실적_20241231.csv
2024,4,ICN,CTS,ICN-CTS,,,,7C,제주항공,출발,0.0,5091.0,True,True,인천국제공항공사_항공사별 노선별 운송실적_20241231.csv
2024,4,ICN,CTS,ICN-CTS,,,,LJ,진 에어,도착,0.0,4936.0,False,True,인천국제공항공사_항공사별 노선별 운송실적_20241231.csv
2024,4,ICN,CTS,ICN-CTS,,,,LJ,진 에어,출발,0.0,4744.0,False,True,인천국제공항공사_항공사별 노선별 운송실적_20241231.csv
2024,4,ICN,CTS,ICN-CTS,,,,TW,티웨이항공,도착,0.0,4504.0,True,True,인천국제공항공사_항공사별 노선별 운송실적_20241231.csv
2024,4,ICN,CTS,ICN-CTS,,,,TW,티웨이항공,출발,0.0,4263.0,True,True,인천국제공항공사_항공사별 노선별 운송실적_20241231.csv
2024,4,ICN,FSZ,ICN-FSZ,,,,7C,제주항공,도착,0.0,4975.0,True,True,인천국제공항공사_항공사별 노선별 운송실적_20241231.csv
2024,4,ICN,FSZ,ICN-FSZ,,,,7C,제주항공,출발,0.0,4613.0,True,True,인천국제공항공사_항공사별 노선별 운송실적_20241231.csv
2024,4,ICN,FUK,ICN-FUK,,,,KE,대한항공,도착,0.0,13790.0,False,True,인천국제공항공사_항공사별 노선별 운송실적_20241231.csv
2024,4,ICN,FUK,ICN-FUK,,,,KE,대한항공,도착,0.0,138.0,False,True,인천국제공항공사_항공사별 노선별 운송실적_20241231.csv
2024,4,ICN,FUK,ICN-FUK,,,,KE,대한항공,출발,0.0,13484.0,False,True,인천국제공항공사_항공사별 노선별 운송실적_20241231.csv
2024,4,ICN,FUK,ICN-FUK,,,,OZ,아시아나항공,도착,0.0,18181.0,False,True,인천국제공항공사_항공사별 노선별 운송실적_20241231.csv
2024,4,ICN,FUK,ICN-FUK,,,,OZ,아시아나항공,출발,0.0,17884.0,False,True,인천국제공항공사_항공사별 노선별 운송실적_20241231.csv
2024,4,ICN,FUK,ICN-FUK,,,,BX,에어 부산,도착,0.0,13231.0,False,True,인천국제공항공사_항공사별 노선별 운송실적_20241231.csv
2024,4,ICN,FUK,ICN-FUK,,,,BX,에어 부산,출발,0.0,13004.0,False,True,인천국제공항공사_항공사별 노선별 운송실적_20241231.csv
2024,4,ICN,FUK,ICN-FUK,,,,RS,에어서울,도착,0.0,11921.0,True,True,인천국제공항공사_항공사별 노선별 운송실적_20241231.csv
2024,4,ICN,FUK,ICN-FUK,,,,RS,에어서울,출발,0.0,11703.0,True,True,인천국제공항공사_항공사별 노선별 운송실적_20241231.csv
2024,4,ICN,FUK,ICN-FUK,,,,ZE,이스타 항공,도착,0.0,10091.0,True,True,인천국제공항공사_항공사별 노선별 운송실적_20241231.csv
2024,4,ICN,FUK,ICN-FUK,,,,ZE,이스타 항공,출발,0.0,10226.0,True,True,인천국제공항공사_항공사별 노선별 운송실적_20241231.csv
2024,4,ICN,FUK,ICN-FUK,,,,7C,제주항공,도착,0.0,26554.0,True,True,인천국제공항공사_항공사별 노선별 운송실적_20241231.csv
2024,4,ICN,FUK,ICN-FUK,,,,7C,제주항공,출발,0.0,26203.0,True,True,인천국제공항공사_항공사별 노선별 운송실적_20241231.csv
2024,4,ICN,FUK,ICN-FUK,,,,LJ,진 에어,도착,0.0,21022.0,False,True,인천국제공항공사_항공사별 노선별 운송실적_20241231.csv
2024,4,ICN,FUK,ICN-FUK,,,,LJ,진 에어,출발,0.0,20041.0,False,True,인천국제공항공사_항공사별 노선별 운송실적_20241231.csv
2024,4,ICN,FUK,ICN-FUK,,,,TW,티웨이항공,도착,0.0,16017.0,True,True,인천국제공항공사_항공사별 노선별 운송실적_20241231.csv
2024,4,ICN,FUK,ICN-FUK,,,,TW,티웨이항공,출발,0.0,15720.0,True,True,인천국제공항공사_항공사별 노선별 운송실적_20241231.csv
2024,4,ICN,HIJ,ICN-HIJ,,,,7C,제주항공,도착,0.0,8224.0,True,True,인천국제공항공사_항공사별 노선별 운송실적_20241231.csv
2024,4,ICN,HIJ,ICN-HIJ,,,,7C,제주항공,출발,0.0,7730.0,True,True,인천국제공항공사_항공사별 노선별 운송실적_20241231.csv
2024,4,ICN,HND,ICN-HND,,,,KE,대한항공,도착,0.0,2123.0,False,True,인천국제공항공사_항공사별 노선별 운송실적_20241231.csv
2024,4,ICN,HND,ICN-HND,,,,KE,대한항공,출발,0.0,3254.0,False,True,인천국제공항공사_항공사별 노선별 운송실적_20241231.csv
2024,4,ICN,HND,ICN-HND,,,,OZ,아시아나항공,도착,0.0,3298.0,False,True,인천국제공항공사_항공사별 노선별 운송실적_20241231.csv
2024,4,ICN,HND,ICN-HND,,,,OZ,아시아나항공,도착,0.0,287.0,False,True,인천국제공항공사_항공사별 노선별 운송실적_20241231.csv
2024,4,ICN,HND,ICN-HND,,,,OZ,아시아나항공,출발,0.0,4218.0,False,True,인천국제공항공사_항공사별 노선별 운송실적_20241231.csv
2024,4,ICN,HND,ICN-HND,,,,MM,피치 항공,도착,0.0,4867.0,True,True,인천국제공항공사_항공사별 노선별 운송실적_20241231.csv
2024,4,ICN,HND,ICN-HND,,,,MM,피치 항공,출발,0.0,5004.0,True,True,인천국제공항공사_항공사별 노선별 운송실적_20241231.csv
2024,4,ICN,KIJ,ICN-KIJ,,,,KE,대한항공,도착,0.0,928.0,False,True,인천국제공항공사_항공사별 노선별 운송실적_20241231.csv
2024,4,ICN,KIJ,ICN-KIJ,,,,KE,대한항공,출발,0.0,1168.0,False,True,인천국제공항공사_항공사별 노선별 운송실적_20241231.csv
2024,4,ICN,KIX,ICN-KIX,,,,KE,대한항공,도착,0.0,13080.0,False,True,인천국제공항공사_항공사별 노선별 운송실적_20241231.csv
2024,4,ICN,KIX,ICN-KIX,,,,KE,대한항공,도착,0.0,135.0,False,True,인천국제공항공사_항공사별 노선별 운송실적_20241231.csv
2024,4,ICN,KIX,ICN-KIX,,,,KE,대한항공,출발,0.0,13196.0,False,True,인천국제공항공사_항공사별 노선별 운송실적_20241231.csv
2024,4,ICN,KIX,ICN-KIX,,,,OZ,아시아나항공,도착,0.0,17890.0,False,True,인천국제공항공사_항공사별 노선별 운송실적_20241231.csv
2024,4,ICN,KIX,ICN-KIX,,,,OZ,아시아나항공,출발,0.0,19288.0,False,True,인천국제공항공사_항공사별 노선별 운송실적_20241231.csv
2024,4,ICN,KIX,ICN-KIX,,,,BX,에어 부산,도착,0.0,17742.0,False,True,인천국제공항공사_항공사별 노선별 운송실적_20241231.csv
2024,4,ICN,KIX,ICN-KIX,,,,BX,에어 부산,출발,0.0,16822.0,False,True,인천국제공항공사_항공사별 노선별 운송실적_20241231.csv
2024,4,ICN,KIX,ICN-KIX,,,,RS,에어서울,도착,0.0,16638.0,True,True,인천국제공항공사_항공사별 노선별 운송실적_20241231.csv
2024,4,ICN,KIX,ICN-KIX,,,,RS,에어서울,출발,0.0,16211.0,True,True,인천국제공항공사_항공사별 노선별 운송실적_20241231.csv
2024,4,ICN,KIX,ICN-KIX,,,,ZE,이스타 항공,도착,0.0,9990.0,True,True,인천국제공항공사_항공사별 노선별 운송실적_20241231.csv
2024,4,ICN,KIX,ICN-KIX,,,,ZE,이스타 항공,출발,0.0,9510.0,True,True,인천국제공항공사_항공사별 노선별 운송실적_20241231.csv
2024,4,ICN,KIX,ICN-KIX,,,,7C,제주항공,도착,0.0,19275.0,True,True,인천국제공항공사_항공사별 노선별 운송실적_20241231.csv
2024,4,ICN,KIX,ICN-KIX,,,,7C,제주항공,출발,0.0,18022.0,True,True,인천국제공항공사_항공사별 노선별 운송실적_20241231.csv
2024,4,ICN,KIX,ICN-KIX,,,,LJ,진 에어,도착,0.0,36103.0,False,True,인천국제공항공사_항공사별 노선별 운송실적_20241231.csv
2024,4,ICN,KIX,ICN-KIX,,,,LJ,진 에어,출발,0.0,36348.0,False,True,인천국제공항공사_항공사별 노선별 운송실적_20241231.csv
2024,4,ICN,KIX,ICN-KIX,,,,TW,티웨이항공,도착,0.0,19525.0,True,True,인천국제공항공사_항공사별 노선별 운송실적_20241231.csv
2024,4,ICN,KIX,ICN-KIX,,,,TW,티웨이항공,출발,0.0,19637.0,True,True,인천국제공항공사_항공사별 노선별 운송실적_20241231.csv
2024,4,ICN,KIX,ICN-KIX,,,,MM,피치 항공,도착,0.0,19449.0,True,True,인천국제공항공사_항공사별 노선별 운송실적_20241231.csv
2024,4,ICN,KIX,ICN-KIX,,,,MM,피치 항공,출발,0.0,18053.0,True,True,인천국제공항공사_항공사별 노선별 운송실적_20241231.csv
2024,4,ICN,KKJ,ICN-KKJ,,,,LJ,진 에어,도착,0.0,4565.0,False,True,인천국제공항공사_항공사별 노선별 운송실적_20241231.csv
2024,4,ICN,KKJ,ICN-KKJ,,,,LJ,진 에어,출발,0.0,4681.0,False,True,인천국제공항공사_항공사별 노선별 운송실적_20241231.csv
2024,4,ICN,KMI,ICN-KMI,,,,OZ,아시아나항공,도착,0.0,1775.0,False,True,인천국제공항공사_항공사별 노선별 운송실적_20241231.csv
2024,4,ICN,KMI,ICN-KMI,,,,OZ,아시아나항공,출발,0.0,1746.0,False,True,인천국제공항공사_항공사별 노선별 운송실적_20241231.csv
2024,4,ICN,KMJ,ICN-KMJ,,,,TW,티웨이항공,도착,0.0,4877.0,True,True,인천국제공항공사_항공사별 노선별 운송실적_20241231.csv
2024,4,ICN,KMJ,ICN-KMJ,,,,TW,티웨이항공,출발,0.0,4836.0,True,True,인천국제공항공사_항공사별 노선별 운송실적_20241231.csv
2024,4,ICN,KOJ,ICN-KOJ,,,,KE,대한항공,도착,0.0,1460.0,False,True,인천국제공항공사_항공사별 노선별 운송실적_20241231.csv
2024,4,ICN,KOJ,ICN-KOJ,,,,KE,대한항공,출발,0.0,1527.0,False,True,인천국제공항공사_항공사별 노선별 운송실적_20241231.csv
2024,4,ICN,MYJ,ICN-MYJ,,,,7C,제주항공,도착,0.0,5333.0,True,True,인천국제공항공사_항공사별 노선별 운송실적_20241231.csv
2024,4,ICN,MYJ,ICN-MYJ,,,,7C,제주항공,출발,0.0,5269.0,True,True,인천국제공항공사_항공사별 노선별 운송실적_20241231.csv
2024,4,ICN,NGO,ICN-NGO,,,,KE,대한항공,도착,0.0,8345.0,False,True,인천국제공항공사_항공사별 노선별 운송실적_20241231.csv
2024,4,ICN,NGO,ICN-NGO,,,,KE,대한항공,출발,0.0,9567.0,False,True,인천국제공항공사_항공사별 노선별 운송실적_20241231.csv
2024,4,ICN,NGO,ICN-NGO,,,,OZ,아시아나항공,도착,0.0,7429.0,False,True,인천국제공항공사_항공사별 노선별 운송실적_20241231.csv
2024,4,ICN,NGO,ICN-NGO,,,,OZ,아시아나항공,출발,0.0,7678.0,False,True,인천국제공항공사_항공사별 노선별 운송실적_20241231.csv
2024,4,ICN,NGO,ICN-NGO,,,,7C,제주항공,도착,0.0,9953.0,True,True,인천국제공항공사_항공사별 노선별 운송실적_20241231.csv
2024,4,ICN,NGO,ICN-NGO,,,,7C,제주항공,출발,0.0,9393.0,True,True,인천국제공항공사_항공사별 노선별 운송실적_20241231.csv
2024,4,ICN,NGO,ICN-NGO,,,,LJ,진 에어,도착,0.0,9883.0,False,True,인천국제공항공사_항공사별 노선별 운송실적_20241231.csv
2024,4,ICN,NGO,ICN-NGO,,,,LJ,진 에어,출발,0.0,9971.0,False,True,인천국제공항공사_항공사별 노선별 운송실적_20241231.csv
2024,4,ICN,NRT,ICN-NRT,,,,KE,대한항공,도착,0.0,14809.0,False,True,인천국제공항공사_항공사별 노선별 운송실적_20241231.csv
2024,4,ICN,NRT,ICN-NRT,,,,KE,대한항공,출발,0.0,15632.0,False,True,인천국제공항공사_항공사별 노선별 운송실적_20241231.csv
2024,4,ICN,NRT,ICN-NRT,,,,OZ,아시아나항공,도착,0.0,25230.0,False,True,인천국제공항공사_항공사별 노선별 운송실적_20241231.csv
2024,4,ICN,NRT,ICN-NRT,,,,OZ,아시아나항공,출발,0.0,27047.0,False,True,인천국제공항공사_항공사별 노선별 운송실적_20241231.csv
2024,4,ICN,NRT,ICN-NRT,,,,BX,에어 부산,도착,0.0,11684.0,False,True,인천국제공항공사_항공사별 노선별 운송실적_20241231.csv
2024,4,ICN,NRT,ICN-NRT,,,,BX,에어 부산,출발,0.0,11488.0,False,True,인천국제공항공사_항공사별 노선별 운송실적_20241231.csv
2024,4,ICN,NRT,ICN-NRT,,,,YP,에어 프레미아,도착,0.0,7310.0,False,True,인천국제공항공사_항공사별 노선별 운송실적_20241231.csv
2024,4,ICN,NRT,ICN-NRT,,,,YP,에어 프레미아,출발,0.0,7590.0,False,True,인천국제공항공사_항공사별 노선별 운송실적_20241231.csv
2024,4,ICN,NRT,ICN-NRT,,,,RS,에어서울,도착,0.0,16838.0,True,True,인천국제공항공사_항공사별 노선별 운송실적_20241231.csv
2024,4,ICN,NRT,ICN-NRT,,,,RS,에어서울,출발,0.0,16924.0,True,True,인천국제공항공사_항공사별 노선별 운송실적_20241231.csv
2024,4,ICN,NRT,ICN-NRT,,,,NQ,에어재팬,도착,0.0,4364.0,False,True,인천국제공항공사_항공사별 노선별 운송실적_20241231.csv
2024,4,ICN,NRT,ICN-NRT,,,,NQ,에어재팬,출발,0.0,2745.0,False,True,인천국제공항공사_항공사별 노선별 운송실적_20241231.csv
2024,4,ICN,NRT,ICN-NRT,,,,ET,에티오피아 항공,도착,0.0,1494.0,False,True,인천국제공항공사_항공사별 노선별 운송실적_20241231.csv
2024,4,ICN,NRT,ICN-NRT,,,,ET,에티오피아 항공,출발,0.0,1120.0,False,True,인천국제공항공사_항공사별 노선별 운송실적_20241231.csv
2024,4,ICN,NRT,ICN-NRT,,,,ZE,이스타 항공,도착,0.0,11178.0,True,True,인천국제공항공사_항공사별 노선별 운송실적_20241231.csv
2024,4,ICN,NRT,ICN-NRT,,,,ZE,이스타 항공,출발,0.0,10910.0,True,True,인천국제공항공사_항공사별 노선별 운송실적_20241231.csv
2024,4,ICN,NRT,ICN-NRT,,,,7C,제주항공,도착,0.0,28589.0,True,True,인천국제공항공사_항공사별 노선별 운송실적_20241231.csv
2024,4,ICN,NRT,ICN-NRT,,,,7C,제주항공,출발,0.0,29012.0,True,True,인천국제공항공사_항공사별 노선별 운송실적_20241231.csv
2024,4,ICN,NRT,ICN-NRT,,,,LJ,진 에어,도착,0.0,36548.0,False,True,인천국제공항공사_항공사별 노선별 운송실적_20241231.csv
2024,4,ICN,NRT,ICN-NRT,,,,LJ,진 에어,출발,0.0,33928.0,False,True,인천국제공항공사_항공사별 노선별 운송실적_20241231.csv
2024,4,ICN,NRT,ICN-NRT,,,,ZG,집에어 도쿄,도착,0.0,7092.0,True,True,인천국제공항공사_항공사별 노선별 운송실적_20241231.csv
2024,4,ICN,NRT,ICN-NRT,,,,ZG,집에어 도쿄,출발,0.0,5109.0,True,True,인천국제공항공사_항공사별 노선별 운송실적_20241231.csv
2024,4,ICN,NRT,ICN-NRT,,,,TW,티웨이항공,도착,0.0,17678.0,True,True,인천국제공항공사_항공사별 노선별 운송실적_20241231.csv
2024,4,ICN,NRT,ICN-NRT,,,,TW,티웨이항공,출발,0.0,17420.0,True,True,인천국제공항공사_항공사별 노선별 운송실적_20241231.csv
2024,4,ICN,OIT,ICN-OIT,,,,7C,제주항공,도착,0.0,3566.0,True,True,인천국제공항공사_항공사별 노선별 운송실적_20241231.csv
2024,4,ICN,OIT,ICN-OIT,,,,7C,제주항공,출발,0.0,3857.0,True,True,인천국제공항공사_항공사별 노선별 운송실적_20241231.csv
2024,4,ICN,OKA,ICN-OKA,,,,KE,대한항공,도착,0.0,3288.0,False,True,인천국제공항공사_항공사별 노선별 운송실적_20241231.csv
2024,4,ICN,OKA,ICN-OKA,,,,KE,대한항공,출발,0.0,3300.0,False,True,인천국제공항공사_항공사별 노선별 운송실적_20241231.csv
2024,4,ICN,OKA,ICN-OKA,,,,OZ,아시아나항공,도착,0.0,5789.0,False,True,인천국제공항공사_항공사별 노선별 운송실적_20241231.csv
2024,4,ICN,OKA,ICN-OKA,,,,OZ,아시아나항공,출발,0.0,5874.0,False,True,인천국제공항공사_항공사별 노선별 운송실적_20241231.csv
2024,4,ICN,OKA,ICN-OKA,,,,7C,제주항공,도착,0.0,4981.0,True,True,인천국제공항공사_항공사별 노선별 운송실적_20241231.csv
2024,4,ICN,OKA,ICN-OKA,,,,7C,제주항공,출발,0.0,5027.0,True,True,인천국제공항공사_항공사별 노선별 운송실적_20241231.csv
2024,4,ICN,OKA,ICN-OKA,,,,LJ,진 에어,도착,0.0,5152.0,False,True,인천국제공항공사_항공사별 노선별 운송실적_20241231.csv
2024,4,ICN,OKA,ICN-OKA,,,,LJ,진 에어,출발,0.0,5054.0,False,True,인천국제공항공사_항공사별 노선별 운송실적_20241231.csv
2024,4,ICN,OKA,ICN-OKA,,,,TW,티웨이항공,도착,0.0,5314.0,True,True,인천국제공항공사_항공사별 노선별 운송실적_20241231.csv
2024,4,ICN,OKA,ICN-OKA,,,,TW,티웨이항공,출발,0.0,5375.0,True,True,인천국제공항공사_항공사별 노선별 운송실적_20241231.csv
2024,4,ICN,OKJ,ICN-OKJ,,,,KE,대한항공,도착,0.0,1200.0,False,True,인천국제공항공사_항공사별 노선별 운송실적_20241231.csv
2024,4,ICN,OKJ,ICN-OKJ,,,,KE,대한항공,출발,0.0,1297.0,False,True,인천국제공항공사_항공사별 노선별 운송실적_20241231.csv
2024,4,ICN,SDJ,ICN-SDJ,,,,OZ,아시아나항공,도착,0.0,3249.0,False,True,인천국제공항공사_항공사별 노선별 운송실적_20241231.csv
2024,4,ICN,SDJ,ICN-SDJ,,,,OZ,아시아나항공,출발,0.0,3349.0,False,True,인천국제공항공사_항공사별 노선별 운송실적_20241231.csv
2024,4,ICN,TAK,ICN-TAK,,,,RS,에어서울,도착,0.0,5354.0,True,True,인천국제공항공사_항공사별 노선별 운송실적_20241231.csv
2024,4,ICN,TAK,ICN-TAK,,,,RS,에어서울,출발,0.0,5287.0,True,True,인천국제공항공사_항공사별 노선별 운송실적_20241231.csv
2024,4,ICN,YGJ,ICN-YGJ,,,,RS,에어서울,도착,0.0,2019.0,True,True,인천국제공항공사_항공사별 노선별 운송실적_20241231.csv
2024,4,ICN,YGJ,ICN-YGJ,,,,RS,에어서울,출발,0.0,1975.0,True,True,인천국제공항공사_항공사별 노선별 운송실적_20241231.csv
2024,5,ICN,AOJ,ICN-AOJ,,,,KE,대한항공,도착,0.0,1008.0,False,True,인천국제공항공사_항공사별 노선별 운송실적_20241231.csv
2024,5,ICN,AOJ,ICN-AOJ,,,,KE,대한항공,출발,0.0,1201.0,False,True,인천국제공항공사_항공사별 노선별 운송실적_20241231.csv
2024,5,ICN,CTS,ICN-CTS,,,,KE,대한항공,도착,0.0,7956.0,False,True,인천국제공항공사_항공사별 노선별 운송실적_20241231.csv
2024,5,ICN,CTS,ICN-CTS,,,,KE,대한항공,출발,0.0,8731.0,False,True,인천국제공항공사_항공사별 노선별 운송실적_20241231.csv
2024,5,ICN,CTS,ICN-CTS,,,,OZ,아시아나항공,도착,0.0,3806.0,False,True,인천국제공항공사_항공사별 노선별 운송실적_20241231.csv
2024,5,ICN,CTS,ICN-CTS,,,,OZ,아시아나항공,출발,0.0,4753.0,False,True,인천국제공항공사_항공사별 노선별 운송실적_20241231.csv
2024,5,ICN,CTS,ICN-CTS,,,,BX,에어 부산,도착,0.0,5790.0,False,True,인천국제공항공사_항공사별 노선별 운송실적_20241231.csv
2024,5,ICN,CTS,ICN-CTS,,,,BX,에어 부산,출발,0.0,6497.0,False,True,인천국제공항공사_항공사별 노선별 운송실적_20241231.csv
2024,5,ICN,CTS,ICN-CTS,,,,7C,제주항공,도착,0.0,5584.0,True,True,인천국제공항공사_항공사별 노선별 운송실적_20241231.csv
2024,5,ICN,CTS,ICN-CTS,,,,7C,제주항공,출발,0.0,5651.0,True,True,인천국제공항공사_항공사별 노선별 운송실적_20241231.csv
2024,5,ICN,CTS,ICN-CTS,,,,LJ,진 에어,도착,0.0,5424.0,False,True,인천국제공항공사_항공사별 노선별 운송실적_20241231.csv
2024,5,ICN,CTS,ICN-CTS,,,,LJ,진 에어,출발,0.0,5362.0,False,True,인천국제공항공사_항공사별 노선별 운송실적_20241231.csv
2024,5,ICN,CTS,ICN-CTS,,,,TW,티웨이항공,도착,0.0,5053.0,True,True,인천국제공항공사_항공사별 노선별 운송실적_20241231.csv
2024,5,ICN,CTS,ICN-CTS,,,,TW,티웨이항공,출발,0.0,5055.0,True,True,인천국제공항공사_항공사별 노선별 운송실적_20241231.csv
2024,5,ICN,FSZ,ICN-FSZ,,,,7C,제주항공,도착,0.0,4879.0,True,True,인천국제공항공사_항공사별 노선별 운송실적_20241231.csv
2024,5,ICN,FSZ,ICN-FSZ,,,,7C,제주항공,출발,0.0,4934.0,True,True,인천국제공항공사_항공사별 노선별 운송실적_20241231.csv
2024,5,ICN,FUK,ICN-FUK,,,,KE,대한항공,도착,0.0,13258.0,False,True,인천국제공항공사_항공사별 노선별 운송실적_20241231.csv
2024,5,ICN,FUK,ICN-FUK,,,,KE,대한항공,출발,0.0,14570.0,False,True,인천국제공항공사_항공사별 노선별 운송실적_20241231.csv
2024,5,ICN,FUK,ICN-FUK,,,,OZ,아시아나항공,도착,0.0,17929.0,False,True,인천국제공항공사_항공사별 노선별 운송실적_20241231.csv
2024,5,ICN,FUK,ICN-FUK,,,,OZ,아시아나항공,도착,0.0,880.0,False,True,인천국제공항공사_항공사별 노선별 운송실적_20241231.csv
2024,5,ICN,FUK,ICN-FUK,,,,OZ,아시아나항공,출발,0.0,19101.0,False,True,인천국제공항공사_항공사별 노선별 운송실적_20241231.csv
2024,5,ICN,FUK,ICN-FUK,,,,OZ,아시아나항공,출발,0.0,835.0,False,True,인천국제공항공사_항공사별 노선별 운송실적_20241231.csv
2024,5,ICN,FUK,ICN-FUK,,,,BX,에어 부산,도착,0.0,12631.0,False,True,인천국제공항공사_항공사별 노선별 운송실적_20241231.csv
2024,5,ICN,FUK,ICN-FUK,,,,BX,에어 부산,출발,0.0,13114.0,False,True,인천국제공항공사_항공사별 노선별 운송실적_20241231.csv
2024,5,ICN,FUK,ICN-FUK,,,,RS,에어서울,도착,0.0,11926.0,True,True,인천국제공항공사_항공사별 노선별 운송실적_20241231.csv
2024,5,ICN,FUK,ICN-FUK,,,,RS,에어서울,출발,0.0,11946.0,True,True,인천국제공항공사_항공사별 노선별 운송실적_20241231.csv
2024,5,ICN,FUK,ICN-FUK,,,,ZE,이스타 항공,도착,0.0,9594.0,True,True,인천국제공항공사_항공사별 노선별 운송실적_20241231.csv
2024,5,ICN,FUK,ICN-FUK,,,,ZE,이스타 항공,출발,0.0,10174.0,True,True,인천국제공항공사_항공사별 노선별 운송실적_20241231.csv
2024,5,ICN,FUK,ICN-FUK,,,,7C,제주항공,도착,0.0,26591.0,True,True,인천국제공항공사_항공사별 노선별 운송실적_20241231.csv
2024,5,ICN,FUK,ICN-FUK,,,,7C,제주항공,출발,0.0,26833.0,True,True,인천국제공항공사_항공사별 노선별 운송실적_20241231.csv
2024,5,ICN,FUK,ICN-FUK,,,,LJ,진 에어,도착,0.0,25761.0,False,True,인천국제공항공사_항공사별 노선별 운송실적_20241231.csv
2024,5,ICN,FUK,ICN-FUK,,,,LJ,진 에어,출발,0.0,25133.0,False,True,인천국제공항공사_항공사별 노선별 운송실적_20241231.csv
2024,5,ICN,FUK,ICN-FUK,,,,TW,티웨이항공,도착,0.0,17596.0,True,True,인천국제공항공사_항공사별 노선별 운송실적_20241231.csv
2024,5,ICN,FUK,ICN-FUK,,,,TW,티웨이항공,출발,0.0,16958.0,True,True,인천국제공항공사_항공사별 노선별 운송실적_20241231.csv
2024,5,ICN,HIJ,ICN-HIJ,,,,7C,제주항공,도착,0.0,8255.0,True,True,인천국제공항공사_항공사별 노선별 운송실적_20241231.csv
2024,5,ICN,HIJ,ICN-HIJ,,,,7C,제주항공,출발,0.0,8273.0,True,True,인천국제공항공사_항공사별 노선별 운송실적_20241231.csv
2024,5,ICN,HND,ICN-HND,,,,KE,대한항공,도착,0.0,3619.0,False,True,인천국제공항공사_항공사별 노선별 운송실적_20241231.csv
2024,5,ICN,HND,ICN-HND,,,,KE,대한항공,출발,0.0,3996.0,False,True,인천국제공항공사_항공사별 노선별 운송실적_20241231.csv
2024,5,ICN,HND,ICN-HND,,,,OZ,아시아나항공,도착,0.0,3989.0,False,True,인천국제공항공사_항공사별 노선별 운송실적_20241231.csv
2024,5,ICN,HND,ICN-HND,,,,OZ,아시아나항공,도착,0.0,287.0,False,True,인천국제공항공사_항공사별 노선별 운송실적_20241231.csv
2024,5,ICN,HND,ICN-HND,,,,OZ,아시아나항공,출발,0.0,4403.0,False,True,인천국제공항공사_항공사별 노선별 운송실적_20241231.csv
2024,5,ICN,HND,ICN-HND,,,,MM,피치 항공,도착,0.0,5221.0,True,True,인천국제공항공사_항공사별 노선별 운송실적_20241231.csv
2024,5,ICN,HND,ICN-HND,,,,MM,피치 항공,출발,0.0,5184.0,True,True,인천국제공항공사_항공사별 노선별 운송실적_20241231.csv
2024,5,ICN,KIJ,ICN-KIJ,,,,KE,대한항공,도착,0.0,1053.0,False,True,인천국제공항공사_항공사별 노선별 운송실적_20241231.csv
2024,5,ICN,KIJ,ICN-KIJ,,,,KE,대한항공,출발,0.0,1357.0,False,True,인천국제공항공사_항공사별 노선별 운송실적_20241231.csv
2024,5,ICN,KIX,ICN-KIX,,,,KE,대한항공,도착,0.0,14804.0,False,True,인천국제공항공사_항공사별 노선별 운송실적_20241231.csv
2024,5,ICN,KIX,ICN-KIX,,,,KE,대한항공,출발,0.0,15378.0,False,True,인천국제공항공사_항공사별 노선별 운송실적_20241231.csv
2024,5,ICN,KIX,ICN-KIX,,,,OZ,아시아나항공,도착,0.0,20575.0,False,True,인천국제공항공사_항공사별 노선별 운송실적_20241231.csv
2024,5,ICN,KIX,ICN-KIX,,,,OZ,아시아나항공,도착,0.0,4204.0,False,True,인천국제공항공사_항공사별 노선별 운송실적_20241231.csv
2024,5,ICN,KIX,ICN-KIX,,,,OZ,아시아나항공,출발,0.0,21414.0,False,True,인천국제공항공사_항공사별 노선별 운송실적_20241231.csv
2024,5,ICN,KIX,ICN-KIX,,,,OZ,아시아나항공,출발,0.0,5351.0,False,True,인천국제공항공사_항공사별 노선별 운송실적_20241231.csv
2024,5,ICN,KIX,ICN-KIX,,,,BX,에어 부산,도착,0.0,17398.0,False,True,인천국제공항공사_항공사별 노선별 운송실적_20241231.csv
2024,5,ICN,KIX,ICN-KIX,,,,BX,에어 부산,출발,0.0,18166.0,False,True,인천국제공항공사_항공사별 노선별 운송실적_20241231.csv
2024,5,ICN,KIX,ICN-KIX,,,,RS,에어서울,도착,0.0,16870.0,True,True,인천국제공항공사_항공사별 노선별 운송실적_20241231.csv
2024,5,ICN,KIX,ICN-KIX,,,,RS,에어서울,출발,0.0,17056.0,True,True,인천국제공항공사_항공사별 노선별 운송실적_20241231.csv
2024,5,ICN,KIX,ICN-KIX,,,,ZE,이스타 항공,도착,0.0,9917.0,True,True,인천국제공항공사_항공사별 노선별 운송실적_20241231.csv
2024,5,ICN,KIX,ICN-KIX,,,,ZE,이스타 항공,출발,0.0,10151.0,True,True,인천국제공항공사_항공사별 노선별 운송실적_20241231.csv
2024,5,ICN,KIX,ICN-KIX,,,,7C,제주항공,도착,0.0,21339.0,True,True,인천국제공항공사_항공사별 노선별 운송실적_20241231.csv
2024,5,ICN,KIX,ICN-KIX,,,,7C,제주항공,출발,0.0,20501.0,True,True,인천국제공항공사_항공사별 노선별 운송실적_20241231.csv
2024,5,ICN,KIX,ICN-KIX,,,,LJ,진 에어,도착,0.0,36119.0,False,True,인천국제공항공사_항공사별 노선별 운송실적_20241231.csv
2024,5,ICN,KIX,ICN-KIX,,,,LJ,진 에어,도착,0.0,166.0,False,True,인천국제공항공사_항공사별 노선별 운송실적_20241231.csv
2024,5,ICN,KIX,ICN-KIX,,,,LJ,진 에어,출발,0.0,37389.0,False,True,인천국제공항공사_항공사별 노선별 운송실적_20241231.csv
2024,5,ICN,KIX,ICN-KIX,,,,TW,티웨이항공,도착,0.0,20427.0,True,True,인천국제공항공사_항공사별 노선별 운송실적_20241231.csv
2024,5,ICN,KIX,ICN-KIX,,,,TW,티웨이항공,도착,0.0,185.0,True,True,인천국제공항공사_항공사별 노선별 운송실적_20241231.csv
2024,5,ICN,KIX,ICN-KIX,,,,TW,티웨이항공,출발,0.0,21087.0,True,True,인천국제공항공사_항공사별 노선별 운송실적_20241231.csv
2024,5,ICN,KIX,ICN-KIX,,,,TW,티웨이항공,출발,0.0,127.0,True,True,인천국제공항공사_항공사별 노선별 운송실적_20241231.csv
2024,5,ICN,KIX,ICN-KIX,,,,MM,피치 항공,도착,0.0,20219.0,True,True,인천국제공항공사_항공사별 노선별 운송실적_20241231.csv
2024,5,ICN,KIX,ICN-KIX,,,,MM,피치 항공,출발,0.0,18999.0,True,True,인천국제공항공사_항공사별 노선별 운송실적_20241231.csv
2024,5,ICN,KKJ,ICN-KKJ,,,,LJ,진 에어,도착,0.0,4541.0,False,True,인천국제공항공사_항공사별 노선별 운송실적_20241231.csv
2024,5,ICN,KKJ,ICN-KKJ,,,,LJ,진 에어,출발,0.0,5017.0,False,True,인천국제공항공사_항공사별 노선별 운송실적_20241231.csv
2024,5,ICN,KMI,ICN-KMI,,,,OZ,아시아나항공,도착,0.0,1837.0,False,True,인천국제공항공사_항공사별 노선별 운송실적_20241231.csv
2024,5,ICN,KMI,ICN-KMI,,,,OZ,아시아나항공,출발,0.0,1759.0,False,True,인천국제공항공사_항공사별 노선별 운송실적_20241231.csv
2024,5,ICN,KMJ,ICN-KMJ,,,,TW,티웨이항공,도착,0.0,4713.0,True,True,인천국제공항공사_항공사별 노선별 운송실적_20241231.csv
2024,5,ICN,KMJ,ICN-KMJ,,,,TW,티웨이항공,출발,0.0,4826.0,True,True,인천국제공항공사_항공사별 노선별 운송실적_20241231.csv
2024,5,ICN,KOJ,ICN-KOJ,,,,KE,대한항공,도착,0.0,1515.0,False,True,인천국제공항공사_항공사별 노선별 운송실적_20241231.csv
2024,5,ICN,KOJ,ICN-KOJ,,,,KE,대한항공,출발,0.0,1630.0,False,True,인천국제공항공사_항공사별 노선별 운송실적_20241231.csv
2024,5,ICN,MYJ,ICN-MYJ,,,,7C,제주항공,도착,0.0,5523.0,True,True,인천국제공항공사_항공사별 노선별 운송실적_20241231.csv
2024,5,ICN,MYJ,ICN-MYJ,,,,7C,제주항공,출발,0.0,5672.0,True,True,인천국제공항공사_항공사별 노선별 운송실적_20241231.csv
2024,5,ICN,NGO,ICN-NGO,,,,KE,대한항공,도착,0.0,8673.0,False,True,인천국제공항공사_항공사별 노선별 운송실적_20241231.csv
2024,5,ICN,NGO,ICN-NGO,,,,KE,대한항공,출발,0.0,10129.0,False,True,인천국제공항공사_항공사별 노선별 운송실적_20241231.csv
2024,5,ICN,NGO,ICN-NGO,,,,OZ,아시아나항공,도착,0.0,7862.0,False,True,인천국제공항공사_항공사별 노선별 운송실적_20241231.csv
2024,5,ICN,NGO,ICN-NGO,,,,OZ,아시아나항공,출발,0.0,8693.0,False,True,인천국제공항공사_항공사별 노선별 운송실적_20241231.csv
2024,5,ICN,NGO,ICN-NGO,,,,7C,제주항공,도착,0.0,10368.0,True,True,인천국제공항공사_항공사별 노선별 운송실적_20241231.csv
2024,5,ICN,NGO,ICN-NGO,,,,7C,제주항공,출발,0.0,10220.0,True,True,인천국제공항공사_항공사별 노선별 운송실적_20241231.csv
2024,5,ICN,NGO,ICN-NGO,,,,LJ,진 에어,도착,0.0,10183.0,False,True,인천국제공항공사_항공사별 노선별 운송실적_20241231.csv
2024,5,ICN,NGO,ICN-NGO,,,,LJ,진 에어,출발,0.0,10469.0,False,True,인천국제공항공사_항공사별 노선별 운송실적_20241231.csv
2024,5,ICN,NRT,ICN-NRT,,,,KE,대한항공,도착,0.0,16687.0,False,True,인천국제공항공사_항공사별 노선별 운송실적_20241231.csv
2024,5,ICN,NRT,ICN-NRT,,,,KE,대한항공,출발,0.0,18625.0,False,True,인천국제공항공사_항공사별 노선별 운송실적_20241231.csv
2024,5,ICN,NRT,ICN-NRT,,,,OZ,아시아나항공,도착,0.0,28744.0,False,True,인천국제공항공사_항공사별 노선별 운송실적_20241231.csv
2024,5,ICN,NRT,ICN-NRT,,,,OZ,아시아나항공,도착,0.0,613.0,False,True,인천국제공항공사_항공사별 노선별 운송실적_20241231.csv
2024,5,ICN,NRT,ICN-NRT,,,,OZ,아시아나항공,출발,0.0,31175.0,False,True,인천국제공항공사_항공사별 노선별 운송실적_20241231.csv
2024,5,ICN,NRT,ICN-NRT,,,,OZ,아시아나항공,출발,0.0,726.0,False,True,인천국제공항공사_항공사별 노선별 운송실적_20241231.csv
2024,5,ICN,NRT,ICN-NRT,,,,BX,에어 부산,도착,0.0,11471.0,False,True,인천국제공항공사_항공사별 노선별 운송실적_20241231.csv
2024,5,ICN,NRT,ICN-NRT,,,,BX,에어 부산,출발,0.0,12439.0,False,True,인천국제공항공사_항공사별 노선별 운송실적_20241231.csv
2024,5,ICN,NRT,ICN-NRT,,,,YP,에어 프레미아,도착,0.0,5799.0,False,True,인천국제공항공사_항공사별 노선별 운송실적_20241231.csv
2024,5,ICN,NRT,ICN-NRT,,,,YP,에어 프레미아,출발,0.0,6452.0,False,True,인천국제공항공사_항공사별 노선별 운송실적_20241231.csv
2024,5,ICN,NRT,ICN-NRT,,,,RF,에어로케이,도착,0.0,330.0,True,True,인천국제공항공사_항공사별 노선별 운송실적_20241231.csv
2024,5,ICN,NRT,ICN-NRT,,,,RF,에어로케이,출발,0.0,276.0,True,True,인천국제공항공사_항공사별 노선별 운송실적_20241231.csv
2024,5,ICN,NRT,ICN-NRT,,,,RS,에어서울,도착,0.0,17746.0,True,True,인천국제공항공사_항공사별 노선별 운송실적_20241231.csv
2024,5,ICN,NRT,ICN-NRT,,,,RS,에어서울,출발,0.0,18046.0,True,True,인천국제공항공사_항공사별 노선별 운송실적_20241231.csv
2024,5,ICN,NRT,ICN-NRT,,,,NQ,에어재팬,도착,0.0,4952.0,False,True,인천국제공항공사_항공사별 노선별 운송실적_20241231.csv
2024,5,ICN,NRT,ICN-NRT,,,,NQ,에어재팬,출발,0.0,4204.0,False,True,인천국제공항공사_항공사별 노선별 운송실적_20241231.csv
2024,5,ICN,NRT,ICN-NRT,,,,ET,에티오피아 항공,도착,0.0,1764.0,False,True,인천국제공항공사_항공사별 노선별 운송실적_20241231.csv
2024,5,ICN,NRT,ICN-NRT,,,,ET,에티오피아 항공,출발,0.0,1626.0,False,True,인천국제공항공사_항공사별 노선별 운송실적_20241231.csv
2024,5,ICN,NRT,ICN-NRT,,,,ZE,이스타 항공,도착,0.0,10302.0,True,True,인천국제공항공사_항공사별 노선별 운송실적_20241231.csv
2024,5,ICN,NRT,ICN-NRT,,,,ZE,이스타 항공,출발,0.0,10952.0,True,True,인천국제공항공사_항공사별 노선별 운송실적_20241231.csv
2024,5,ICN,NRT,ICN-NRT,,,,7C,제주항공,도착,0.0,27766.0,True,True,인천국제공항공사_항공사별 노선별 운송실적_20241231.csv
2024,5,ICN,NRT,ICN-NRT,,,,7C,제주항공,출발,0.0,27818.0,True,True,인천국제공항공사_항공사별 노선별 운송실적_20241231.csv
2024,5,ICN,NRT,ICN-NRT,,,,LJ,진 에어,도착,0.0,35149.0,False,True,인천국제공항공사_항공사별 노선별 운송실적_20241231.csv
2024,5,ICN,NRT,ICN-NRT,,,,LJ,진 에어,출발,0.0,34360.0,False,True,인천국제공항공사_항공사별 노선별 운송실적_20241231.csv
2024,5,ICN,NRT,ICN-NRT,,,,ZG,집에어 도쿄,도착,0.0,7402.0,True,True,인천국제공항공사_항공사별 노선별 운송실적_20241231.csv
2024,5,ICN,NRT,ICN-NRT,,,,ZG,집에어 도쿄,출발,0.0,6592.0,True,True,인천국제공항공사_항공사별 노선별 운송실적_20241231.csv
2024,5,ICN,NRT,ICN-NRT,,,,TW,티웨이항공,도착,0.0,19004.0,True,True,인천국제공항공사_항공사별 노선별 운송실적_20241231.csv
2024,5,ICN,NRT,ICN-NRT,,,,TW,티웨이항공,출발,0.0,19962.0,True,True,인천국제공항공사_항공사별 노선별 운송실적_20241231.csv
2024,5,ICN,OIT,ICN-OIT,,,,7C,제주항공,도착,0.0,3506.0,True,True,인천국제공항공사_항공사별 노선별 운송실적_20241231.csv
2024,5,ICN,OIT,ICN-OIT,,,,7C,제주항공,출발,0.0,3758.0,True,True,인천국제공항공사_항공사별 노선별 운송실적_20241231.csv
2024,5,ICN,OKA,ICN-OKA,,,,KE,대한항공,도착,0.0,3399.0,False,True,인천국제공항공사_항공사별 노선별 운송실적_20241231.csv
2024,5,ICN,OKA,ICN-OKA,,,,KE,대한항공,출발,0.0,3560.0,False,True,인천국제공항공사_항공사별 노선별 운송실적_20241231.csv
2024,5,ICN,OKA,ICN-OKA,,,,OZ,아시아나항공,도착,0.0,5422.0,False,True,인천국제공항공사_항공사별 노선별 운송실적_20241231.csv
2024,5,ICN,OKA,ICN-OKA,,,,OZ,아시아나항공,도착,0.0,1767.0,False,True,인천국제공항공사_항공사별 노선별 운송실적_20241231.csv
2024,5,ICN,OKA,ICN-OKA,,,,OZ,아시아나항공,출발,0.0,5498.0,False,True,인천국제공항공사_항공사별 노선별 운송실적_20241231.csv
2024,5,ICN,OKA,ICN-OKA,,,,OZ,아시아나항공,출발,0.0,1977.0,False,True,인천국제공항공사_항공사별 노선별 운송실적_20241231.csv
2024,5,ICN,OKA,ICN-OKA,,,,7C,제주항공,도착,0.0,5246.0,True,True,인천국제공항공사_항공사별 노선별 운송실적_20241231.csv
2024,5,ICN,OKA,ICN-OKA,,,,7C,제주항공,출발,0.0,5193.0,True,True,인천국제공항공사_항공사별 노선별 운송실적_20241231.csv
2024,5,ICN,OKA,ICN-OKA,,,,LJ,진 에어,도착,0.0,5293.0,False,True,인천국제공항공사_항공사별 노선별 운송실적_20241231.csv
2024,5,ICN,OKA,ICN-OKA,,,,LJ,진 에어,출발,0.0,5372.0,False,True,인천국제공항공사_항공사별 노선별 운송실적_20241231.csv
2024,5,ICN,OKA,ICN-OKA,,,,TW,티웨이항공,도착,0.0,5570.0,True,True,인천국제공항공사_항공사별 노선별 운송실적_20241231.csv
2024,5,ICN,OKA,ICN-OKA,,,,TW,티웨이항공,출발,0.0,5531.0,True,True,인천국제공항공사_항공사별 노선별 운송실적_20241231.csv
2024,5,ICN,OKJ,ICN-OKJ,,,,KE,대한항공,도착,0.0,1139.0,False,True,인천국제공항공사_항공사별 노선별 운송실적_20241231.csv
2024,5,ICN,OKJ,ICN-OKJ,,,,KE,대한항공,출발,0.0,1439.0,False,True,인천국제공항공사_항공사별 노선별 운송실적_20241231.csv
2024,5,ICN,SDJ,ICN-SDJ,,,,OZ,아시아나항공,도착,0.0,3367.0,False,True,인천국제공항공사_항공사별 노선별 운송실적_20241231.csv
2024,5,ICN,SDJ,ICN-SDJ,,,,OZ,아시아나항공,출발,0.0,3535.0,False,True,인천국제공항공사_항공사별 노선별 운송실적_20241231.csv
2024,5,ICN,TAK,ICN-TAK,,,,RS,에어서울,도착,0.0,5235.0,True,True,인천국제공항공사_항공사별 노선별 운송실적_20241231.csv
2024,5,ICN,TAK,ICN-TAK,,,,RS,에어서울,출발,0.0,5375.0,True,True,인천국제공항공사_항공사별 노선별 운송실적_20241231.csv
2024,5,ICN,YGJ,ICN-YGJ,,,,RS,에어서울,도착,0.0,2091.0,True,True,인천국제공항공사_항공사별 노선별 운송실적_20241231.csv
2024,5,ICN,YGJ,ICN-YGJ,,,,RS,에어서울,출발,0.0,2265.0,True,True,인천국제공항공사_항공사별 노선별 운송실적_20241231.csv
2024,6,ICN,AOJ,ICN-AOJ,,,,KE,대한항공,도착,0.0,1287.0,False,True,인천국제공항공사_항공사별 노선별 운송실적_20241231.csv
2024,6,ICN,AOJ,ICN-AOJ,,,,KE,대한항공,출발,0.0,1564.0,False,True,인천국제공항공사_항공사별 노선별 운송실적_20241231.csv
2024,6,ICN,CTS,ICN-CTS,,,,KE,대한항공,도착,0.0,9787.0,False,True,인천국제공항공사_항공사별 노선별 운송실적_20241231.csv
2024,6,ICN,CTS,ICN-CTS,,,,KE,대한항공,출발,0.0,10564.0,False,True,인천국제공항공사_항공사별 노선별 운송실적_20241231.csv
2024,6,ICN,CTS,ICN-CTS,,,,OZ,아시아나항공,도착,0.0,6362.0,False,True,인천국제공항공사_항공사별 노선별 운송실적_20241231.csv
2024,6,ICN,CTS,ICN-CTS,,,,OZ,아시아나항공,출발,0.0,7444.0,False,True,인천국제공항공사_항공사별 노선별 운송실적_20241231.csv
2024,6,ICN,CTS,ICN-CTS,,,,BX,에어 부산,도착,0.0,6053.0,False,True,인천국제공항공사_항공사별 노선별 운송실적_20241231.csv
2024,6,ICN,CTS,ICN-CTS,,,,BX,에어 부산,출발,0.0,6514.0,False,True,인천국제공항공사_항공사별 노선별 운송실적_20241231.csv
2024,6,ICN,CTS,ICN-CTS,,,,7C,제주항공,도착,0.0,10810.0,True,True,인천국제공항공사_항공사별 노선별 운송실적_20241231.csv
2024,6,ICN,CTS,ICN-CTS,,,,7C,제주항공,출발,0.0,10856.0,True,True,인천국제공항공사_항공사별 노선별 운송실적_20241231.csv
2024,6,ICN,CTS,ICN-CTS,,,,LJ,진 에어,도착,0.0,10824.0,False,True,인천국제공항공사_항공사별 노선별 운송실적_20241231.csv
2024,6,ICN,CTS,ICN-CTS,,,,LJ,진 에어,도착,0.0,1417.0,False,True,인천국제공항공사_항공사별 노선별 운송실적_20241231.csv
2024,6,ICN,CTS,ICN-CTS,,,,LJ,진 에어,출발,0.0,10774.0,False,True,인천국제공항공사_항공사별 노선별 운송실적_20241231.csv
2024,6,ICN,CTS,ICN-CTS,,,,LJ,진 에어,출발,0.0,1437.0,False,True,인천국제공항공사_항공사별 노선별 운송실적_20241231.csv
2024,6,ICN,CTS,ICN-CTS,,,,TW,티웨이항공,도착,0.0,4970.0,True,True,인천국제공항공사_항공사별 노선별 운송실적_20241231.csv
2024,6,ICN,CTS,ICN-CTS,,,,TW,티웨이항공,출발,0.0,5184.0,True,True,인천국제공항공사_항공사별 노선별 운송실적_20241231.csv
2024,6,ICN,FSZ,ICN-FSZ,,,,7C,제주항공,도착,0.0,4952.0,True,True,인천국제공항공사_항공사별 노선별 운송실적_20241231.csv
2024,6,ICN,FSZ,ICN-FSZ,,,,7C,제주항공,출발,0.0,4837.0,True,True,인천국제공항공사_항공사별 노선별 운송실적_20241231.csv
2024,6,ICN,FUK,ICN-FUK,,,,KE,대한항공,도착,0.0,13632.0,False,True,인천국제공항공사_항공사별 노선별 운송실적_20241231.csv
2024,6,ICN,FUK,ICN-FUK,,,,KE,대한항공,출발,0.0,14190.0,False,True,인천국제공항공사_항공사별 노선별 운송실적_20241231.csv
2024,6,ICN,FUK,ICN-FUK,,,,OZ,아시아나항공,도착,0.0,18516.0,False,True,인천국제공항공사_항공사별 노선별 운송실적_20241231.csv
2024,6,ICN,FUK,ICN-FUK,,,,OZ,아시아나항공,출발,0.0,18834.0,False,True,인천국제공항공사_항공사별 노선별 운송실적_20241231.csv
2024,6,ICN,FUK,ICN-FUK,,,,BX,에어 부산,도착,0.0,12636.0,False,True,인천국제공항공사_항공사별 노선별 운송실적_20241231.csv
2024,6,ICN,FUK,ICN-FUK,,,,BX,에어 부산,출발,0.0,13193.0,False,True,인천국제공항공사_항공사별 노선별 운송실적_20241231.csv
2024,6,ICN,FUK,ICN-FUK,,,,RS,에어서울,도착,0.0,11691.0,True,True,인천국제공항공사_항공사별 노선별 운송실적_20241231.csv
2024,6,ICN,FUK,ICN-FUK,,,,RS,에어서울,출발,0.0,11734.0,True,True,인천국제공항공사_항공사별 노선별 운송실적_20241231.csv
2024,6,ICN,FUK,ICN-FUK,,,,ZE,이스타 항공,도착,0.0,10211.0,True,True,인천국제공항공사_항공사별 노선별 운송실적_20241231.csv
2024,6,ICN,FUK,ICN-FUK,,,,ZE,이스타 항공,출발,0.0,10289.0,True,True,인천국제공항공사_항공사별 노선별 운송실적_20241231.csv
2024,6,ICN,FUK,ICN-FUK,,,,7C,제주항공,도착,0.0,21697.0,True,True,인천국제공항공사_항공사별 노선별 운송실적_20241231.csv
2024,6,ICN,FUK,ICN-FUK,,,,7C,제주항공,출발,0.0,21108.0,True,True,인천국제공항공사_항공사별 노선별 운송실적_20241231.csv
2024,6,ICN,FUK,ICN-FUK,,,,LJ,진 에어,도착,0.0,25322.0,False,True,인천국제공항공사_항공사별 노선별 운송실적_20241231.csv
2024,6,ICN,FUK,ICN-FUK,,,,LJ,진 에어,도착,0.0,905.0,False,True,인천국제공항공사_항공사별 노선별 운송실적_20241231.csv
2024,6,ICN,FUK,ICN-FUK,,,,LJ,진 에어,출발,0.0,23739.0,False,True,인천국제공항공사_항공사별 노선별 운송실적_20241231.csv
2024,6,ICN,FUK,ICN-FUK,,,,LJ,진 에어,출발,0.0,800.0,False,True,인천국제공항공사_항공사별 노선별 운송실적_20241231.csv
2024,6,ICN,FUK,ICN-FUK,,,,TW,티웨이항공,도착,0.0,18851.0,True,True,인천국제공항공사_항공사별 노선별 운송실적_20241231.csv
2024,6,ICN,FUK,ICN-FUK,,,,TW,티웨이항공,출발,0.0,18242.0,True,True,인천국제공항공사_항공사별 노선별 운송실적_20241231.csv
2024,6,ICN,HIJ,ICN-HIJ,,,,7C,제주항공,도착,0.0,8326.0,True,True,인천국제공항공사_항공사별 노선별 운송실적_20241231.csv
2024,6,ICN,HIJ,ICN-HIJ,,,,7C,제주항공,출발,0.0,8179.0,True,True,인천국제공항공사_항공사별 노선별 운송실적_20241231.csv
2024,6,ICN,HND,ICN-HND,,,,KE,대한항공,도착,0.0,4255.0,False,True,인천국제공항공사_항공사별 노선별 운송실적_20241231.csv
2024,6,ICN,HND,ICN-HND,,,,KE,대한항공,출발,0.0,4371.0,False,True,인천국제공항공사_항공사별 노선별 운송실적_20241231.csv
2024,6,ICN,HND,ICN-HND,,,,OZ,아시아나항공,도착,0.0,3848.0,False,True,인천국제공항공사_항공사별 노선별 운송실적_20241231.csv
2024,6,ICN,HND,ICN-HND,,,,OZ,아시아나항공,출발,0.0,4235.0,False,True,인천국제공항공사_항공사별 노선별 운송실적_20241231.csv
2024,6,ICN,HND,ICN-HND,,,,MM,피치 항공,도착,0.0,5045.0,True,True,인천국제공항공사_항공사별 노선별 운송실적_20241231.csv
2024,6,ICN,HND,ICN-HND,,,,MM,피치 항공,출발,0.0,5031.0,True,True,인천국제공항공사_항공사별 노선별 운송실적_20241231.csv
2024,6,ICN,KIJ,ICN-KIJ,,,,KE,대한항공,도착,0.0,1082.0,False,True,인천국제공항공사_항공사별 노선별 운송실적_20241231.csv
2024,6,ICN,KIJ,ICN-KIJ,,,,KE,대한항공,출발,0.0,1316.0,False,True,인천국제공항공사_항공사별 노선별 운송실적_20241231.csv
2024,6,ICN,KIX,ICN-KIX,,,,KE,대한항공,도착,0.0,14531.0,False,True,인천국제공항공사_항공사별 노선별 운송실적_20241231.csv
2024,6,ICN,KIX,ICN-KIX,,,,KE,대한항공,출발,0.0,14791.0,False,True,인천국제공항공사_항공사별 노선별 운송실적_20241231.csv
2024,6,ICN,KIX,ICN-KIX,,,,OZ,아시아나항공,도착,0.0,18723.0,False,True,인천국제공항공사_항공사별 노선별 운송실적_20241231.csv
2024,6,ICN,KIX,ICN-KIX,,,,OZ,아시아나항공,도착,0.0,296.0,False,True,인천국제공항공사_항공사별 노선별 운송실적_20241231.csv
2024,6,ICN,KIX,ICN-KIX,,,,OZ,아시아나항공,출발,0.0,18811.0,False,True,인천국제공항공사_항공사별 노선별 운송실적_20241231.csv
2024,6,ICN,KIX,ICN-KIX,,,,BX,에어 부산,도착,0.0,17987.0,False,True,인천국제공항공사_항공사별 노선별 운송실적_20241231.csv
2024,6,ICN,KIX,ICN-KIX,,,,BX,에어 부산,출발,0.0,18169.0,False,True,인천국제공항공사_항공사별 노선별 운송실적_20241231.csv
2024,6,ICN,KIX,ICN-KIX,,,,RS,에어서울,도착,0.0,16855.0,True,True,인천국제공항공사_항공사별 노선별 운송실적_20241231.csv
2024,6,ICN,KIX,ICN-KIX,,,,RS,에어서울,출발,0.0,17100.0,True,True,인천국제공항공사_항공사별 노선별 운송실적_20241231.csv
2024,6,ICN,KIX,ICN-KIX,,,,ZE,이스타 항공,도착,0.0,10261.0,True,True,인천국제공항공사_항공사별 노선별 운송실적_20241231.csv
2024,6,ICN,KIX,ICN-KIX,,,,ZE,이스타 항공,출발,0.0,10162.0,True,True,인천국제공항공사_항공사별 노선별 운송실적_20241231.csv
2024,6,ICN,KIX,ICN-KIX,,,,7C,제주항공,도착,0.0,18818.0,True,True,인천국제공항공사_항공사별 노선별 운송실적_20241231.csv
2024,6,ICN,KIX,ICN-KIX,,,,7C,제주항공,출발,0.0,18017.0,True,True,인천국제공항공사_항공사별 노선별 운송실적_20241231.csv
2024,6,ICN,KIX,ICN-KIX,,,,LJ,진 에어,도착,0.0,35930.0,False,True,인천국제공항공사_항공사별 노선별 운송실적_20241231.csv
2024,6,ICN,KIX,ICN-KIX,,,,LJ,진 에어,도착,0.0,1194.0,False,True,인천국제공항공사_항공사별 노선별 운송실적_20241231.csv
2024,6,ICN,KIX,ICN-KIX,,,,LJ,진 에어,출발,0.0,36368.0,False,True,인천국제공항공사_항공사별 노선별 운송실적_20241231.csv
2024,6,ICN,KIX,ICN-KIX,,,,LJ,진 에어,출발,0.0,1156.0,False,True,인천국제공항공사_항공사별 노선별 운송실적_20241231.csv
2024,6,ICN,KIX,ICN-KIX,,,,TW,티웨이항공,도착,0.0,19806.0,True,True,인천국제공항공사_항공사별 노선별 운송실적_20241231.csv
2024,6,ICN,KIX,ICN-KIX,,,,TW,티웨이항공,도착,0.0,157.0,True,True,인천국제공항공사_항공사별 노선별 운송실적_20241231.csv
2024,6,ICN,KIX,ICN-KIX,,,,TW,티웨이항공,출발,0.0,20103.0,True,True,인천국제공항공사_항공사별 노선별 운송실적_20241231.csv
2024,6,ICN,KIX,ICN-KIX,,,,TW,티웨이항공,출발,0.0,183.0,True,True,인천국제공항공사_항공사별 노선별 운송실적_20241231.csv
2024,6,ICN,KIX,ICN-KIX,,,,MM,피치 항공,도착,0.0,19765.0,True,True,인천국제공항공사_항공사별 노선별 운송실적_20241231.csv
2024,6,ICN,KIX,ICN-KIX,,,,MM,피치 항공,출발,0.0,17874.0,True,True,인천국제공항공사_항공사별 노선별 운송실적_20241231.csv
2024,6,ICN,KKJ,ICN-KKJ,,,,LJ,진 에어,도착,0.0,4289.0,False,True,인천국제공항공사_항공사별 노선별 운송실적_20241231.csv
2024,6,ICN,KKJ,ICN-KKJ,,,,LJ,진 에어,출발,0.0,4735.0,False,True,인천국제공항공사_항공사별 노선별 운송실적_20241231.csv
2024,6,ICN,KMI,ICN-KMI,,,,OZ,아시아나항공,도착,0.0,1543.0,False,True,인천국제공항공사_항공사별 노선별 운송실적_20241231.csv
2024,6,ICN,KMI,ICN-KMI,,,,OZ,아시아나항공,출발,0.0,1514.0,False,True,인천국제공항공사_항공사별 노선별 운송실적_20241231.csv
2024,6,ICN,KMJ,ICN-KMJ,,,,TW,티웨이항공,도착,0.0,4048.0,True,True,인천국제공항공사_항공사별 노선별 운송실적_20241231.csv
2024,6,ICN,KMJ,ICN-KMJ,,,,TW,티웨이항공,출발,0.0,3969.0,True,True,인천국제공항공사_항공사별 노선별 운송실적_20241231.csv
2024,6,ICN,KOJ,ICN-KOJ,,,,KE,대한항공,도착,0.0,1191.0,False,True,인천국제공항공사_항공사별 노선별 운송실적_20241231.csv
2024,6,ICN,KOJ,ICN-KOJ,,,,KE,대한항공,출발,0.0,1298.0,False,True,인천국제공항공사_항공사별 노선별 운송실적_20241231.csv
2024,6,ICN,MYJ,ICN-MYJ,,,,7C,제주항공,도착,0.0,7972.0,True,True,인천국제공항공사_항공사별 노선별 운송실적_20241231.csv
2024,6,ICN,MYJ,ICN-MYJ,,,,7C,제주항공,출발,0.0,8055.0,True,True,인천국제공항공사_항공사별 노선별 운송실적_20241231.csv
2024,6,ICN,NGO,ICN-NGO,,,,KE,대한항공,도착,0.0,8588.0,False,True,인천국제공항공사_항공사별 노선별 운송실적_20241231.csv
2024,6,ICN,NGO,ICN-NGO,,,,KE,대한항공,출발,0.0,10113.0,False,True,인천국제공항공사_항공사별 노선별 운송실적_20241231.csv
2024,6,ICN,NGO,ICN-NGO,,,,OZ,아시아나항공,도착,0.0,8165.0,False,True,인천국제공항공사_항공사별 노선별 운송실적_20241231.csv
2024,6,ICN,NGO,ICN-NGO,,,,OZ,아시아나항공,출발,0.0,8566.0,False,True,인천국제공항공사_항공사별 노선별 운송실적_20241231.csv
2024,6,ICN,NGO,ICN-NGO,,,,7C,제주항공,도착,0.0,10437.0,True,True,인천국제공항공사_항공사별 노선별 운송실적_20241231.csv
2024,6,ICN,NGO,ICN-NGO,,,,7C,제주항공,출발,0.0,10070.0,True,True,인천국제공항공사_항공사별 노선별 운송실적_20241231.csv
2024,6,ICN,NGO,ICN-NGO,,,,LJ,진 에어,도착,0.0,10477.0,False,True,인천국제공항공사_항공사별 노선별 운송실적_20241231.csv
2024,6,ICN,NGO,ICN-NGO,,,,LJ,진 에어,출발,0.0,10483.0,False,True,인천국제공항공사_항공사별 노선별 운송실적_20241231.csv
2024,6,ICN,NRT,ICN-NRT,,,,KE,대한항공,도착,0.0,17432.0,False,True,인천국제공항공사_항공사별 노선별 운송실적_20241231.csv
2024,6,ICN,NRT,ICN-NRT,,,,KE,대한항공,출발,0.0,18681.0,False,True,인천국제공항공사_항공사별 노선별 운송실적_20241231.csv
2024,6,ICN,NRT,ICN-NRT,,,,OZ,아시아나항공,도착,0.0,28619.0,False,True,인천국제공항공사_항공사별 노선별 운송실적_20241231.csv
2024,6,ICN,NRT,ICN-NRT,,,,OZ,아시아나항공,출발,0.0,30298.0,False,True,인천국제공항공사_항공사별 노선별 운송실적_20241231.csv
2024,6,ICN,NRT,ICN-NRT,,,,BX,에어 부산,도착,0.0,11808.0,False,True,인천국제공항공사_항공사별 노선별 운송실적_20241231.csv
2024,6,ICN,NRT,ICN-NRT,,,,BX,에어 부산,출발,0.0,12248.0,False,True,인천국제공항공사_항공사별 노선별 운송실적_20241231.csv
2024,6,ICN,NRT,ICN-NRT,,,,YP,에어 프레미아,도착,0.0,6474.0,False,True,인천국제공항공사_항공사별 노선별 운송실적_20241231.csv
2024,6,ICN,NRT,ICN-NRT,,,,YP,에어 프레미아,출발,0.0,6701.0,False,True,인천국제공항공사_항공사별 노선별 운송실적_20241231.csv
2024,6,ICN,NRT,ICN-NRT,,,,RF,에어로케이,도착,0.0,4816.0,True,True,인천국제공항공사_항공사별 노선별 운송실적_20241231.csv
2024,6,ICN,NRT,ICN-NRT,,,,RF,에어로케이,출발,0.0,4380.0,True,True,인천국제공항공사_항공사별 노선별 운송실적_20241231.csv
2024,6,ICN,NRT,ICN-NRT,,,,RS,에어서울,도착,0.0,16925.0,True,True,인천국제공항공사_항공사별 노선별 운송실적_20241231.csv
2024,6,ICN,NRT,ICN-NRT,,,,RS,에어서울,출발,0.0,17520.0,True,True,인천국제공항공사_항공사별 노선별 운송실적_20241231.csv
2024,6,ICN,NRT,ICN-NRT,,,,NQ,에어재팬,도착,0.0,5393.0,False,True,인천국제공항공사_항공사별 노선별 운송실적_20241231.csv
2024,6,ICN,NRT,ICN-NRT,,,,NQ,에어재팬,출발,0.0,4869.0,False,True,인천국제공항공사_항공사별 노선별 운송실적_20241231.csv
2024,6,ICN,NRT,ICN-NRT,,,,ET,에티오피아 항공,도착,0.0,1977.0,False,True,인천국제공항공사_항공사별 노선별 운송실적_20241231.csv
2024,6,ICN,NRT,ICN-NRT,,,,ET,에티오피아 항공,출발,0.0,1615.0,False,True,인천국제공항공사_항공사별 노선별 운송실적_20241231.csv
2024,6,ICN,NRT,ICN-NRT,,,,ZE,이스타 항공,도착,0.0,12137.0,True,True,인천국제공항공사_항공사별 노선별 운송실적_20241231.csv
2024,6,ICN,NRT,ICN-NRT,,,,ZE,이스타 항공,출발,0.0,12397.0,True,True,인천국제공항공사_항공사별 노선별 운송실적_20241231.csv
2024,6,ICN,NRT,ICN-NRT,,,,7C,제주항공,도착,0.0,23946.0,True,True,인천국제공항공사_항공사별 노선별 운송실적_20241231.csv
2024,6,ICN,NRT,ICN-NRT,,,,7C,제주항공,출발,0.0,23604.0,True,True,인천국제공항공사_항공사별 노선별 운송실적_20241231.csv
2024,6,ICN,NRT,ICN-NRT,,,,LJ,진 에어,도착,0.0,37482.0,False,True,인천국제공항공사_항공사별 노선별 운송실적_20241231.csv
2024,6,ICN,NRT,ICN-NRT,,,,LJ,진 에어,도착,0.0,139.0,False,True,인천국제공항공사_항공사별 노선별 운송실적_20241231.csv
2024,6,ICN,NRT,ICN-NRT,,,,LJ,진 에어,출발,0.0,37008.0,False,True,인천국제공항공사_항공사별 노선별 운송실적_20241231.csv
2024,6,ICN,NRT,ICN-NRT,,,,LJ,진 에어,출발,0.0,177.0,False,True,인천국제공항공사_항공사별 노선별 운송실적_20241231.csv
2024,6,ICN,NRT,ICN-NRT,,,,ZG,집에어 도쿄,도착,0.0,7787.0,True,True,인천국제공항공사_항공사별 노선별 운송실적_20241231.csv
2024,6,ICN,NRT,ICN-NRT,,,,ZG,집에어 도쿄,출발,0.0,7075.0,True,True,인천국제공항공사_항공사별 노선별 운송실적_20241231.csv
2024,6,ICN,NRT,ICN-NRT,,,,TW,티웨이항공,도착,0.0,15793.0,True,True,인천국제공항공사_항공사별 노선별 운송실적_20241231.csv
2024,6,ICN,NRT,ICN-NRT,,,,TW,티웨이항공,출발,0.0,15887.0,True,True,인천국제공항공사_항공사별 노선별 운송실적_20241231.csv
2024,6,ICN,OIT,ICN-OIT,,,,7C,제주항공,도착,0.0,3242.0,True,True,인천국제공항공사_항공사별 노선별 운송실적_20241231.csv
2024,6,ICN,OIT,ICN-OIT,,,,7C,제주항공,출발,0.0,3496.0,True,True,인천국제공항공사_항공사별 노선별 운송실적_20241231.csv
2024,6,ICN,OKA,ICN-OKA,,,,KE,대한항공,도착,0.0,3271.0,False,True,인천국제공항공사_항공사별 노선별 운송실적_20241231.csv
2024,6,ICN,OKA,ICN-OKA,,,,KE,대한항공,출발,0.0,3344.0,False,True,인천국제공항공사_항공사별 노선별 운송실적_20241231.csv
2024,6,ICN,OKA,ICN-OKA,,,,OZ,아시아나항공,도착,0.0,4688.0,False,True,인천국제공항공사_항공사별 노선별 운송실적_20241231.csv
2024,6,ICN,OKA,ICN-OKA,,,,OZ,아시아나항공,도착,0.0,186.0,False,True,인천국제공항공사_항공사별 노선별 운송실적_20241231.csv
2024,6,ICN,OKA,ICN-OKA,,,,OZ,아시아나항공,출발,0.0,4927.0,False,True,인천국제공항공사_항공사별 노선별 운송실적_20241231.csv
2024,6,ICN,OKA,ICN-OKA,,,,OZ,아시아나항공,출발,0.0,186.0,False,True,인천국제공항공사_항공사별 노선별 운송실적_20241231.csv
2024,6,ICN,OKA,ICN-OKA,,,,7C,제주항공,도착,0.0,4887.0,True,True,인천국제공항공사_항공사별 노선별 운송실적_20241231.csv
2024,6,ICN,OKA,ICN-OKA,,,,7C,제주항공,출발,0.0,4918.0,True,True,인천국제공항공사_항공사별 노선별 운송실적_20241231.csv
2024,6,ICN,OKA,ICN-OKA,,,,LJ,진 에어,도착,0.0,5316.0,False,True,인천국제공항공사_항공사별 노선별 운송실적_20241231.csv
2024,6,ICN,OKA,ICN-OKA,,,,LJ,진 에어,출발,0.0,5336.0,False,True,인천국제공항공사_항공사별 노선별 운송실적_20241231.csv
2024,6,ICN,OKA,ICN-OKA,,,,TW,티웨이항공,도착,0.0,5369.0,True,True,인천국제공항공사_항공사별 노선별 운송실적_20241231.csv
2024,6,ICN,OKA,ICN-OKA,,,,TW,티웨이항공,출발,0.0,5367.0,True,True,인천국제공항공사_항공사별 노선별 운송실적_20241231.csv
2024,6,ICN,OKJ,ICN-OKJ,,,,KE,대한항공,도착,0.0,1094.0,False,True,인천국제공항공사_항공사별 노선별 운송실적_20241231.csv
2024,6,ICN,OKJ,ICN-OKJ,,,,KE,대한항공,출발,0.0,1313.0,False,True,인천국제공항공사_항공사별 노선별 운송실적_20241231.csv
2024,6,ICN,SDJ,ICN-SDJ,,,,OZ,아시아나항공,도착,0.0,3671.0,False,True,인천국제공항공사_항공사별 노선별 운송실적_20241231.csv
2024,6,ICN,SDJ,ICN-SDJ,,,,OZ,아시아나항공,출발,0.0,3826.0,False,True,인천국제공항공사_항공사별 노선별 운송실적_20241231.csv
2024,6,ICN,TAK,ICN-TAK,,,,RS,에어서울,도착,0.0,5154.0,True,True,인천국제공항공사_항공사별 노선별 운송실적_20241231.csv
2024,6,ICN,TAK,ICN-TAK,,,,RS,에어서울,출발,0.0,5336.0,True,True,인천국제공항공사_항공사별 노선별 운송실적_20241231.csv
2024,6,ICN,YGJ,ICN-YGJ,,,,RS,에어서울,도착,0.0,2145.0,True,True,인천국제공항공사_항공사별 노선별 운송실적_20241231.csv
2024,6,ICN,YGJ,ICN-YGJ,,,,RS,에어서울,출발,0.0,2151.0,True,True,인천국제공항공사_항공사별 노선별 운송실적_20241231.csv
2024,7,ICN,AOJ,ICN-AOJ,,,,KE,대한항공,도착,0.0,1479.0,False,True,인천국제공항공사_항공사별 노선별 운송실적_20241231.csv
2024,7,ICN,AOJ,ICN-AOJ,,,,KE,대한항공,출발,0.0,1620.0,False,True,인천국제공항공사_항공사별 노선별 운송실적_20241231.csv
2024,7,ICN,CTS,ICN-CTS,,,,KE,대한항공,도착,0.0,14436.0,False,True,인천국제공항공사_항공사별 노선별 운송실적_20241231.csv
2024,7,ICN,CTS,ICN-CTS,,,,KE,대한항공,도착,0.0,485.0,False,True,인천국제공항공사_항공사별 노선별 운송실적_20241231.csv
2024,7,ICN,CTS,ICN-CTS,,,,KE,대한항공,출발,0.0,15026.0,False,True,인천국제공항공사_항공사별 노선별 운송실적_20241231.csv
2024,7,ICN,CTS,ICN-CTS,,,,KE,대한항공,출발,0.0,665.0,False,True,인천국제공항공사_항공사별 노선별 운송실적_20241231.csv
2024,7,ICN,CTS,ICN-CTS,,,,OZ,아시아나항공,도착,0.0,9548.0,False,True,인천국제공항공사_항공사별 노선별 운송실적_20241231.csv
2024,7,ICN,CTS,ICN-CTS,,,,OZ,아시아나항공,출발,0.0,10220.0,False,True,인천국제공항공사_항공사별 노선별 운송실적_20241231.csv
2024,7,ICN,CTS,ICN-CTS,,,,BX,에어 부산,도착,0.0,6819.0,False,True,인천국제공항공사_항공사별 노선별 운송실적_20241231.csv
2024,7,ICN,CTS,ICN-CTS,,,,BX,에어 부산,출발,0.0,6990.0,False,True,인천국제공항공사_항공사별 노선별 운송실적_20241231.csv
2024,7,ICN,CTS,ICN-CTS,,,,ZE,이스타 항공,도착,0.0,4109.0,True,True,인천국제공항공사_항공사별 노선별 운송실적_20241231.csv
2024,7,ICN,CTS,ICN-CTS,,,,ZE,이스타 항공,출발,0.0,4210.0,True,True,인천국제공항공사_항공사별 노선별 운송실적_20241231.csv
2024,7,ICN,CTS,ICN-CTS,,,,7C,제주항공,도착,0.0,10774.0,True,True,인천국제공항공사_항공사별 노선별 운송실적_20241231.csv
2024,7,ICN,CTS,ICN-CTS,,,,7C,제주항공,출발,0.0,11252.0,True,True,인천국제공항공사_항공사별 노선별 운송실적_20241231.csv
2024,7,ICN,CTS,ICN-CTS,,,,LJ,진 에어,도착,0.0,15517.0,False,True,인천국제공항공사_항공사별 노선별 운송실적_20241231.csv
2024,7,ICN,CTS,ICN-CTS,,,,LJ,진 에어,출발,0.0,15968.0,False,True,인천국제공항공사_항공사별 노선별 운송실적_20241231.csv
2024,7,ICN,CTS,ICN-CTS,,,,TW,티웨이항공,도착,0.0,10491.0,True,True,인천국제공항공사_항공사별 노선별 운송실적_20241231.csv
2024,7,ICN,CTS,ICN-CTS,,,,TW,티웨이항공,도착,0.0,385.0,True,True,인천국제공항공사_항공사별 노선별 운송실적_20241231.csv
2024,7,ICN,CTS,ICN-CTS,,,,TW,티웨이항공,출발,0.0,10973.0,True,True,인천국제공항공사_항공사별 노선별 운송실적_20241231.csv
2024,7,ICN,CTS,ICN-CTS,,,,TW,티웨이항공,출발,0.0,420.0,True,True,인천국제공항공사_항공사별 노선별 운송실적_20241231.csv
2024,7,ICN,FSZ,ICN-FSZ,,,,7C,제주항공,도착,0.0,4675.0,True,True,인천국제공항공사_항공사별 노선별 운송실적_20241231.csv
2024,7,ICN,FSZ,ICN-FSZ,,,,7C,제주항공,출발,0.0,4736.0,True,True,인천국제공항공사_항공사별 노선별 운송실적_20241231.csv
2024,7,ICN,FUK,ICN-FUK,,,,KE,대한항공,도착,0.0,12368.0,False,True,인천국제공항공사_항공사별 노선별 운송실적_20241231.csv
2024,7,ICN,FUK,ICN-FUK,,,,KE,대한항공,출발,0.0,13734.0,False,True,인천국제공항공사_항공사별 노선별 운송실적_20241231.csv
2024,7,ICN,FUK,ICN-FUK,,,,OZ,아시아나항공,도착,0.0,18998.0,False,True,인천국제공항공사_항공사별 노선별 운송실적_20241231.csv
2024,7,ICN,FUK,ICN-FUK,,,,OZ,아시아나항공,출발,0.0,19202.0,False,True,인천국제공항공사_항공사별 노선별 운송실적_20241231.csv
2024,7,ICN,FUK,ICN-FUK,,,,BX,에어 부산,도착,0.0,12870.0,False,True,인천국제공항공사_항공사별 노선별 운송실적_20241231.csv
2024,7,ICN,FUK,ICN-FUK,,,,BX,에어 부산,출발,0.0,13445.0,False,True,인천국제공항공사_항공사별 노선별 운송실적_20241231.csv
2024,7,ICN,FUK,ICN-FUK,,,,RS,에어서울,도착,0.0,11270.0,True,True,인천국제공항공사_항공사별 노선별 운송실적_20241231.csv
2024,7,ICN,FUK,ICN-FUK,,,,RS,에어서울,출발,0.0,11583.0,True,True,인천국제공항공사_항공사별 노선별 운송실적_20241231.csv
2024,7,ICN,FUK,ICN-FUK,,,,ZE,이스타 항공,도착,0.0,10001.0,True,True,인천국제공항공사_항공사별 노선별 운송실적_20241231.csv
2024,7,ICN,FUK,ICN-FUK,,,,ZE,이스타 항공,출발,0.0,10990.0,True,True,인천국제공항공사_항공사별 노선별 운송실적_20241231.csv
2024,7,ICN,FUK,ICN-FUK,,,,7C,제주항공,도착,0.0,26038.0,True,True,인천국제공항공사_항공사별 노선별 운송실적_20241231.csv
2024,7,ICN,FUK,ICN-FUK,,,,7C,제주항공,출발,0.0,28125.0,True,True,인천국제공항공사_항공사별 노선별 운송실적_20241231.csv
2024,7,ICN,FUK,ICN-FUK,,,,LJ,진 에어,도착,0.0,22227.0,False,True,인천국제공항공사_항공사별 노선별 운송실적_20241231.csv
2024,7,ICN,FUK,ICN-FUK,,,,LJ,진 에어,출발,0.0,21904.0,False,True,인천국제공항공사_항공사별 노선별 운송실적_20241231.csv
2024,7,ICN,FUK,ICN-FUK,,,,TW,티웨이항공,도착,0.0,19492.0,True,True,인천국제공항공사_항공사별 노선별 운송실적_20241231.csv
2024,7,ICN,FUK,ICN-FUK,,,,TW,티웨이항공,도착,0.0,221.0,True,True,인천국제공항공사_항공사별 노선별 운송실적_20241231.csv
2024,7,ICN,FUK,ICN-FUK,,,,TW,티웨이항공,출발,0.0,19540.0,True,True,인천국제공항공사_항공사별 노선별 운송실적_20241231.csv
2024,7,ICN,FUK,ICN-FUK,,,,TW,티웨이항공,출발,0.0,337.0,True,True,인천국제공항공사_항공사별 노선별 운송실적_20241231.csv
2024,7,ICN,HIJ,ICN-HIJ,,,,7C,제주항공,도착,0.0,8643.0,True,True,인천국제공항공사_항공사별 노선별 운송실적_20241231.csv
2024,7,ICN,HIJ,ICN-HIJ,,,,7C,제주항공,출발,0.0,8814.0,True,True,인천국제공항공사_항공사별 노선별 운송실적_20241231.csv
2024,7,ICN,HND,ICN-HND,,,,KE,대한항공,도착,0.0,3332.0,False,True,인천국제공항공사_항공사별 노선별 운송실적_20241231.csv
2024,7,ICN,HND,ICN-HND,,,,KE,대한항공,도착,0.0,240.0,False,True,인천국제공항공사_항공사별 노선별 운송실적_20241231.csv
2024,7,ICN,HND,ICN-HND,,,,KE,대한항공,출발,0.0,4068.0,False,True,인천국제공항공사_항공사별 노선별 운송실적_20241231.csv
2024,7,ICN,HND,ICN-HND,,,,OZ,아시아나항공,도착,0.0,3246.0,False,True,인천국제공항공사_항공사별 노선별 운송실적_20241231.csv
2024,7,ICN,HND,ICN-HND,,,,OZ,아시아나항공,도착,0.0,227.0,False,True,인천국제공항공사_항공사별 노선별 운송실적_20241231.csv
2024,7,ICN,HND,ICN-HND,,,,OZ,아시아나항공,출발,0.0,3903.0,False,True,인천국제공항공사_항공사별 노선별 운송실적_20241231.csv
2024,7,ICN,HND,ICN-HND,,,,MM,피치 항공,도착,0.0,5183.0,True,True,인천국제공항공사_항공사별 노선별 운송실적_20241231.csv
2024,7,ICN,HND,ICN-HND,,,,MM,피치 항공,출발,0.0,5175.0,True,True,인천국제공항공사_항공사별 노선별 운송실적_20241231.csv
2024,7,ICN,KIJ,ICN-KIJ,,,,KE,대한항공,도착,0.0,1079.0,False,True,인천국제공항공사_항공사별 노선별 운송실적_20241231.csv
2024,7,ICN,KIJ,ICN-KIJ,,,,KE,대한항공,출발,0.0,1442.0,False,True,인천국제공항공사_항공사별 노선별 운송실적_20241231.csv
2024,7,ICN,KIX,ICN-KIX,,,,KE,대한항공,도착,0.0,12094.0,False,True,인천국제공항공사_항공사별 노선별 운송실적_20241231.csv
2024,7,ICN,KIX,ICN-KIX,,,,KE,대한항공,출발,0.0,12945.0,False,True,인천국제공항공사_항공사별 노선별 운송실적_20241231.csv
2024,7,ICN,KIX,ICN-KIX,,,,OZ,아시아나항공,도착,0.0,16260.0,False,True,인천국제공항공사_항공사별 노선별 운송실적_20241231.csv
2024,7,ICN,KIX,ICN-KIX,,,,OZ,아시아나항공,도착,0.0,784.0,False,True,인천국제공항공사_항공사별 노선별 운송실적_20241231.csv
2024,7,ICN,KIX,ICN-KIX,,,,OZ,아시아나항공,출발,0.0,16835.0,False,True,인천국제공항공사_항공사별 노선별 운송실적_20241231.csv
2024,7,ICN,KIX,ICN-KIX,,,,OZ,아시아나항공,출발,0.0,580.0,False,True,인천국제공항공사_항공사별 노선별 운송실적_20241231.csv
2024,7,ICN,KIX,ICN-KIX,,,,BX,에어 부산,도착,0.0,18061.0,False,True,인천국제공항공사_항공사별 노선별 운송실적_20241231.csv
2024,7,ICN,KIX,ICN-KIX,,,,BX,에어 부산,출발,0.0,19097.0,False,True,인천국제공항공사_항공사별 노선별 운송실적_20241231.csv
2024,7,ICN,KIX,ICN-KIX,,,,RS,에어서울,도착,0.0,17481.0,True,True,인천국제공항공사_항공사별 노선별 운송실적_20241231.csv
2024,7,ICN,KIX,ICN-KIX,,,,RS,에어서울,도착,0.0,179.0,True,True,인천국제공항공사_항공사별 노선별 운송실적_20241231.csv
2024,7,ICN,KIX,ICN-KIX,,,,RS,에어서울,출발,0.0,18302.0,True,True,인천국제공항공사_항공사별 노선별 운송실적_20241231.csv
2024,7,ICN,KIX,ICN-KIX,,,,ZE,이스타 항공,도착,0.0,10249.0,True,True,인천국제공항공사_항공사별 노선별 운송실적_20241231.csv
2024,7,ICN,KIX,ICN-KIX,,,,ZE,이스타 항공,출발,0.0,10730.0,True,True,인천국제공항공사_항공사별 노선별 운송실적_20241231.csv
2024,7,ICN,KIX,ICN-KIX,,,,7C,제주항공,도착,0.0,16670.0,True,True,인천국제공항공사_항공사별 노선별 운송실적_20241231.csv
2024,7,ICN,KIX,ICN-KIX,,,,7C,제주항공,출발,0.0,16882.0,True,True,인천국제공항공사_항공사별 노선별 운송실적_20241231.csv
2024,7,ICN,KIX,ICN-KIX,,,,LJ,진 에어,도착,0.0,34366.0,False,True,인천국제공항공사_항공사별 노선별 운송실적_20241231.csv
2024,7,ICN,KIX,ICN-KIX,,,,LJ,진 에어,출발,0.0,37941.0,False,True,인천국제공항공사_항공사별 노선별 운송실적_20241231.csv
2024,7,ICN,KIX,ICN-KIX,,,,TW,티웨이항공,도착,0.0,18078.0,True,True,인천국제공항공사_항공사별 노선별 운송실적_20241231.csv
2024,7,ICN,KIX,ICN-KIX,,,,TW,티웨이항공,출발,0.0,18861.0,True,True,인천국제공항공사_항공사별 노선별 운송실적_20241231.csv
2024,7,ICN,KIX,ICN-KIX,,,,MM,피치 항공,도착,0.0,19739.0,True,True,인천국제공항공사_항공사별 노선별 운송실적_20241231.csv
2024,7,ICN,KIX,ICN-KIX,,,,MM,피치 항공,출발,0.0,18252.0,True,True,인천국제공항공사_항공사별 노선별 운송실적_20241231.csv
2024,7,ICN,KKJ,ICN-KKJ,,,,LJ,진 에어,도착,0.0,4896.0,False,True,인천국제공항공사_항공사별 노선별 운송실적_20241231.csv
2024,7,ICN,KKJ,ICN-KKJ,,,,LJ,진 에어,출발,0.0,5565.0,False,True,인천국제공항공사_항공사별 노선별 운송실적_20241231.csv
2024,7,ICN,KMI,ICN-KMI,,,,OZ,아시아나항공,도착,0.0,1534.0,False,True,인천국제공항공사_항공사별 노선별 운송실적_20241231.csv
2024,7,ICN,KMI,ICN-KMI,,,,OZ,아시아나항공,출발,0.0,1652.0,False,True,인천국제공항공사_항공사별 노선별 운송실적_20241231.csv
2024,7,ICN,KMJ,ICN-KMJ,,,,TW,티웨이항공,도착,0.0,4109.0,True,True,인천국제공항공사_항공사별 노선별 운송실적_20241231.csv
2024,7,ICN,KMJ,ICN-KMJ,,,,TW,티웨이항공,출발,0.0,4443.0,True,True,인천국제공항공사_항공사별 노선별 운송실적_20241231.csv
2024,7,ICN,KOJ,ICN-KOJ,,,,KE,대한항공,도착,0.0,1084.0,False,True,인천국제공항공사_항공사별 노선별 운송실적_20241231.csv
2024,7,ICN,KOJ,ICN-KOJ,,,,KE,대한항공,출발,0.0,1373.0,False,True,인천국제공항공사_항공사별 노선별 운송실적_20241231.csv
2024,7,ICN,MYJ,ICN-MYJ,,,,7C,제주항공,도착,0.0,7628.0,True,True,인천국제공항공사_항공사별 노선별 운송실적_20241231.csv
2024,7,ICN,MYJ,ICN-MYJ,,,,7C,제주항공,출발,0.0,8113.0,True,True,인천국제공항공사_항공사별 노선별 운송실적_20241231.csv
2024,7,ICN,NGO,ICN-NGO,,,,KE,대한항공,도착,0.0,7185.0,False,True,인천국제공항공사_항공사별 노선별 운송실적_20241231.csv
2024,7,ICN,NGO,ICN-NGO,,,,KE,대한항공,출발,0.0,9689.0,False,True,인천국제공항공사_항공사별 노선별 운송실적_20241231.csv
2024,7,ICN,NGO,ICN-NGO,,,,OZ,아시아나항공,도착,0.0,7407.0,False,True,인천국제공항공사_항공사별 노선별 운송실적_20241231.csv
2024,7,ICN,NGO,ICN-NGO,,,,OZ,아시아나항공,출발,0.0,8293.0,False,True,인천국제공항공사_항공사별 노선별 운송실적_20241231.csv
2024,7,ICN,NGO,ICN-NGO,,,,7C,제주항공,도착,0.0,10076.0,True,True,인천국제공항공사_항공사별 노선별 운송실적_20241231.csv
2024,7,ICN,NGO,ICN-NGO,,,,7C,제주항공,출발,0.0,10170.0,True,True,인천국제공항공사_항공사별 노선별 운송실적_20241231.csv
2024,7,ICN,NGO,ICN-NGO,,,,LJ,진 에어,도착,0.0,10619.0,False,True,인천국제공항공사_항공사별 노선별 운송실적_20241231.csv
2024,7,ICN,NGO,ICN-NGO,,,,LJ,진 에어,출발,0.0,10549.0,False,True,인천국제공항공사_항공사별 노선별 운송실적_20241231.csv
2024,7,ICN,NRT,ICN-NRT,,,,KE,대한항공,도착,0.0,16267.0,False,True,인천국제공항공사_항공사별 노선별 운송실적_20241231.csv
2024,7,ICN,NRT,ICN-NRT,,,,KE,대한항공,출발,0.0,18063.0,False,True,인천국제공항공사_항공사별 노선별 운송실적_20241231.csv
2024,7,ICN,NRT,ICN-NRT,,,,OZ,아시아나항공,도착,0.0,28071.0,False,True,인천국제공항공사_항공사별 노선별 운송실적_20241231.csv
2024,7,ICN,NRT,ICN-NRT,,,,OZ,아시아나항공,출발,0.0,30740.0,False,True,인천국제공항공사_항공사별 노선별 운송실적_20241231.csv
2024,7,ICN,NRT,ICN-NRT,,,,BX,에어 부산,도착,0.0,12050.0,False,True,인천국제공항공사_항공사별 노선별 운송실적_20241231.csv
2024,7,ICN,NRT,ICN-NRT,,,,BX,에어 부산,출발,0.0,12523.0,False,True,인천국제공항공사_항공사별 노선별 운송실적_20241231.csv
2024,7,ICN,NRT,ICN-NRT,,,,YP,에어 프레미아,도착,0.0,6318.0,False,True,인천국제공항공사_항공사별 노선별 운송실적_20241231.csv
2024,7,ICN,NRT,ICN-NRT,,,,YP,에어 프레미아,출발,0.0,6659.0,False,True,인천국제공항공사_항공사별 노선별 운송실적_20241231.csv
2024,7,ICN,NRT,ICN-NRT,,,,RF,에어로케이,도착,0.0,4825.0,True,True,인천국제공항공사_항공사별 노선별 운송실적_20241231.csv
2024,7,ICN,NRT,ICN-NRT,,,,RF,에어로케이,출발,0.0,4518.0,True,True,인천국제공항공사_항공사별 노선별 운송실적_20241231.csv
2024,7,ICN,NRT,ICN-NRT,,,,RS,에어서울,도착,0.0,18093.0,True,True,인천국제공항공사_항공사별 노선별 운송실적_20241231.csv
2024,7,ICN,NRT,ICN-NRT,,,,RS,에어서울,출발,0.0,19116.0,True,True,인천국제공항공사_항공사별 노선별 운송실적_20241231.csv
2024,7,ICN,NRT,ICN-NRT,,,,NQ,에어재팬,도착,0.0,6588.0,False,True,인천국제공항공사_항공사별 노선별 운송실적_20241231.csv
2024,7,ICN,NRT,ICN-NRT,,,,NQ,에어재팬,출발,0.0,6128.0,False,True,인천국제공항공사_항공사별 노선별 운송실적_20241231.csv
2024,7,ICN,NRT,ICN-NRT,,,,ET,에티오피아 항공,도착,0.0,1830.0,False,True,인천국제공항공사_항공사별 노선별 운송실적_20241231.csv
2024,7,ICN,NRT,ICN-NRT,,,,ET,에티오피아 항공,출발,0.0,1726.0,False,True,인천국제공항공사_항공사별 노선별 운송실적_20241231.csv
2024,7,ICN,NRT,ICN-NRT,,,,ZE,이스타 항공,도착,0.0,12315.0,True,True,인천국제공항공사_항공사별 노선별 운송실적_20241231.csv
2024,7,ICN,NRT,ICN-NRT,,,,ZE,이스타 항공,도착,0.0,479.0,True,True,인천국제공항공사_항공사별 노선별 운송실적_20241231.csv
2024,7,ICN,NRT,ICN-NRT,,,,ZE,이스타 항공,출발,0.0,13154.0,True,True,인천국제공항공사_항공사별 노선별 운송실적_20241231.csv
2024,7,ICN,NRT,ICN-NRT,,,,ZE,이스타 항공,출발,0.0,549.0,True,True,인천국제공항공사_항공사별 노선별 운송실적_20241231.csv
2024,7,ICN,NRT,ICN-NRT,,,,7C,제주항공,도착,0.0,24507.0,True,True,인천국제공항공사_항공사별 노선별 운송실적_20241231.csv
2024,7,ICN,NRT,ICN-NRT,,,,7C,제주항공,출발,0.0,25295.0,True,True,인천국제공항공사_항공사별 노선별 운송실적_20241231.csv
2024,7,ICN,NRT,ICN-NRT,,,,LJ,진 에어,도착,0.0,36309.0,False,True,인천국제공항공사_항공사별 노선별 운송실적_20241231.csv
2024,7,ICN,NRT,ICN-NRT,,,,LJ,진 에어,출발,0.0,36153.0,False,True,인천국제공항공사_항공사별 노선별 운송실적_20241231.csv
2024,7,ICN,NRT,ICN-NRT,,,,ZG,집에어 도쿄,도착,0.0,7771.0,True,True,인천국제공항공사_항공사별 노선별 운송실적_20241231.csv
2024,7,ICN,NRT,ICN-NRT,,,,ZG,집에어 도쿄,출발,0.0,6971.0,True,True,인천국제공항공사_항공사별 노선별 운송실적_20241231.csv
2024,7,ICN,NRT,ICN-NRT,,,,TW,티웨이항공,도착,0.0,15673.0,True,True,인천국제공항공사_항공사별 노선별 운송실적_20241231.csv
2024,7,ICN,NRT,ICN-NRT,,,,TW,티웨이항공,출발,0.0,16576.0,True,True,인천국제공항공사_항공사별 노선별 운송실적_20241231.csv
2024,7,ICN,OIT,ICN-OIT,,,,7C,제주항공,도착,0.0,3156.0,True,True,인천국제공항공사_항공사별 노선별 운송실적_20241231.csv
2024,7,ICN,OIT,ICN-OIT,,,,7C,제주항공,출발,0.0,3327.0,True,True,인천국제공항공사_항공사별 노선별 운송실적_20241231.csv
2024,7,ICN,OKA,ICN-OKA,,,,KE,대한항공,도착,0.0,2790.0,False,True,인천국제공항공사_항공사별 노선별 운송실적_20241231.csv
2024,7,ICN,OKA,ICN-OKA,,,,KE,대한항공,출발,0.0,3144.0,False,True,인천국제공항공사_항공사별 노선별 운송실적_20241231.csv
2024,7,ICN,OKA,ICN-OKA,,,,OZ,아시아나항공,도착,0.0,6353.0,False,True,인천국제공항공사_항공사별 노선별 운송실적_20241231.csv
2024,7,ICN,OKA,ICN-OKA,,,,OZ,아시아나항공,도착,0.0,3001.0,False,True,인천국제공항공사_항공사별 노선별 운송실적_20241231.csv
2024,7,ICN,OKA,ICN-OKA,,,,OZ,아시아나항공,출발,0.0,7243.0,False,True,인천국제공항공사_항공사별 노선별 운송실적_20241231.csv
2024,7,ICN,OKA,ICN-OKA,,,,OZ,아시아나항공,출발,0.0,2644.0,False,True,인천국제공항공사_항공사별 노선별 운송실적_20241231.csv
2024,7,ICN,OKA,ICN-OKA,,,,ZE,이스타 항공,도착,0.0,2125.0,True,True,인천국제공항공사_항공사별 노선별 운송실적_20241231.csv
2024,7,ICN,OKA,ICN-OKA,,,,ZE,이스타 항공,출발,0.0,2305.0,True,True,인천국제공항공사_항공사별 노선별 운송실적_20241231.csv
2024,7,ICN,OKA,ICN-OKA,,,,7C,제주항공,도착,0.0,4832.0,True,True,인천국제공항공사_항공사별 노선별 운송실적_20241231.csv
2024,7,ICN,OKA,ICN-OKA,,,,7C,제주항공,출발,0.0,5100.0,True,True,인천국제공항공사_항공사별 노선별 운송실적_20241231.csv
2024,7,ICN,OKA,ICN-OKA,,,,LJ,진 에어,도착,0.0,5210.0,False,True,인천국제공항공사_항공사별 노선별 운송실적_20241231.csv
2024,7,ICN,OKA,ICN-OKA,,,,LJ,진 에어,출발,0.0,5529.0,False,True,인천국제공항공사_항공사별 노선별 운송실적_20241231.csv
2024,7,ICN,OKA,ICN-OKA,,,,TW,티웨이항공,도착,0.0,5378.0,True,True,인천국제공항공사_항공사별 노선별 운송실적_20241231.csv
2024,7,ICN,OKA,ICN-OKA,,,,TW,티웨이항공,출발,0.0,5608.0,True,True,인천국제공항공사_항공사별 노선별 운송실적_20241231.csv
2024,7,ICN,OKJ,ICN-OKJ,,,,KE,대한항공,도착,0.0,1050.0,False,True,인천국제공항공사_항공사별 노선별 운송실적_20241231.csv
2024,7,ICN,OKJ,ICN-OKJ,,,,KE,대한항공,출발,0.0,1365.0,False,True,인천국제공항공사_항공사별 노선별 운송실적_20241231.csv
2024,7,ICN,SDJ,ICN-SDJ,,,,OZ,아시아나항공,도착,0.0,3624.0,False,True,인천국제공항공사_항공사별 노선별 운송실적_20241231.csv
2024,7,ICN,SDJ,ICN-SDJ,,,,OZ,아시아나항공,출발,0.0,3850.0,False,True,인천국제공항공사_항공사별 노선별 운송실적_20241231.csv
2024,7,ICN,TAK,ICN-TAK,,,,RS,에어서울,도착,0.0,4864.0,True,True,인천국제공항공사_항공사별 노선별 운송실적_20241231.csv
2024,7,ICN,TAK,ICN-TAK,,,,RS,에어서울,출발,0.0,5225.0,True,True,인천국제공항공사_항공사별 노선별 운송실적_20241231.csv
2024,7,ICN,TAK,ICN-TAK,,,,LJ,진 에어,도착,0.0,2100.0,False,True,인천국제공항공사_항공사별 노선별 운송실적_20241231.csv
2024,7,ICN,TAK,ICN-TAK,,,,LJ,진 에어,출발,0.0,2353.0,False,True,인천국제공항공사_항공사별 노선별 운송실적_20241231.csv
2024,7,ICN,YGJ,ICN-YGJ,,,,RS,에어서울,도착,0.0,2099.0,True,True,인천국제공항공사_항공사별 노선별 운송실적_20241231.csv
2024,7,ICN,YGJ,ICN-YGJ,,,,RS,에어서울,출발,0.0,2236.0,True,True,인천국제공항공사_항공사별 노선별 운송실적_20241231.csv
2024,8,ICN,AOJ,ICN-AOJ,,,,KE,대한항공,도착,0.0,1572.0,False,True,인천국제공항공사_항공사별 노선별 운송실적_20241231.csv
2024,8,ICN,AOJ,ICN-AOJ,,,,KE,대한항공,출발,0.0,1532.0,False,True,인천국제공항공사_항공사별 노선별 운송실적_20241231.csv
2024,8,ICN,CTS,ICN-CTS,,,,KE,대한항공,도착,0.0,14144.0,False,True,인천국제공항공사_항공사별 노선별 운송실적_20241231.csv
2024,8,ICN,CTS,ICN-CTS,,,,KE,대한항공,도착,0.0,1009.0,False,True,인천국제공항공사_항공사별 노선별 운송실적_20241231.csv
2024,8,ICN,CTS,ICN-CTS,,,,KE,대한항공,출발,0.0,13106.0,False,True,인천국제공항공사_항공사별 노선별 운송실적_20241231.csv
2024,8,ICN,CTS,ICN-CTS,,,,KE,대한항공,출발,0.0,835.0,False,True,인천국제공항공사_항공사별 노선별 운송실적_20241231.csv
2024,8,ICN,CTS,ICN-CTS,,,,OZ,아시아나항공,도착,0.0,9669.0,False,True,인천국제공항공사_항공사별 노선별 운송실적_20241231.csv
2024,8,ICN,CTS,ICN-CTS,,,,OZ,아시아나항공,출발,0.0,9886.0,False,True,인천국제공항공사_항공사별 노선별 운송실적_20241231.csv
2024,8,ICN,CTS,ICN-CTS,,,,BX,에어 부산,도착,0.0,6674.0,False,True,인천국제공항공사_항공사별 노선별 운송실적_20241231.csv
2024,8,ICN,CTS,ICN-CTS,,,,BX,에어 부산,출발,0.0,6534.0,False,True,인천국제공항공사_항공사별 노선별 운송실적_20241231.csv
2024,8,ICN,CTS,ICN-CTS,,,,ZE,이스타 항공,도착,0.0,5275.0,True,True,인천국제공항공사_항공사별 노선별 운송실적_20241231.csv
2024,8,ICN,CTS,ICN-CTS,,,,ZE,이스타 항공,도착,0.0,178.0,True,True,인천국제공항공사_항공사별 노선별 운송실적_20241231.csv
2024,8,ICN,CTS,ICN-CTS,,,,ZE,이스타 항공,출발,0.0,5039.0,True,True,인천국제공항공사_항공사별 노선별 운송실적_20241231.csv
2024,8,ICN,CTS,ICN-CTS,,,,ZE,이스타 항공,출발,0.0,158.0,True,True,인천국제공항공사_항공사별 노선별 운송실적_20241231.csv
2024,8,ICN,CTS,ICN-CTS,,,,7C,제주항공,도착,0.0,11115.0,True,True,인천국제공항공사_항공사별 노선별 운송실적_20241231.csv
2024,8,ICN,CTS,ICN-CTS,,,,7C,제주항공,출발,0.0,10107.0,True,True,인천국제공항공사_항공사별 노선별 운송실적_20241231.csv
2024,8,ICN,CTS,ICN-CTS,,,,LJ,진 에어,도착,0.0,16493.0,False,True,인천국제공항공사_항공사별 노선별 운송실적_20241231.csv
2024,8,ICN,CTS,ICN-CTS,,,,LJ,진 에어,출발,0.0,15652.0,False,True,인천국제공항공사_항공사별 노선별 운송실적_20241231.csv
2024,8,ICN,CTS,ICN-CTS,,,,TW,티웨이항공,도착,0.0,12642.0,True,True,인천국제공항공사_항공사별 노선별 운송실적_20241231.csv
2024,8,ICN,CTS,ICN-CTS,,,,TW,티웨이항공,출발,0.0,11707.0,True,True,인천국제공항공사_항공사별 노선별 운송실적_20241231.csv
2024,8,ICN,FSZ,ICN-FSZ,,,,7C,제주항공,도착,0.0,4844.0,True,True,인천국제공항공사_항공사별 노선별 운송실적_20241231.csv
2024,8,ICN,FSZ,ICN-FSZ,,,,7C,제주항공,출발,0.0,4451.0,True,True,인천국제공항공사_항공사별 노선별 운송실적_20241231.csv
2024,8,ICN,FUK,ICN-FUK,,,,KE,대한항공,도착,0.0,12616.0,False,True,인천국제공항공사_항공사별 노선별 운송실적_20241231.csv
2024,8,ICN,FUK,ICN-FUK,,,,KE,대한항공,출발,0.0,12160.0,False,True,인천국제공항공사_항공사별 노선별 운송실적_20241231.csv
2024,8,ICN,FUK,ICN-FUK,,,,OZ,아시아나항공,도착,0.0,19009.0,False,True,인천국제공항공사_항공사별 노선별 운송실적_20241231.csv
2024,8,ICN,FUK,ICN-FUK,,,,OZ,아시아나항공,출발,0.0,18057.0,False,True,인천국제공항공사_항공사별 노선별 운송실적_20241231.csv
2024,8,ICN,FUK,ICN-FUK,,,,BX,에어 부산,도착,0.0,12462.0,False,True,인천국제공항공사_항공사별 노선별 운송실적_20241231.csv
2024,8,ICN,FUK,ICN-FUK,,,,BX,에어 부산,출발,0.0,10450.0,False,True,인천국제공항공사_항공사별 노선별 운송실적_20241231.csv
2024,8,ICN,FUK,ICN-FUK,,,,RS,에어서울,도착,0.0,10959.0,True,True,인천국제공항공사_항공사별 노선별 운송실적_20241231.csv
2024,8,ICN,FUK,ICN-FUK,,,,RS,에어서울,출발,0.0,10244.0,True,True,인천국제공항공사_항공사별 노선별 운송실적_20241231.csv
2024,8,ICN,FUK,ICN-FUK,,,,ZE,이스타 항공,도착,0.0,8966.0,True,True,인천국제공항공사_항공사별 노선별 운송실적_20241231.csv
2024,8,ICN,FUK,ICN-FUK,,,,ZE,이스타 항공,출발,0.0,8505.0,True,True,인천국제공항공사_항공사별 노선별 운송실적_20241231.csv
2024,8,ICN,FUK,ICN-FUK,,,,7C,제주항공,도착,0.0,24748.0,True,True,인천국제공항공사_항공사별 노선별 운송실적_20241231.csv
2024,8,ICN,FUK,ICN-FUK,,,,7C,제주항공,출발,0.0,23472.0,True,True,인천국제공항공사_항공사별 노선별 운송실적_20241231.csv
2024,8,ICN,FUK,ICN-FUK,,,,LJ,진 에어,도착,0.0,20405.0,False,True,인천국제공항공사_항공사별 노선별 운송실적_20241231.csv
2024,8,ICN,FUK,ICN-FUK,,,,LJ,진 에어,출발,0.0,20083.0,False,True,인천국제공항공사_항공사별 노선별 운송실적_20241231.csv
2024,8,ICN,FUK,ICN-FUK,,,,TW,티웨이항공,도착,0.0,17742.0,True,True,인천국제공항공사_항공사별 노선별 운송실적_20241231.csv
2024,8,ICN,FUK,ICN-FUK,,,,TW,티웨이항공,도착,0.0,310.0,True,True,인천국제공항공사_항공사별 노선별 운송실적_20241231.csv
2024,8,ICN,FUK,ICN-FUK,,,,TW,티웨이항공,출발,0.0,16787.0,True,True,인천국제공항공사_항공사별 노선별 운송실적_20241231.csv
2024,8,ICN,FUK,ICN-FUK,,,,TW,티웨이항공,출발,0.0,57.0,True,True,인천국제공항공사_항공사별 노선별 운송실적_20241231.csv
2024,8,ICN,HIJ,ICN-HIJ,,,,7C,제주항공,도착,0.0,9087.0,True,True,인천국제공항공사_항공사별 노선별 운송실적_20241231.csv
2024,8,ICN,HIJ,ICN-HIJ,,,,7C,제주항공,출발,0.0,7912.0,True,True,인천국제공항공사_항공사별 노선별 운송실적_20241231.csv
2024,8,ICN,HND,ICN-HND,,,,KE,대한항공,도착,0.0,2927.0,False,True,인천국제공항공사_항공사별 노선별 운송실적_20241231.csv
2024,8,ICN,HND,ICN-HND,,,,KE,대한항공,출발,0.0,3618.0,False,True,인천국제공항공사_항공사별 노선별 운송실적_20241231.csv
2024,8,ICN,HND,ICN-HND,,,,OZ,아시아나항공,도착,0.0,2237.0,False,True,인천국제공항공사_항공사별 노선별 운송실적_20241231.csv
2024,8,ICN,HND,ICN-HND,,,,OZ,아시아나항공,출발,0.0,3307.0,False,True,인천국제공항공사_항공사별 노선별 운송실적_20241231.csv
2024,8,ICN,HND,ICN-HND,,,,MM,피치 항공,도착,0.0,5322.0,True,True,인천국제공항공사_항공사별 노선별 운송실적_20241231.csv
2024,8,ICN,HND,ICN-HND,,,,MM,피치 항공,출발,0.0,5187.0,True,True,인천국제공항공사_항공사별 노선별 운송실적_20241231.csv
2024,8,ICN,KIJ,ICN-KIJ,,,,KE,대한항공,도착,0.0,1258.0,False,True,인천국제공항공사_항공사별 노선별 운송실적_20241231.csv
2024,8,ICN,KIJ,ICN-KIJ,,,,KE,대한항공,출발,0.0,1380.0,False,True,인천국제공항공사_항공사별 노선별 운송실적_20241231.csv
2024,8,ICN,KIX,ICN-KIX,,,,KE,대한항공,도착,0.0,13869.0,False,True,인천국제공항공사_항공사별 노선별 운송실적_20241231.csv
2024,8,ICN,KIX,ICN-KIX,,,,KE,대한항공,도착,0.0,95.0,False,True,인천국제공항공사_항공사별 노선별 운송실적_20241231.csv
2024,8,ICN,KIX,ICN-KIX,,,,KE,대한항공,출발,0.0,12624.0,False,True,인천국제공항공사_항공사별 노선별 운송실적_20241231.csv
2024,8,ICN,KIX,ICN-KIX,,,,OZ,아시아나항공,도착,0.0,17378.0,False,True,인천국제공항공사_항공사별 노선별 운송실적_20241231.csv
2024,8,ICN,KIX,ICN-KIX,,,,OZ,아시아나항공,도착,0.0,676.0,False,True,인천국제공항공사_항공사별 노선별 운송실적_20241231.csv
2024,8,ICN,KIX,ICN-KIX,,,,OZ,아시아나항공,출발,0.0,14870.0,False,True,인천국제공항공사_항공사별 노선별 운송실적_20241231.csv
2024,8,ICN,KIX,ICN-KIX,,,,OZ,아시아나항공,출발,0.0,175.0,False,True,인천국제공항공사_항공사별 노선별 운송실적_20241231.csv
2024,8,ICN,KIX,ICN-KIX,,,,BX,에어 부산,도착,0.0,17166.0,False,True,인천국제공항공사_항공사별 노선별 운송실적_20241231.csv
2024,8,ICN,KIX,ICN-KIX,,,,BX,에어 부산,출발,0.0,16167.0,False,True,인천국제공항공사_항공사별 노선별 운송실적_20241231.csv
2024,8,ICN,KIX,ICN-KIX,,,,RS,에어서울,도착,0.0,17797.0,True,True,인천국제공항공사_항공사별 노선별 운송실적_20241231.csv
2024,8,ICN,KIX,ICN-KIX,,,,RS,에어서울,출발,0.0,17364.0,True,True,인천국제공항공사_항공사별 노선별 운송실적_20241231.csv
2024,8,ICN,KIX,ICN-KIX,,,,ZE,이스타 항공,도착,0.0,9678.0,True,True,인천국제공항공사_항공사별 노선별 운송실적_20241231.csv
2024,8,ICN,KIX,ICN-KIX,,,,ZE,이스타 항공,출발,0.0,8909.0,True,True,인천국제공항공사_항공사별 노선별 운송실적_20241231.csv
2024,8,ICN,KIX,ICN-KIX,,,,7C,제주항공,도착,0.0,16525.0,True,True,인천국제공항공사_항공사별 노선별 운송실적_20241231.csv
2024,8,ICN,KIX,ICN-KIX,,,,7C,제주항공,출발,0.0,14258.0,True,True,인천국제공항공사_항공사별 노선별 운송실적_20241231.csv
2024,8,ICN,KIX,ICN-KIX,,,,LJ,진 에어,도착,0.0,30424.0,False,True,인천국제공항공사_항공사별 노선별 운송실적_20241231.csv
2024,8,ICN,KIX,ICN-KIX,,,,LJ,진 에어,출발,0.0,30285.0,False,True,인천국제공항공사_항공사별 노선별 운송실적_20241231.csv
2024,8,ICN,KIX,ICN-KIX,,,,TW,티웨이항공,도착,0.0,16200.0,True,True,인천국제공항공사_항공사별 노선별 운송실적_20241231.csv
2024,8,ICN,KIX,ICN-KIX,,,,TW,티웨이항공,도착,0.0,156.0,True,True,인천국제공항공사_항공사별 노선별 운송실적_20241231.csv
2024,8,ICN,KIX,ICN-KIX,,,,TW,티웨이항공,출발,0.0,16703.0,True,True,인천국제공항공사_항공사별 노선별 운송실적_20241231.csv
2024,8,ICN,KIX,ICN-KIX,,,,TW,티웨이항공,출발,0.0,122.0,True,True,인천국제공항공사_항공사별 노선별 운송실적_20241231.csv
2024,8,ICN,KIX,ICN-KIX,,,,MM,피치 항공,도착,0.0,19880.0,True,True,인천국제공항공사_항공사별 노선별 운송실적_20241231.csv
2024,8,ICN,KIX,ICN-KIX,,,,MM,피치 항공,출발,0.0,18017.0,True,True,인천국제공항공사_항공사별 노선별 운송실적_20241231.csv
2024,8,ICN,KKJ,ICN-KKJ,,,,LJ,진 에어,도착,0.0,6203.0,False,True,인천국제공항공사_항공사별 노선별 운송실적_20241231.csv
2024,8,ICN,KKJ,ICN-KKJ,,,,LJ,진 에어,출발,0.0,5669.0,False,True,인천국제공항공사_항공사별 노선별 운송실적_20241231.csv
2024,8,ICN,KMI,ICN-KMI,,,,OZ,아시아나항공,도착,0.0,1535.0,False,True,인천국제공항공사_항공사별 노선별 운송실적_20241231.csv
2024,8,ICN,KMI,ICN-KMI,,,,OZ,아시아나항공,출발,0.0,1412.0,False,True,인천국제공항공사_항공사별 노선별 운송실적_20241231.csv
2024,8,ICN,KMJ,ICN-KMJ,,,,TW,티웨이항공,도착,0.0,4332.0,True,True,인천국제공항공사_항공사별 노선별 운송실적_20241231.csv
2024,8,ICN,KMJ,ICN-KMJ,,,,TW,티웨이항공,출발,0.0,3831.0,True,True,인천국제공항공사_항공사별 노선별 운송실적_20241231.csv
2024,8,ICN,KOJ,ICN-KOJ,,,,KE,대한항공,도착,0.0,1128.0,False,True,인천국제공항공사_항공사별 노선별 운송실적_20241231.csv
2024,8,ICN,KOJ,ICN-KOJ,,,,KE,대한항공,출발,0.0,1084.0,False,True,인천국제공항공사_항공사별 노선별 운송실적_20241231.csv
2024,8,ICN,MYJ,ICN-MYJ,,,,7C,제주항공,도착,0.0,7869.0,True,True,인천국제공항공사_항공사별 노선별 운송실적_20241231.csv
2024,8,ICN,MYJ,ICN-MYJ,,,,7C,제주항공,출발,0.0,7405.0,True,True,인천국제공항공사_항공사별 노선별 운송실적_20241231.csv
2024,8,ICN,NGO,ICN-NGO,,,,KE,대한항공,도착,0.0,8806.0,False,True,인천국제공항공사_항공사별 노선별 운송실적_20241231.csv
2024,8,ICN,NGO,ICN-NGO,,,,KE,대한항공,출발,0.0,9243.0,False,True,인천국제공항공사_항공사별 노선별 운송실적_20241231.csv
2024,8,ICN,NGO,ICN-NGO,,,,OZ,아시아나항공,도착,0.0,8491.0,False,True,인천국제공항공사_항공사별 노선별 운송실적_20241231.csv
2024,8,ICN,NGO,ICN-NGO,,,,OZ,아시아나항공,출발,0.0,7968.0,False,True,인천국제공항공사_항공사별 노선별 운송실적_20241231.csv
2024,8,ICN,NGO,ICN-NGO,,,,7C,제주항공,도착,0.0,10637.0,True,True,인천국제공항공사_항공사별 노선별 운송실적_20241231.csv
2024,8,ICN,NGO,ICN-NGO,,,,7C,제주항공,출발,0.0,9726.0,True,True,인천국제공항공사_항공사별 노선별 운송실적_20241231.csv
2024,8,ICN,NGO,ICN-NGO,,,,LJ,진 에어,도착,0.0,10923.0,False,True,인천국제공항공사_항공사별 노선별 운송실적_20241231.csv
2024,8,ICN,NGO,ICN-NGO,,,,LJ,진 에어,출발,0.0,10313.0,False,True,인천국제공항공사_항공사별 노선별 운송실적_20241231.csv
2024,8,ICN,NRT,ICN-NRT,,,,KE,대한항공,도착,0.0,17004.0,False,True,인천국제공항공사_항공사별 노선별 운송실적_20241231.csv
2024,8,ICN,NRT,ICN-NRT,,,,KE,대한항공,출발,0.0,17066.0,False,True,인천국제공항공사_항공사별 노선별 운송실적_20241231.csv
2024,8,ICN,NRT,ICN-NRT,,,,OZ,아시아나항공,도착,0.0,27682.0,False,True,인천국제공항공사_항공사별 노선별 운송실적_20241231.csv
2024,8,ICN,NRT,ICN-NRT,,,,OZ,아시아나항공,도착,0.0,35.0,False,True,인천국제공항공사_항공사별 노선별 운송실적_20241231.csv
2024,8,ICN,NRT,ICN-NRT,,,,OZ,아시아나항공,출발,0.0,27001.0,False,True,인천국제공항공사_항공사별 노선별 운송실적_20241231.csv
2024,8,ICN,NRT,ICN-NRT,,,,OZ,아시아나항공,출발,0.0,109.0,False,True,인천국제공항공사_항공사별 노선별 운송실적_20241231.csv
2024,8,ICN,NRT,ICN-NRT,,,,BX,에어 부산,도착,0.0,12062.0,False,True,인천국제공항공사_항공사별 노선별 운송실적_20241231.csv
2024,8,ICN,NRT,ICN-NRT,,,,BX,에어 부산,출발,0.0,11615.0,False,True,인천국제공항공사_항공사별 노선별 운송실적_20241231.csv
2024,8,ICN,NRT,ICN-NRT,,,,YP,에어 프레미아,도착,0.0,6121.0,False,True,인천국제공항공사_항공사별 노선별 운송실적_20241231.csv
2024,8,ICN,NRT,ICN-NRT,,,,YP,에어 프레미아,출발,0.0,5550.0,False,True,인천국제공항공사_항공사별 노선별 운송실적_20241231.csv
2024,8,ICN,NRT,ICN-NRT,,,,RF,에어로케이,도착,0.0,5169.0,True,True,인천국제공항공사_항공사별 노선별 운송실적_20241231.csv
2024,8,ICN,NRT,ICN-NRT,,,,RF,에어로케이,도착,0.0,416.0,True,True,인천국제공항공사_항공사별 노선별 운송실적_20241231.csv
2024,8,ICN,NRT,ICN-NRT,,,,RF,에어로케이,출발,0.0,4236.0,True,True,인천국제공항공사_항공사별 노선별 운송실적_20241231.csv
2024,8,ICN,NRT,ICN-NRT,,,,RF,에어로케이,출발,0.0,466.0,True,True,인천국제공항공사_항공사별 노선별 운송실적_20241231.csv
2024,8,ICN,NRT,ICN-NRT,,,,RS,에어서울,도착,0.0,18095.0,True,True,인천국제공항공사_항공사별 노선별 운송실적_20241231.csv
2024,8,ICN,NRT,ICN-NRT,,,,RS,에어서울,출발,0.0,16980.0,True,True,인천국제공항공사_항공사별 노선별 운송실적_20241231.csv
2024,8,ICN,NRT,ICN-NRT,,,,NQ,에어재팬,도착,0.0,8328.0,False,True,인천국제공항공사_항공사별 노선별 운송실적_20241231.csv
2024,8,ICN,NRT,ICN-NRT,,,,NQ,에어재팬,출발,0.0,6172.0,False,True,인천국제공항공사_항공사별 노선별 운송실적_20241231.csv
2024,8,ICN,NRT,ICN-NRT,,,,ET,에티오피아 항공,도착,0.0,1621.0,False,True,인천국제공항공사_항공사별 노선별 운송실적_20241231.csv
2024,8,ICN,NRT,ICN-NRT,,,,ET,에티오피아 항공,출발,0.0,1080.0,False,True,인천국제공항공사_항공사별 노선별 운송실적_20241231.csv
2024,8,ICN,NRT,ICN-NRT,,,,ZE,이스타 항공,도착,0.0,11917.0,True,True,인천국제공항공사_항공사별 노선별 운송실적_20241231.csv
2024,8,ICN,NRT,ICN-NRT,,,,ZE,이스타 항공,출발,0.0,10607.0,True,True,인천국제공항공사_항공사별 노선별 운송실적_20241231.csv
2024,8,ICN,NRT,ICN-NRT,,,,7C,제주항공,도착,0.0,23110.0,True,True,인천국제공항공사_항공사별 노선별 운송실적_20241231.csv
2024,8,ICN,NRT,ICN-NRT,,,,7C,제주항공,도착,0.0,76.0,True,True,인천국제공항공사_항공사별 노선별 운송실적_20241231.csv
2024,8,ICN,NRT,ICN-NRT,,,,7C,제주항공,출발,0.0,22514.0,True,True,인천국제공항공사_항공사별 노선별 운송실적_20241231.csv
2024,8,ICN,NRT,ICN-NRT,,,,7C,제주항공,출발,0.0,164.0,True,True,인천국제공항공사_항공사별 노선별 운송실적_20241231.csv
2024,8,ICN,NRT,ICN-NRT,,,,LJ,진 에어,도착,0.0,36925.0,False,True,인천국제공항공사_항공사별 노선별 운송실적_20241231.csv
2024,8,ICN,NRT,ICN-NRT,,,,LJ,진 에어,출발,0.0,32227.0,False,True,인천국제공항공사_항공사별 노선별 운송실적_20241231.csv
2024,8,ICN,NRT,ICN-NRT,,,,ZG,집에어 도쿄,도착,0.0,8014.0,True,True,인천국제공항공사_항공사별 노선별 운송실적_20241231.csv
2024,8,ICN,NRT,ICN-NRT,,,,ZG,집에어 도쿄,출발,0.0,6503.0,True,True,인천국제공항공사_항공사별 노선별 운송실적_20241231.csv
2024,8,ICN,NRT,ICN-NRT,,,,TW,티웨이항공,도착,0.0,15650.0,True,True,인천국제공항공사_항공사별 노선별 운송실적_20241231.csv
2024,8,ICN,NRT,ICN-NRT,,,,TW,티웨이항공,도착,0.0,90.0,True,True,인천국제공항공사_항공사별 노선별 운송실적_20241231.csv
2024,8,ICN,NRT,ICN-NRT,,,,TW,티웨이항공,출발,0.0,14972.0,True,True,인천국제공항공사_항공사별 노선별 운송실적_20241231.csv
2024,8,ICN,NRT,ICN-NRT,,,,TW,티웨이항공,출발,0.0,74.0,True,True,인천국제공항공사_항공사별 노선별 운송실적_20241231.csv
2024,8,ICN,OIT,ICN-OIT,,,,7C,제주항공,도착,0.0,2974.0,True,True,인천국제공항공사_항공사별 노선별 운송실적_20241231.csv
2024,8,ICN,OIT,ICN-OIT,,,,7C,제주항공,출발,0.0,2682.0,True,True,인천국제공항공사_항공사별 노선별 운송실적_20241231.csv
2024,8,ICN,OKA,ICN-OKA,,,,KE,대한항공,도착,0.0,3116.0,False,True,인천국제공항공사_항공사별 노선별 운송실적_20241231.csv
2024,8,ICN,OKA,ICN-OKA,,,,KE,대한항공,출발,0.0,2696.0,False,True,인천국제공항공사_항공사별 노선별 운송실적_20241231.csv
2024,8,ICN,OKA,ICN-OKA,,,,OZ,아시아나항공,도착,0.0,6944.0,False,True,인천국제공항공사_항공사별 노선별 운송실적_20241231.csv
2024,8,ICN,OKA,ICN-OKA,,,,OZ,아시아나항공,도착,0.0,920.0,False,True,인천국제공항공사_항공사별 노선별 운송실적_20241231.csv
2024,8,ICN,OKA,ICN-OKA,,,,OZ,아시아나항공,출발,0.0,6678.0,False,True,인천국제공항공사_항공사별 노선별 운송실적_20241231.csv
2024,8,ICN,OKA,ICN-OKA,,,,OZ,아시아나항공,출발,0.0,602.0,False,True,인천국제공항공사_항공사별 노선별 운송실적_20241231.csv
2024,8,ICN,OKA,ICN-OKA,,,,ZE,이스타 항공,도착,0.0,4939.0,True,True,인천국제공항공사_항공사별 노선별 운송실적_20241231.csv
2024,8,ICN,OKA,ICN-OKA,,,,ZE,이스타 항공,출발,0.0,4580.0,True,True,인천국제공항공사_항공사별 노선별 운송실적_20241231.csv
2024,8,ICN,OKA,ICN-OKA,,,,7C,제주항공,도착,0.0,4718.0,True,True,인천국제공항공사_항공사별 노선별 운송실적_20241231.csv
2024,8,ICN,OKA,ICN-OKA,,,,7C,제주항공,출발,0.0,4526.0,True,True,인천국제공항공사_항공사별 노선별 운송실적_20241231.csv
2024,8,ICN,OKA,ICN-OKA,,,,LJ,진 에어,도착,0.0,5351.0,False,True,인천국제공항공사_항공사별 노선별 운송실적_20241231.csv
2024,8,ICN,OKA,ICN-OKA,,,,LJ,진 에어,출발,0.0,5173.0,False,True,인천국제공항공사_항공사별 노선별 운송실적_20241231.csv
2024,8,ICN,OKA,ICN-OKA,,,,TW,티웨이항공,도착,0.0,5266.0,True,True,인천국제공항공사_항공사별 노선별 운송실적_20241231.csv
2024,8,ICN,OKA,ICN-OKA,,,,TW,티웨이항공,출발,0.0,4979.0,True,True,인천국제공항공사_항공사별 노선별 운송실적_20241231.csv
2024,8,ICN,OKJ,ICN-OKJ,,,,KE,대한항공,도착,0.0,1947.0,False,True,인천국제공항공사_항공사별 노선별 운송실적_20241231.csv
2024,8,ICN,OKJ,ICN-OKJ,,,,KE,대한항공,출발,0.0,1999.0,False,True,인천국제공항공사_항공사별 노선별 운송실적_20241231.csv
2024,8,ICN,SDJ,ICN-SDJ,,,,OZ,아시아나항공,도착,0.0,4333.0,False,True,인천국제공항공사_항공사별 노선별 운송실적_20241231.csv
2024,8,ICN,SDJ,ICN-SDJ,,,,OZ,아시아나항공,출발,0.0,4009.0,False,True,인천국제공항공사_항공사별 노선별 운송실적_20241231.csv
2024,8,ICN,TAK,ICN-TAK,,,,RS,에어서울,도착,0.0,4301.0,True,True,인천국제공항공사_항공사별 노선별 운송실적_20241231.csv
2024,8,ICN,TAK,ICN-TAK,,,,RS,에어서울,출발,0.0,3783.0,True,True,인천국제공항공사_항공사별 노선별 운송실적_20241231.csv
2024,8,ICN,TAK,ICN-TAK,,,,LJ,진 에어,도착,0.0,4207.0,False,True,인천국제공항공사_항공사별 노선별 운송실적_20241231.csv
2024,8,ICN,TAK,ICN-TAK,,,,LJ,진 에어,출발,0.0,3588.0,False,True,인천국제공항공사_항공사별 노선별 운송실적_20241231.csv
2024,8,ICN,YGJ,ICN-YGJ,,,,RS,에어서울,도착,0.0,2123.0,True,True,인천국제공항공사_항공사별 노선별 운송실적_20241231.csv
2024,8,ICN,YGJ,ICN-YGJ,,,,RS,에어서울,출발,0.0,1949.0,True,True,인천국제공항공사_항공사별 노선별 운송실적_20241231.csv
2024,9,ICN,AOJ,ICN-AOJ,,,,KE,대한항공,도착,0.0,1246.0,False,True,인천국제공항공사_항공사별 노선별 운송실적_20241231.csv
2024,9,ICN,AOJ,ICN-AOJ,,,,KE,대한항공,출발,0.0,1366.0,False,True,인천국제공항공사_항공사별 노선별 운송실적_20241231.csv
2024,9,ICN,CTS,ICN-CTS,,,,KE,대한항공,도착,0.0,10464.0,False,True,인천국제공항공사_항공사별 노선별 운송실적_20241231.csv
2024,9,ICN,CTS,ICN-CTS,,,,KE,대한항공,출발,0.0,11074.0,False,True,인천국제공항공사_항공사별 노선별 운송실적_20241231.csv
2024,9,ICN,CTS,ICN-CTS,,,,OZ,아시아나항공,도착,0.0,7377.0,False,True,인천국제공항공사_항공사별 노선별 운송실적_20241231.csv
2024,9,ICN,CTS,ICN-CTS,,,,OZ,아시아나항공,도착,0.0,179.0,False,True,인천국제공항공사_항공사별 노선별 운송실적_20241231.csv
2024,9,ICN,CTS,ICN-CTS,,,,OZ,아시아나항공,출발,0.0,7660.0,False,True,인천국제공항공사_항공사별 노선별 운송실적_20241231.csv
2024,9,ICN,CTS,ICN-CTS,,,,OZ,아시아나항공,출발,0.0,185.0,False,True,인천국제공항공사_항공사별 노선별 운송실적_20241231.csv
2024,9,ICN,CTS,ICN-CTS,,,,BX,에어 부산,도착,0.0,5632.0,False,True,인천국제공항공사_항공사별 노선별 운송실적_20241231.csv
2024,9,ICN,CTS,ICN-CTS,,,,BX,에어 부산,출발,0.0,6334.0,False,True,인천국제공항공사_항공사별 노선별 운송실적_20241231.csv
2024,9,ICN,CTS,ICN-CTS,,,,ZE,이스타 항공,도착,0.0,5026.0,True,True,인천국제공항공사_항공사별 노선별 운송실적_20241231.csv
2024,9,ICN,CTS,ICN-CTS,,,,ZE,이스타 항공,출발,0.0,4808.0,True,True,인천국제공항공사_항공사별 노선별 운송실적_20241231.csv
2024,9,ICN,CTS,ICN-CTS,,,,7C,제주항공,도착,0.0,10214.0,True,True,인천국제공항공사_항공사별 노선별 운송실적_20241231.csv
2024,9,ICN,CTS,ICN-CTS,,,,7C,제주항공,출발,0.0,9695.0,True,True,인천국제공항공사_항공사별 노선별 운송실적_20241231.csv
2024,9,ICN,CTS,ICN-CTS,,,,LJ,진 에어,도착,0.0,6529.0,False,True,인천국제공항공사_항공사별 노선별 운송실적_20241231.csv
2024,9,ICN,CTS,ICN-CTS,,,,LJ,진 에어,출발,0.0,6194.0,False,True,인천국제공항공사_항공사별 노선별 운송실적_20241231.csv
2024,9,ICN,CTS,ICN-CTS,,,,TW,티웨이항공,도착,0.0,9697.0,True,True,인천국제공항공사_항공사별 노선별 운송실적_20241231.csv
2024,9,ICN,CTS,ICN-CTS,,,,TW,티웨이항공,출발,0.0,9271.0,True,True,인천국제공항공사_항공사별 노선별 운송실적_20241231.csv
2024,9,ICN,FSZ,ICN-FSZ,,,,7C,제주항공,도착,0.0,4461.0,True,True,인천국제공항공사_항공사별 노선별 운송실적_20241231.csv
2024,9,ICN,FSZ,ICN-FSZ,,,,7C,제주항공,출발,0.0,4768.0,True,True,인천국제공항공사_항공사별 노선별 운송실적_20241231.csv
2024,9,ICN,FUK,ICN-FUK,,,,KE,대한항공,도착,0.0,12094.0,False,True,인천국제공항공사_항공사별 노선별 운송실적_20241231.csv
2024,9,ICN,FUK,ICN-FUK,,,,KE,대한항공,출발,0.0,13944.0,False,True,인천국제공항공사_항공사별 노선별 운송실적_20241231.csv
2024,9,ICN,FUK,ICN-FUK,,,,OZ,아시아나항공,도착,0.0,19198.0,False,True,인천국제공항공사_항공사별 노선별 운송실적_20241231.csv
2024,9,ICN,FUK,ICN-FUK,,,,OZ,아시아나항공,도착,0.0,252.0,False,True,인천국제공항공사_항공사별 노선별 운송실적_20241231.csv
2024,9,ICN,FUK,ICN-FUK,,,,OZ,아시아나항공,출발,0.0,20956.0,False,True,인천국제공항공사_항공사별 노선별 운송실적_20241231.csv
2024,9,ICN,FUK,ICN-FUK,,,,OZ,아시아나항공,출발,0.0,359.0,False,True,인천국제공항공사_항공사별 노선별 운송실적_20241231.csv
2024,9,ICN,FUK,ICN-FUK,,,,BX,에어 부산,도착,0.0,11446.0,False,True,인천국제공항공사_항공사별 노선별 운송실적_20241231.csv
2024,9,ICN,FUK,ICN-FUK,,,,BX,에어 부산,출발,0.0,11537.0,False,True,인천국제공항공사_항공사별 노선별 운송실적_20241231.csv
2024,9,ICN,FUK,ICN-FUK,,,,RS,에어서울,도착,0.0,10855.0,True,True,인천국제공항공사_항공사별 노선별 운송실적_20241231.csv
2024,9,ICN,FUK,ICN-FUK,,,,RS,에어서울,출발,0.0,10934.0,True,True,인천국제공항공사_항공사별 노선별 운송실적_20241231.csv
2024,9,ICN,FUK,ICN-FUK,,,,ZE,이스타 항공,도착,0.0,8980.0,True,True,인천국제공항공사_항공사별 노선별 운송실적_20241231.csv
2024,9,ICN,FUK,ICN-FUK,,,,ZE,이스타 항공,출발,0.0,9971.0,True,True,인천국제공항공사_항공사별 노선별 운송실적_20241231.csv
2024,9,ICN,FUK,ICN-FUK,,,,7C,제주항공,도착,0.0,23138.0,True,True,인천국제공항공사_항공사별 노선별 운송실적_20241231.csv
2024,9,ICN,FUK,ICN-FUK,,,,7C,제주항공,출발,0.0,24215.0,True,True,인천국제공항공사_항공사별 노선별 운송실적_20241231.csv
2024,9,ICN,FUK,ICN-FUK,,,,LJ,진 에어,도착,0.0,22607.0,False,True,인천국제공항공사_항공사별 노선별 운송실적_20241231.csv
2024,9,ICN,FUK,ICN-FUK,,,,LJ,진 에어,도착,0.0,1384.0,False,True,인천국제공항공사_항공사별 노선별 운송실적_20241231.csv
2024,9,ICN,FUK,ICN-FUK,,,,LJ,진 에어,출발,0.0,22480.0,False,True,인천국제공항공사_항공사별 노선별 운송실적_20241231.csv
2024,9,ICN,FUK,ICN-FUK,,,,LJ,진 에어,출발,0.0,1447.0,False,True,인천국제공항공사_항공사별 노선별 운송실적_20241231.csv
2024,9,ICN,FUK,ICN-FUK,,,,TW,티웨이항공,도착,0.0,16036.0,True,True,인천국제공항공사_항공사별 노선별 운송실적_20241231.csv
2024,9,ICN,FUK,ICN-FUK,,,,TW,티웨이항공,출발,0.0,16740.0,True,True,인천국제공항공사_항공사별 노선별 운송실적_20241231.csv
2024,9,ICN,HIJ,ICN-HIJ,,,,7C,제주항공,도착,0.0,8317.0,True,True,인천국제공항공사_항공사별 노선별 운송실적_20241231.csv
2024,9,ICN,HIJ,ICN-HIJ,,,,7C,제주항공,출발,0.0,8530.0,True,True,인천국제공항공사_항공사별 노선별 운송실적_20241231.csv
2024,9,ICN,HND,ICN-HND,,,,KE,대한항공,도착,0.0,3982.0,False,True,인천국제공항공사_항공사별 노선별 운송실적_20241231.csv
2024,9,ICN,HND,ICN-HND,,,,KE,대한항공,출발,0.0,4318.0,False,True,인천국제공항공사_항공사별 노선별 운송실적_20241231.csv
2024,9,ICN,HND,ICN-HND,,,,OZ,아시아나항공,도착,0.0,3894.0,False,True,인천국제공항공사_항공사별 노선별 운송실적_20241231.csv
2024,9,ICN,HND,ICN-HND,,,,OZ,아시아나항공,출발,0.0,4386.0,False,True,인천국제공항공사_항공사별 노선별 운송실적_20241231.csv
2024,9,ICN,HND,ICN-HND,,,,MM,피치 항공,도착,0.0,4870.0,True,True,인천국제공항공사_항공사별 노선별 운송실적_20241231.csv
2024,9,ICN,HND,ICN-HND,,,,MM,피치 항공,출발,0.0,4959.0,True,True,인천국제공항공사_항공사별 노선별 운송실적_20241231.csv
2024,9,ICN,KIJ,ICN-KIJ,,,,KE,대한항공,도착,0.0,1085.0,False,True,인천국제공항공사_항공사별 노선별 운송실적_20241231.csv
2024,9,ICN,KIJ,ICN-KIJ,,,,KE,대한항공,도착,0.0,145.0,False,True,인천국제공항공사_항공사별 노선별 운송실적_20241231.csv
2024,9,ICN,KIJ,ICN-KIJ,,,,KE,대한항공,출발,0.0,1269.0,False,True,인천국제공항공사_항공사별 노선별 운송실적_20241231.csv
2024,9,ICN,KIJ,ICN-KIJ,,,,KE,대한항공,출발,0.0,145.0,False,True,인천국제공항공사_항공사별 노선별 운송실적_20241231.csv
2024,9,ICN,KIX,ICN-KIX,,,,KE,대한항공,도착,0.0,13003.0,False,True,인천국제공항공사_항공사별 노선별 운송실적_20241231.csv
2024,9,ICN,KIX,ICN-KIX,,,,KE,대한항공,도착,0.0,2676.0,False,True,인천국제공항공사_항공사별 노선별 운송실적_20241231.csv
2024,9,ICN,KIX,ICN-KIX,,,,KE,대한항공,출발,0.0,14804.0,False,True,인천국제공항공사_항공사별 노선별 운송실적_20241231.csv
2024,9,ICN,KIX,ICN-KIX,,,,KE,대한항공,출발,0.0,3572.0,False,True,인천국제공항공사_항공사별 노선별 운송실적_20241231.csv
2024,9,ICN,KIX,ICN-KIX,,,,OZ,아시아나항공,도착,0.0,20443.0,False,True,인천국제공항공사_항공사별 노선별 운송실적_20241231.csv
2024,9,ICN,KIX,ICN-KIX,,,,OZ,아시아나항공,도착,0.0,605.0,False,True,인천국제공항공사_항공사별 노선별 운송실적_20241231.csv
2024,9,ICN,KIX,ICN-KIX,,,,OZ,아시아나항공,출발,0.0,22492.0,False,True,인천국제공항공사_항공사별 노선별 운송실적_20241231.csv
2024,9,ICN,KIX,ICN-KIX,,,,OZ,아시아나항공,출발,0.0,632.0,False,True,인천국제공항공사_항공사별 노선별 운송실적_20241231.csv
2024,9,ICN,KIX,ICN-KIX,,,,BX,에어 부산,도착,0.0,16898.0,False,True,인천국제공항공사_항공사별 노선별 운송실적_20241231.csv
2024,9,ICN,KIX,ICN-KIX,,,,BX,에어 부산,출발,0.0,18247.0,False,True,인천국제공항공사_항공사별 노선별 운송실적_20241231.csv
2024,9,ICN,KIX,ICN-KIX,,,,RS,에어서울,도착,0.0,15818.0,True,True,인천국제공항공사_항공사별 노선별 운송실적_20241231.csv
2024,9,ICN,KIX,ICN-KIX,,,,RS,에어서울,출발,0.0,16431.0,True,True,인천국제공항공사_항공사별 노선별 운송실적_20241231.csv
2024,9,ICN,KIX,ICN-KIX,,,,ZE,이스타 항공,도착,0.0,9449.0,True,True,인천국제공항공사_항공사별 노선별 운송실적_20241231.csv
2024,9,ICN,KIX,ICN-KIX,,,,ZE,이스타 항공,출발,0.0,9830.0,True,True,인천국제공항공사_항공사별 노선별 운송실적_20241231.csv
2024,9,ICN,KIX,ICN-KIX,,,,7C,제주항공,도착,0.0,16576.0,True,True,인천국제공항공사_항공사별 노선별 운송실적_20241231.csv
2024,9,ICN,KIX,ICN-KIX,,,,7C,제주항공,출발,0.0,16336.0,True,True,인천국제공항공사_항공사별 노선별 운송실적_20241231.csv
2024,9,ICN,KIX,ICN-KIX,,,,LJ,진 에어,도착,0.0,28639.0,False,True,인천국제공항공사_항공사별 노선별 운송실적_20241231.csv
2024,9,ICN,KIX,ICN-KIX,,,,LJ,진 에어,출발,0.0,30186.0,False,True,인천국제공항공사_항공사별 노선별 운송실적_20241231.csv
2024,9,ICN,KIX,ICN-KIX,,,,TW,티웨이항공,도착,0.0,17960.0,True,True,인천국제공항공사_항공사별 노선별 운송실적_20241231.csv
2024,9,ICN,KIX,ICN-KIX,,,,TW,티웨이항공,도착,0.0,52.0,True,True,인천국제공항공사_항공사별 노선별 운송실적_20241231.csv
2024,9,ICN,KIX,ICN-KIX,,,,TW,티웨이항공,출발,0.0,19730.0,True,True,인천국제공항공사_항공사별 노선별 운송실적_20241231.csv
2024,9,ICN,KIX,ICN-KIX,,,,TW,티웨이항공,출발,0.0,129.0,True,True,인천국제공항공사_항공사별 노선별 운송실적_20241231.csv
2024,9,ICN,KIX,ICN-KIX,,,,MM,피치 항공,도착,0.0,17320.0,True,True,인천국제공항공사_항공사별 노선별 운송실적_20241231.csv
2024,9,ICN,KIX,ICN-KIX,,,,MM,피치 항공,도착,0.0,322.0,True,True,인천국제공항공사_항공사별 노선별 운송실적_20241231.csv
2024,9,ICN,KIX,ICN-KIX,,,,MM,피치 항공,출발,0.0,16358.0,True,True,인천국제공항공사_항공사별 노선별 운송실적_20241231.csv
2024,9,ICN,KIX,ICN-KIX,,,,MM,피치 항공,출발,0.0,258.0,True,True,인천국제공항공사_항공사별 노선별 운송실적_20241231.csv
2024,9,ICN,KKJ,ICN-KKJ,,,,LJ,진 에어,도착,0.0,3799.0,False,True,인천국제공항공사_항공사별 노선별 운송실적_20241231.csv
2024,9,ICN,KKJ,ICN-KKJ,,,,LJ,진 에어,출발,0.0,3998.0,False,True,인천국제공항공사_항공사별 노선별 운송실적_20241231.csv
2024,9,ICN,KMI,ICN-KMI,,,,OZ,아시아나항공,도착,0.0,1474.0,False,True,인천국제공항공사_항공사별 노선별 운송실적_20241231.csv
2024,9,ICN,KMI,ICN-KMI,,,,OZ,아시아나항공,도착,0.0,185.0,False,True,인천국제공항공사_항공사별 노선별 운송실적_20241231.csv
2024,9,ICN,KMI,ICN-KMI,,,,OZ,아시아나항공,출발,0.0,1525.0,False,True,인천국제공항공사_항공사별 노선별 운송실적_20241231.csv
2024,9,ICN,KMI,ICN-KMI,,,,OZ,아시아나항공,출발,0.0,185.0,False,True,인천국제공항공사_항공사별 노선별 운송실적_20241231.csv
2024,9,ICN,KMJ,ICN-KMJ,,,,TW,티웨이항공,도착,0.0,3747.0,True,True,인천국제공항공사_항공사별 노선별 운송실적_20241231.csv
2024,9,ICN,KMJ,ICN-KMJ,,,,TW,티웨이항공,출발,0.0,4120.0,True,True,인천국제공항공사_항공사별 노선별 운송실적_20241231.csv
2024,9,ICN,KOJ,ICN-KOJ,,,,KE,대한항공,도착,0.0,1691.0,False,True,인천국제공항공사_항공사별 노선별 운송실적_20241231.csv
2024,9,ICN,KOJ,ICN-KOJ,,,,KE,대한항공,출발,0.0,2070.0,False,True,인천국제공항공사_항공사별 노선별 운송실적_20241231.csv
2024,9,ICN,KOJ,ICN-KOJ,,,,7C,제주항공,도착,0.0,1025.0,True,True,인천국제공항공사_항공사별 노선별 운송실적_20241231.csv
2024,9,ICN,KOJ,ICN-KOJ,,,,7C,제주항공,출발,0.0,1122.0,True,True,인천국제공항공사_항공사별 노선별 운송실적_20241231.csv
2024,9,ICN,MYJ,ICN-MYJ,,,,7C,제주항공,도착,0.0,7604.0,True,True,인천국제공항공사_항공사별 노선별 운송실적_20241231.csv
2024,9,ICN,MYJ,ICN-MYJ,,,,7C,제주항공,출발,0.0,7746.0,True,True,인천국제공항공사_항공사별 노선별 운송실적_20241231.csv
2024,9,ICN,NGO,ICN-NGO,,,,KE,대한항공,도착,0.0,8588.0,False,True,인천국제공항공사_항공사별 노선별 운송실적_20241231.csv
2024,9,ICN,NGO,ICN-NGO,,,,KE,대한항공,출발,0.0,10623.0,False,True,인천국제공항공사_항공사별 노선별 운송실적_20241231.csv
2024,9,ICN,NGO,ICN-NGO,,,,OZ,아시아나항공,도착,0.0,9284.0,False,True,인천국제공항공사_항공사별 노선별 운송실적_20241231.csv
2024,9,ICN,NGO,ICN-NGO,,,,OZ,아시아나항공,출발,0.0,9692.0,False,True,인천국제공항공사_항공사별 노선별 운송실적_20241231.csv
2024,9,ICN,NGO,ICN-NGO,,,,7C,제주항공,도착,0.0,10070.0,True,True,인천국제공항공사_항공사별 노선별 운송실적_20241231.csv
2024,9,ICN,NGO,ICN-NGO,,,,7C,제주항공,출발,0.0,10263.0,True,True,인천국제공항공사_항공사별 노선별 운송실적_20241231.csv
2024,9,ICN,NGO,ICN-NGO,,,,LJ,진 에어,도착,0.0,10409.0,False,True,인천국제공항공사_항공사별 노선별 운송실적_20241231.csv
2024,9,ICN,NGO,ICN-NGO,,,,LJ,진 에어,출발,0.0,10249.0,False,True,인천국제공항공사_항공사별 노선별 운송실적_20241231.csv
2024,9,ICN,NGS,ICN-NGS,,,,KE,대한항공,도착,0.0,411.0,False,True,인천국제공항공사_항공사별 노선별 운송실적_20241231.csv
2024,9,ICN,NGS,ICN-NGS,,,,KE,대한항공,출발,0.0,413.0,False,True,인천국제공항공사_항공사별 노선별 운송실적_20241231.csv
2024,9,ICN,NRT,ICN-NRT,,,,KE,대한항공,도착,0.0,16227.0,False,True,인천국제공항공사_항공사별 노선별 운송실적_20241231.csv
2024,9,ICN,NRT,ICN-NRT,,,,KE,대한항공,출발,0.0,19807.0,False,True,인천국제공항공사_항공사별 노선별 운송실적_20241231.csv
2024,9,ICN,NRT,ICN-NRT,,,,OZ,아시아나항공,도착,0.0,30304.0,False,True,인천국제공항공사_항공사별 노선별 운송실적_20241231.csv
2024,9,ICN,NRT,ICN-NRT,,,,OZ,아시아나항공,출발,0.0,33228.0,False,True,인천국제공항공사_항공사별 노선별 운송실적_20241231.csv
2024,9,ICN,NRT,ICN-NRT,,,,BX,에어 부산,도착,0.0,11113.0,False,True,인천국제공항공사_항공사별 노선별 운송실적_20241231.csv
2024,9,ICN,NRT,ICN-NRT,,,,BX,에어 부산,출발,0.0,12383.0,False,True,인천국제공항공사_항공사별 노선별 운송실적_20241231.csv
2024,9,ICN,NRT,ICN-NRT,,,,YP,에어 프레미아,도착,0.0,6588.0,False,True,인천국제공항공사_항공사별 노선별 운송실적_20241231.csv
2024,9,ICN,NRT,ICN-NRT,,,,YP,에어 프레미아,출발,0.0,6783.0,False,True,인천국제공항공사_항공사별 노선별 운송실적_20241231.csv
2024,9,ICN,NRT,ICN-NRT,,,,RF,에어로케이,도착,0.0,4904.0,True,True,인천국제공항공사_항공사별 노선별 운송실적_20241231.csv
2024,9,ICN,NRT,ICN-NRT,,,,RF,에어로케이,도착,0.0,989.0,True,True,인천국제공항공사_항공사별 노선별 운송실적_20241231.csv
2024,9,ICN,NRT,ICN-NRT,,,,RF,에어로케이,출발,0.0,4451.0,True,True,인천국제공항공사_항공사별 노선별 운송실적_20241231.csv
2024,9,ICN,NRT,ICN-NRT,,,,RF,에어로케이,출발,0.0,938.0,True,True,인천국제공항공사_항공사별 노선별 운송실적_20241231.csv
2024,9,ICN,NRT,ICN-NRT,,,,RS,에어서울,도착,0.0,16337.0,True,True,인천국제공항공사_항공사별 노선별 운송실적_20241231.csv
2024,9,ICN,NRT,ICN-NRT,,,,RS,에어서울,출발,0.0,17205.0,True,True,인천국제공항공사_항공사별 노선별 운송실적_20241231.csv
2024,9,ICN,NRT,ICN-NRT,,,,NQ,에어재팬,도착,0.0,6975.0,False,True,인천국제공항공사_항공사별 노선별 운송실적_20241231.csv
2024,9,ICN,NRT,ICN-NRT,,,,NQ,에어재팬,출발,0.0,6460.0,False,True,인천국제공항공사_항공사별 노선별 운송실적_20241231.csv
2024,9,ICN,NRT,ICN-NRT,,,,ET,에티오피아 항공,도착,0.0,1509.0,False,True,인천국제공항공사_항공사별 노선별 운송실적_20241231.csv
2024,9,ICN,NRT,ICN-NRT,,,,ET,에티오피아 항공,출발,0.0,1563.0,False,True,인천국제공항공사_항공사별 노선별 운송실적_20241231.csv
2024,9,ICN,NRT,ICN-NRT,,,,ZE,이스타 항공,도착,0.0,11621.0,True,True,인천국제공항공사_항공사별 노선별 운송실적_20241231.csv
2024,9,ICN,NRT,ICN-NRT,,,,ZE,이스타 항공,출발,0.0,12248.0,True,True,인천국제공항공사_항공사별 노선별 운송실적_20241231.csv
2024,9,ICN,NRT,ICN-NRT,,,,7C,제주항공,도착,0.0,22371.0,True,True,인천국제공항공사_항공사별 노선별 운송실적_20241231.csv
2024,9,ICN,NRT,ICN-NRT,,,,7C,제주항공,출발,0.0,23994.0,True,True,인천국제공항공사_항공사별 노선별 운송실적_20241231.csv
2024,9,ICN,NRT,ICN-NRT,,,,LJ,진 에어,도착,0.0,33400.0,False,True,인천국제공항공사_항공사별 노선별 운송실적_20241231.csv
2024,9,ICN,NRT,ICN-NRT,,,,LJ,진 에어,출발,0.0,33300.0,False,True,인천국제공항공사_항공사별 노선별 운송실적_20241231.csv
2024,9,ICN,NRT,ICN-NRT,,,,ZG,집에어 도쿄,도착,0.0,7956.0,True,True,인천국제공항공사_항공사별 노선별 운송실적_20241231.csv
2024,9,ICN,NRT,ICN-NRT,,,,ZG,집에어 도쿄,출발,0.0,7375.0,True,True,인천국제공항공사_항공사별 노선별 운송실적_20241231.csv
2024,9,ICN,NRT,ICN-NRT,,,,TW,티웨이항공,도착,0.0,15259.0,True,True,인천국제공항공사_항공사별 노선별 운송실적_20241231.csv
2024,9,ICN,NRT,ICN-NRT,,,,TW,티웨이항공,출발,0.0,16000.0,True,True,인천국제공항공사_항공사별 노선별 운송실적_20241231.csv
2024,9,ICN,OIT,ICN-OIT,,,,7C,제주항공,도착,0.0,2782.0,True,True,인천국제공항공사_항공사별 노선별 운송실적_20241231.csv
2024,9,ICN,OIT,ICN-OIT,,,,7C,제주항공,출발,0.0,3245.0,True,True,인천국제공항공사_항공사별 노선별 운송실적_20241231.csv
2024,9,ICN,OKA,ICN-OKA,,,,KE,대한항공,도착,0.0,2749.0,False,True,인천국제공항공사_항공사별 노선별 운송실적_20241231.csv
2024,9,ICN,OKA,ICN-OKA,,,,KE,대한항공,출발,0.0,2974.0,False,True,인천국제공항공사_항공사별 노선별 운송실적_20241231.csv
2024,9,ICN,OKA,ICN-OKA,,,,OZ,아시아나항공,도착,0.0,6868.0,False,True,인천국제공항공사_항공사별 노선별 운송실적_20241231.csv
2024,9,ICN,OKA,ICN-OKA,,,,OZ,아시아나항공,도착,0.0,367.0,False,True,인천국제공항공사_항공사별 노선별 운송실적_20241231.csv
2024,9,ICN,OKA,ICN-OKA,,,,OZ,아시아나항공,출발,0.0,7195.0,False,True,인천국제공항공사_항공사별 노선별 운송실적_20241231.csv
2024,9,ICN,OKA,ICN-OKA,,,,OZ,아시아나항공,출발,0.0,367.0,False,True,인천국제공항공사_항공사별 노선별 운송실적_20241231.csv
2024,9,ICN,OKA,ICN-OKA,,,,ZE,이스타 항공,도착,0.0,4216.0,True,True,인천국제공항공사_항공사별 노선별 운송실적_20241231.csv
2024,9,ICN,OKA,ICN-OKA,,,,ZE,이스타 항공,출발,0.0,4595.0,True,True,인천국제공항공사_항공사별 노선별 운송실적_20241231.csv
2024,9,ICN,OKA,ICN-OKA,,,,7C,제주항공,도착,0.0,4560.0,True,True,인천국제공항공사_항공사별 노선별 운송실적_20241231.csv
2024,9,ICN,OKA,ICN-OKA,,,,7C,제주항공,출발,0.0,4666.0,True,True,인천국제공항공사_항공사별 노선별 운송실적_20241231.csv
2024,9,ICN,OKA,ICN-OKA,,,,LJ,진 에어,도착,0.0,6031.0,False,True,인천국제공항공사_항공사별 노선별 운송실적_20241231.csv
2024,9,ICN,OKA,ICN-OKA,,,,LJ,진 에어,출발,0.0,6294.0,False,True,인천국제공항공사_항공사별 노선별 운송실적_20241231.csv
2024,9,ICN,OKA,ICN-OKA,,,,TW,티웨이항공,도착,0.0,4635.0,True,True,인천국제공항공사_항공사별 노선별 운송실적_20241231.csv
2024,9,ICN,OKA,ICN-OKA,,,,TW,티웨이항공,출발,0.0,4661.0,True,True,인천국제공항공사_항공사별 노선별 운송실적_20241231.csv
2024,9,ICN,OKJ,ICN-OKJ,,,,KE,대한항공,도착,0.0,1847.0,False,True,인천국제공항공사_항공사별 노선별 운송실적_20241231.csv
2024,9,ICN,OKJ,ICN-OKJ,,,,KE,대한항공,도착,0.0,137.0,False,True,인천국제공항공사_항공사별 노선별 운송실적_20241231.csv
2024,9,ICN,OKJ,ICN-OKJ,,,,KE,대한항공,출발,0.0,2291.0,False,True,인천국제공항공사_항공사별 노선별 운송실적_20241231.csv
2024,9,ICN,OKJ,ICN-OKJ,,,,KE,대한항공,출발,0.0,137.0,False,True,인천국제공항공사_항공사별 노선별 운송실적_20241231.csv
2024,9,ICN,SDJ,ICN-SDJ,,,,OZ,아시아나항공,도착,0.0,4496.0,False,True,인천국제공항공사_항공사별 노선별 운송실적_20241231.csv
2024,9,ICN,SDJ,ICN-SDJ,,,,OZ,아시아나항공,출발,0.0,4538.0,False,True,인천국제공항공사_항공사별 노선별 운송실적_20241231.csv
2024,9,ICN,TAK,ICN-TAK,,,,RS,에어서울,도착,0.0,4431.0,True,True,인천국제공항공사_항공사별 노선별 운송실적_20241231.csv
2024,9,ICN,TAK,ICN-TAK,,,,RS,에어서울,출발,0.0,4427.0,True,True,인천국제공항공사_항공사별 노선별 운송실적_20241231.csv
2024,9,ICN,TAK,ICN-TAK,,,,LJ,진 에어,도착,0.0,3860.0,False,True,인천국제공항공사_항공사별 노선별 운송실적_20241231.csv
2024,9,ICN,TAK,ICN-TAK,,,,LJ,진 에어,출발,0.0,4284.0,False,True,인천국제공항공사_항공사별 노선별 운송실적_20241231.csv
2024,9,ICN,YGJ,ICN-YGJ,,,,RS,에어서울,도착,0.0,1941.0,True,True,인천국제공항공사_항공사별 노선별 운송실적_20241231.csv
2024,9,ICN,YGJ,ICN-YGJ,,,,RS,에어서울,출발,0.0,2075.0,True,True,인천국제공항공사_항공사별 노선별 운송실적_20241231.csv
2024,10,ICN,AOJ,ICN-AOJ,,,,KE,대한항공,도착,0.0,1336.0,False,True,인천국제공항공사_항공사별 노선별 운송실적_20241231.csv
2024,10,ICN,AOJ,ICN-AOJ,,,,KE,대한항공,출발,0.0,1319.0,False,True,인천국제공항공사_항공사별 노선별 운송실적_20241231.csv
2024,10,ICN,CTS,ICN-CTS,,,,KE,대한항공,도착,0.0,8353.0,False,True,인천국제공항공사_항공사별 노선별 운송실적_20241231.csv
2024,10,ICN,CTS,ICN-CTS,,,,KE,대한항공,출발,0.0,7975.0,False,True,인천국제공항공사_항공사별 노선별 운송실적_20241231.csv
2024,10,ICN,CTS,ICN-CTS,,,,OZ,아시아나항공,도착,0.0,6820.0,False,True,인천국제공항공사_항공사별 노선별 운송실적_20241231.csv
2024,10,ICN,CTS,ICN-CTS,,,,OZ,아시아나항공,출발,0.0,7143.0,False,True,인천국제공항공사_항공사별 노선별 운송실적_20241231.csv
2024,10,ICN,CTS,ICN-CTS,,,,BX,에어 부산,도착,0.0,6486.0,False,True,인천국제공항공사_항공사별 노선별 운송실적_20241231.csv
2024,10,ICN,CTS,ICN-CTS,,,,BX,에어 부산,출발,0.0,6505.0,False,True,인천국제공항공사_항공사별 노선별 운송실적_20241231.csv
2024,10,ICN,CTS,ICN-CTS,,,,ZE,이스타 항공,도착,0.0,5887.0,True,True,인천국제공항공사_항공사별 노선별 운송실적_20241231.csv
2024,10,ICN,CTS,ICN-CTS,,,,ZE,이스타 항공,출발,0.0,5369.0,True,True,인천국제공항공사_항공사별 노선별 운송실적_20241231.csv
2024,10,ICN,CTS,ICN-CTS,,,,7C,제주항공,도착,0.0,9762.0,True,True,인천국제공항공사_항공사별 노선별 운송실적_20241231.csv
2024,10,ICN,CTS,ICN-CTS,,,,7C,제주항공,출발,0.0,9145.0,True,True,인천국제공항공사_항공사별 노선별 운송실적_20241231.csv
2024,10,ICN,CTS,ICN-CTS,,,,LJ,진 에어,도착,0.0,5259.0,False,True,인천국제공항공사_항공사별 노선별 운송실적_20241231.csv
2024,10,ICN,CTS,ICN-CTS,,,,LJ,진 에어,출발,0.0,4918.0,False,True,인천국제공항공사_항공사별 노선별 운송실적_20241231.csv
2024,10,ICN,CTS,ICN-CTS,,,,TW,티웨이항공,도착,0.0,4927.0,True,True,인천국제공항공사_항공사별 노선별 운송실적_20241231.csv
2024,10,ICN,CTS,ICN-CTS,,,,TW,티웨이항공,출발,0.0,4909.0,True,True,인천국제공항공사_항공사별 노선별 운송실적_20241231.csv
2024,10,ICN,FSZ,ICN-FSZ,,,,7C,제주항공,도착,0.0,5292.0,True,True,인천국제공항공사_항공사별 노선별 운송실적_20241231.csv
2024,10,ICN,FSZ,ICN-FSZ,,,,7C,제주항공,출발,0.0,5151.0,True,True,인천국제공항공사_항공사별 노선별 운송실적_20241231.csv
2024,10,ICN,FUK,ICN-FUK,,,,KE,대한항공,도착,0.0,15899.0,False,True,인천국제공항공사_항공사별 노선별 운송실적_20241231.csv
2024,10,ICN,FUK,ICN-FUK,,,,KE,대한항공,출발,0.0,16551.0,False,True,인천국제공항공사_항공사별 노선별 운송실적_20241231.csv
2024,10,ICN,FUK,ICN-FUK,,,,OZ,아시아나항공,도착,0.0,21643.0,False,True,인천국제공항공사_항공사별 노선별 운송실적_20241231.csv
2024,10,ICN,FUK,ICN-FUK,,,,OZ,아시아나항공,도착,0.0,548.0,False,True,인천국제공항공사_항공사별 노선별 운송실적_20241231.csv
2024,10,ICN,FUK,ICN-FUK,,,,OZ,아시아나항공,출발,0.0,21779.0,False,True,인천국제공항공사_항공사별 노선별 운송실적_20241231.csv
2024,10,ICN,FUK,ICN-FUK,,,,OZ,아시아나항공,출발,0.0,542.0,False,True,인천국제공항공사_항공사별 노선별 운송실적_20241231.csv
2024,10,ICN,FUK,ICN-FUK,,,,BX,에어 부산,도착,0.0,13680.0,False,True,인천국제공항공사_항공사별 노선별 운송실적_20241231.csv
2024,10,ICN,FUK,ICN-FUK,,,,BX,에어 부산,출발,0.0,12948.0,False,True,인천국제공항공사_항공사별 노선별 운송실적_20241231.csv
2024,10,ICN,FUK,ICN-FUK,,,,RS,에어서울,도착,0.0,11986.0,True,True,인천국제공항공사_항공사별 노선별 운송실적_20241231.csv
2024,10,ICN,FUK,ICN-FUK,,,,RS,에어서울,도착,0.0,125.0,True,True,인천국제공항공사_항공사별 노선별 운송실적_20241231.csv
2024,10,ICN,FUK,ICN-FUK,,,,RS,에어서울,출발,0.0,12019.0,True,True,인천국제공항공사_항공사별 노선별 운송실적_20241231.csv
2024,10,ICN,FUK,ICN-FUK,,,,ZE,이스타 항공,도착,0.0,11049.0,True,True,인천국제공항공사_항공사별 노선별 운송실적_20241231.csv
2024,10,ICN,FUK,ICN-FUK,,,,ZE,이스타 항공,출발,0.0,10858.0,True,True,인천국제공항공사_항공사별 노선별 운송실적_20241231.csv
2024,10,ICN,FUK,ICN-FUK,,,,7C,제주항공,도착,0.0,26489.0,True,True,인천국제공항공사_항공사별 노선별 운송실적_20241231.csv
2024,10,ICN,FUK,ICN-FUK,,,,7C,제주항공,출발,0.0,25055.0,True,True,인천국제공항공사_항공사별 노선별 운송실적_20241231.csv
2024,10,ICN,FUK,ICN-FUK,,,,LJ,진 에어,도착,0.0,25156.0,False,True,인천국제공항공사_항공사별 노선별 운송실적_20241231.csv
2024,10,ICN,FUK,ICN-FUK,,,,LJ,진 에어,출발,0.0,24085.0,False,True,인천국제공항공사_항공사별 노선별 운송실적_20241231.csv
2024,10,ICN,FUK,ICN-FUK,,,,TW,티웨이항공,도착,0.0,20666.0,True,True,인천국제공항공사_항공사별 노선별 운송실적_20241231.csv
2024,10,ICN,FUK,ICN-FUK,,,,TW,티웨이항공,도착,0.0,141.0,True,True,인천국제공항공사_항공사별 노선별 운송실적_20241231.csv
2024,10,ICN,FUK,ICN-FUK,,,,TW,티웨이항공,출발,0.0,20009.0,True,True,인천국제공항공사_항공사별 노선별 운송실적_20241231.csv
2024,10,ICN,FUK,ICN-FUK,,,,TW,티웨이항공,출발,0.0,99.0,True,True,인천국제공항공사_항공사별 노선별 운송실적_20241231.csv
2024,10,ICN,HIJ,ICN-HIJ,,,,7C,제주항공,도착,0.0,9411.0,True,True,인천국제공항공사_항공사별 노선별 운송실적_20241231.csv
2024,10,ICN,HIJ,ICN-HIJ,,,,7C,제주항공,출발,0.0,9075.0,True,True,인천국제공항공사_항공사별 노선별 운송실적_20241231.csv
2024,10,ICN,HND,ICN-HND,,,,KE,대한항공,도착,0.0,4164.0,False,True,인천국제공항공사_항공사별 노선별 운송실적_20241231.csv
2024,10,ICN,HND,ICN-HND,,,,KE,대한항공,출발,0.0,4258.0,False,True,인천국제공항공사_항공사별 노선별 운송실적_20241231.csv
2024,10,ICN,HND,ICN-HND,,,,OZ,아시아나항공,도착,0.0,4498.0,False,True,인천국제공항공사_항공사별 노선별 운송실적_20241231.csv
2024,10,ICN,HND,ICN-HND,,,,OZ,아시아나항공,출발,0.0,5144.0,False,True,인천국제공항공사_항공사별 노선별 운송실적_20241231.csv
2024,10,ICN,HND,ICN-HND,,,,MM,피치 항공,도착,0.0,5228.0,True,True,인천국제공항공사_항공사별 노선별 운송실적_20241231.csv
2024,10,ICN,HND,ICN-HND,,,,MM,피치 항공,출발,0.0,5102.0,True,True,인천국제공항공사_항공사별 노선별 운송실적_20241231.csv
2024,10,ICN,KIJ,ICN-KIJ,,,,KE,대한항공,도착,0.0,1238.0,False,True,인천국제공항공사_항공사별 노선별 운송실적_20241231.csv
2024,10,ICN,KIJ,ICN-KIJ,,,,KE,대한항공,출발,0.0,1443.0,False,True,인천국제공항공사_항공사별 노선별 운송실적_20241231.csv
2024,10,ICN,KIX,ICN-KIX,,,,KE,대한항공,도착,0.0,16528.0,False,True,인천국제공항공사_항공사별 노선별 운송실적_20241231.csv
2024,10,ICN,KIX,ICN-KIX,,,,KE,대한항공,도착,0.0,3006.0,False,True,인천국제공항공사_항공사별 노선별 운송실적_20241231.csv
2024,10,ICN,KIX,ICN-KIX,,,,KE,대한항공,출발,0.0,16615.0,False,True,인천국제공항공사_항공사별 노선별 운송실적_20241231.csv
2024,10,ICN,KIX,ICN-KIX,,,,KE,대한항공,출발,0.0,3325.0,False,True,인천국제공항공사_항공사별 노선별 운송실적_20241231.csv
2024,10,ICN,KIX,ICN-KIX,,,,OZ,아시아나항공,도착,0.0,23534.0,False,True,인천국제공항공사_항공사별 노선별 운송실적_20241231.csv
2024,10,ICN,KIX,ICN-KIX,,,,OZ,아시아나항공,도착,0.0,5402.0,False,True,인천국제공항공사_항공사별 노선별 운송실적_20241231.csv
2024,10,ICN,KIX,ICN-KIX,,,,OZ,아시아나항공,출발,0.0,24093.0,False,True,인천국제공항공사_항공사별 노선별 운송실적_20241231.csv
2024,10,ICN,KIX,ICN-KIX,,,,OZ,아시아나항공,출발,0.0,5220.0,False,True,인천국제공항공사_항공사별 노선별 운송실적_20241231.csv
2024,10,ICN,KIX,ICN-KIX,,,,BX,에어 부산,도착,0.0,19916.0,False,True,인천국제공항공사_항공사별 노선별 운송실적_20241231.csv
2024,10,ICN,KIX,ICN-KIX,,,,BX,에어 부산,출발,0.0,19267.0,False,True,인천국제공항공사_항공사별 노선별 운송실적_20241231.csv
2024,10,ICN,KIX,ICN-KIX,,,,RS,에어서울,도착,0.0,17720.0,True,True,인천국제공항공사_항공사별 노선별 운송실적_20241231.csv
2024,10,ICN,KIX,ICN-KIX,,,,RS,에어서울,출발,0.0,17666.0,True,True,인천국제공항공사_항공사별 노선별 운송실적_20241231.csv
2024,10,ICN,KIX,ICN-KIX,,,,ZE,이스타 항공,도착,0.0,11066.0,True,True,인천국제공항공사_항공사별 노선별 운송실적_20241231.csv
2024,10,ICN,KIX,ICN-KIX,,,,ZE,이스타 항공,출발,0.0,10799.0,True,True,인천국제공항공사_항공사별 노선별 운송실적_20241231.csv
2024,10,ICN,KIX,ICN-KIX,,,,7C,제주항공,도착,0.0,20123.0,True,True,인천국제공항공사_항공사별 노선별 운송실적_20241231.csv
2024,10,ICN,KIX,ICN-KIX,,,,7C,제주항공,출발,0.0,18876.0,True,True,인천국제공항공사_항공사별 노선별 운송실적_20241231.csv
2024,10,ICN,KIX,ICN-KIX,,,,LJ,진 에어,도착,0.0,39150.0,False,True,인천국제공항공사_항공사별 노선별 운송실적_20241231.csv
2024,10,ICN,KIX,ICN-KIX,,,,LJ,진 에어,출발,0.0,38830.0,False,True,인천국제공항공사_항공사별 노선별 운송실적_20241231.csv
2024,10,ICN,KIX,ICN-KIX,,,,TW,티웨이항공,도착,0.0,17331.0,True,True,인천국제공항공사_항공사별 노선별 운송실적_20241231.csv
2024,10,ICN,KIX,ICN-KIX,,,,TW,티웨이항공,출발,0.0,17326.0,True,True,인천국제공항공사_항공사별 노선별 운송실적_20241231.csv
2024,10,ICN,KIX,ICN-KIX,,,,MM,피치 항공,도착,0.0,20078.0,True,True,인천국제공항공사_항공사별 노선별 운송실적_20241231.csv
2024,10,ICN,KIX,ICN-KIX,,,,MM,피치 항공,도착,0.0,85.0,True,True,인천국제공항공사_항공사별 노선별 운송실적_20241231.csv
2024,10,ICN,KIX,ICN-KIX,,,,MM,피치 항공,출발,0.0,17837.0,True,True,인천국제공항공사_항공사별 노선별 운송실적_20241231.csv
2024,10,ICN,KIX,ICN-KIX,,,,MM,피치 항공,출발,0.0,180.0,True,True,인천국제공항공사_항공사별 노선별 운송실적_20241231.csv
2024,10,ICN,KKJ,ICN-KKJ,,,,LJ,진 에어,도착,0.0,4836.0,False,True,인천국제공항공사_항공사별 노선별 운송실적_20241231.csv
2024,10,ICN,KKJ,ICN-KKJ,,,,LJ,진 에어,출발,0.0,4929.0,False,True,인천국제공항공사_항공사별 노선별 운송실적_20241231.csv
2024,10,ICN,KMI,ICN-KMI,,,,OZ,아시아나항공,도착,0.0,1832.0,False,True,인천국제공항공사_항공사별 노선별 운송실적_20241231.csv
2024,10,ICN,KMI,ICN-KMI,,,,OZ,아시아나항공,출발,0.0,1920.0,False,True,인천국제공항공사_항공사별 노선별 운송실적_20241231.csv
2024,10,ICN,KMJ,ICN-KMJ,,,,OZ,아시아나항공,도착,0.0,362.0,False,True,인천국제공항공사_항공사별 노선별 운송실적_20241231.csv
2024,10,ICN,KMJ,ICN-KMJ,,,,OZ,아시아나항공,출발,0.0,362.0,False,True,인천국제공항공사_항공사별 노선별 운송실적_20241231.csv
2024,10,ICN,KMJ,ICN-KMJ,,,,TW,티웨이항공,도착,0.0,4767.0,True,True,인천국제공항공사_항공사별 노선별 운송실적_20241231.csv
2024,10,ICN,KMJ,ICN-KMJ,,,,TW,티웨이항공,출발,0.0,4590.0,True,True,인천국제공항공사_항공사별 노선별 운송실적_20241231.csv
2024,10,ICN,KOJ,ICN-KOJ,,,,KE,대한항공,도착,0.0,2256.0,False,True,인천국제공항공사_항공사별 노선별 운송실적_20241231.csv
2024,10,ICN,KOJ,ICN-KOJ,,,,KE,대한항공,출발,0.0,2490.0,False,True,인천국제공항공사_항공사별 노선별 운송실적_20241231.csv
2024,10,ICN,KOJ,ICN-KOJ,,,,7C,제주항공,도착,0.0,2225.0,True,True,인천국제공항공사_항공사별 노선별 운송실적_20241231.csv
2024,10,ICN,KOJ,ICN-KOJ,,,,7C,제주항공,출발,0.0,2167.0,True,True,인천국제공항공사_항공사별 노선별 운송실적_20241231.csv
2024,10,ICN,MYJ,ICN-MYJ,,,,7C,제주항공,도착,0.0,8719.0,True,True,인천국제공항공사_항공사별 노선별 운송실적_20241231.csv
2024,10,ICN,MYJ,ICN-MYJ,,,,7C,제주항공,출발,0.0,8917.0,True,True,인천국제공항공사_항공사별 노선별 운송실적_20241231.csv
2024,10,ICN,NGO,ICN-NGO,,,,KE,대한항공,도착,0.0,10176.0,False,True,인천국제공항공사_항공사별 노선별 운송실적_20241231.csv
2024,10,ICN,NGO,ICN-NGO,,,,KE,대한항공,출발,0.0,11344.0,False,True,인천국제공항공사_항공사별 노선별 운송실적_20241231.csv
2024,10,ICN,NGO,ICN-NGO,,,,OZ,아시아나항공,도착,0.0,11606.0,False,True,인천국제공항공사_항공사별 노선별 운송실적_20241231.csv
2024,10,ICN,NGO,ICN-NGO,,,,OZ,아시아나항공,출발,0.0,11592.0,False,True,인천국제공항공사_항공사별 노선별 운송실적_20241231.csv
2024,10,ICN,NGO,ICN-NGO,,,,7C,제주항공,도착,0.0,11027.0,True,True,인천국제공항공사_항공사별 노선별 운송실적_20241231.csv
2024,10,ICN,NGO,ICN-NGO,,,,7C,제주항공,출발,0.0,10599.0,True,True,인천국제공항공사_항공사별 노선별 운송실적_20241231.csv
2024,10,ICN,NGO,ICN-NGO,,,,LJ,진 에어,도착,0.0,11023.0,False,True,인천국제공항공사_항공사별 노선별 운송실적_20241231.csv
2024,10,ICN,NGO,ICN-NGO,,,,LJ,진 에어,출발,0.0,10807.0,False,True,인천국제공항공사_항공사별 노선별 운송실적_20241231.csv
2024,10,ICN,NGS,ICN-NGS,,,,KE,대한항공,도착,0.0,279.0,False,True,인천국제공항공사_항공사별 노선별 운송실적_20241231.csv
2024,10,ICN,NGS,ICN-NGS,,,,KE,대한항공,출발,0.0,301.0,False,True,인천국제공항공사_항공사별 노선별 운송실적_20241231.csv
2024,10,ICN,NRT,ICN-NRT,,,,KE,대한항공,도착,0.0,19159.0,False,True,인천국제공항공사_항공사별 노선별 운송실적_20241231.csv
2024,10,ICN,NRT,ICN-NRT,,,,KE,대한항공,출발,0.0,20361.0,False,True,인천국제공항공사_항공사별 노선별 운송실적_20241231.csv
2024,10,ICN,NRT,ICN-NRT,,,,OZ,아시아나항공,도착,0.0,33386.0,False,True,인천국제공항공사_항공사별 노선별 운송실적_20241231.csv
2024,10,ICN,NRT,ICN-NRT,,,,OZ,아시아나항공,도착,0.0,838.0,False,True,인천국제공항공사_항공사별 노선별 운송실적_20241231.csv
2024,10,ICN,NRT,ICN-NRT,,,,OZ,아시아나항공,출발,0.0,34641.0,False,True,인천국제공항공사_항공사별 노선별 운송실적_20241231.csv
2024,10,ICN,NRT,ICN-NRT,,,,OZ,아시아나항공,출발,0.0,682.0,False,True,인천국제공항공사_항공사별 노선별 운송실적_20241231.csv
2024,10,ICN,NRT,ICN-NRT,,,,BX,에어 부산,도착,0.0,12970.0,False,True,인천국제공항공사_항공사별 노선별 운송실적_20241231.csv
2024,10,ICN,NRT,ICN-NRT,,,,BX,에어 부산,출발,0.0,12697.0,False,True,인천국제공항공사_항공사별 노선별 운송실적_20241231.csv
2024,10,ICN,NRT,ICN-NRT,,,,YP,에어 프레미아,도착,0.0,6422.0,False,True,인천국제공항공사_항공사별 노선별 운송실적_20241231.csv
2024,10,ICN,NRT,ICN-NRT,,,,YP,에어 프레미아,출발,0.0,6431.0,False,True,인천국제공항공사_항공사별 노선별 운송실적_20241231.csv
2024,10,ICN,NRT,ICN-NRT,,,,RF,에어로케이,도착,0.0,5041.0,True,True,인천국제공항공사_항공사별 노선별 운송실적_20241231.csv
2024,10,ICN,NRT,ICN-NRT,,,,RF,에어로케이,도착,0.0,1470.0,True,True,인천국제공항공사_항공사별 노선별 운송실적_20241231.csv
2024,10,ICN,NRT,ICN-NRT,,,,RF,에어로케이,출발,0.0,4607.0,True,True,인천국제공항공사_항공사별 노선별 운송실적_20241231.csv
2024,10,ICN,NRT,ICN-NRT,,,,RF,에어로케이,출발,0.0,1228.0,True,True,인천국제공항공사_항공사별 노선별 운송실적_20241231.csv
2024,10,ICN,NRT,ICN-NRT,,,,RS,에어서울,도착,0.0,17819.0,True,True,인천국제공항공사_항공사별 노선별 운송실적_20241231.csv
2024,10,ICN,NRT,ICN-NRT,,,,RS,에어서울,출발,0.0,17590.0,True,True,인천국제공항공사_항공사별 노선별 운송실적_20241231.csv
2024,10,ICN,NRT,ICN-NRT,,,,NQ,에어재팬,도착,0.0,8475.0,False,True,인천국제공항공사_항공사별 노선별 운송실적_20241231.csv
2024,10,ICN,NRT,ICN-NRT,,,,NQ,에어재팬,출발,0.0,6152.0,False,True,인천국제공항공사_항공사별 노선별 운송실적_20241231.csv
2024,10,ICN,NRT,ICN-NRT,,,,ET,에티오피아 항공,도착,0.0,2308.0,False,True,인천국제공항공사_항공사별 노선별 운송실적_20241231.csv
2024,10,ICN,NRT,ICN-NRT,,,,ET,에티오피아 항공,출발,0.0,1700.0,False,True,인천국제공항공사_항공사별 노선별 운송실적_20241231.csv
2024,10,ICN,NRT,ICN-NRT,,,,ZE,이스타 항공,도착,0.0,15078.0,True,True,인천국제공항공사_항공사별 노선별 운송실적_20241231.csv
2024,10,ICN,NRT,ICN-NRT,,,,ZE,이스타 항공,도착,0.0,533.0,True,True,인천국제공항공사_항공사별 노선별 운송실적_20241231.csv
2024,10,ICN,NRT,ICN-NRT,,,,ZE,이스타 항공,출발,0.0,14531.0,True,True,인천국제공항공사_항공사별 노선별 운송실적_20241231.csv
2024,10,ICN,NRT,ICN-NRT,,,,ZE,이스타 항공,출발,0.0,535.0,True,True,인천국제공항공사_항공사별 노선별 운송실적_20241231.csv
2024,10,ICN,NRT,ICN-NRT,,,,7C,제주항공,도착,0.0,24509.0,True,True,인천국제공항공사_항공사별 노선별 운송실적_20241231.csv
2024,10,ICN,NRT,ICN-NRT,,,,7C,제주항공,도착,0.0,1269.0,True,True,인천국제공항공사_항공사별 노선별 운송실적_20241231.csv
2024,10,ICN,NRT,ICN-NRT,,,,7C,제주항공,출발,0.0,24557.0,True,True,인천국제공항공사_항공사별 노선별 운송실적_20241231.csv
2024,10,ICN,NRT,ICN-NRT,,,,7C,제주항공,출발,0.0,1210.0,True,True,인천국제공항공사_항공사별 노선별 운송실적_20241231.csv
2024,10,ICN,NRT,ICN-NRT,,,,LJ,진 에어,도착,0.0,41135.0,False,True,인천국제공항공사_항공사별 노선별 운송실적_20241231.csv
2024,10,ICN,NRT,ICN-NRT,,,,LJ,진 에어,도착,0.0,165.0,False,True,인천국제공항공사_항공사별 노선별 운송실적_20241231.csv
2024,10,ICN,NRT,ICN-NRT,,,,LJ,진 에어,출발,0.0,39444.0,False,True,인천국제공항공사_항공사별 노선별 운송실적_20241231.csv
2024,10,ICN,NRT,ICN-NRT,,,,ZG,집에어 도쿄,도착,0.0,8365.0,True,True,인천국제공항공사_항공사별 노선별 운송실적_20241231.csv
2024,10,ICN,NRT,ICN-NRT,,,,ZG,집에어 도쿄,출발,0.0,7722.0,True,True,인천국제공항공사_항공사별 노선별 운송실적_20241231.csv
2024,10,ICN,NRT,ICN-NRT,,,,TW,티웨이항공,도착,0.0,17824.0,True,True,인천국제공항공사_항공사별 노선별 운송실적_20241231.csv
2024,10,ICN,NRT,ICN-NRT,,,,TW,티웨이항공,도착,0.0,43.0,True,True,인천국제공항공사_항공사별 노선별 운송실적_20241231.csv
2024,10,ICN,NRT,ICN-NRT,,,,TW,티웨이항공,출발,0.0,17677.0,True,True,인천국제공항공사_항공사별 노선별 운송실적_20241231.csv
2024,10,ICN,NRT,ICN-NRT,,,,TW,티웨이항공,출발,0.0,157.0,True,True,인천국제공항공사_항공사별 노선별 운송실적_20241231.csv
2024,10,ICN,OIT,ICN-OIT,,,,7C,제주항공,도착,0.0,3859.0,True,True,인천국제공항공사_항공사별 노선별 운송실적_20241231.csv
2024,10,ICN,OIT,ICN-OIT,,,,7C,제주항공,출발,0.0,4032.0,True,True,인천국제공항공사_항공사별 노선별 운송실적_20241231.csv
2024,10,ICN,OKA,ICN-OKA,,,,KE,대한항공,도착,0.0,3714.0,False,True,인천국제공항공사_항공사별 노선별 운송실적_20241231.csv
2024,10,ICN,OKA,ICN-OKA,,,,KE,대한항공,출발,0.0,3364.0,False,True,인천국제공항공사_항공사별 노선별 운송실적_20241231.csv
2024,10,ICN,OKA,ICN-OKA,,,,OZ,아시아나항공,도착,0.0,7839.0,False,True,인천국제공항공사_항공사별 노선별 운송실적_20241231.csv
2024,10,ICN,OKA,ICN-OKA,,,,OZ,아시아나항공,출발,0.0,7413.0,False,True,인천국제공항공사_항공사별 노선별 운송실적_20241231.csv
2024,10,ICN,OKA,ICN-OKA,,,,ZE,이스타 항공,도착,0.0,5149.0,True,True,인천국제공항공사_항공사별 노선별 운송실적_20241231.csv
2024,10,ICN,OKA,ICN-OKA,,,,ZE,이스타 항공,출발,0.0,4913.0,True,True,인천국제공항공사_항공사별 노선별 운송실적_20241231.csv
2024,10,ICN,OKA,ICN-OKA,,,,7C,제주항공,도착,0.0,4889.0,True,True,인천국제공항공사_항공사별 노선별 운송실적_20241231.csv
2024,10,ICN,OKA,ICN-OKA,,,,7C,제주항공,출발,0.0,4599.0,True,True,인천국제공항공사_항공사별 노선별 운송실적_20241231.csv
2024,10,ICN,OKA,ICN-OKA,,,,LJ,진 에어,도착,0.0,5328.0,False,True,인천국제공항공사_항공사별 노선별 운송실적_20241231.csv
2024,10,ICN,OKA,ICN-OKA,,,,LJ,진 에어,출발,0.0,5340.0,False,True,인천국제공항공사_항공사별 노선별 운송실적_20241231.csv
2024,10,ICN,OKA,ICN-OKA,,,,TW,티웨이항공,도착,0.0,5223.0,True,True,인천국제공항공사_항공사별 노선별 운송실적_20241231.csv
2024,10,ICN,OKA,ICN-OKA,,,,TW,티웨이항공,출발,0.0,5016.0,True,True,인천국제공항공사_항공사별 노선별 운송실적_20241231.csv
2024,10,ICN,OKJ,ICN-OKJ,,,,KE,대한항공,도착,0.0,2288.0,False,True,인천국제공항공사_항공사별 노선별 운송실적_20241231.csv
2024,10,ICN,OKJ,ICN-OKJ,,,,KE,대한항공,출발,0.0,2340.0,False,True,인천국제공항공사_항공사별 노선별 운송실적_20241231.csv
2024,10,ICN,SDJ,ICN-SDJ,,,,OZ,아시아나항공,도착,0.0,4518.0,False,True,인천국제공항공사_항공사별 노선별 운송실적_20241231.csv
2024,10,ICN,SDJ,ICN-SDJ,,,,OZ,아시아나항공,출발,0.0,4299.0,False,True,인천국제공항공사_항공사별 노선별 운송실적_20241231.csv
2024,10,ICN,TAK,ICN-TAK,,,,RS,에어서울,도착,0.0,5583.0,True,True,인천국제공항공사_항공사별 노선별 운송실적_20241231.csv
2024,10,ICN,TAK,ICN-TAK,,,,RS,에어서울,출발,0.0,5267.0,True,True,인천국제공항공사_항공사별 노선별 운송실적_20241231.csv
2024,10,ICN,TAK,ICN-TAK,,,,LJ,진 에어,도착,0.0,5129.0,False,True,인천국제공항공사_항공사별 노선별 운송실적_20241231.csv
2024,10,ICN,TAK,ICN-TAK,,,,LJ,진 에어,출발,0.0,5323.0,False,True,인천국제공항공사_항공사별 노선별 운송실적_20241231.csv
2024,10,ICN,YGJ,ICN-YGJ,,,,RS,에어서울,도착,0.0,2158.0,True,True,인천국제공항공사_항공사별 노선별 운송실적_20241231.csv
2024,10,ICN,YGJ,ICN-YGJ,,,,RS,에어서울,출발,0.0,2140.0,True,True,인천국제공항공사_항공사별 노선별 운송실적_20241231.csv
2024,11,ICN,AOJ,ICN-AOJ,,,,KE,대한항공,도착,0.0,1195.0,False,True,인천국제공항공사_항공사별 노선별 운송실적_20241231.csv
2024,11,ICN,AOJ,ICN-AOJ,,,,KE,대한항공,출발,0.0,1370.0,False,True,인천국제공항공사_항공사별 노선별 운송실적_20241231.csv
2024,11,ICN,CTS,ICN-CTS,,,,KE,대한항공,도착,0.0,5744.0,False,True,인천국제공항공사_항공사별 노선별 운송실적_20241231.csv
2024,11,ICN,CTS,ICN-CTS,,,,KE,대한항공,출발,0.0,6179.0,False,True,인천국제공항공사_항공사별 노선별 운송실적_20241231.csv
2024,11,ICN,CTS,ICN-CTS,,,,OZ,아시아나항공,도착,0.0,5047.0,False,True,인천국제공항공사_항공사별 노선별 운송실적_20241231.csv
2024,11,ICN,CTS,ICN-CTS,,,,OZ,아시아나항공,출발,0.0,5848.0,False,True,인천국제공항공사_항공사별 노선별 운송실적_20241231.csv
2024,11,ICN,CTS,ICN-CTS,,,,BX,에어 부산,도착,0.0,5357.0,False,True,인천국제공항공사_항공사별 노선별 운송실적_20241231.csv
2024,11,ICN,CTS,ICN-CTS,,,,BX,에어 부산,출발,0.0,6114.0,False,True,인천국제공항공사_항공사별 노선별 운송실적_20241231.csv
2024,11,ICN,CTS,ICN-CTS,,,,ZE,이스타 항공,도착,0.0,9619.0,True,True,인천국제공항공사_항공사별 노선별 운송실적_20241231.csv
2024,11,ICN,CTS,ICN-CTS,,,,ZE,이스타 항공,출발,0.0,9946.0,True,True,인천국제공항공사_항공사별 노선별 운송실적_20241231.csv
2024,11,ICN,CTS,ICN-CTS,,,,7C,제주항공,도착,0.0,5065.0,True,True,인천국제공항공사_항공사별 노선별 운송실적_20241231.csv
2024,11,ICN,CTS,ICN-CTS,,,,7C,제주항공,출발,0.0,5047.0,True,True,인천국제공항공사_항공사별 노선별 운송실적_20241231.csv
2024,11,ICN,CTS,ICN-CTS,,,,LJ,진 에어,도착,0.0,5330.0,False,True,인천국제공항공사_항공사별 노선별 운송실적_20241231.csv
2024,11,ICN,CTS,ICN-CTS,,,,LJ,진 에어,출발,0.0,5327.0,False,True,인천국제공항공사_항공사별 노선별 운송실적_20241231.csv
2024,11,ICN,CTS,ICN-CTS,,,,TW,티웨이항공,도착,0.0,4806.0,True,True,인천국제공항공사_항공사별 노선별 운송실적_20241231.csv
2024,11,ICN,CTS,ICN-CTS,,,,TW,티웨이항공,출발,0.0,4942.0,True,True,인천국제공항공사_항공사별 노선별 운송실적_20241231.csv
2024,11,ICN,FSZ,ICN-FSZ,,,,7C,제주항공,도착,0.0,8036.0,True,True,인천국제공항공사_항공사별 노선별 운송실적_20241231.csv
2024,11,ICN,FSZ,ICN-FSZ,,,,7C,제주항공,출발,0.0,8239.0,True,True,인천국제공항공사_항공사별 노선별 운송실적_20241231.csv
2024,11,ICN,FUK,ICN-FUK,,,,KE,대한항공,도착,0.0,22002.0,False,True,인천국제공항공사_항공사별 노선별 운송실적_20241231.csv
2024,11,ICN,FUK,ICN-FUK,,,,KE,대한항공,출발,0.0,23517.0,False,True,인천국제공항공사_항공사별 노선별 운송실적_20241231.csv
2024,11,ICN,FUK,ICN-FUK,,,,OZ,아시아나항공,도착,0.0,20039.0,False,True,인천국제공항공사_항공사별 노선별 운송실적_20241231.csv
2024,11,ICN,FUK,ICN-FUK,,,,OZ,아시아나항공,출발,0.0,20726.0,False,True,인천국제공항공사_항공사별 노선별 운송실적_20241231.csv
2024,11,ICN,FUK,ICN-FUK,,,,BX,에어 부산,도착,0.0,12465.0,False,True,인천국제공항공사_항공사별 노선별 운송실적_20241231.csv
2024,11,ICN,FUK,ICN-FUK,,,,BX,에어 부산,출발,0.0,12778.0,False,True,인천국제공항공사_항공사별 노선별 운송실적_20241231.csv
2024,11,ICN,FUK,ICN-FUK,,,,RS,에어서울,도착,0.0,11124.0,True,True,인천국제공항공사_항공사별 노선별 운송실적_20241231.csv
2024,11,ICN,FUK,ICN-FUK,,,,RS,에어서울,출발,0.0,11391.0,True,True,인천국제공항공사_항공사별 노선별 운송실적_20241231.csv
2024,11,ICN,FUK,ICN-FUK,,,,ZE,이스타 항공,도착,0.0,10524.0,True,True,인천국제공항공사_항공사별 노선별 운송실적_20241231.csv
2024,11,ICN,FUK,ICN-FUK,,,,ZE,이스타 항공,출발,0.0,10692.0,True,True,인천국제공항공사_항공사별 노선별 운송실적_20241231.csv
2024,11,ICN,FUK,ICN-FUK,,,,7C,제주항공,도착,0.0,24350.0,True,True,인천국제공항공사_항공사별 노선별 운송실적_20241231.csv
2024,11,ICN,FUK,ICN-FUK,,,,7C,제주항공,출발,0.0,24496.0,True,True,인천국제공항공사_항공사별 노선별 운송실적_20241231.csv
2024,11,ICN,FUK,ICN-FUK,,,,LJ,진 에어,도착,0.0,22271.0,False,True,인천국제공항공사_항공사별 노선별 운송실적_20241231.csv
2024,11,ICN,FUK,ICN-FUK,,,,LJ,진 에어,출발,0.0,22175.0,False,True,인천국제공항공사_항공사별 노선별 운송실적_20241231.csv
2024,11,ICN,FUK,ICN-FUK,,,,TW,티웨이항공,도착,0.0,19541.0,True,True,인천국제공항공사_항공사별 노선별 운송실적_20241231.csv
2024,11,ICN,FUK,ICN-FUK,,,,TW,티웨이항공,도착,0.0,655.0,True,True,인천국제공항공사_항공사별 노선별 운송실적_20241231.csv
2024,11,ICN,FUK,ICN-FUK,,,,TW,티웨이항공,출발,0.0,19708.0,True,True,인천국제공항공사_항공사별 노선별 운송실적_20241231.csv
2024,11,ICN,FUK,ICN-FUK,,,,TW,티웨이항공,출발,0.0,147.0,True,True,인천국제공항공사_항공사별 노선별 운송실적_20241231.csv
2024,11,ICN,HIJ,ICN-HIJ,,,,7C,제주항공,도착,0.0,7721.0,True,True,인천국제공항공사_항공사별 노선별 운송실적_20241231.csv
2024,11,ICN,HIJ,ICN-HIJ,,,,7C,제주항공,출발,0.0,7297.0,True,True,인천국제공항공사_항공사별 노선별 운송실적_20241231.csv
2024,11,ICN,HND,ICN-HND,,,,KE,대한항공,도착,0.0,3597.0,False,True,인천국제공항공사_항공사별 노선별 운송실적_20241231.csv
2024,11,ICN,HND,ICN-HND,,,,KE,대한항공,도착,0.0,269.0,False,True,인천국제공항공사_항공사별 노선별 운송실적_20241231.csv
2024,11,ICN,HND,ICN-HND,,,,KE,대한항공,출발,0.0,4012.0,False,True,인천국제공항공사_항공사별 노선별 운송실적_20241231.csv
2024,11,ICN,HND,ICN-HND,,,,OZ,아시아나항공,도착,0.0,4555.0,False,True,인천국제공항공사_항공사별 노선별 운송실적_20241231.csv
2024,11,ICN,HND,ICN-HND,,,,OZ,아시아나항공,출발,0.0,4976.0,False,True,인천국제공항공사_항공사별 노선별 운송실적_20241231.csv
2024,11,ICN,HND,ICN-HND,,,,MM,피치 항공,도착,0.0,5013.0,True,True,인천국제공항공사_항공사별 노선별 운송실적_20241231.csv
2024,11,ICN,HND,ICN-HND,,,,MM,피치 항공,출발,0.0,4919.0,True,True,인천국제공항공사_항공사별 노선별 운송실적_20241231.csv
2024,11,ICN,KIJ,ICN-KIJ,,,,KE,대한항공,도착,0.0,1293.0,False,True,인천국제공항공사_항공사별 노선별 운송실적_20241231.csv
2024,11,ICN,KIJ,ICN-KIJ,,,,KE,대한항공,출발,0.0,1480.0,False,True,인천국제공항공사_항공사별 노선별 운송실적_20241231.csv
2024,11,ICN,KIX,ICN-KIX,,,,KE,대한항공,도착,0.0,23772.0,False,True,인천국제공항공사_항공사별 노선별 운송실적_20241231.csv
2024,11,ICN,KIX,ICN-KIX,,,,KE,대한항공,출발,0.0,27089.0,False,True,인천국제공항공사_항공사별 노선별 운송실적_20241231.csv
2024,11,ICN,KIX,ICN-KIX,,,,OZ,아시아나항공,도착,0.0,26043.0,False,True,인천국제공항공사_항공사별 노선별 운송실적_20241231.csv
2024,11,ICN,KIX,ICN-KIX,,,,OZ,아시아나항공,도착,0.0,957.0,False,True,인천국제공항공사_항공사별 노선별 운송실적_20241231.csv
2024,11,ICN,KIX,ICN-KIX,,,,OZ,아시아나항공,출발,0.0,27898.0,False,True,인천국제공항공사_항공사별 노선별 운송실적_20241231.csv
2024,11,ICN,KIX,ICN-KIX,,,,OZ,아시아나항공,출발,0.0,969.0,False,True,인천국제공항공사_항공사별 노선별 운송실적_20241231.csv
2024,11,ICN,KIX,ICN-KIX,,,,BX,에어 부산,도착,0.0,18663.0,False,True,인천국제공항공사_항공사별 노선별 운송실적_20241231.csv
2024,11,ICN,KIX,ICN-KIX,,,,BX,에어 부산,출발,0.0,18992.0,False,True,인천국제공항공사_항공사별 노선별 운송실적_20241231.csv
2024,11,ICN,KIX,ICN-KIX,,,,RS,에어서울,도착,0.0,17173.0,True,True,인천국제공항공사_항공사별 노선별 운송실적_20241231.csv
2024,11,ICN,KIX,ICN-KIX,,,,RS,에어서울,출발,0.0,17257.0,True,True,인천국제공항공사_항공사별 노선별 운송실적_20241231.csv
2024,11,ICN,KIX,ICN-KIX,,,,ZE,이스타 항공,도착,0.0,10444.0,True,True,인천국제공항공사_항공사별 노선별 운송실적_20241231.csv
2024,11,ICN,KIX,ICN-KIX,,,,ZE,이스타 항공,출발,0.0,10593.0,True,True,인천국제공항공사_항공사별 노선별 운송실적_20241231.csv
2024,11,ICN,KIX,ICN-KIX,,,,7C,제주항공,도착,0.0,21778.0,True,True,인천국제공항공사_항공사별 노선별 운송실적_20241231.csv
2024,11,ICN,KIX,ICN-KIX,,,,7C,제주항공,출발,0.0,21557.0,True,True,인천국제공항공사_항공사별 노선별 운송실적_20241231.csv
2024,11,ICN,KIX,ICN-KIX,,,,LJ,진 에어,도착,0.0,30357.0,False,True,인천국제공항공사_항공사별 노선별 운송실적_20241231.csv
2024,11,ICN,KIX,ICN-KIX,,,,LJ,진 에어,출발,0.0,30569.0,False,True,인천국제공항공사_항공사별 노선별 운송실적_20241231.csv
2024,11,ICN,KIX,ICN-KIX,,,,TW,티웨이항공,도착,0.0,20530.0,True,True,인천국제공항공사_항공사별 노선별 운송실적_20241231.csv
2024,11,ICN,KIX,ICN-KIX,,,,TW,티웨이항공,도착,0.0,170.0,True,True,인천국제공항공사_항공사별 노선별 운송실적_20241231.csv
2024,11,ICN,KIX,ICN-KIX,,,,TW,티웨이항공,출발,0.0,20471.0,True,True,인천국제공항공사_항공사별 노선별 운송실적_20241231.csv
2024,11,ICN,KIX,ICN-KIX,,,,TW,티웨이항공,출발,0.0,62.0,True,True,인천국제공항공사_항공사별 노선별 운송실적_20241231.csv
2024,11,ICN,KIX,ICN-KIX,,,,MM,피치 항공,도착,0.0,20245.0,True,True,인천국제공항공사_항공사별 노선별 운송실적_20241231.csv
2024,11,ICN,KIX,ICN-KIX,,,,MM,피치 항공,출발,0.0,19432.0,True,True,인천국제공항공사_항공사별 노선별 운송실적_20241231.csv
2024,11,ICN,KKJ,ICN-KKJ,,,,LJ,진 에어,도착,0.0,4914.0,False,True,인천국제공항공사_항공사별 노선별 운송실적_20241231.csv
2024,11,ICN,KKJ,ICN-KKJ,,,,LJ,진 에어,출발,0.0,5247.0,False,True,인천국제공항공사_항공사별 노선별 운송실적_20241231.csv
2024,11,ICN,KMI,ICN-KMI,,,,OZ,아시아나항공,도착,0.0,2835.0,False,True,인천국제공항공사_항공사별 노선별 운송실적_20241231.csv
2024,11,ICN,KMI,ICN-KMI,,,,OZ,아시아나항공,출발,0.0,3027.0,False,True,인천국제공항공사_항공사별 노선별 운송실적_20241231.csv
2024,11,ICN,KMJ,ICN-KMJ,,,,KE,대한항공,도착,0.0,768.0,False,True,인천국제공항공사_항공사별 노선별 운송실적_20241231.csv
2024,11,ICN,KMJ,ICN-KMJ,,,,KE,대한항공,출발,0.0,811.0,False,True,인천국제공항공사_항공사별 노선별 운송실적_20241231.csv
2024,11,ICN,KMJ,ICN-KMJ,,,,OZ,아시아나항공,도착,0.0,1556.0,False,True,인천국제공항공사_항공사별 노선별 운송실적_20241231.csv
2024,11,ICN,KMJ,ICN-KMJ,,,,OZ,아시아나항공,출발,0.0,1844.0,False,True,인천국제공항공사_항공사별 노선별 운송실적_20241231.csv
2024,11,ICN,KMJ,ICN-KMJ,,,,TW,티웨이항공,도착,0.0,4603.0,True,True,인천국제공항공사_항공사별 노선별 운송실적_20241231.csv
2024,11,ICN,KMJ,ICN-KMJ,,,,TW,티웨이항공,출발,0.0,4680.0,True,True,인천국제공항공사_항공사별 노선별 운송실적_20241231.csv
2024,11,ICN,KOJ,ICN-KOJ,,,,KE,대한항공,도착,0.0,3736.0,False,True,인천국제공항공사_항공사별 노선별 운송실적_20241231.csv
2024,11,ICN,KOJ,ICN-KOJ,,,,KE,대한항공,출발,0.0,3990.0,False,True,인천국제공항공사_항공사별 노선별 운송실적_20241231.csv
2024,11,ICN,KOJ,ICN-KOJ,,,,7C,제주항공,도착,0.0,2016.0,True,True,인천국제공항공사_항공사별 노선별 운송실적_20241231.csv
2024,11,ICN,KOJ,ICN-KOJ,,,,7C,제주항공,출발,0.0,2066.0,True,True,인천국제공항공사_항공사별 노선별 운송실적_20241231.csv
2024,11,ICN,MYJ,ICN-MYJ,,,,7C,제주항공,도착,0.0,10099.0,True,True,인천국제공항공사_항공사별 노선별 운송실적_20241231.csv
2024,11,ICN,MYJ,ICN-MYJ,,,,7C,제주항공,출발,0.0,10337.0,True,True,인천국제공항공사_항공사별 노선별 운송실적_20241231.csv
2024,11,ICN,NGO,ICN-NGO,,,,KE,대한항공,도착,0.0,8904.0,False,True,인천국제공항공사_항공사별 노선별 운송실적_20241231.csv
2024,11,ICN,NGO,ICN-NGO,,,,KE,대한항공,출발,0.0,10987.0,False,True,인천국제공항공사_항공사별 노선별 운송실적_20241231.csv
2024,11,ICN,NGO,ICN-NGO,,,,OZ,아시아나항공,도착,0.0,12227.0,False,True,인천국제공항공사_항공사별 노선별 운송실적_20241231.csv
2024,11,ICN,NGO,ICN-NGO,,,,OZ,아시아나항공,출발,0.0,12523.0,False,True,인천국제공항공사_항공사별 노선별 운송실적_20241231.csv
2024,11,ICN,NGO,ICN-NGO,,,,7C,제주항공,도착,0.0,10710.0,True,True,인천국제공항공사_항공사별 노선별 운송실적_20241231.csv
2024,11,ICN,NGO,ICN-NGO,,,,7C,제주항공,출발,0.0,10739.0,True,True,인천국제공항공사_항공사별 노선별 운송실적_20241231.csv
2024,11,ICN,NGO,ICN-NGO,,,,LJ,진 에어,도착,0.0,11108.0,False,True,인천국제공항공사_항공사별 노선별 운송실적_20241231.csv
2024,11,ICN,NGO,ICN-NGO,,,,LJ,진 에어,출발,0.0,10883.0,False,True,인천국제공항공사_항공사별 노선별 운송실적_20241231.csv
2024,11,ICN,NGS,ICN-NGS,,,,KE,대한항공,도착,0.0,1910.0,False,True,인천국제공항공사_항공사별 노선별 운송실적_20241231.csv
2024,11,ICN,NGS,ICN-NGS,,,,KE,대한항공,출발,0.0,2336.0,False,True,인천국제공항공사_항공사별 노선별 운송실적_20241231.csv
2024,11,ICN,NRT,ICN-NRT,,,,KE,대한항공,도착,0.0,18738.0,False,True,인천국제공항공사_항공사별 노선별 운송실적_20241231.csv
2024,11,ICN,NRT,ICN-NRT,,,,KE,대한항공,출발,0.0,21006.0,False,True,인천국제공항공사_항공사별 노선별 운송실적_20241231.csv
2024,11,ICN,NRT,ICN-NRT,,,,OZ,아시아나항공,도착,0.0,33356.0,False,True,인천국제공항공사_항공사별 노선별 운송실적_20241231.csv
2024,11,ICN,NRT,ICN-NRT,,,,OZ,아시아나항공,출발,0.0,35683.0,False,True,인천국제공항공사_항공사별 노선별 운송실적_20241231.csv
2024,11,ICN,NRT,ICN-NRT,,,,BX,에어 부산,도착,0.0,12525.0,False,True,인천국제공항공사_항공사별 노선별 운송실적_20241231.csv
2024,11,ICN,NRT,ICN-NRT,,,,BX,에어 부산,출발,0.0,12810.0,False,True,인천국제공항공사_항공사별 노선별 운송실적_20241231.csv
2024,11,ICN,NRT,ICN-NRT,,,,YP,에어 프레미아,도착,0.0,6594.0,False,True,인천국제공항공사_항공사별 노선별 운송실적_20241231.csv
2024,11,ICN,NRT,ICN-NRT,,,,YP,에어 프레미아,출발,0.0,6586.0,False,True,인천국제공항공사_항공사별 노선별 운송실적_20241231.csv
2024,11,ICN,NRT,ICN-NRT,,,,RF,에어로케이,도착,0.0,4775.0,True,True,인천국제공항공사_항공사별 노선별 운송실적_20241231.csv
2024,11,ICN,NRT,ICN-NRT,,,,RF,에어로케이,출발,0.0,4804.0,True,True,인천국제공항공사_항공사별 노선별 운송실적_20241231.csv
2024,11,ICN,NRT,ICN-NRT,,,,RS,에어서울,도착,0.0,16836.0,True,True,인천국제공항공사_항공사별 노선별 운송실적_20241231.csv
2024,11,ICN,NRT,ICN-NRT,,,,RS,에어서울,도착,0.0,1.0,True,True,인천국제공항공사_항공사별 노선별 운송실적_20241231.csv
2024,11,ICN,NRT,ICN-NRT,,,,RS,에어서울,출발,0.0,17181.0,True,True,인천국제공항공사_항공사별 노선별 운송실적_20241231.csv
2024,11,ICN,NRT,ICN-NRT,,,,NQ,에어재팬,도착,0.0,7869.0,False,True,인천국제공항공사_항공사별 노선별 운송실적_20241231.csv
2024,11,ICN,NRT,ICN-NRT,,,,NQ,에어재팬,출발,0.0,6542.0,False,True,인천국제공항공사_항공사별 노선별 운송실적_20241231.csv
2024,11,ICN,NRT,ICN-NRT,,,,ET,에티오피아 항공,도착,0.0,2510.0,False,True,인천국제공항공사_항공사별 노선별 운송실적_20241231.csv
2024,11,ICN,NRT,ICN-NRT,,,,ET,에티오피아 항공,출발,0.0,2236.0,False,True,인천국제공항공사_항공사별 노선별 운송실적_20241231.csv
2024,11,ICN,NRT,ICN-NRT,,,,ZE,이스타 항공,도착,0.0,19074.0,True,True,인천국제공항공사_항공사별 노선별 운송실적_20241231.csv
2024,11,ICN,NRT,ICN-NRT,,,,ZE,이스타 항공,출발,0.0,19112.0,True,True,인천국제공항공사_항공사별 노선별 운송실적_20241231.csv
2024,11,ICN,NRT,ICN-NRT,,,,7C,제주항공,도착,0.0,22877.0,True,True,인천국제공항공사_항공사별 노선별 운송실적_20241231.csv
2024,11,ICN,NRT,ICN-NRT,,,,7C,제주항공,출발,0.0,23021.0,True,True,인천국제공항공사_항공사별 노선별 운송실적_20241231.csv
2024,11,ICN,NRT,ICN-NRT,,,,LJ,진 에어,도착,0.0,30907.0,False,True,인천국제공항공사_항공사별 노선별 운송실적_20241231.csv
2024,11,ICN,NRT,ICN-NRT,,,,LJ,진 에어,출발,0.0,30950.0,False,True,인천국제공항공사_항공사별 노선별 운송실적_20241231.csv
2024,11,ICN,NRT,ICN-NRT,,,,ZG,집에어 도쿄,도착,0.0,8163.0,True,True,인천국제공항공사_항공사별 노선별 운송실적_20241231.csv
2024,11,ICN,NRT,ICN-NRT,,,,ZG,집에어 도쿄,출발,0.0,7769.0,True,True,인천국제공항공사_항공사별 노선별 운송실적_20241231.csv
2024,11,ICN,NRT,ICN-NRT,,,,TW,티웨이항공,도착,0.0,15714.0,True,True,인천국제공항공사_항공사별 노선별 운송실적_20241231.csv
2024,11,ICN,NRT,ICN-NRT,,,,TW,티웨이항공,출발,0.0,16111.0,True,True,인천국제공항공사_항공사별 노선별 운송실적_20241231.csv
2024,11,ICN,OIT,ICN-OIT,,,,7C,제주항공,도착,0.0,5184.0,True,True,인천국제공항공사_항공사별 노선별 운송실적_20241231.csv
2024,11,ICN,OIT,ICN-OIT,,,,7C,제주항공,출발,0.0,5326.0,True,True,인천국제공항공사_항공사별 노선별 운송실적_20241231.csv
2024,11,ICN,OKA,ICN-OKA,,,,KE,대한항공,도착,0.0,3564.0,False,True,인천국제공항공사_항공사별 노선별 운송실적_20241231.csv
2024,11,ICN,OKA,ICN-OKA,,,,KE,대한항공,출발,0.0,3636.0,False,True,인천국제공항공사_항공사별 노선별 운송실적_20241231.csv
2024,11,ICN,OKA,ICN-OKA,,,,OZ,아시아나항공,도착,0.0,6788.0,False,True,인천국제공항공사_항공사별 노선별 운송실적_20241231.csv
2024,11,ICN,OKA,ICN-OKA,,,,OZ,아시아나항공,출발,0.0,7331.0,False,True,인천국제공항공사_항공사별 노선별 운송실적_20241231.csv
2024,11,ICN,OKA,ICN-OKA,,,,ZE,이스타 항공,도착,0.0,4632.0,True,True,인천국제공항공사_항공사별 노선별 운송실적_20241231.csv
2024,11,ICN,OKA,ICN-OKA,,,,ZE,이스타 항공,출발,0.0,4937.0,True,True,인천국제공항공사_항공사별 노선별 운송실적_20241231.csv
2024,11,ICN,OKA,ICN-OKA,,,,7C,제주항공,도착,0.0,5017.0,True,True,인천국제공항공사_항공사별 노선별 운송실적_20241231.csv
2024,11,ICN,OKA,ICN-OKA,,,,7C,제주항공,출발,0.0,5037.0,True,True,인천국제공항공사_항공사별 노선별 운송실적_20241231.csv
2024,11,ICN,OKA,ICN-OKA,,,,LJ,진 에어,도착,0.0,8045.0,False,True,인천국제공항공사_항공사별 노선별 운송실적_20241231.csv
2024,11,ICN,OKA,ICN-OKA,,,,LJ,진 에어,출발,0.0,8092.0,False,True,인천국제공항공사_항공사별 노선별 운송실적_20241231.csv
2024,11,ICN,OKA,ICN-OKA,,,,TW,티웨이항공,도착,0.0,5093.0,True,True,인천국제공항공사_항공사별 노선별 운송실적_20241231.csv
2024,11,ICN,OKA,ICN-OKA,,,,TW,티웨이항공,출발,0.0,5099.0,True,True,인천국제공항공사_항공사별 노선별 운송실적_20241231.csv
2024,11,ICN,OKJ,ICN-OKJ,,,,KE,대한항공,도착,0.0,1939.0,False,True,인천국제공항공사_항공사별 노선별 운송실적_20241231.csv
2024,11,ICN,OKJ,ICN-OKJ,,,,KE,대한항공,출발,0.0,2392.0,False,True,인천국제공항공사_항공사별 노선별 운송실적_20241231.csv
2024,11,ICN,SDJ,ICN-SDJ,,,,OZ,아시아나항공,도착,0.0,4055.0,False,True,인천국제공항공사_항공사별 노선별 운송실적_20241231.csv
2024,11,ICN,SDJ,ICN-SDJ,,,,OZ,아시아나항공,출발,0.0,4121.0,False,True,인천국제공항공사_항공사별 노선별 운송실적_20241231.csv
2024,11,ICN,TAK,ICN-TAK,,,,RS,에어서울,도착,0.0,5827.0,True,True,인천국제공항공사_항공사별 노선별 운송실적_20241231.csv
2024,11,ICN,TAK,ICN-TAK,,,,RS,에어서울,출발,0.0,5933.0,True,True,인천국제공항공사_항공사별 노선별 운송실적_20241231.csv
2024,11,ICN,TAK,ICN-TAK,,,,LJ,진 에어,도착,0.0,5099.0,False,True,인천국제공항공사_항공사별 노선별 운송실적_20241231.csv
2024,11,ICN,TAK,ICN-TAK,,,,LJ,진 에어,출발,0.0,5314.0,False,True,인천국제공항공사_항공사별 노선별 운송실적_20241231.csv
2024,11,ICN,YGJ,ICN-YGJ,,,,RS,에어서울,도착,0.0,2156.0,True,True,인천국제공항공사_항공사별 노선별 운송실적_20241231.csv
2024,11,ICN,YGJ,ICN-YGJ,,,,RS,에어서울,출발,0.0,2274.0,True,True,인천국제공항공사_항공사별 노선별 운송실적_20241231.csv
2024,12,ICN,AOJ,ICN-AOJ,,,,KE,대한항공,도착,0.0,1430.0,False,True,인천국제공항공사_항공사별 노선별 운송실적_20241231.csv
2024,12,ICN,AOJ,ICN-AOJ,,,,KE,대한항공,출발,0.0,1476.0,False,True,인천국제공항공사_항공사별 노선별 운송실적_20241231.csv
2024,12,ICN,CTS,ICN-CTS,,,,KE,대한항공,도착,0.0,12799.0,False,True,인천국제공항공사_항공사별 노선별 운송실적_20241231.csv
2024,12,ICN,CTS,ICN-CTS,,,,KE,대한항공,출발,0.0,13030.0,False,True,인천국제공항공사_항공사별 노선별 운송실적_20241231.csv
2024,12,ICN,CTS,ICN-CTS,,,,OZ,아시아나항공,도착,0.0,6884.0,False,True,인천국제공항공사_항공사별 노선별 운송실적_20241231.csv
2024,12,ICN,CTS,ICN-CTS,,,,OZ,아시아나항공,출발,0.0,7261.0,False,True,인천국제공항공사_항공사별 노선별 운송실적_20241231.csv
2024,12,ICN,CTS,ICN-CTS,,,,BX,에어 부산,도착,0.0,6561.0,False,True,인천국제공항공사_항공사별 노선별 운송실적_20241231.csv
2024,12,ICN,CTS,ICN-CTS,,,,BX,에어 부산,출발,0.0,6426.0,False,True,인천국제공항공사_항공사별 노선별 운송실적_20241231.csv
2024,12,ICN,CTS,ICN-CTS,,,,ZE,이스타 항공,도착,0.0,10293.0,True,True,인천국제공항공사_항공사별 노선별 운송실적_20241231.csv
2024,12,ICN,CTS,ICN-CTS,,,,ZE,이스타 항공,출발,0.0,10810.0,True,True,인천국제공항공사_항공사별 노선별 운송실적_20241231.csv
2024,12,ICN,CTS,ICN-CTS,,,,7C,제주항공,도착,0.0,9065.0,True,True,인천국제공항공사_항공사별 노선별 운송실적_20241231.csv
2024,12,ICN,CTS,ICN-CTS,,,,7C,제주항공,출발,0.0,9378.0,True,True,인천국제공항공사_항공사별 노선별 운송실적_20241231.csv
2024,12,ICN,CTS,ICN-CTS,,,,LJ,진 에어,도착,0.0,15225.0,False,True,인천국제공항공사_항공사별 노선별 운송실적_20241231.csv
2024,12,ICN,CTS,ICN-CTS,,,,LJ,진 에어,출발,0.0,15834.0,False,True,인천국제공항공사_항공사별 노선별 운송실적_20241231.csv
2024,12,ICN,CTS,ICN-CTS,,,,TW,티웨이항공,도착,0.0,5149.0,True,True,인천국제공항공사_항공사별 노선별 운송실적_20241231.csv
2024,12,ICN,CTS,ICN-CTS,,,,TW,티웨이항공,출발,0.0,5232.0,True,True,인천국제공항공사_항공사별 노선별 운송실적_20241231.csv
2024,12,ICN,FSZ,ICN-FSZ,,,,7C,제주항공,도착,0.0,9274.0,True,True,인천국제공항공사_항공사별 노선별 운송실적_20241231.csv
2024,12,ICN,FSZ,ICN-FSZ,,,,7C,제주항공,출발,0.0,8895.0,True,True,인천국제공항공사_항공사별 노선별 운송실적_20241231.csv
2024,12,ICN,FUK,ICN-FUK,,,,KE,대한항공,도착,0.0,23631.0,False,True,인천국제공항공사_항공사별 노선별 운송실적_20241231.csv
2024,12,ICN,FUK,ICN-FUK,,,,KE,대한항공,출발,0.0,24090.0,False,True,인천국제공항공사_항공사별 노선별 운송실적_20241231.csv
2024,12,ICN,FUK,ICN-FUK,,,,OZ,아시아나항공,도착,0.0,20684.0,False,True,인천국제공항공사_항공사별 노선별 운송실적_20241231.csv
2024,12,ICN,FUK,ICN-FUK,,,,OZ,아시아나항공,출발,0.0,20918.0,False,True,인천국제공항공사_항공사별 노선별 운송실적_20241231.csv
2024,12,ICN,FUK,ICN-FUK,,,,BX,에어 부산,도착,0.0,13253.0,False,True,인천국제공항공사_항공사별 노선별 운송실적_20241231.csv
2024,12,ICN,FUK,ICN-FUK,,,,BX,에어 부산,출발,0.0,13763.0,False,True,인천국제공항공사_항공사별 노선별 운송실적_20241231.csv
2024,12,ICN,FUK,ICN-FUK,,,,RS,에어서울,도착,0.0,12137.0,True,True,인천국제공항공사_항공사별 노선별 운송실적_20241231.csv
2024,12,ICN,FUK,ICN-FUK,,,,RS,에어서울,출발,0.0,12413.0,True,True,인천국제공항공사_항공사별 노선별 운송실적_20241231.csv
2024,12,ICN,FUK,ICN-FUK,,,,ZE,이스타 항공,도착,0.0,11267.0,True,True,인천국제공항공사_항공사별 노선별 운송실적_20241231.csv
2024,12,ICN,FUK,ICN-FUK,,,,ZE,이스타 항공,출발,0.0,11213.0,True,True,인천국제공항공사_항공사별 노선별 운송실적_20241231.csv
2024,12,ICN,FUK,ICN-FUK,,,,7C,제주항공,도착,0.0,23225.0,True,True,인천국제공항공사_항공사별 노선별 운송실적_20241231.csv
2024,12,ICN,FUK,ICN-FUK,,,,7C,제주항공,출발,0.0,22830.0,True,True,인천국제공항공사_항공사별 노선별 운송실적_20241231.csv
2024,12,ICN,FUK,ICN-FUK,,,,LJ,진 에어,도착,0.0,20109.0,False,True,인천국제공항공사_항공사별 노선별 운송실적_20241231.csv
2024,12,ICN,FUK,ICN-FUK,,,,LJ,진 에어,도착,0.0,2180.0,False,True,인천국제공항공사_항공사별 노선별 운송실적_20241231.csv
2024,12,ICN,FUK,ICN-FUK,,,,LJ,진 에어,출발,0.0,19899.0,False,True,인천국제공항공사_항공사별 노선별 운송실적_20241231.csv
2024,12,ICN,FUK,ICN-FUK,,,,LJ,진 에어,출발,0.0,2096.0,False,True,인천국제공항공사_항공사별 노선별 운송실적_20241231.csv
2024,12,ICN,FUK,ICN-FUK,,,,TW,티웨이항공,도착,0.0,22314.0,True,True,인천국제공항공사_항공사별 노선별 운송실적_20241231.csv
2024,12,ICN,FUK,ICN-FUK,,,,TW,티웨이항공,출발,0.0,21682.0,True,True,인천국제공항공사_항공사별 노선별 운송실적_20241231.csv
2024,12,ICN,HIJ,ICN-HIJ,,,,7C,제주항공,도착,0.0,7786.0,True,True,인천국제공항공사_항공사별 노선별 운송실적_20241231.csv
2024,12,ICN,HIJ,ICN-HIJ,,,,7C,제주항공,출발,0.0,7410.0,True,True,인천국제공항공사_항공사별 노선별 운송실적_20241231.csv
2024,12,ICN,HND,ICN-HND,,,,KE,대한항공,도착,0.0,2851.0,False,True,인천국제공항공사_항공사별 노선별 운송실적_20241231.csv
2024,12,ICN,HND,ICN-HND,,,,KE,대한항공,출발,0.0,3152.0,False,True,인천국제공항공사_항공사별 노선별 운송실적_20241231.csv
2024,12,ICN,HND,ICN-HND,,,,OZ,아시아나항공,도착,0.0,4327.0,False,True,인천국제공항공사_항공사별 노선별 운송실적_20241231.csv
2024,12,ICN,HND,ICN-HND,,,,OZ,아시아나항공,출발,0.0,4363.0,False,True,인천국제공항공사_항공사별 노선별 운송실적_20241231.csv
2024,12,ICN,HND,ICN-HND,,,,MM,피치 항공,도착,0.0,5086.0,True,True,인천국제공항공사_항공사별 노선별 운송실적_20241231.csv
2024,12,ICN,HND,ICN-HND,,,,MM,피치 항공,출발,0.0,4810.0,True,True,인천국제공항공사_항공사별 노선별 운송실적_20241231.csv
2024,12,ICN,KIJ,ICN-KIJ,,,,KE,대한항공,도착,0.0,1251.0,False,True,인천국제공항공사_항공사별 노선별 운송실적_20241231.csv
2024,12,ICN,KIJ,ICN-KIJ,,,,KE,대한항공,출발,0.0,1596.0,False,True,인천국제공항공사_항공사별 노선별 운송실적_20241231.csv
2024,12,ICN,KIX,ICN-KIX,,,,KE,대한항공,도착,0.0,23066.0,False,True,인천국제공항공사_항공사별 노선별 운송실적_20241231.csv
2024,12,ICN,KIX,ICN-KIX,,,,KE,대한항공,출발,0.0,23754.0,False,True,인천국제공항공사_항공사별 노선별 운송실적_20241231.csv
2024,12,ICN,KIX,ICN-KIX,,,,OZ,아시아나항공,도착,0.0,23608.0,False,True,인천국제공항공사_항공사별 노선별 운송실적_20241231.csv
2024,12,ICN,KIX,ICN-KIX,,,,OZ,아시아나항공,출발,0.0,23816.0,False,True,인천국제공항공사_항공사별 노선별 운송실적_20241231.csv
2024,12,ICN,KIX,ICN-KIX,,,,BX,에어 부산,도착,0.0,20061.0,False,True,인천국제공항공사_항공사별 노선별 운송실적_20241231.csv
2024,12,ICN,KIX,ICN-KIX,,,,BX,에어 부산,출발,0.0,19888.0,False,True,인천국제공항공사_항공사별 노선별 운송실적_20241231.csv
2024,12,ICN,KIX,ICN-KIX,,,,RS,에어서울,도착,0.0,17927.0,True,True,인천국제공항공사_항공사별 노선별 운송실적_20241231.csv
2024,12,ICN,KIX,ICN-KIX,,,,RS,에어서울,출발,0.0,18089.0,True,True,인천국제공항공사_항공사별 노선별 운송실적_20241231.csv
2024,12,ICN,KIX,ICN-KIX,,,,ZE,이스타 항공,도착,0.0,13264.0,True,True,인천국제공항공사_항공사별 노선별 운송실적_20241231.csv
2024,12,ICN,KIX,ICN-KIX,,,,ZE,이스타 항공,출발,0.0,13040.0,True,True,인천국제공항공사_항공사별 노선별 운송실적_20241231.csv
2024,12,ICN,KIX,ICN-KIX,,,,7C,제주항공,도착,0.0,22440.0,True,True,인천국제공항공사_항공사별 노선별 운송실적_20241231.csv
2024,12,ICN,KIX,ICN-KIX,,,,7C,제주항공,출발,0.0,21712.0,True,True,인천국제공항공사_항공사별 노선별 운송실적_20241231.csv
2024,12,ICN,KIX,ICN-KIX,,,,LJ,진 에어,도착,0.0,28228.0,False,True,인천국제공항공사_항공사별 노선별 운송실적_20241231.csv
2024,12,ICN,KIX,ICN-KIX,,,,LJ,진 에어,도착,0.0,161.0,False,True,인천국제공항공사_항공사별 노선별 운송실적_20241231.csv
2024,12,ICN,KIX,ICN-KIX,,,,LJ,진 에어,출발,0.0,28590.0,False,True,인천국제공항공사_항공사별 노선별 운송실적_20241231.csv
2024,12,ICN,KIX,ICN-KIX,,,,TW,티웨이항공,도착,0.0,20938.0,True,True,인천국제공항공사_항공사별 노선별 운송실적_20241231.csv
2024,12,ICN,KIX,ICN-KIX,,,,TW,티웨이항공,출발,0.0,21305.0,True,True,인천국제공항공사_항공사별 노선별 운송실적_20241231.csv
2024,12,ICN,KIX,ICN-KIX,,,,MM,피치 항공,도착,0.0,20626.0,True,True,인천국제공항공사_항공사별 노선별 운송실적_20241231.csv
2024,12,ICN,KIX,ICN-KIX,,,,MM,피치 항공,출발,0.0,20136.0,True,True,인천국제공항공사_항공사별 노선별 운송실적_20241231.csv
2024,12,ICN,KKJ,ICN-KKJ,,,,LJ,진 에어,도착,0.0,5120.0,False,True,인천국제공항공사_항공사별 노선별 운송실적_20241231.csv
2024,12,ICN,KKJ,ICN-KKJ,,,,LJ,진 에어,도착,0.0,169.0,False,True,인천국제공항공사_항공사별 노선별 운송실적_20241231.csv
2024,12,ICN,KKJ,ICN-KKJ,,,,LJ,진 에어,출발,0.0,5348.0,False,True,인천국제공항공사_항공사별 노선별 운송실적_20241231.csv
2024,12,ICN,KKJ,ICN-KKJ,,,,LJ,진 에어,출발,0.0,138.0,False,True,인천국제공항공사_항공사별 노선별 운송실적_20241231.csv
2024,12,ICN,KMI,ICN-KMI,,,,OZ,아시아나항공,도착,0.0,3827.0,False,True,인천국제공항공사_항공사별 노선별 운송실적_20241231.csv
2024,12,ICN,KMI,ICN-KMI,,,,OZ,아시아나항공,출발,0.0,3748.0,False,True,인천국제공항공사_항공사별 노선별 운송실적_20241231.csv
2024,12,ICN,KMJ,ICN-KMJ,,,,KE,대한항공,도착,0.0,4180.0,False,True,인천국제공항공사_항공사별 노선별 운송실적_20241231.csv
2024,12,ICN,KMJ,ICN-KMJ,,,,KE,대한항공,출발,0.0,3712.0,False,True,인천국제공항공사_항공사별 노선별 운송실적_20241231.csv
2024,12,ICN,KMJ,ICN-KMJ,,,,OZ,아시아나항공,도착,0.0,2067.0,False,True,인천국제공항공사_항공사별 노선별 운송실적_20241231.csv
2024,12,ICN,KMJ,ICN-KMJ,,,,OZ,아시아나항공,출발,0.0,2059.0,False,True,인천국제공항공사_항공사별 노선별 운송실적_20241231.csv
2024,12,ICN,KMJ,ICN-KMJ,,,,TW,티웨이항공,도착,0.0,4645.0,True,True,인천국제공항공사_항공사별 노선별 운송실적_20241231.csv
2024,12,ICN,KMJ,ICN-KMJ,,,,TW,티웨이항공,출발,0.0,4658.0,True,True,인천국제공항공사_항공사별 노선별 운송실적_20241231.csv
2024,12,ICN,KOJ,ICN-KOJ,,,,KE,대한항공,도착,0.0,4620.0,False,True,인천국제공항공사_항공사별 노선별 운송실적_20241231.csv
2024,12,ICN,KOJ,ICN-KOJ,,,,KE,대한항공,출발,0.0,4636.0,False,True,인천국제공항공사_항공사별 노선별 운송실적_20241231.csv
2024,12,ICN,KOJ,ICN-KOJ,,,,7C,제주항공,도착,0.0,2228.0,True,True,인천국제공항공사_항공사별 노선별 운송실적_20241231.csv
2024,12,ICN,KOJ,ICN-KOJ,,,,7C,제주항공,출발,0.0,2211.0,True,True,인천국제공항공사_항공사별 노선별 운송실적_20241231.csv
2024,12,ICN,MYJ,ICN-MYJ,,,,7C,제주항공,도착,0.0,10896.0,True,True,인천국제공항공사_항공사별 노선별 운송실적_20241231.csv
2024,12,ICN,MYJ,ICN-MYJ,,,,7C,제주항공,출발,0.0,10647.0,True,True,인천국제공항공사_항공사별 노선별 운송실적_20241231.csv
2024,12,ICN,NGO,ICN-NGO,,,,KE,대한항공,도착,0.0,7874.0,False,True,인천국제공항공사_항공사별 노선별 운송실적_20241231.csv
2024,12,ICN,NGO,ICN-NGO,,,,KE,대한항공,출발,0.0,9316.0,False,True,인천국제공항공사_항공사별 노선별 운송실적_20241231.csv
2024,12,ICN,NGO,ICN-NGO,,,,OZ,아시아나항공,도착,0.0,12529.0,False,True,인천국제공항공사_항공사별 노선별 운송실적_20241231.csv
2024,12,ICN,NGO,ICN-NGO,,,,OZ,아시아나항공,출발,0.0,11979.0,False,True,인천국제공항공사_항공사별 노선별 운송실적_20241231.csv
2024,12,ICN,NGO,ICN-NGO,,,,7C,제주항공,도착,0.0,10508.0,True,True,인천국제공항공사_항공사별 노선별 운송실적_20241231.csv
2024,12,ICN,NGO,ICN-NGO,,,,7C,제주항공,출발,0.0,10331.0,True,True,인천국제공항공사_항공사별 노선별 운송실적_20241231.csv
2024,12,ICN,NGO,ICN-NGO,,,,LJ,진 에어,도착,0.0,10111.0,False,True,인천국제공항공사_항공사별 노선별 운송실적_20241231.csv
2024,12,ICN,NGO,ICN-NGO,,,,LJ,진 에어,출발,0.0,10204.0,False,True,인천국제공항공사_항공사별 노선별 운송실적_20241231.csv
2024,12,ICN,NGS,ICN-NGS,,,,KE,대한항공,도착,0.0,2218.0,False,True,인천국제공항공사_항공사별 노선별 운송실적_20241231.csv
2024,12,ICN,NGS,ICN-NGS,,,,KE,대한항공,출발,0.0,2266.0,False,True,인천국제공항공사_항공사별 노선별 운송실적_20241231.csv
2024,12,ICN,NGS,ICN-NGS,,,,7C,제주항공,도착,0.0,103.0,True,True,인천국제공항공사_항공사별 노선별 운송실적_20241231.csv
2024,12,ICN,NRT,ICN-NRT,,,,KE,대한항공,도착,0.0,19504.0,False,True,인천국제공항공사_항공사별 노선별 운송실적_20241231.csv
2024,12,ICN,NRT,ICN-NRT,,,,KE,대한항공,출발,0.0,19073.0,False,True,인천국제공항공사_항공사별 노선별 운송실적_20241231.csv
2024,12,ICN,NRT,ICN-NRT,,,,OZ,아시아나항공,도착,0.0,31873.0,False,True,인천국제공항공사_항공사별 노선별 운송실적_20241231.csv
2024,12,ICN,NRT,ICN-NRT,,,,OZ,아시아나항공,출발,0.0,32474.0,False,True,인천국제공항공사_항공사별 노선별 운송실적_20241231.csv
2024,12,ICN,NRT,ICN-NRT,,,,BX,에어 부산,도착,0.0,13068.0,False,True,인천국제공항공사_항공사별 노선별 운송실적_20241231.csv
2024,12,ICN,NRT,ICN-NRT,,,,BX,에어 부산,출발,0.0,12758.0,False,True,인천국제공항공사_항공사별 노선별 운송실적_20241231.csv
2024,12,ICN,NRT,ICN-NRT,,,,YP,에어 프레미아,도착,0.0,6518.0,False,True,인천국제공항공사_항공사별 노선별 운송실적_20241231.csv
2024,12,ICN,NRT,ICN-NRT,,,,YP,에어 프레미아,출발,0.0,6393.0,False,True,인천국제공항공사_항공사별 노선별 운송실적_20241231.csv
2024,12,ICN,NRT,ICN-NRT,,,,RF,에어로케이,도착,0.0,4972.0,True,True,인천국제공항공사_항공사별 노선별 운송실적_20241231.csv
2024,12,ICN,NRT,ICN-NRT,,,,RF,에어로케이,도착,0.0,481.0,True,True,인천국제공항공사_항공사별 노선별 운송실적_20241231.csv
2024,12,ICN,NRT,ICN-NRT,,,,RF,에어로케이,출발,0.0,4542.0,True,True,인천국제공항공사_항공사별 노선별 운송실적_20241231.csv
2024,12,ICN,NRT,ICN-NRT,,,,RF,에어로케이,출발,0.0,433.0,True,True,인천국제공항공사_항공사별 노선별 운송실적_20241231.csv
2024,12,ICN,NRT,ICN-NRT,,,,RS,에어서울,도착,0.0,18445.0,True,True,인천국제공항공사_항공사별 노선별 운송실적_20241231.csv
2024,12,ICN,NRT,ICN-NRT,,,,RS,에어서울,출발,0.0,17813.0,True,True,인천국제공항공사_항공사별 노선별 운송실적_20241231.csv
2024,12,ICN,NRT,ICN-NRT,,,,NQ,에어재팬,도착,0.0,7735.0,False,True,인천국제공항공사_항공사별 노선별 운송실적_20241231.csv
2024,12,ICN,NRT,ICN-NRT,,,,NQ,에어재팬,출발,0.0,6415.0,False,True,인천국제공항공사_항공사별 노선별 운송실적_20241231.csv
2024,12,ICN,NRT,ICN-NRT,,,,ET,에티오피아 항공,도착,0.0,2210.0,False,True,인천국제공항공사_항공사별 노선별 운송실적_20241231.csv
2024,12,ICN,NRT,ICN-NRT,,,,ET,에티오피아 항공,출발,0.0,1527.0,False,True,인천국제공항공사_항공사별 노선별 운송실적_20241231.csv
2024,12,ICN,NRT,ICN-NRT,,,,ZE,이스타 항공,도착,0.0,19122.0,True,True,인천국제공항공사_항공사별 노선별 운송실적_20241231.csv
2024,12,ICN,NRT,ICN-NRT,,,,ZE,이스타 항공,출발,0.0,18565.0,True,True,인천국제공항공사_항공사별 노선별 운송실적_20241231.csv
2024,12,ICN,NRT,ICN-NRT,,,,7C,제주항공,도착,0.0,22428.0,True,True,인천국제공항공사_항공사별 노선별 운송실적_20241231.csv
2024,12,ICN,NRT,ICN-NRT,,,,7C,제주항공,출발,0.0,21914.0,True,True,인천국제공항공사_항공사별 노선별 운송실적_20241231.csv
2024,12,ICN,NRT,ICN-NRT,,,,LJ,진 에어,도착,0.0,28326.0,False,True,인천국제공항공사_항공사별 노선별 운송실적_20241231.csv
2024,12,ICN,NRT,ICN-NRT,,,,LJ,진 에어,도착,0.0,57.0,False,True,인천국제공항공사_항공사별 노선별 운송실적_20241231.csv
2024,12,ICN,NRT,ICN-NRT,,,,LJ,진 에어,출발,0.0,27729.0,False,True,인천국제공항공사_항공사별 노선별 운송실적_20241231.csv
2024,12,ICN,NRT,ICN-NRT,,,,LJ,진 에어,출발,0.0,5.0,False,True,인천국제공항공사_항공사별 노선별 운송실적_20241231.csv
2024,12,ICN,NRT,ICN-NRT,,,,ZG,집에어 도쿄,도착,0.0,8120.0,True,True,인천국제공항공사_항공사별 노선별 운송실적_20241231.csv
2024,12,ICN,NRT,ICN-NRT,,,,ZG,집에어 도쿄,출발,0.0,7554.0,True,True,인천국제공항공사_항공사별 노선별 운송실적_20241231.csv
2024,12,ICN,NRT,ICN-NRT,,,,TW,티웨이항공,도착,0.0,14426.0,True,True,인천국제공항공사_항공사별 노선별 운송실적_20241231.csv
2024,12,ICN,NRT,ICN-NRT,,,,TW,티웨이항공,출발,0.0,14698.0,True,True,인천국제공항공사_항공사별 노선별 운송실적_20241231.csv
2024,12,ICN,OIT,ICN-OIT,,,,7C,제주항공,도착,0.0,5433.0,True,True,인천국제공항공사_항공사별 노선별 운송실적_20241231.csv
2024,12,ICN,OIT,ICN-OIT,,,,7C,제주항공,출발,0.0,5467.0,True,True,인천국제공항공사_항공사별 노선별 운송실적_20241231.csv
2024,12,ICN,OKA,ICN-OKA,,,,KE,대한항공,도착,0.0,4324.0,False,True,인천국제공항공사_항공사별 노선별 운송실적_20241231.csv
2024,12,ICN,OKA,ICN-OKA,,,,KE,대한항공,출발,0.0,4548.0,False,True,인천국제공항공사_항공사별 노선별 운송실적_20241231.csv
2024,12,ICN,OKA,ICN-OKA,,,,OZ,아시아나항공,도착,0.0,7842.0,False,True,인천국제공항공사_항공사별 노선별 운송실적_20241231.csv
2024,12,ICN,OKA,ICN-OKA,,,,OZ,아시아나항공,출발,0.0,7844.0,False,True,인천국제공항공사_항공사별 노선별 운송실적_20241231.csv
2024,12,ICN,OKA,ICN-OKA,,,,ZE,이스타 항공,도착,0.0,5280.0,True,True,인천국제공항공사_항공사별 노선별 운송실적_20241231.csv
2024,12,ICN,OKA,ICN-OKA,,,,ZE,이스타 항공,출발,0.0,5410.0,True,True,인천국제공항공사_항공사별 노선별 운송실적_20241231.csv
2024,12,ICN,OKA,ICN-OKA,,,,7C,제주항공,도착,0.0,5384.0,True,True,인천국제공항공사_항공사별 노선별 운송실적_20241231.csv
2024,12,ICN,OKA,ICN-OKA,,,,7C,제주항공,출발,0.0,5241.0,True,True,인천국제공항공사_항공사별 노선별 운송실적_20241231.csv
2024,12,ICN,OKA,ICN-OKA,,,,LJ,진 에어,도착,0.0,8752.0,False,True,인천국제공항공사_항공사별 노선별 운송실적_20241231.csv
2024,12,ICN,OKA,ICN-OKA,,,,LJ,진 에어,출발,0.0,8857.0,False,True,인천국제공항공사_항공사별 노선별 운송실적_20241231.csv
2024,12,ICN,OKA,ICN-OKA,,,,TW,티웨이항공,도착,0.0,5409.0,True,True,인천국제공항공사_항공사별 노선별 운송실적_20241231.csv
2024,12,ICN,OKA,ICN-OKA,,,,TW,티웨이항공,출발,0.0,5381.0,True,True,인천국제공항공사_항공사별 노선별 운송실적_20241231.csv
2024,12,ICN,OKJ,ICN-OKJ,,,,KE,대한항공,도착,0.0,1792.0,False,True,인천국제공항공사_항공사별 노선별 운송실적_20241231.csv
2024,12,ICN,OKJ,ICN-OKJ,,,,KE,대한항공,출발,0.0,1949.0,False,True,인천국제공항공사_항공사별 노선별 운송실적_20241231.csv
2024,12,ICN,SDJ,ICN-SDJ,,,,OZ,아시아나항공,도착,0.0,3733.0,False,True,인천국제공항공사_항공사별 노선별 운송실적_20241231.csv
2024,12,ICN,SDJ,ICN-SDJ,,,,OZ,아시아나항공,출발,0.0,3768.0,False,True,인천국제공항공사_항공사별 노선별 운송실적_20241231.csv
2024,12,ICN,TAK,ICN-TAK,,,,RS,에어서울,도착,0.0,5862.0,True,True,인천국제공항공사_항공사별 노선별 운송실적_20241231.csv
2024,12,ICN,TAK,ICN-TAK,,,,RS,에어서울,출발,0.0,5907.0,True,True,인천국제공항공사_항공사별 노선별 운송실적_20241231.csv
2024,12,ICN,TAK,ICN-TAK,,,,LJ,진 에어,도착,0.0,5328.0,False,True,인천국제공항공사_항공사별 노선별 운송실적_20241231.csv
2024,12,ICN,TAK,ICN-TAK,,,,LJ,진 에어,출발,0.0,4990.0,False,True,인천국제공항공사_항공사별 노선별 운송실적_20241231.csv
2024,12,ICN,YGJ,ICN-YGJ,,,,RS,에어서울,도착,0.0,2230.0,True,True,인천국제공항공사_항공사별 노선별 운송실적_20241231.csv
2024,12,ICN,YGJ,ICN-YGJ,,,,RS,에어서울,출발,0.0,2262.0,True,True,인천국제공항공사_항공사별 노선별 운송실적_20241231.csv
