base_date,year,month,day,currency_code,jpy_krw_rate,jpy_krw_change_rate_7d,jpy_krw_change_rate_30d,jpy_krw_change_rate_90d,source_file
1984-01-04,1984,1,4,JPY,227.54,,,,한국무역보험공사_환율_20230718.csv
1984-01-05,1984,1,5,JPY,342.2,,,,한국무역보험공사_환율_20230718.csv
1984-01-06,1984,1,6,JPY,342.3,,,,한국무역보험공사_환율_20230718.csv
1984-01-07,1984,1,7,JPY,342.83,,,,한국무역보험공사_환율_20230718.csv
1984-01-09,1984,1,9,JPY,342.83,,,,한국무역보험공사_환율_20230718.csv
1984-01-10,1984,1,10,JPY,341.94,,,,한국무역보험공사_환율_20230718.csv
1984-01-11,1984,1,11,JPY,341.9,,,,한국무역보험공사_환율_20230718.csv
1984-01-12,1984,1,12,JPY,340.43,49.61,,,한국무역보험공사_환율_20230718.csv
1984-01-13,1984,1,13,JPY,340.57,-0.48,,,한국무역보험공사_환율_20230718.csv
1984-01-14,1984,1,14,JPY,342.01,-0.08,,,한국무역보험공사_환율_20230718.csv
1984-01-16,1984,1,16,JPY,342.01,-0.24,,,한국무역보험공사_환율_20230718.csv
1984-01-17,1984,1,17,JPY,341.87,-0.28,,,한국무역보험공사_환율_20230718.csv
1984-01-18,1984,1,18,JPY,340.49,-0.42,,,한국무역보험공사_환율_20230718.csv
1984-01-19,1984,1,19,JPY,341.5,-0.12,,,한국무역보험공사_환율_20230718.csv
1984-01-20,1984,1,20,JPY,341.62,0.35,,,한국무역보험공사_환율_20230718.csv
1984-01-21,1984,1,21,JPY,340.63,0.02,,,한국무역보험공사_환율_20230718.csv
1984-01-23,1984,1,23,JPY,340.63,-0.4,,,한국무역보험공사_환율_20230718.csv
1984-01-24,1984,1,24,JPY,341.23,-0.23,,,한국무역보험공사_환율_20230718.csv
1984-01-25,1984,1,25,JPY,341.28,-0.17,,,한국무역보험공사_환율_20230718.csv
1984-01-26,1984,1,26,JPY,341.66,0.34,,,한국무역보험공사_환율_20230718.csv
1984-01-27,1984,1,27,JPY,340.97,-0.16,,,한국무역보험공사_환율_20230718.csv
1984-01-28,1984,1,28,JPY,341.34,-0.08,,,한국무역보험공사_환율_20230718.csv
1984-01-30,1984,1,30,JPY,341.34,0.21,,,한국무역보험공사_환율_20230718.csv
1984-01-31,1984,1,31,JPY,340.53,-0.03,,,한국무역보험공사_환율_20230718.csv
1984-02-01,1984,2,1,JPY,340.71,-0.15,,,한국무역보험공사_환율_20230718.csv
1984-02-02,1984,2,2,JPY,340.92,-0.11,,,한국무역보험공사_환율_20230718.csv
1984-02-03,1984,2,3,JPY,341.66,0.0,,,한국무역보험공사_환율_20230718.csv
1984-02-04,1984,2,4,JPY,342.33,0.4,,,한국무역보험공사_환율_20230718.csv
1984-02-06,1984,2,6,JPY,342.33,0.29,,,한국무역보험공사_환율_20230718.csv
1984-02-07,1984,2,7,JPY,341.31,-0.01,,,한국무역보험공사_환율_20230718.csv
1984-02-08,1984,2,8,JPY,340.79,0.08,49.77,,한국무역보험공사_환율_20230718.csv
1984-02-09,1984,2,9,JPY,341.02,0.09,-0.34,,한국무역보험공사_환율_20230718.csv
1984-02-10,1984,2,10,JPY,340.45,-0.14,-0.54,,한국무역보험공사_환율_20230718.csv
1984-02-11,1984,2,11,JPY,340.68,-0.29,-0.63,,한국무역보험공사_환율_20230718.csv
1984-02-13,1984,2,13,JPY,340.68,-0.48,-0.63,,한국무역보험공사_환율_20230718.csv
1984-02-14,1984,2,14,JPY,340.27,-0.6,-0.49,,한국무역보험공사_환율_20230718.csv
1984-02-15,1984,2,15,JPY,341.22,-0.03,-0.2,,한국무역보험공사_환율_20230718.csv
1984-02-16,1984,2,16,JPY,340.57,-0.06,0.04,,한국무역보험공사_환율_20230718.csv
1984-02-17,1984,2,17,JPY,341.31,0.09,0.22,,한국무역보험공사_환율_20230718.csv
1984-02-18,1984,2,18,JPY,341.2,0.22,-0.24,,한국무역보험공사_환율_20230718.csv
1984-02-20,1984,2,20,JPY,341.2,0.15,-0.24,,한국무역보험공사_환율_20230718.csv
1984-02-21,1984,2,21,JPY,341.07,0.11,-0.23,,한국무역보험공사_환율_20230718.csv
1984-02-22,1984,2,22,JPY,340.91,0.19,0.12,,한국무역보험공사_환율_20230718.csv
1984-02-23,1984,2,23,JPY,340.92,-0.09,-0.17,,한국무역보험공사_환율_20230718.csv
1984-02-24,1984,2,24,JPY,340.74,0.05,-0.26,,한국무역보험공사_환율_20230718.csv
1984-02-25,1984,2,25,JPY,340.46,-0.25,-0.05,,한국무역보험공사_환율_20230718.csv
1984-02-26,1984,2,26,JPY,340.46,-0.22,-0.05,,한국무역보험공사_환율_20230718.csv
1984-02-27,1984,2,27,JPY,340.46,-0.22,-0.23,,한국무역보험공사_환율_20230718.csv
1984-02-28,1984,2,28,JPY,340.54,-0.16,-0.22,,한국무역보험공사_환율_20230718.csv
1984-02-29,1984,2,29,JPY,339.81,-0.32,-0.54,,한국무역보험공사_환율_20230718.csv
1984-03-01,1984,3,1,JPY,339.97,-0.28,-0.29,,한국무역보험공사_환율_20230718.csv
1984-03-02,1984,3,2,JPY,339.97,-0.23,-0.4,,한국무역보험공사_환율_20230718.csv
1984-03-03,1984,3,3,JPY,347.78,2.15,1.89,,한국무역보험공사_환율_20230718.csv
1984-03-04,1984,3,4,JPY,347.78,2.15,2.13,,한국무역보험공사_환율_20230718.csv
1984-03-05,1984,3,5,JPY,347.78,2.15,2.08,,한국무역보험공사_환율_20230718.csv
1984-03-06,1984,3,6,JPY,354.26,4.03,3.91,,한국무역보험공사_환율_20230718.csv
1984-03-07,1984,3,7,JPY,355.12,4.51,3.94,,한국무역보험공사_환율_20230718.csv
1984-03-08,1984,3,8,JPY,352.19,3.59,2.88,,한국무역보험공사_환율_20230718.csv
1984-03-09,1984,3,9,JPY,355.65,4.61,3.89,,한국무역보험공사_환율_20230718.csv
1984-03-10,1984,3,10,JPY,355.65,2.26,4.2,,한국무역보험공사_환율_20230718.csv
1984-03-11,1984,3,11,JPY,355.65,2.26,4.36,,한국무역보험공사_환율_20230718.csv
1984-03-12,1984,3,12,JPY,352.61,1.39,3.4,,한국무역보험공사_환율_20230718.csv
1984-03-13,1984,3,13,JPY,353.45,-0.23,3.82,,한국무역보험공사_환율_20230718.csv
1984-03-14,1984,3,14,JPY,354.9,-0.06,4.17,,한국무역보험공사_환율_20230718.csv
1984-03-15,1984,3,15,JPY,352.32,0.04,3.42,,한국무역보험공사_환율_20230718.csv
1984-03-16,1984,3,16,JPY,353.47,-0.61,3.88,,한국무역보험공사_환율_20230718.csv
1984-03-17,1984,3,17,JPY,350.56,-1.43,2.74,,한국무역보험공사_환율_20230718.csv
1984-03-18,1984,3,18,JPY,267.2,-24.87,-21.54,,한국무역보험공사_환율_20230718.csv
1984-03-19,1984,3,19,JPY,267.2,-24.22,-21.71,,한국무역보험공사_환율_20230718.csv
1984-03-20,1984,3,20,JPY,351.54,-0.54,3.03,,한국무역보험공사_환율_20230718.csv
1984-03-21,1984,3,21,JPY,351.04,-1.09,2.88,,한국무역보험공사_환율_20230718.csv
1984-03-22,1984,3,22,JPY,351.65,-0.19,3.1,,한국무역보험공사_환율_20230718.csv
1984-03-23,1984,3,23,JPY,350.47,-0.85,2.8,,한국무역보험공사_환율_20230718.csv
1984-03-24,1984,3,24,JPY,351.97,0.4,3.24,,한국무역보험공사_환율_20230718.csv
1984-03-25,1984,3,25,JPY,351.97,31.73,3.3,,한국무역보험공사_환율_20230718.csv
1984-03-26,1984,3,26,JPY,351.97,31.73,3.38,,한국무역보험공사_환율_20230718.csv
1984-03-27,1984,3,27,JPY,352.9,0.39,3.65,,한국무역보험공사_환율_20230718.csv
1984-03-28,1984,3,28,JPY,352.14,0.31,3.43,,한국무역보험공사_환율_20230718.csv
1984-03-29,1984,3,29,JPY,353.93,0.65,3.93,,한국무역보험공사_환율_20230718.csv
1984-03-30,1984,3,30,JPY,352.85,0.68,3.84,,한국무역보험공사_환율_20230718.csv
1984-03-31,1984,3,31,JPY,352.78,0.23,3.77,,한국무역보험공사_환율_20230718.csv
1984-04-01,1984,4,1,JPY,352.78,0.23,3.77,,한국무역보험공사_환율_20230718.csv
1984-04-02,1984,4,2,JPY,352.78,0.23,1.44,,한국무역보험공사_환율_20230718.csv
1984-04-03,1984,4,3,JPY,351.67,-0.35,1.12,,한국무역보험공사_환율_20230718.csv
1984-04-04,1984,4,4,JPY,352.63,0.14,1.39,,한국무역보험공사_환율_20230718.csv
1984-04-05,1984,4,5,JPY,352.63,-0.37,-0.46,,한국무역보험공사_환율_20230718.csv
1984-04-06,1984,4,6,JPY,351.53,-0.37,-1.01,,한국무역보험공사_환율_20230718.csv
1984-04-07,1984,4,7,JPY,352.64,-0.04,0.13,,한국무역보험공사_환율_20230718.csv
1984-04-08,1984,4,8,JPY,352.64,-0.04,-0.85,,한국무역보험공사_환율_20230718.csv
1984-04-09,1984,4,9,JPY,352.64,-0.04,-0.85,,한국무역보험공사_환율_20230718.csv
1984-04-10,1984,4,10,JPY,352.04,0.11,-1.02,54.72,한국무역보험공사_환율_20230718.csv
1984-04-11,1984,4,11,JPY,352.46,-0.05,-0.04,3.0,한국무역보험공사_환율_20230718.csv
1984-04-12,1984,4,12,JPY,355.49,0.81,0.58,3.85,한국무역보험공사_환율_20230718.csv
1984-04-13,1984,4,13,JPY,353.88,0.67,-0.29,3.22,한국무역보험공사_환율_20230718.csv
1984-04-14,1984,4,14,JPY,352.38,-0.07,0.02,2.79,한국무역보험공사_환율_20230718.csv
1984-04-15,1984,4,15,JPY,352.38,-0.07,-0.31,3.05,한국무역보험공사_환율_20230718.csv
1984-04-16,1984,4,16,JPY,352.38,-0.07,0.52,3.07,한국무역보험공사_환율_20230718.csv
1984-04-17,1984,4,17,JPY,352.63,0.17,31.97,3.58,한국무역보험공사_환율_20230718.csv
1984-04-18,1984,4,18,JPY,353.52,0.3,32.31,3.8,한국무역보험공사_환율_20230718.csv
1984-04-19,1984,4,19,JPY,353.62,-0.53,0.59,3.39,한국무역보험공사_환율_20230718.csv
1984-04-20,1984,4,20,JPY,352.96,-0.26,0.55,3.2,한국무역보험공사_환율_20230718.csv
1984-04-21,1984,4,21,JPY,353.53,0.33,0.53,3.41,한국무역보험공사_환율_20230718.csv
1984-04-22,1984,4,22,JPY,353.53,0.33,0.87,3.83,한국무역보험공사_환율_20230718.csv
1984-04-23,1984,4,23,JPY,353.53,0.33,0.44,3.52,한국무역보험공사_환율_20230718.csv
1984-04-24,1984,4,24,JPY,353.83,0.34,0.53,3.57,한국무역보험공사_환율_20230718.csv
1984-04-25,1984,4,25,JPY,352.47,-0.3,0.14,3.48,한국무역보험공사_환율_20230718.csv
1984-04-26,1984,4,26,JPY,353.25,-0.1,0.1,3.7,한국무역보험공사_환율_20230718.csv
1984-04-27,1984,4,27,JPY,352.99,0.01,0.24,3.45,한국무역보험공사_환율_20230718.csv
1984-04-28,1984,4,28,JPY,351.6,-0.55,-0.66,3.02,한국무역보험공사_환율_20230718.csv
1984-04-29,1984,4,29,JPY,351.6,-0.55,-0.35,2.91,한국무역보험공사_환율_20230718.csv
1984-04-30,1984,4,30,JPY,351.6,-0.55,-0.33,3.12,한국무역보험공사_환율_20230718.csv
1984-05-01,1984,5,1,JPY,352.43,-0.4,-0.1,3.25,한국무역보험공사_환율_20230718.csv
1984-05-02,1984,5,2,JPY,351.85,-0.18,-0.26,3.08,한국무역보험공사_환율_20230718.csv
1984-05-03,1984,5,3,JPY,352.2,-0.3,0.15,3.43,한국무역보험공사_환율_20230718.csv
1984-05-04,1984,5,4,JPY,353.16,0.05,0.15,3.65,한국무역보험공사_환율_20230718.csv
1984-05-05,1984,5,5,JPY,353.16,0.44,0.15,3.59,한국무역보험공사_환율_20230718.csv
1984-05-06,1984,5,6,JPY,353.16,0.44,0.46,3.37,한국무역보험공사_환율_20230718.csv
1984-05-07,1984,5,7,JPY,351.45,-0.04,-0.34,2.66,한국무역보험공사_환율_20230718.csv
1984-05-08,1984,5,8,JPY,351.45,-0.28,-0.34,2.66,한국무역보험공사_환율_20230718.csv
1984-05-09,1984,5,9,JPY,349.2,-0.75,-0.98,2.31,한국무역보험공사_환율_20230718.csv
1984-05-10,1984,5,10,JPY,348.21,-1.13,-1.09,2.18,한국무역보험공사_환율_20230718.csv
1984-05-11,1984,5,11,JPY,348.69,-1.27,-1.07,2.25,한국무역보험공사_환율_20230718.csv
1984-05-12,1984,5,12,JPY,347.53,-1.59,-2.24,2.08,한국무역보험공사_환율_20230718.csv
1984-05-13,1984,5,13,JPY,347.53,-1.59,-1.79,2.01,한국무역보험공사_환율_20230718.csv
1984-05-14,1984,5,14,JPY,347.53,-1.12,-1.38,2.01,한국무역보험공사_환율_20230718.csv
1984-05-15,1984,5,15,JPY,346.38,-1.44,-1.7,1.8,한국무역보험공사_환율_20230718.csv
1984-05-16,1984,5,16,JPY,346.52,-0.77,-1.66,1.55,한국무역보험공사_환율_20230718.csv
1984-05-17,1984,5,17,JPY,345.64,-0.74,-1.98,1.49,한국무역보험공사_환율_20230718.csv
1984-05-18,1984,5,18,JPY,343.51,-1.49,-2.83,0.64,한국무역보험공사_환율_20230718.csv
1984-05-19,1984,5,19,JPY,343.6,-1.13,-2.83,0.7,한국무역보험공사_환율_20230718.csv
1984-05-20,1984,5,20,JPY,343.6,-1.13,-2.65,0.7,한국무역보험공사_환율_20230718.csv
1984-05-21,1984,5,21,JPY,343.6,-1.13,-2.81,0.74,한국무역보험공사_환율_20230718.csv
1984-05-22,1984,5,22,JPY,342.72,-1.06,-3.06,0.53,한국무역보험공사_환율_20230718.csv
1984-05-23,1984,5,23,JPY,343.54,-0.86,-2.83,0.77,한국무역보험공사_환율_20230718.csv
1984-05-24,1984,5,24,JPY,343.86,-0.51,-2.82,0.92,한국무역보험공사_환율_20230718.csv
1984-05-25,1984,5,25,JPY,346.73,0.94,-1.63,1.84,한국무역보험공사_환율_20230718.csv
1984-05-26,1984,5,26,JPY,344.35,0.22,-2.52,1.14,한국무역보험공사_환율_20230718.csv
1984-05-27,1984,5,27,JPY,344.35,0.22,-2.45,1.14,한국무역보험공사_환율_20230718.csv
1984-05-28,1984,5,28,JPY,344.35,0.22,-2.06,1.12,한국무역보험공사_환율_20230718.csv
1984-05-29,1984,5,29,JPY,344.35,0.48,-2.06,1.34,한국무역보험공사_환율_20230718.csv
1984-05-30,1984,5,30,JPY,344.04,0.15,-2.15,1.2,한국무역보험공사_환율_20230718.csv
1984-05-31,1984,5,31,JPY,345.07,0.35,-2.09,1.5,한국무역보험공사_환율_20230718.csv
1984-06-01,1984,6,1,JPY,345.0,-0.5,-1.95,-0.8,한국무역보험공사_환율_20230718.csv
1984-06-02,1984,6,2,JPY,346.89,0.74,-1.51,-0.26,한국무역보험공사_환율_20230718.csv
1984-06-03,1984,6,3,JPY,346.89,0.74,-1.78,-0.26,한국무역보험공사_환율_20230718.csv
1984-06-04,1984,6,4,JPY,346.89,0.74,-1.78,-2.08,한국무역보험공사_환율_20230718.csv
1984-06-05,1984,6,5,JPY,347.06,0.79,-1.73,-2.27,한국무역보험공사_환율_20230718.csv
1984-06-06,1984,6,6,JPY,347.06,0.88,-1.25,-1.46,한국무역보험공사_환율_20230718.csv
1984-06-07,1984,6,7,JPY,345.02,-0.01,-1.83,-2.99,한국무역보험공사_환율_20230718.csv
1984-06-08,1984,6,8,JPY,344.91,-0.03,-1.23,-3.02,한국무역보험공사_환율_20230718.csv
1984-06-09,1984,6,9,JPY,344.78,-0.61,-0.99,-3.06,한국무역보험공사_환율_20230718.csv
1984-06-10,1984,6,10,JPY,344.78,-0.61,-1.12,-2.22,한국무역보험공사_환율_20230718.csv
1984-06-11,1984,6,11,JPY,344.78,-0.61,-0.79,-2.45,한국무역보험공사_환율_20230718.csv
1984-06-12,1984,6,12,JPY,344.3,-0.8,-0.93,-2.99,한국무역보험공사_환율_20230718.csv
1984-06-13,1984,6,13,JPY,344.07,-0.86,-1.0,-2.34,한국무역보험공사_환율_20230718.csv
1984-06-14,1984,6,14,JPY,344.35,-0.19,-0.59,-2.58,한국무역보험공사_환율_20230718.csv
1984-06-15,1984,6,15,JPY,344.12,-0.23,-0.69,-1.84,한국무역보험공사_환율_20230718.csv
1984-06-16,1984,6,16,JPY,343.0,-0.52,-0.76,28.37,한국무역보험공사_환율_20230718.csv
1984-06-17,1984,6,17,JPY,343.0,-0.52,-0.15,28.37,한국무역보험공사_환율_20230718.csv
1984-06-18,1984,6,18,JPY,343.0,-0.52,-0.17,-2.43,한국무역보험공사_환율_20230718.csv
1984-06-19,1984,6,19,JPY,342.82,-0.43,-0.23,-2.34,한국무역보험공사_환율_20230718.csv
1984-06-20,1984,6,20,JPY,343.61,-0.13,0.0,-2.29,한국무역보험공사_환율_20230718.csv
1984-06-21,1984,6,21,JPY,342.5,-0.54,-0.06,-2.27,한국무역보험공사_환율_20230718.csv
1984-06-22,1984,6,22,JPY,342.19,-0.56,-0.39,-2.78,한국무역보험공사_환율_20230718.csv
1984-06-23,1984,6,23,JPY,339.85,-0.92,-1.17,-3.44,한국무역보험공사_환율_20230718.csv
1984-06-24,1984,6,24,JPY,339.85,-0.92,-1.98,-3.44,한국무역보험공사_환율_20230718.csv
1984-06-25,1984,6,25,JPY,339.85,-0.92,-1.31,-3.7,한국무역보험공사_환율_20230718.csv
1984-06-26,1984,6,26,JPY,337.8,-1.46,-1.9,-4.07,한국무역보험공사_환율_20230718.csv
1984-06-27,1984,6,27,JPY,339.67,-1.15,-1.36,-4.03,한국무역보험공사_환율_20230718.csv
1984-06-28,1984,6,28,JPY,337.95,-1.33,-1.86,-4.22,한국무역보험공사_환율_20230718.csv
1984-06-29,1984,6,29,JPY,339.3,-0.84,-1.38,-3.82,한국무역보험공사_환율_20230718.csv
1984-06-30,1984,6,30,JPY,338.56,-0.38,-1.89,-4.03,한국무역보험공사_환율_20230718.csv
1984-07-01,1984,7,1,JPY,338.56,-0.38,-1.87,-4.03,한국무역보험공사_환율_20230718.csv
1984-07-02,1984,7,2,JPY,338.56,-0.38,-2.4,-3.73,한국무역보험공사_환율_20230718.csv
1984-07-03,1984,7,3,JPY,336.93,-0.26,-2.87,-4.45,한국무역보험공사_환율_20230718.csv
1984-07-04,1984,7,4,JPY,335.94,-1.1,-3.16,-4.73,한국무역보험공사_환율_20230718.csv
1984-07-05,1984,7,5,JPY,334.93,-0.89,-3.5,-4.72,한국무역보험공사_환율_20230718.csv
1984-07-06,1984,7,6,JPY,335.14,-1.23,-3.43,-4.96,한국무역보험공사_환율_20230718.csv
1984-07-07,1984,7,7,JPY,334.39,-1.23,-3.08,-5.18,한국무역보험공사_환율_20230718.csv
1984-07-08,1984,7,8,JPY,334.39,-1.23,-3.05,-5.18,한국무역보험공사_환율_20230718.csv
1984-07-09,1984,7,9,JPY,334.39,-1.23,-3.01,-5.01,한국무역보험공사_환율_20230718.csv
1984-07-10,1984,7,10,JPY,335.22,-0.51,-2.77,-4.89,한국무역보험공사_환율_20230718.csv
1984-07-11,1984,7,11,JPY,333.54,-0.71,-3.26,-6.17,한국무역보험공사_환율_20230718.csv
1984-07-12,1984,7,12,JPY,333.41,-0.45,-3.16,-5.78,한국무역보험공사_환율_20230718.csv
1984-07-13,1984,7,13,JPY,333.76,-0.41,-3.0,-5.28,한국무역보험공사_환율_20230718.csv
1984-07-14,1984,7,14,JPY,334.8,0.12,-2.77,-4.99,한국무역보험공사_환율_20230718.csv
1984-07-15,1984,7,15,JPY,334.8,0.12,-2.71,-4.99,한국무역보험공사_환율_20230718.csv
1984-07-16,1984,7,16,JPY,334.8,0.12,-2.39,-5.06,한국무역보험공사_환율_20230718.csv
1984-07-17,1984,7,17,JPY,334.8,-0.13,-2.39,-5.3,한국무역보험공사_환율_20230718.csv
1984-07-18,1984,7,18,JPY,333.24,-0.09,-2.85,-5.76,한국무역보험공사_환율_20230718.csv
1984-07-19,1984,7,19,JPY,332.35,-0.32,-3.05,-5.84,한국무역보험공사_환율_20230718.csv
1984-07-20,1984,7,20,JPY,333.04,-0.22,-3.08,-5.8,한국무역보험공사_환율_20230718.csv
1984-07-21,1984,7,21,JPY,330.46,-1.3,-3.52,-6.53,한국무역보험공사_환율_20230718.csv
1984-07-22,1984,7,22,JPY,330.46,-1.3,-3.43,-6.53,한국무역보험공사_환율_20230718.csv
1984-07-23,1984,7,23,JPY,330.46,-1.3,-2.76,-6.6,한국무역보험공사_환율_20230718.csv
1984-07-24,1984,7,24,JPY,328.52,-1.88,-3.33,-6.79,한국무역보험공사_환율_20230718.csv
1984-07-25,1984,7,25,JPY,330.1,-0.94,-2.87,-6.55,한국무역보험공사_환율_20230718.csv
1984-07-26,1984,7,26,JPY,332.19,-0.05,-1.66,-5.89,한국무역보험공사_환율_20230718.csv
1984-07-27,1984,7,27,JPY,331.04,-0.6,-2.54,-5.85,한국무역보험공사_환율_20230718.csv
1984-07-28,1984,7,28,JPY,328.01,-0.74,-2.94,-6.71,한국무역보험공사_환율_20230718.csv
1984-07-29,1984,7,29,JPY,328.01,-0.74,-3.33,-6.71,한국무역보험공사_환율_20230718.csv
1984-07-30,1984,7,30,JPY,328.01,-0.74,-3.12,-6.93,한국무역보험공사_환율_20230718.csv
1984-07-31,1984,7,31,JPY,330.24,0.52,-2.46,-6.14,한국무역보험공사_환율_20230718.csv
1984-08-01,1984,8,1,JPY,328.88,-0.37,-2.86,-6.62,한국무역보험공사_환율_20230718.csv
1984-08-02,1984,8,2,JPY,332.94,0.23,-1.18,-5.73,한국무역보험공사_환율_20230718.csv
1984-08-03,1984,8,3,JPY,332.94,0.57,-0.89,-5.73,한국무역보험공사_환율_20230718.csv
1984-08-04,1984,8,4,JPY,335.61,2.32,0.2,-4.97,한국무역보험공사_환율_20230718.csv
1984-08-05,1984,8,5,JPY,335.61,2.32,0.14,-4.51,한국무역보험공사_환율_20230718.csv
1984-08-06,1984,8,6,JPY,335.61,2.32,0.36,-4.51,한국무역보험공사_환율_20230718.csv
1984-08-07,1984,8,7,JPY,333.63,1.03,-0.23,-4.46,한국무역보험공사_환율_20230718.csv
1984-08-08,1984,8,8,JPY,331.31,0.74,-0.92,-4.85,한국무역보험공사_환율_20230718.csv
1984-08-09,1984,8,9,JPY,332.77,-0.05,-0.73,-4.57,한국무역보험공사_환율_20230718.csv
1984-08-10,1984,8,10,JPY,334.8,0.56,0.38,-3.66,한국무역보험공사_환율_20230718.csv
1984-08-11,1984,8,11,JPY,331.98,-1.08,-0.43,-4.47,한국무역보험공사_환율_20230718.csv
1984-08-12,1984,8,12,JPY,331.98,-1.08,-0.53,-4.47,한국무역보험공사_환율_20230718.csv
1984-08-13,1984,8,13,JPY,331.98,-1.08,-0.84,-4.16,한국무역보험공사_환율_20230718.csv
1984-08-14,1984,8,14,JPY,334.07,0.13,-0.22,-3.59,한국무역보험공사_환율_20230718.csv
1984-08-15,1984,8,15,JPY,336.05,1.43,0.37,-2.77,한국무역보험공사_환율_20230718.csv
1984-08-16,1984,8,16,JPY,336.05,0.99,0.37,-2.17,한국무역보험공사_환율_20230718.csv
1984-08-17,1984,8,17,JPY,334.78,-0.01,0.46,-2.57,한국무역보험공사_환율_20230718.csv
1984-08-18,1984,8,18,JPY,335.22,0.98,0.86,-2.44,한국무역보험공사_환율_20230718.csv
1984-08-19,1984,8,19,JPY,335.22,0.98,0.65,-2.44,한국무역보험공사_환율_20230718.csv
1984-08-20,1984,8,20,JPY,335.22,0.98,1.44,-2.19,한국무역보험공사_환율_20230718.csv
1984-08-21,1984,8,21,JPY,334.9,0.25,1.34,-2.51,한국무역보험공사_환율_20230718.csv
1984-08-22,1984,8,22,JPY,333.79,-0.67,1.01,-2.93,한국무역보험공사_환율_20230718.csv
1984-08-23,1984,8,23,JPY,335.0,-0.31,1.97,-3.38,한국무역보험공사_환율_20230718.csv
1984-08-24,1984,8,24,JPY,335.47,0.21,1.63,-2.58,한국무역보험공사_환율_20230718.csv
1984-08-25,1984,8,25,JPY,335.66,0.13,1.04,-2.52,한국무역보험공사_환율_20230718.csv
1984-08-26,1984,8,26,JPY,335.66,0.13,1.4,-2.52,한국무역보험공사_환율_20230718.csv
1984-08-27,1984,8,27,JPY,335.66,0.13,2.33,-2.52,한국무역보험공사_환율_20230718.csv
1984-08-28,1984,8,28,JPY,334.54,-0.11,1.99,-2.76,한국무역보험공사_환율_20230718.csv
1984-08-29,1984,8,29,JPY,335.15,0.41,2.18,-2.87,한국무역보험공사_환율_20230718.csv
1984-08-30,1984,8,30,JPY,335.15,0.04,1.49,-2.86,한국무역보험공사_환율_20230718.csv
1984-08-31,1984,8,31,JPY,335.22,-0.07,1.93,-3.36,한국무역보험공사_환율_20230718.csv
1984-09-01,1984,9,1,JPY,334.45,-0.36,0.45,-3.59,한국무역보험공사_환율_20230718.csv
1984-09-02,1984,9,2,JPY,334.45,-0.36,0.45,-3.59,한국무역보험공사_환율_20230718.csv
1984-09-03,1984,9,3,JPY,334.45,-0.36,-0.35,-3.63,한국무역보험공사_환율_20230718.csv
1984-09-04,1984,9,4,JPY,333.77,-0.23,-0.55,-3.83,한국무역보험공사_환율_20230718.csv
1984-09-05,1984,9,5,JPY,331.89,-0.97,-1.11,-3.81,한국무역보험공사_환율_20230718.csv
1984-09-06,1984,9,6,JPY,331.49,-1.09,-0.64,-3.89,한국무역보험공사_환율_20230718.csv
1984-09-07,1984,9,7,JPY,332.25,-0.89,0.28,-3.63,한국무역보험공사_환율_20230718.csv
1984-09-08,1984,9,8,JPY,330.4,-1.21,-0.71,-4.17,한국무역보험공사_환율_20230718.csv
1984-09-09,1984,9,9,JPY,330.4,-1.21,-1.31,-4.17,한국무역보험공사_환율_20230718.csv
1984-09-10,1984,9,10,JPY,330.4,-1.21,-0.48,-4.04,한국무역보험공사_환율_20230718.csv
1984-09-11,1984,9,11,JPY,330.09,-1.1,-0.57,-4.06,한국무역보험공사_환율_20230718.csv
1984-09-12,1984,9,12,JPY,331.94,0.02,-0.01,-3.6,한국무역보험공사_환율_20230718.csv
1984-09-13,1984,9,13,JPY,331.34,-0.05,-0.82,-3.71,한국무역보험공사_환율_20230718.csv
1984-09-14,1984,9,14,JPY,331.75,-0.15,-1.28,-3.28,한국무역보험공사_환율_20230718.csv
1984-09-15,1984,9,15,JPY,331.07,0.2,-1.48,-3.48,한국무역보험공사_환율_20230718.csv
1984-09-16,1984,9,16,JPY,331.07,0.2,-1.11,-3.48,한국무역보험공사_환율_20230718.csv
1984-09-17,1984,9,17,JPY,331.07,0.2,-1.24,-3.43,한국무역보험공사_환율_20230718.csv
1984-09-18,1984,9,18,JPY,328.86,-0.37,-1.9,-4.29,한국무역보험공사_환율_20230718.csv
1984-09-19,1984,9,19,JPY,332.75,0.24,-0.74,-2.85,한국무역보험공사_환율_20230718.csv
1984-09-20,1984,9,20,JPY,331.63,0.09,-0.98,-3.09,한국무역보험공사_환율_20230718.csv
1984-09-21,1984,9,21,JPY,329.42,-0.7,-1.31,-3.07,한국무역보험공사_환율_20230718.csv
1984-09-22,1984,9,22,JPY,334.07,0.91,-0.28,-1.7,한국무역보험공사_환율_20230718.csv
1984-09-23,1984,9,23,JPY,334.07,0.91,-0.42,-1.7,한국무역보험공사_환율_20230718.csv
1984-09-24,1984,9,24,JPY,334.07,0.91,-0.47,-1.1,한국무역보험공사_환율_20230718.csv
1984-09-25,1984,9,25,JPY,333.39,1.38,-0.68,-1.85,한국무역보험공사_환율_20230718.csv
1984-09-26,1984,9,26,JPY,331.09,-0.5,-1.36,-2.03,한국무역보험공사_환율_20230718.csv
1984-09-27,1984,9,27,JPY,332.07,0.13,-0.74,-2.13,한국무역보험공사_환율_20230718.csv
1984-09-28,1984,9,28,JPY,332.3,0.87,-0.85,-1.85,한국무역보험공사_환율_20230718.csv
1984-09-29,1984,9,29,JPY,330.45,-1.08,-1.4,-2.4,한국무역보험공사_환율_20230718.csv
1984-09-30,1984,9,30,JPY,330.45,-1.08,-1.42,-2.4,한국무역보험공사_환율_20230718.csv
1984-10-01,1984,10,1,JPY,331.32,-0.82,-0.94,-1.67,한국무역보험공사_환율_20230718.csv
1984-10-02,1984,10,2,JPY,331.32,-0.62,-0.94,-1.38,한국무역보험공사_환율_20230718.csv
1984-10-03,1984,10,3,JPY,331.32,0.07,-0.94,-1.08,한국무역보험공사_환율_20230718.csv
1984-10-04,1984,10,4,JPY,330.51,-0.47,-0.98,-1.38,한국무역보험공사_환율_20230718.csv
1984-10-05,1984,10,5,JPY,332.06,-0.07,0.05,-0.7,한국무역보험공사_환율_20230718.csv
1984-10-06,1984,10,6,JPY,330.92,0.14,-0.17,-1.04,한국무역보험공사_환율_20230718.csv
1984-10-07,1984,10,7,JPY,330.92,0.14,-0.4,-1.04,한국무역보험공사_환율_20230718.csv
1984-10-08,1984,10,8,JPY,330.92,-0.12,0.16,-1.28,한국무역보험공사_환율_20230718.csv
1984-10-09,1984,10,9,JPY,330.52,-0.24,0.04,-0.91,한국무역보험공사_환율_20230718.csv
1984-10-10,1984,10,10,JPY,330.52,-0.24,0.04,-0.87,한국무역보험공사_환율_20230718.csv
1984-10-11,1984,10,11,JPY,330.73,0.07,0.19,-0.91,한국무역보험공사_환율_20230718.csv
1984-10-12,1984,10,12,JPY,329.8,-0.68,-0.64,-1.49,한국무역보험공사_환율_20230718.csv
1984-10-13,1984,10,13,JPY,330.58,-0.1,-0.23,-1.26,한국무역보험공사_환율_20230718.csv
1984-10-14,1984,10,14,JPY,330.58,-0.1,-0.35,-1.26,한국무역보험공사_환율_20230718.csv
1984-10-15,1984,10,15,JPY,330.58,-0.1,-0.15,-1.26,한국무역보험공사_환율_20230718.csv
1984-10-16,1984,10,16,JPY,329.12,-0.42,-0.59,-1.24,한국무역보험공사_환율_20230718.csv
1984-10-17,1984,10,17,JPY,329.1,-0.43,-0.6,-0.98,한국무역보험공사_환율_20230718.csv
1984-10-18,1984,10,18,JPY,328.57,-0.65,-0.09,-1.34,한국무역보험공사_환율_20230718.csv
1984-10-19,1984,10,19,JPY,330.26,0.14,-0.75,-0.06,한국무역보험공사_환율_20230718.csv
1984-10-20,1984,10,20,JPY,331.2,0.19,-0.13,0.22,한국무역보험공사_환율_20230718.csv
1984-10-21,1984,10,21,JPY,331.2,0.19,0.54,0.22,한국무역보험공사_환율_20230718.csv
1984-10-22,1984,10,22,JPY,331.2,0.19,-0.86,0.82,한국무역보험공사_환율_20230718.csv
1984-10-23,1984,10,23,JPY,331.33,0.67,-0.82,0.37,한국무역보험공사_환율_20230718.csv
1984-10-24,1984,10,24,JPY,335.54,1.96,0.44,1.01,한국무역보험공사_환율_20230718.csv
1984-10-25,1984,10,25,JPY,335.03,1.97,0.49,1.21,한국무역보험공사_환율_20230718.csv
1984-10-26,1984,10,26,JPY,334.46,1.27,1.02,1.97,한국무역보험공사_환율_20230718.csv
1984-10-27,1984,10,27,JPY,332.15,0.29,0.02,1.26,한국무역보험공사_환율_20230718.csv
1984-10-28,1984,10,28,JPY,332.15,0.29,-0.05,1.26,한국무역보험공사_환율_20230718.csv
1984-10-29,1984,10,29,JPY,332.15,0.29,0.51,0.58,한국무역보험공사_환율_20230718.csv
1984-10-30,1984,10,30,JPY,331.95,0.19,0.45,0.93,한국무역보험공사_환율_20230718.csv
1984-10-31,1984,10,31,JPY,333.42,-0.63,0.63,0.14,한국무역보험공사_환율_20230718.csv
1984-11-01,1984,11,1,JPY,333.03,-0.6,0.52,0.03,한국무역보험공사_환율_20230718.csv
1984-11-02,1984,11,2,JPY,334.12,-0.1,0.85,-0.44,한국무역보험공사_환율_20230718.csv
1984-11-03,1984,11,3,JPY,336.81,1.4,1.91,0.36,한국무역보험공사_환율_20230718.csv
1984-11-04,1984,11,4,JPY,336.81,1.4,1.43,0.36,한국무역보험공사_환율_20230718.csv
1984-11-05,1984,11,5,JPY,336.81,1.4,1.78,0.95,한국무역보험공사_환율_20230718.csv
1984-11-06,1984,11,6,JPY,336.27,1.3,1.62,1.5,한국무역보험공사_환율_20230718.csv
1984-11-07,1984,11,7,JPY,336.54,0.94,1.7,1.13,한국무역보험공사_환율_20230718.csv
1984-11-08,1984,11,8,JPY,339.18,1.85,2.62,1.31,한국무역보험공사_환율_20230718.csv
1984-11-09,1984,11,9,JPY,338.12,1.2,2.3,1.85,한국무역보험공사_환율_20230718.csv
1984-11-10,1984,11,10,JPY,338.39,0.47,2.32,1.93,한국무역보험공사_환율_20230718.csv
1984-11-11,1984,11,11,JPY,338.39,0.47,2.6,1.93,한국무역보험공사_환율_20230718.csv
1984-11-12,1984,11,12,JPY,338.39,0.47,2.36,1.29,한국무역보험공사_환율_20230718.csv
1984-11-13,1984,11,13,JPY,338.27,0.59,2.33,0.66,한국무역보험공사_환율_20230718.csv
1984-11-14,1984,11,14,JPY,337.16,0.18,1.99,0.33,한국무역보험공사_환율_20230718.csv
1984-11-15,1984,11,15,JPY,336.49,-0.79,2.24,0.51,한국무역보험공사_환율_20230718.csv
1984-11-16,1984,11,16,JPY,335.66,-0.73,1.99,0.13,한국무역보험공사_환율_20230718.csv
1984-11-17,1984,11,17,JPY,335.97,-0.72,2.25,0.22,한국무역보험공사_환율_20230718.csv
1984-11-18,1984,11,18,JPY,335.97,-0.72,1.73,0.22,한국무역보험공사_환율_20230718.csv
1984-11-19,1984,11,19,JPY,335.97,-0.72,1.44,0.32,한국무역보험공사_환율_20230718.csv
1984-11-20,1984,11,20,JPY,335.01,-0.96,1.15,0.37,한국무역보험공사_환율_20230718.csv
1984-11-21,1984,11,21,JPY,334.05,-0.92,0.86,-0.28,한국무역보험공사_환율_20230718.csv
1984-11-22,1984,11,22,JPY,335.55,-0.28,1.27,0.02,한국무역보험공사_환율_20230718.csv
1984-11-23,1984,11,23,JPY,335.26,-0.12,-0.08,-0.12,한국무역보험공사_환율_20230718.csv
1984-11-24,1984,11,24,JPY,333.83,-0.64,-0.36,-0.55,한국무역보험공사_환율_20230718.csv
1984-11-25,1984,11,25,JPY,333.83,-0.64,-0.19,-0.55,한국무역보험공사_환율_20230718.csv
1984-11-26,1984,11,26,JPY,333.83,-0.64,0.51,-0.21,한국무역보험공사_환율_20230718.csv
1984-11-27,1984,11,27,JPY,333.76,-0.37,0.48,-0.41,한국무역보험공사_환율_20230718.csv
1984-11-28,1984,11,28,JPY,334.09,0.01,0.58,-0.32,한국무역보험공사_환율_20230718.csv
1984-11-29,1984,11,29,JPY,334.29,-0.38,0.7,-0.28,한국무역보험공사_환율_20230718.csv
1984-11-30,1984,11,30,JPY,333.45,-0.54,0.01,-0.3,한국무역보험공사_환율_20230718.csv
1984-12-01,1984,12,1,JPY,332.1,-0.52,-0.28,-0.7,한국무역보험공사_환율_20230718.csv
1984-12-02,1984,12,2,JPY,332.1,-0.52,-0.6,-0.7,한국무역보험공사_환율_20230718.csv
1984-12-03,1984,12,3,JPY,332.1,-0.52,-1.4,-0.5,한국무역보험공사_환율_20230718.csv
1984-12-04,1984,12,4,JPY,332.77,-0.3,-1.2,0.27,한국무역보험공사_환율_20230718.csv
1984-12-05,1984,12,5,JPY,333.72,-0.11,-0.92,0.67,한국무역보험공사_환율_20230718.csv
1984-12-06,1984,12,6,JPY,332.06,-0.67,-1.25,-0.06,한국무역보험공사_환율_20230718.csv
1984-12-07,1984,12,7,JPY,333.31,-0.04,-0.96,0.88,한국무역보험공사_환율_20230718.csv
1984-12-08,1984,12,8,JPY,332.1,0.0,-2.09,0.51,한국무역보험공사_환율_20230718.csv
1984-12-09,1984,12,9,JPY,332.1,0.0,-1.78,0.51,한국무역보험공사_환율_20230718.csv
1984-12-10,1984,12,10,JPY,332.1,0.0,-1.86,0.61,한국무역보험공사_환율_20230718.csv
1984-12-11,1984,12,11,JPY,332.88,0.03,-1.63,0.28,한국무역보험공사_환율_20230718.csv
1984-12-12,1984,12,12,JPY,332.8,-0.28,-1.65,0.44,한국무역보험공사_환율_20230718.csv
1984-12-13,1984,12,13,JPY,332.79,0.22,-1.62,0.31,한국무역보험공사_환율_20230718.csv
1984-12-14,1984,12,14,JPY,332.47,-0.25,-1.39,0.42,한국무역보험공사_환율_20230718.csv
1984-12-15,1984,12,15,JPY,332.68,0.17,-1.13,0.49,한국무역보험공사_환율_20230718.csv
1984-12-16,1984,12,16,JPY,332.68,0.17,-0.89,0.49,한국무역보험공사_환율_20230718.csv
1984-12-17,1984,12,17,JPY,332.68,0.17,-0.98,1.16,한국무역보험공사_환율_20230718.csv
1984-12-18,1984,12,18,JPY,332.67,-0.06,-0.98,-0.02,한국무역보험공사_환율_20230718.csv
1984-12-19,1984,12,19,JPY,333.5,0.21,-0.74,0.56,한국무역보험공사_환율_20230718.csv
1984-12-20,1984,12,20,JPY,332.38,-0.12,-0.79,0.9,한국무역보험공사_환율_20230718.csv
1984-12-21,1984,12,21,JPY,332.51,0.01,-0.46,-0.47,한국무역보험공사_환율_20230718.csv
1984-12-22,1984,12,22,JPY,332.87,0.06,-0.8,-0.36,한국무역보험공사_환율_20230718.csv
1984-12-23,1984,12,23,JPY,332.87,0.06,-0.71,-0.36,한국무역보험공사_환율_20230718.csv
1984-12-24,1984,12,24,JPY,332.87,0.06,-0.29,-0.16,한국무역보험공사_환율_20230718.csv
1984-12-25,1984,12,25,JPY,332.73,0.02,-0.33,0.5,한국무역보험공사_환율_20230718.csv
1984-12-26,1984,12,26,JPY,332.73,-0.23,-0.33,0.2,한국무역보험공사_환율_20230718.csv
1984-12-27,1984,12,27,JPY,330.93,-0.44,-0.85,-0.41,한국무역보험공사_환율_20230718.csv
1984-12-28,1984,12,28,JPY,330.46,-0.62,-1.09,0.0,한국무역보험공사_환율_20230718.csv
1984-12-29,1984,12,29,JPY,330.57,-0.69,-1.11,0.04,한국무역보험공사_환율_20230718.csv
1984-12-30,1984,12,30,JPY,330.57,-0.69,-0.86,-0.23,한국무역보험공사_환율_20230718.csv
1984-12-31,1984,12,31,JPY,330.57,-0.69,-0.46,-0.23,한국무역보험공사_환율_20230718.csv
1985-01-01,1985,1,1,JPY,330.57,-0.65,-0.46,-0.23,한국무역보험공사_환율_20230718.csv
1985-01-02,1985,1,2,JPY,330.57,-0.65,-0.46,0.02,한국무역보험공사_환율_20230718.csv
1985-01-03,1985,1,3,JPY,330.57,-0.11,-0.66,-0.45,한국무역보험공사_환율_20230718.csv
1985-01-04,1985,1,4,JPY,328.47,-0.6,-1.57,-0.74,한국무역보험공사_환율_20230718.csv
1985-01-05,1985,1,5,JPY,327.2,-1.02,-1.46,-1.12,한국무역보험공사_환율_20230718.csv
1985-01-06,1985,1,6,JPY,327.2,-1.02,-1.83,-1.12,한국무역보험공사_환율_20230718.csv
1985-01-07,1985,1,7,JPY,327.2,-1.02,-1.48,-1.0,한국무역보험공사_환율_20230718.csv
1985-01-08,1985,1,8,JPY,326.66,-1.18,-1.64,-1.17,한국무역보험공사_환율_20230718.csv
1985-01-09,1985,1,9,JPY,325.82,-1.44,-1.89,-1.48,한국무역보험공사_환율_20230718.csv
1985-01-10,1985,1,10,JPY,326.21,-1.32,-2.0,-1.09,한국무역보험공사_환율_20230718.csv
1985-01-11,1985,1,11,JPY,326.85,-0.49,-1.79,-1.13,한국무역보험공사_환율_20230718.csv
1985-01-12,1985,1,12,JPY,326.28,-0.28,-1.96,-1.3,한국무역보험공사_환율_20230718.csv
1985-01-13,1985,1,13,JPY,326.28,-0.28,-1.86,-1.3,한국무역보험공사_환율_20230718.csv
1985-01-14,1985,1,14,JPY,326.28,-0.28,-1.92,-0.86,한국무역보험공사_환율_20230718.csv
1985-01-15,1985,1,15,JPY,325.52,-0.35,-2.15,-1.09,한국무역보험공사_환율_20230718.csv
1985-01-16,1985,1,16,JPY,326.55,0.22,-1.84,-0.61,한국무역보험공사_환율_20230718.csv
1985-01-17,1985,1,17,JPY,326.47,0.08,-1.86,-1.15,한국무역보험공사_환율_20230718.csv
1985-01-18,1985,1,18,JPY,326.86,0.0,-1.99,-1.31,한국무역보험공사_환율_20230718.csv
1985-01-19,1985,1,19,JPY,327.13,0.26,-1.58,-1.23,한국무역보험공사_환율_20230718.csv
1985-01-20,1985,1,20,JPY,327.13,0.26,-1.62,-1.23,한국무역보험공사_환율_20230718.csv
1985-01-21,1985,1,21,JPY,327.13,0.26,-1.72,-1.27,한국무역보험공사_환율_20230718.csv
1985-01-22,1985,1,22,JPY,327.59,0.64,-1.59,-2.37,한국무역보험공사_환율_20230718.csv
1985-01-23,1985,1,23,JPY,326.59,0.01,-1.89,-2.52,한국무역보험공사_환율_20230718.csv
1985-01-24,1985,1,24,JPY,326.82,0.11,-1.78,-2.28,한국무역보험공사_환율_20230718.csv
1985-01-25,1985,1,25,JPY,327.3,0.13,-1.63,-1.46,한국무역보험공사_환율_20230718.csv
1985-01-26,1985,1,26,JPY,326.7,-0.13,-1.28,-1.64,한국무역보험공사_환율_20230718.csv
1985-01-27,1985,1,27,JPY,326.7,-0.13,-1.14,-1.64,한국무역보험공사_환율_20230718.csv
1985-01-28,1985,1,28,JPY,326.7,-0.13,-1.17,-1.58,한국무역보험공사_환율_20230718.csv
1985-01-29,1985,1,29,JPY,326.96,-0.19,-1.09,-1.94,한국무역보험공사_환율_20230718.csv
1985-01-30,1985,1,30,JPY,326.71,0.04,-1.17,-1.9,한국무역보험공사_환율_20230718.csv
1985-01-31,1985,1,31,JPY,326.31,-0.16,-1.29,-2.34,한국무역보험공사_환율_20230718.csv
1985-02-01,1985,2,1,JPY,325.2,-0.64,-1.62,-3.45,한국무역보험공사_환율_20230718.csv
1985-02-02,1985,2,2,JPY,323.38,-1.02,-2.18,-3.99,한국무역보험공사_환율_20230718.csv
1985-02-03,1985,2,3,JPY,323.38,-1.02,-1.55,-3.99,한국무역보험공사_환율_20230718.csv
1985-02-04,1985,2,4,JPY,323.38,-1.02,-1.17,-3.83,한국무역보험공사_환율_20230718.csv
1985-02-05,1985,2,5,JPY,320.9,-1.85,-1.93,-4.65,한국무역보험공사_환율_20230718.csv
1985-02-06,1985,2,6,JPY,321.29,-1.66,-1.81,-5.27,한국무역보험공사_환율_20230718.csv
1985-02-07,1985,2,7,JPY,320.57,-1.76,-1.86,-5.19,한국무역보험공사_환율_20230718.csv
1985-02-08,1985,2,8,JPY,320.4,-1.48,-1.66,-5.32,한국무역보험공사_환율_20230718.csv
1985-02-09,1985,2,9,JPY,320.97,-0.75,-1.61,-5.15,한국무역보험공사_환율_20230718.csv
1985-02-10,1985,2,10,JPY,320.97,-0.75,-1.8,-5.15,한국무역보험공사_환율_20230718.csv
1985-02-11,1985,2,11,JPY,320.97,-0.75,-1.63,-5.11,한국무역보험공사_환율_20230718.csv
1985-02-12,1985,2,12,JPY,320.97,0.02,-1.63,-4.8,한국무역보험공사_환율_20230718.csv
1985-02-13,1985,2,13,JPY,317.84,-1.07,-2.59,-5.54,한국무역보험공사_환율_20230718.csv
1985-02-14,1985,2,14,JPY,318.88,-0.53,-2.04,-5.0,한국무역보험공사_환율_20230718.csv
1985-02-15,1985,2,15,JPY,321.57,0.37,-1.53,-4.29,한국무역보험공사_환율_20230718.csv
1985-02-16,1985,2,16,JPY,326.71,1.79,0.07,-2.76,한국무역보험공사_환율_20230718.csv
1985-02-17,1985,2,17,JPY,326.71,1.79,-0.05,-2.76,한국무역보험공사_환율_20230718.csv
1985-02-18,1985,2,18,JPY,326.71,1.79,-0.13,-2.48,한국무역보험공사_환율_20230718.csv
1985-02-19,1985,2,19,JPY,321.95,0.31,-1.58,-3.62,한국무역보험공사_환율_20230718.csv
1985-02-20,1985,2,20,JPY,321.95,1.29,-1.58,-4.05,한국무역보험공사_환율_20230718.csv
1985-02-21,1985,2,21,JPY,321.12,0.7,-1.98,-4.22,한국무역보험공사_환율_20230718.csv
1985-02-22,1985,2,22,JPY,321.25,-0.1,-1.64,-3.77,한국무역보험공사_환율_20230718.csv
1985-02-23,1985,2,23,JPY,319.94,-2.07,-2.11,-4.16,한국무역보험공사_환율_20230718.csv
1985-02-24,1985,2,24,JPY,319.94,-2.07,-2.25,-4.16,한국무역보험공사_환율_20230718.csv
1985-02-25,1985,2,25,JPY,319.94,-2.07,-2.07,-4.14,한국무역보험공사_환율_20230718.csv
1985-02-26,1985,2,26,JPY,321.67,-0.09,-1.54,-3.72,한국무역보험공사_환율_20230718.csv
1985-02-27,1985,2,27,JPY,324.11,0.67,-0.79,-3.05,한국무역보험공사_환율_20230718.csv
1985-02-28,1985,2,28,JPY,325.19,1.27,-0.54,-2.48,한국무역보험공사_환율_20230718.csv
1985-03-01,1985,3,1,JPY,325.19,1.23,-0.47,-2.08,한국무역보험공사_환율_20230718.csv
1985-03-02,1985,3,2,JPY,324.9,1.55,-0.43,-2.17,한국무역보험공사_환율_20230718.csv
1985-03-03,1985,3,3,JPY,324.9,1.55,-0.09,-2.17,한국무역보험공사_환율_20230718.csv
1985-03-04,1985,3,4,JPY,324.9,1.55,0.47,-2.36,한국무역보험공사_환율_20230718.csv
1985-03-05,1985,3,5,JPY,324.78,0.97,0.43,-2.68,한국무역보험공사_환율_20230718.csv
1985-03-06,1985,3,6,JPY,324.43,0.1,0.32,-2.3,한국무역보험공사_환율_20230718.csv
1985-03-07,1985,3,7,JPY,325.21,0.01,1.34,-2.43,한국무역보험공사_환율_20230718.csv
1985-03-08,1985,3,8,JPY,323.91,-0.39,0.82,-2.47,한국무역보험공사_환율_20230718.csv
1985-03-09,1985,3,9,JPY,324.96,0.02,1.37,-2.15,한국무역보험공사_환율_20230718.csv
1985-03-10,1985,3,10,JPY,324.96,0.02,1.42,-2.15,한국무역보험공사_환율_20230718.csv
1985-03-11,1985,3,11,JPY,324.96,0.02,1.24,-2.38,한국무역보험공사_환율_20230718.csv
1985-03-12,1985,3,12,JPY,327.15,0.73,1.93,-1.7,한국무역보험공사_환율_20230718.csv
1985-03-13,1985,3,13,JPY,325.01,0.18,1.26,-2.34,한국무역보험공사_환율_20230718.csv
1985-03-14,1985,3,14,JPY,325.52,0.1,1.42,-2.09,한국무역보험공사_환율_20230718.csv
1985-03-15,1985,3,15,JPY,326.22,0.71,2.64,-1.94,한국무역보험공사_환율_20230718.csv
1985-03-16,1985,3,16,JPY,326.11,0.35,2.27,-1.97,한국무역보험공사_환율_20230718.csv
1985-03-17,1985,3,17,JPY,326.11,0.35,1.41,-1.97,한국무역보험공사_환율_20230718.csv
1985-03-18,1985,3,18,JPY,326.11,0.35,-0.18,-1.97,한국무역보험공사_환율_20230718.csv
1985-03-19,1985,3,19,JPY,328.06,0.28,0.41,-1.63,한국무역보험공사_환율_20230718.csv
1985-03-20,1985,3,20,JPY,335.03,3.08,2.55,0.8,한국무역보험공사_환율_20230718.csv
1985-03-21,1985,3,21,JPY,330.79,1.62,2.75,-0.52,한국무역보험공사_환율_20230718.csv
1985-03-22,1985,3,22,JPY,333.35,2.19,3.54,0.14,한국무역보험공사_환율_20230718.csv
1985-03-23,1985,3,23,JPY,332.67,2.01,3.6,-0.06,한국무역보험공사_환율_20230718.csv
1985-03-24,1985,3,24,JPY,332.67,2.01,3.55,-0.06,한국무역보험공사_환율_20230718.csv
1985-03-25,1985,3,25,JPY,332.67,2.01,3.98,-0.02,한국무역보험공사_환율_20230718.csv
1985-03-26,1985,3,26,JPY,331.66,1.1,3.66,-0.32,한국무역보험공사_환율_20230718.csv
1985-03-27,1985,3,27,JPY,333.52,-0.45,4.24,0.78,한국무역보험공사_환율_20230718.csv
1985-03-28,1985,3,28,JPY,335.39,1.39,4.27,1.49,한국무역보험공사_환율_20230718.csv
1985-03-29,1985,3,29,JPY,336.06,0.81,3.69,1.66,한국무역보험공사_환율_20230718.csv
1985-03-30,1985,3,30,JPY,339.45,2.04,4.39,2.69,한국무역보험공사_환율_20230718.csv
1985-03-31,1985,3,31,JPY,339.45,2.04,4.39,2.69,한국무역보험공사_환율_20230718.csv
1985-04-01,1985,4,1,JPY,339.45,2.04,4.48,2.69,한국무역보험공사_환율_20230718.csv
1985-04-02,1985,4,2,JPY,337.21,1.67,3.79,2.01,한국무역보험공사_환율_20230718.csv
1985-04-03,1985,4,3,JPY,338.43,1.47,4.16,2.38,한국무역보험공사_환율_20230718.csv
1985-04-04,1985,4,4,JPY,337.27,0.56,3.85,2.68,한국무역보험공사_환율_20230718.csv
1985-04-05,1985,4,5,JPY,337.27,0.36,3.96,3.08,한국무역보험공사_환율_20230718.csv
1985-04-06,1985,4,6,JPY,336.74,-0.8,3.55,2.92,한국무역보험공사_환율_20230718.csv
1985-04-07,1985,4,7,JPY,336.74,-0.8,3.96,2.92,한국무역보험공사_환율_20230718.csv
1985-04-08,1985,4,8,JPY,336.74,-0.8,3.63,3.09,한국무역보험공사_환율_20230718.csv
1985-04-09,1985,4,9,JPY,337.66,0.13,3.91,3.63,한국무역보험공사_환율_20230718.csv
1985-04-10,1985,4,10,JPY,337.61,-0.24,3.89,3.49,한국무역보험공사_환율_20230718.csv
1985-04-11,1985,4,11,JPY,337.94,0.2,3.3,3.39,한국무역보험공사_환율_20230718.csv
1985-04-12,1985,4,12,JPY,342.18,1.46,5.28,4.87,한국무역보험공사_환율_20230718.csv
1985-04-13,1985,4,13,JPY,341.65,1.46,4.96,4.71,한국무역보험공사_환율_20230718.csv
1985-04-14,1985,4,14,JPY,341.65,1.46,4.73,4.71,한국무역보험공사_환율_20230718.csv
1985-04-15,1985,4,15,JPY,341.65,1.46,4.77,4.96,한국무역보험공사_환율_20230718.csv
1985-04-16,1985,4,16,JPY,342.4,1.4,5.0,4.85,한국무역보험공사_환율_20230718.csv
1985-04-17,1985,4,17,JPY,344.26,1.97,5.57,5.45,한국무역보험공사_환율_20230718.csv
1985-04-18,1985,4,18,JPY,343.18,1.55,4.61,4.99,한국무역보험공사_환율_20230718.csv
1985-04-19,1985,4,19,JPY,347.57,1.58,3.74,6.25,한국무역보험공사_환율_20230718.csv
1985-04-20,1985,4,20,JPY,346.52,1.43,4.76,5.93,한국무역보험공사_환율_20230718.csv
1985-04-21,1985,4,21,JPY,346.52,1.43,3.95,5.93,한국무역보험공사_환율_20230718.csv
1985-04-22,1985,4,22,JPY,346.52,1.43,4.16,5.78,한국무역보험공사_환율_20230718.csv
1985-04-23,1985,4,23,JPY,344.68,0.67,3.61,5.54,한국무역보험공사_환율_20230718.csv
1985-04-24,1985,4,24,JPY,344.54,0.08,3.57,5.42,한국무역보험공사_환율_20230718.csv
1985-04-25,1985,4,25,JPY,344.73,0.45,3.94,5.33,한국무역보험공사_환율_20230718.csv
1985-04-26,1985,4,26,JPY,342.53,-1.45,2.7,4.85,한국무역보험공사_환율_20230718.csv
1985-04-27,1985,4,27,JPY,342.32,-1.21,2.07,4.78,한국무역보험공사_환율_20230718.csv
1985-04-28,1985,4,28,JPY,342.32,-1.21,1.86,4.78,한국무역보험공사_환율_20230718.csv
1985-04-29,1985,4,29,JPY,342.32,-1.21,0.85,4.7,한국무역보험공사_환율_20230718.csv
1985-04-30,1985,4,30,JPY,343.55,-0.33,1.21,5.15,한국무역보험공사_환율_20230718.csv
1985-05-01,1985,5,1,JPY,343.02,-0.44,1.05,5.12,한국무역보험공사_환율_20230718.csv
1985-05-02,1985,5,2,JPY,343.65,-0.31,1.91,5.67,한국무역보험공사_환율_20230718.csv
1985-05-03,1985,5,3,JPY,342.96,0.13,1.34,6.05,한국무역보험공사_환율_20230718.csv
1985-05-04,1985,5,4,JPY,341.06,-0.37,1.12,5.47,한국무역보험공사_환율_20230718.csv
1985-05-05,1985,5,5,JPY,341.06,-0.37,1.12,5.47,한국무역보험공사_환율_20230718.csv
1985-05-06,1985,5,6,JPY,341.06,-0.37,1.28,6.28,한국무역보험공사_환율_20230718.csv
1985-05-07,1985,5,7,JPY,340.95,-0.76,1.25,6.12,한국무역보험공사_환율_20230718.csv
1985-05-08,1985,5,8,JPY,343.28,0.08,1.94,7.08,한국무역보험공사_환율_20230718.csv
1985-05-09,1985,5,9,JPY,344.02,0.11,1.88,7.37,한국무역보험공사_환율_20230718.csv
1985-05-10,1985,5,10,JPY,344.23,0.37,1.96,7.25,한국무역보험공사_환율_20230718.csv
1985-05-11,1985,5,11,JPY,344.6,1.04,1.97,7.36,한국무역보험공사_환율_20230718.csv
1985-05-12,1985,5,12,JPY,344.6,1.04,0.71,7.36,한국무역보험공사_환율_20230718.csv
1985-05-13,1985,5,13,JPY,344.6,1.04,0.86,7.36,한국무역보험공사_환율_20230718.csv
1985-05-14,1985,5,14,JPY,346.32,1.58,1.37,8.96,한국무역보험공사_환율_20230718.csv
1985-05-15,1985,5,15,JPY,346.78,1.02,1.5,8.75,한국무역보험공사_환율_20230718.csv
1985-05-16,1985,5,16,JPY,346.73,0.79,1.26,7.82,한국무역보험공사_환율_20230718.csv
1985-05-17,1985,5,17,JPY,345.44,0.35,0.34,5.73,한국무역보험공사_환율_20230718.csv
1985-05-18,1985,5,18,JPY,346.51,0.55,0.97,6.06,한국무역보험공사_환율_20230718.csv
1985-05-19,1985,5,19,JPY,346.51,0.55,-0.3,6.06,한국무역보험공사_환율_20230718.csv
1985-05-20,1985,5,20,JPY,346.51,0.55,-0.0,7.63,한국무역보험공사_환율_20230718.csv
1985-05-21,1985,5,21,JPY,346.76,0.13,0.07,7.71,한국무역보험공사_환율_20230718.csv
1985-05-22,1985,5,22,JPY,347.44,0.19,0.27,8.2,한국무역보험공사_환율_20230718.csv
1985-05-23,1985,5,23,JPY,346.45,-0.08,0.51,7.84,한국무역보험공사_환율_20230718.csv
1985-05-24,1985,5,24,JPY,346.71,0.37,0.63,8.37,한국무역보험공사_환율_20230718.csv
1985-05-25,1985,5,25,JPY,346.93,0.12,0.64,8.44,한국무역보험공사_환율_20230718.csv
1985-05-26,1985,5,26,JPY,346.93,0.12,1.28,8.44,한국무역보험공사_환율_20230718.csv
1985-05-27,1985,5,27,JPY,346.93,0.12,1.35,7.85,한국무역보험공사_환율_20230718.csv
1985-05-28,1985,5,28,JPY,346.93,0.05,1.35,7.04,한국무역보험공사_환율_20230718.csv
1985-05-29,1985,5,29,JPY,346.63,-0.23,1.26,6.59,한국무역보험공사_환율_20230718.csv
1985-05-30,1985,5,30,JPY,346.53,0.02,0.87,6.56,한국무역보험공사_환율_20230718.csv
1985-05-31,1985,5,31,JPY,346.12,-0.17,0.9,6.53,한국무역보험공사_환율_20230718.csv
1985-06-01,1985,6,1,JPY,347.53,0.17,1.13,6.97,한국무역보험공사_환율_20230718.csv
1985-06-02,1985,6,2,JPY,347.53,0.17,1.33,6.97,한국무역보험공사_환율_20230718.csv
1985-06-03,1985,6,3,JPY,347.53,0.17,1.9,7.0,한국무역보험공사_환율_20230718.csv
1985-06-04,1985,6,4,JPY,350.2,0.94,2.68,7.94,한국무역보험공사_환율_20230718.csv
1985-06-05,1985,6,5,JPY,349.05,0.7,2.34,7.33,한국무역보험공사_환율_20230718.csv
1985-06-06,1985,6,6,JPY,349.05,0.73,2.38,7.76,한국무역보험공사_환율_20230718.csv
1985-06-07,1985,6,7,JPY,350.42,1.24,2.08,7.83,한국무역보험공사_환율_20230718.csv
1985-06-08,1985,6,8,JPY,349.41,0.54,1.57,7.52,한국무역보험공사_환율_20230718.csv
1985-06-09,1985,6,9,JPY,349.41,0.54,1.5,7.52,한국무역보험공사_환율_20230718.csv
1985-06-10,1985,6,10,JPY,349.41,0.54,1.4,6.8,한국무역보험공사_환율_20230718.csv
1985-06-11,1985,6,11,JPY,349.26,-0.27,1.35,7.46,한국무역보험공사_환율_20230718.csv
1985-06-12,1985,6,12,JPY,349.45,0.11,1.41,7.35,한국무역보험공사_환율_20230718.csv
1985-06-13,1985,6,13,JPY,349.3,0.07,0.86,7.07,한국무역보험공사_환율_20230718.csv
1985-06-14,1985,6,14,JPY,350.38,-0.01,1.04,7.44,한국무역보험공사_환율_20230718.csv
1985-06-15,1985,6,15,JPY,350.74,0.38,1.16,7.55,한국무역보험공사_환율_20230718.csv
1985-06-16,1985,6,16,JPY,350.74,0.38,1.53,7.55,한국무역보험공사_환율_20230718.csv
1985-06-17,1985,6,17,JPY,350.74,0.38,1.22,6.91,한국무역보험공사_환율_20230718.csv
1985-06-18,1985,6,18,JPY,351.33,0.59,1.39,4.87,한국무역보험공사_환율_20230718.csv
1985-06-19,1985,6,19,JPY,354.12,1.34,2.2,7.05,한국무역보험공사_환율_20230718.csv
1985-06-20,1985,6,20,JPY,352.13,0.81,1.55,5.63,한국무역보험공사_환율_20230718.csv
1985-06-21,1985,6,21,JPY,351.62,0.35,1.2,5.7,한국무역보험공사_환율_20230718.csv
1985-06-22,1985,6,22,JPY,352.73,0.57,1.81,6.03,한국무역보험공사_환율_20230718.csv
1985-06-23,1985,6,23,JPY,352.73,0.57,1.74,6.03,한국무역보험공사_환율_20230718.csv
1985-06-24,1985,6,24,JPY,352.73,0.57,1.67,6.35,한국무역보험공사_환율_20230718.csv
1985-06-25,1985,6,25,JPY,352.15,0.23,1.5,5.59,한국무역보험공사_환율_20230718.csv
1985-06-26,1985,6,26,JPY,351.26,-0.81,1.25,4.73,한국무역보험공사_환율_20230718.csv
1985-06-27,1985,6,27,JPY,351.19,-0.27,1.23,4.5,한국무역보험공사_환율_20230718.csv
1985-06-28,1985,6,28,JPY,351.26,-0.1,1.34,3.48,한국무역보험공사_환율_20230718.csv
1985-06-29,1985,6,29,JPY,351.63,-0.31,1.47,3.59,한국무역보험공사_환율_20230718.csv
1985-06-30,1985,6,30,JPY,351.63,-0.31,1.59,3.59,한국무역보험공사_환율_20230718.csv
1985-07-01,1985,7,1,JPY,351.63,-0.31,1.18,4.28,한국무역보험공사_환율_20230718.csv
1985-07-02,1985,7,2,JPY,351.93,-0.06,1.27,3.99,한국무역보험공사_환율_20230718.csv
1985-07-03,1985,7,3,JPY,352.4,0.32,1.4,4.49,한국무역보험공사_환율_20230718.csv
1985-07-04,1985,7,4,JPY,352.57,0.39,0.68,4.54,한국무역보험공사_환율_20230718.csv
1985-07-05,1985,7,5,JPY,352.85,0.45,1.09,4.78,한국무역보험공사_환율_20230718.csv
1985-07-06,1985,7,6,JPY,353.82,0.62,1.37,5.07,한국무역보험공사_환율_20230718.csv
1985-07-07,1985,7,7,JPY,353.82,0.62,0.97,5.07,한국무역보험공사_환율_20230718.csv
1985-07-08,1985,7,8,JPY,353.82,0.62,1.26,4.79,한국무역보험공사_환율_20230718.csv
1985-07-09,1985,7,9,JPY,354.84,0.83,1.55,5.1,한국무역보험공사_환율_20230718.csv
1985-07-10,1985,7,10,JPY,356.89,1.27,2.14,5.61,한국무역보험공사_환율_20230718.csv
1985-07-11,1985,7,11,JPY,357.61,1.43,2.39,4.51,한국무역보험공사_환율_20230718.csv
1985-07-12,1985,7,12,JPY,359.27,1.82,2.81,5.16,한국무역보험공사_환율_20230718.csv
1985-07-13,1985,7,13,JPY,363.83,2.83,4.16,6.49,한국무역보험공사_환율_20230718.csv
1985-07-14,1985,7,14,JPY,363.83,2.83,3.84,6.49,한국무역보험공사_환율_20230718.csv
1985-07-15,1985,7,15,JPY,363.83,2.83,3.73,6.26,한국무역보험공사_환율_20230718.csv
1985-07-16,1985,7,16,JPY,369.6,4.16,5.38,7.36,한국무역보험공사_환율_20230718.csv
1985-07-17,1985,7,17,JPY,369.6,3.56,5.38,7.7,한국무역보험공사_환율_20230718.csv
1985-07-18,1985,7,18,JPY,367.26,2.7,4.53,5.67,한국무역보험공사_환율_20230718.csv
1985-07-19,1985,7,19,JPY,366.32,1.96,3.45,5.71,한국무역보험공사_환율_20230718.csv
1985-07-20,1985,7,20,JPY,366.6,0.76,4.11,5.79,한국무역보험공사_환율_20230718.csv
1985-07-21,1985,7,21,JPY,366.6,0.76,4.26,5.79,한국무역보험공사_환율_20230718.csv
1985-07-22,1985,7,22,JPY,366.6,0.76,3.93,6.36,한국무역보험공사_환율_20230718.csv
1985-07-23,1985,7,23,JPY,366.69,-0.79,3.96,6.43,한국무역보험공사_환율_20230718.csv
1985-07-24,1985,7,24,JPY,366.37,-0.87,3.87,6.28,한국무역보험공사_환율_20230718.csv
1985-07-25,1985,7,25,JPY,367.26,0.0,4.29,7.22,한국무역보험공사_환율_20230718.csv
1985-07-26,1985,7,26,JPY,366.87,0.15,4.44,7.17,한국무역보험공사_환율_20230718.csv
1985-07-27,1985,7,27,JPY,368.99,0.65,5.07,7.79,한국무역보험공사_환율_20230718.csv
1985-07-28,1985,7,28,JPY,368.99,0.65,5.05,7.79,한국무역보험공사_환율_20230718.csv
1985-07-29,1985,7,29,JPY,368.99,0.65,4.94,7.41,한국무역보험공사_환율_20230718.csv
1985-07-30,1985,7,30,JPY,368.39,0.46,4.77,7.4,한국무역보험공사_환율_20230718.csv
1985-07-31,1985,7,31,JPY,370.14,1.03,5.26,7.71,한국무역보험공사_환율_20230718.csv
1985-08-01,1985,8,1,JPY,371.31,1.1,5.51,8.27,한국무역보험공사_환율_20230718.csv
1985-08-02,1985,8,2,JPY,368.8,0.53,4.65,8.13,한국무역보험공사_환율_20230718.csv
1985-08-03,1985,8,3,JPY,371.45,0.67,5.35,8.91,한국무역보험공사_환율_20230718.csv
1985-08-04,1985,8,4,JPY,371.45,0.67,5.27,8.91,한국무역보험공사_환율_20230718.csv
1985-08-05,1985,8,5,JPY,371.45,0.67,4.98,8.95,한국무역보험공사_환율_20230718.csv
1985-08-07,1985,8,7,JPY,369.88,0.4,4.54,7.75,한국무역보험공사_환율_20230718.csv
1985-08-08,1985,8,8,JPY,370.39,0.07,4.68,7.67,한국무역보험공사_환율_20230718.csv
1985-08-09,1985,8,9,JPY,370.73,-0.16,4.48,7.7,한국무역보험공사_환율_20230718.csv
1985-08-10,1985,8,10,JPY,371.85,0.83,4.19,7.91,한국무역보험공사_환율_20230718.csv
1985-08-11,1985,8,11,JPY,371.85,0.11,3.98,7.91,한국무역보험공사_환율_20230718.csv
1985-08-12,1985,8,12,JPY,371.85,0.11,3.5,7.91,한국무역보험공사_환율_20230718.csv
1985-08-13,1985,8,13,JPY,373.58,0.57,2.68,7.87,한국무역보험공사_환율_20230718.csv
1985-08-14,1985,8,14,JPY,372.08,0.59,2.27,7.3,한국무역보험공사_환율_20230718.csv
1985-08-15,1985,8,15,JPY,372.08,0.46,2.27,7.31,한국무역보험공사_환율_20230718.csv
1985-08-16,1985,8,16,JPY,372.98,0.61,0.91,7.97,한국무역보험공사_환율_20230718.csv
1985-08-17,1985,8,17,JPY,372.85,0.27,0.88,7.6,한국무역보험공사_환율_20230718.csv
1985-08-18,1985,8,18,JPY,372.85,0.27,1.52,7.6,한국무역보험공사_환율_20230718.csv
1985-08-19,1985,8,19,JPY,372.85,0.27,1.78,7.6,한국무역보험공사_환율_20230718.csv
1985-08-20,1985,8,20,JPY,373.01,-0.15,1.75,7.57,한국무역보험공사_환율_20230718.csv
1985-08-21,1985,8,21,JPY,372.35,0.07,1.57,7.17,한국무역보험공사_환율_20230718.csv
1985-08-22,1985,8,22,JPY,373.86,0.48,1.98,7.91,한국무역보험공사_환율_20230718.csv
1985-08-23,1985,8,23,JPY,373.3,0.09,1.8,7.67,한국무역보험공사_환율_20230718.csv
1985-08-24,1985,8,24,JPY,373.62,0.21,1.98,7.69,한국무역보험공사_환율_20230718.csv
1985-08-25,1985,8,25,JPY,373.62,0.21,1.73,7.69,한국무역보험공사_환율_20230718.csv
1985-08-26,1985,8,26,JPY,373.62,0.21,1.84,7.69,한국무역보험공사_환율_20230718.csv
1985-08-27,1985,8,27,JPY,373.65,0.17,1.26,7.7,한국무역보험공사_환율_20230718.csv
1985-08-28,1985,8,28,JPY,373.29,0.25,1.17,7.69,한국무역보험공사_환율_20230718.csv
1985-08-29,1985,8,29,JPY,373.41,-0.12,1.2,7.76,한국무역보험공사_환율_20230718.csv
1985-08-30,1985,8,30,JPY,373.21,-0.02,1.31,7.83,한국무역보험공사_환율_20230718.csv
1985-08-31,1985,8,31,JPY,370.97,-0.71,0.22,6.74,한국무역보험공사_환율_20230718.csv
1985-09-01,1985,9,1,JPY,370.97,-0.71,-0.09,6.74,한국무역보험공사_환율_20230718.csv
1985-09-02,1985,9,2,JPY,370.97,-0.71,0.59,6.74,한국무역보험공사_환율_20230718.csv
1985-09-03,1985,9,3,JPY,372.71,-0.25,0.34,6.43,한국무역보험공사_환율_20230718.csv
1985-09-04,1985,9,4,JPY,371.4,-0.51,-0.01,6.4,한국무역보험공사_환율_20230718.csv
1985-09-05,1985,9,5,JPY,371.79,-0.43,0.09,6.51,한국무역보험공사_환율_20230718.csv
1985-09-06,1985,9,6,JPY,370.11,-0.83,0.06,5.62,한국무역보험공사_환율_20230718.csv
1985-09-07,1985,9,7,JPY,368.33,-0.71,-0.56,5.41,한국무역보험공사_환율_20230718.csv
1985-09-08,1985,9,8,JPY,368.33,-0.71,-0.65,5.41,한국무역보험공사_환율_20230718.csv
1985-09-09,1985,9,9,JPY,368.33,-0.71,-0.95,5.41,한국무역보험공사_환율_20230718.csv
1985-09-10,1985,9,10,JPY,366.42,-1.69,-1.46,4.91,한국무역보험공사_환율_20230718.csv
1985-09-11,1985,9,11,JPY,366.79,-1.24,-1.36,4.96,한국무역보험공사_환율_20230718.csv
1985-09-12,1985,9,12,JPY,365.8,-1.61,-2.08,4.72,한국무역보험공사_환율_20230718.csv
1985-09-13,1985,9,13,JPY,366.76,-0.91,-1.43,4.67,한국무역보험공사_환율_20230718.csv
1985-09-14,1985,9,14,JPY,369.37,0.28,-0.73,5.31,한국무역보험공사_환율_20230718.csv
1985-09-15,1985,9,15,JPY,369.37,0.28,-0.97,5.31,한국무역보험공사_환율_20230718.csv
1985-09-16,1985,9,16,JPY,369.37,0.28,-0.93,5.31,한국무역보험공사_환율_20230718.csv
1985-09-17,1985,9,17,JPY,369.94,0.96,-0.78,5.3,한국무역보험공사_환율_20230718.csv
1985-09-18,1985,9,18,JPY,369.02,0.61,-1.03,4.21,한국무역보험공사_환율_20230718.csv
1985-09-19,1985,9,19,JPY,367.78,0.54,-1.4,4.44,한국무역보험공사_환율_20230718.csv
1985-09-20,1985,9,20,JPY,368.76,0.55,-0.96,4.87,한국무역보험공사_환율_20230718.csv
1985-09-21,1985,9,21,JPY,373.46,1.11,-0.11,5.88,한국무역보험공사_환율_20230718.csv
1985-09-22,1985,9,22,JPY,373.46,1.11,0.04,5.88,한국무역보험공사_환율_20230718.csv
1985-09-23,1985,9,23,JPY,373.46,1.11,-0.04,5.88,한국무역보험공사_환율_20230718.csv
1985-09-24,1985,9,24,JPY,393.56,6.38,5.34,11.76,한국무역보험공사_환율_20230718.csv
1985-09-25,1985,9,25,JPY,388.55,5.29,4.0,10.62,한국무역보험공사_환율_20230718.csv
1985-09-26,1985,9,26,JPY,394.56,7.28,5.6,12.35,한국무역보험공사_환율_20230718.csv
1985-09-27,1985,9,27,JPY,403.4,9.39,8.07,14.84,한국무역보험공사_환율_20230718.csv
1985-09-28,1985,9,28,JPY,408.48,9.38,9.39,16.17,한국무역보험공사_환율_20230718.csv
1985-09-29,1985,9,29,JPY,408.48,9.38,9.45,16.17,한국무역보험공사_환율_20230718.csv
1985-09-30,1985,9,30,JPY,408.48,9.38,10.11,16.17,한국무역보험공사_환율_20230718.csv
1985-10-01,1985,10,1,JPY,408.48,3.79,10.11,16.07,한국무역보험공사_환율_20230718.csv
1985-10-02,1985,10,2,JPY,418.16,7.62,12.72,18.66,한국무역보험공사_환율_20230718.csv
1985-10-03,1985,10,3,JPY,418.16,5.98,12.19,18.6,한국무역보험공사_환율_20230718.csv
1985-10-04,1985,10,4,JPY,419.64,4.03,12.99,18.93,한국무역보험공사_환율_20230718.csv
1985-10-05,1985,10,5,JPY,416.6,1.99,12.05,17.74,한국무역보험공사_환율_20230718.csv
1985-10-06,1985,10,6,JPY,416.6,1.99,12.56,17.74,한국무역보험공사_환율_20230718.csv
1985-10-07,1985,10,7,JPY,416.6,1.99,13.11,17.74,한국무역보험공사_환율_20230718.csv
1985-10-08,1985,10,8,JPY,413.21,1.16,12.18,16.45,한국무역보험공사_환율_20230718.csv
1985-10-09,1985,10,9,JPY,413.21,-1.18,12.18,15.78,한국무역보험공사_환율_20230718.csv
1985-10-10,1985,10,10,JPY,412.31,-1.4,12.52,15.3,한국무역보험공사_환율_20230718.csv
1985-10-11,1985,10,11,JPY,413.54,-1.45,12.75,15.11,한국무역보험공사_환율_20230718.csv
1985-10-12,1985,10,12,JPY,414.8,-0.43,13.4,14.01,한국무역보험공사_환율_20230718.csv
1985-10-13,1985,10,13,JPY,414.8,-0.43,13.1,14.01,한국무역보험공사_환율_20230718.csv
1985-10-14,1985,10,14,JPY,414.8,-0.43,12.3,14.01,한국무역보험공사_환율_20230718.csv
1985-10-15,1985,10,15,JPY,414.21,0.24,12.14,12.07,한국무역보험공사_환율_20230718.csv
1985-10-16,1985,10,16,JPY,413.46,0.06,11.94,11.87,한국무역보험공사_환율_20230718.csv
1985-10-17,1985,10,17,JPY,412.57,0.06,11.52,12.34,한국무역보험공사_환율_20230718.csv
1985-10-18,1985,10,18,JPY,415.41,0.45,12.57,13.4,한국무역보험공사_환율_20230718.csv
1985-10-19,1985,10,19,JPY,415.46,0.16,12.96,13.33,한국무역보험공사_환율_20230718.csv
1985-10-20,1985,10,20,JPY,415.46,0.16,12.66,13.33,한국무역보험공사_환율_20230718.csv
1985-10-21,1985,10,21,JPY,415.46,0.16,11.25,13.33,한국무역보험공사_환율_20230718.csv
1985-10-22,1985,10,22,JPY,413.44,-0.19,10.71,12.75,한국무역보험공사_환율_20230718.csv
1985-10-23,1985,10,23,JPY,414.06,0.15,10.87,13.02,한국무역보험공사_환율_20230718.csv
1985-10-24,1985,10,24,JPY,413.48,0.22,5.06,12.59,한국무역보험공사_환율_20230718.csv
1985-10-25,1985,10,25,JPY,412.76,-0.64,6.23,12.51,한국무역보험공사_환율_20230718.csv
1985-10-26,1985,10,26,JPY,416.42,0.23,5.54,12.85,한국무역보험공사_환율_20230718.csv
1985-10-27,1985,10,27,JPY,416.42,0.23,3.23,12.85,한국무역보험공사_환율_20230718.csv
1985-10-28,1985,10,28,JPY,416.42,0.23,1.94,12.85,한국무역보험공사_환율_20230718.csv
1985-10-29,1985,10,29,JPY,418.77,1.29,2.52,13.68,한국무역보험공사_환율_20230718.csv
1985-10-30,1985,10,30,JPY,420.7,1.6,2.99,13.66,한국무역보험공사_환율_20230718.csv
1985-10-31,1985,10,31,JPY,420.06,1.59,2.83,13.13,한국무역보험공사_환율_20230718.csv
1985-11-01,1985,11,1,JPY,423.11,2.51,1.18,14.73,한국무역보험공사_환율_20230718.csv
1985-11-02,1985,11,2,JPY,427.53,2.67,2.24,15.1,한국무역보험공사_환율_20230718.csv
1985-11-03,1985,11,3,JPY,427.53,2.67,1.88,15.1,한국무역보험공사_환율_20230718.csv
1985-11-04,1985,11,4,JPY,427.53,2.67,2.62,15.1,한국무역보험공사_환율_20230718.csv
1985-11-05,1985,11,5,JPY,428.62,2.35,2.89,15.88,한국무역보험공사_환율_20230718.csv
1985-11-06,1985,11,6,JPY,430.72,2.38,3.39,16.29,한국무역보험공사_환율_20230718.csv
1985-11-07,1985,11,7,JPY,436.59,3.94,5.66,17.76,한국무역보험공사_환율_20230718.csv
1985-11-08,1985,11,8,JPY,432.52,2.22,4.67,16.32,한국무역보험공사_환율_20230718.csv
1985-11-09,1985,11,9,JPY,434.77,1.69,5.45,16.92,한국무역보험공사_환율_20230718.csv
1985-11-10,1985,11,10,JPY,434.77,1.69,5.13,16.92,한국무역보험공사_환율_20230718.csv
1985-11-11,1985,11,11,JPY,434.77,1.69,4.81,16.38,한국무역보험공사_환율_20230718.csv
1985-11-12,1985,11,12,JPY,433.53,1.15,4.52,16.52,한국무역보험공사_환율_20230718.csv
1985-11-13,1985,11,13,JPY,435.56,1.12,5.0,17.06,한국무역보험공사_환율_20230718.csv
1985-11-14,1985,11,14,JPY,435.58,-0.23,5.16,16.78,한국무역보험공사_환율_20230718.csv
1985-11-15,1985,11,15,JPY,440.33,1.81,6.5,18.1,한국무역보험공사_환율_20230718.csv
1985-11-16,1985,11,16,JPY,436.91,0.49,5.9,17.18,한국무역보험공사_환율_20230718.csv
1985-11-17,1985,11,17,JPY,436.91,0.49,5.18,17.18,한국무역보험공사_환율_20230718.csv
1985-11-18,1985,11,18,JPY,436.91,0.49,5.16,17.13,한국무역보험공사_환율_20230718.csv
1985-11-19,1985,11,19,JPY,437.94,1.02,5.41,17.62,한국무역보험공사_환율_20230718.csv
1985-11-20,1985,11,20,JPY,438.28,0.62,5.49,17.23,한국무역보험공사_환율_20230718.csv
1985-11-21,1985,11,21,JPY,439.3,0.85,6.25,17.68,한국무역보험공사_환율_20230718.csv
1985-11-22,1985,11,22,JPY,442.93,0.59,6.97,18.55,한국무역보험공사_환율_20230718.csv
1985-11-23,1985,11,23,JPY,442.84,1.36,7.1,18.53,한국무역보험공사_환율_20230718.csv
1985-11-24,1985,11,24,JPY,442.84,1.36,7.29,18.53,한국무역보험공사_환율_20230718.csv
1985-11-25,1985,11,25,JPY,442.84,1.36,6.34,18.52,한국무역보험공사_환율_20230718.csv
1985-11-26,1985,11,26,JPY,442.53,1.05,6.27,18.55,한국무역보험공사_환율_20230718.csv
1985-11-27,1985,11,27,JPY,443.22,1.13,6.44,18.7,한국무역보험공사_환율_20230718.csv
1985-11-28,1985,11,28,JPY,442.47,0.72,5.66,18.56,한국무역보험공사_환율_20230718.csv
1985-11-29,1985,11,29,JPY,441.46,-0.33,4.93,19.0,한국무역보험공사_환율_20230718.csv
1985-11-30,1985,11,30,JPY,439.28,-0.8,4.58,18.41,한국무역보험공사_환율_20230718.csv
1985-12-01,1985,12,1,JPY,439.28,-0.8,3.82,18.41,한국무역보험공사_환율_20230718.csv
1985-12-02,1985,12,2,JPY,439.28,-0.8,2.75,17.86,한국무역보험공사_환율_20230718.csv
1985-12-03,1985,12,3,JPY,435.87,-1.5,1.95,17.36,한국무역보험공사_환율_20230718.csv
1985-12-04,1985,12,4,JPY,435.26,-1.8,1.81,17.07,한국무역보험공사_환율_20230718.csv
1985-12-05,1985,12,5,JPY,439.47,-0.68,2.53,18.74,한국무역보험공사_환율_20230718.csv
1985-12-06,1985,12,6,JPY,438.64,-0.64,1.84,19.09,한국무역보험공사_환율_20230718.csv
1985-12-07,1985,12,7,JPY,437.81,-0.33,0.28,18.86,한국무역보험공사_환율_20230718.csv
1985-12-08,1985,12,8,JPY,437.81,-0.33,1.22,18.86,한국무역보험공사_환율_20230718.csv
1985-12-09,1985,12,9,JPY,437.81,-0.33,0.7,19.48,한국무역보험공사_환율_20230718.csv
1985-12-10,1985,12,10,JPY,438.06,0.5,0.76,19.43,한국무역보험공사_환율_20230718.csv
1985-12-11,1985,12,11,JPY,437.34,0.48,0.59,19.56,한국무역보험공사_환율_20230718.csv
1985-12-12,1985,12,12,JPY,437.9,-0.36,1.01,19.4,한국무역보험공사_환율_20230718.csv
1985-12-13,1985,12,13,JPY,440.85,0.5,1.21,19.35,한국무역보험공사_환율_20230718.csv
1985-12-14,1985,12,14,JPY,439.49,0.38,0.9,18.98,한국무역보험공사_환율_20230718.csv
1985-12-15,1985,12,15,JPY,439.49,0.38,-0.19,18.98,한국무역보험공사_환율_20230718.csv
1985-12-16,1985,12,16,JPY,439.49,0.38,0.59,18.8,한국무역보험공사_환율_20230718.csv
1985-12-17,1985,12,17,JPY,440.8,0.63,0.89,19.45,한국무역보험공사_환율_20230718.csv
1985-12-18,1985,12,18,JPY,441.09,0.86,0.96,19.93,한국무역보험공사_환율_20230718.csv
1985-12-19,1985,12,19,JPY,438.63,0.17,0.16,18.95,한국무역보험공사_환율_20230718.csv
1985-12-20,1985,12,20,JPY,439.09,-0.4,0.18,17.57,한국무역보험공사_환율_20230718.csv
1985-12-21,1985,12,21,JPY,440.09,0.14,0.18,17.84,한국무역보험공사_환율_20230718.csv
1985-12-22,1985,12,22,JPY,440.09,0.14,-0.64,17.84,한국무역보험공사_환율_20230718.csv
1985-12-23,1985,12,23,JPY,440.09,0.14,-0.62,11.82,한국무역보험공사_환율_20230718.csv
1985-12-24,1985,12,24,JPY,439.95,-0.19,-0.65,13.23,한국무역보험공사_환율_20230718.csv
1985-12-25,1985,12,25,JPY,439.95,-0.26,-0.65,11.5,한국무역보험공사_환율_20230718.csv
1985-12-26,1985,12,26,JPY,439.73,0.25,-0.63,9.01,한국무역보험공사_환율_20230718.csv
1985-12-27,1985,12,27,JPY,439.4,0.07,-0.86,7.57,한국무역보험공사_환율_20230718.csv
1985-12-28,1985,12,28,JPY,441.11,0.23,-0.31,7.99,한국무역보험공사_환율_20230718.csv
1985-12-29,1985,12,29,JPY,441.11,0.23,-0.08,7.99,한국무역보험공사_환율_20230718.csv
1985-12-30,1985,12,30,JPY,441.11,0.23,0.42,7.99,한국무역보험공사_환율_20230718.csv
1985-12-31,1985,12,31,JPY,443.66,0.84,1.0,6.1,한국무역보험공사_환율_20230718.csv
1986-01-04,1986,1,4,JPY,438.07,-0.43,-0.28,4.76,한국무역보험공사_환율_20230718.csv
1986-01-06,1986,1,6,JPY,438.07,-0.38,0.5,4.39,한국무역보험공사_환율_20230718.csv
1986-01-07,1986,1,7,JPY,441.73,0.53,1.49,6.03,한국무역보험공사_환율_20230718.csv
1986-01-08,1986,1,8,JPY,441.2,0.02,0.39,5.9,한국무역보험공사_환율_20230718.csv
1986-01-09,1986,1,9,JPY,439.38,-0.39,0.17,5.47,한국무역보험공사_환율_20230718.csv
1986-01-10,1986,1,10,JPY,442.03,0.21,0.96,6.97,한국무역보험공사_환율_20230718.csv
1986-01-11,1986,1,11,JPY,439.8,-0.87,0.45,6.43,한국무역보험공사_환율_20230718.csv
1986-01-13,1986,1,13,JPY,439.8,0.39,0.45,6.67,한국무역보험공사_환율_20230718.csv
1986-01-14,1986,1,14,JPY,439.61,0.35,0.35,6.3,한국무역보험공사_환율_20230718.csv
1986-01-15,1986,1,15,JPY,439.39,-0.53,0.47,5.93,한국무역보험공사_환율_20230718.csv
1986-01-16,1986,1,16,JPY,440.28,-0.21,0.54,6.14,한국무역보험공사_환율_20230718.csv
1986-01-17,1986,1,17,JPY,439.76,0.09,-0.25,6.02,한국무역보험공사_환율_20230718.csv
1986-01-18,1986,1,18,JPY,440.55,-0.33,0.24,6.36,한국무역보험공사_환율_20230718.csv
1986-01-20,1986,1,20,JPY,440.55,0.17,0.24,6.55,한국무역보험공사_환율_20230718.csv
1986-01-21,1986,1,21,JPY,440.58,0.18,0.25,6.79,한국무역보험공사_환율_20230718.csv
1986-01-22,1986,1,22,JPY,440.04,0.1,-0.17,5.93,한국무역보험공사_환율_20230718.csv
1986-01-23,1986,1,23,JPY,441.53,0.49,0.1,6.27,한국무역보험공사_환율_20230718.csv
1986-01-24,1986,1,24,JPY,441.71,0.32,0.7,6.32,한국무역보험공사_환율_20230718.csv
1986-01-25,1986,1,25,JPY,451.99,2.78,2.94,8.79,한국무역보험공사_환율_20230718.csv
1986-01-27,1986,1,27,JPY,451.99,2.6,2.7,9.32,한국무역보험공사_환율_20230718.csv
1986-01-28,1986,1,28,JPY,456.25,3.56,3.67,10.19,한국무역보험공사_환율_20230718.csv
1986-01-29,1986,1,29,JPY,455.81,3.46,3.57,10.24,한국무역보험공사_환율_20230718.csv
1986-01-30,1986,1,30,JPY,458.89,4.28,4.31,11.18,한국무역보험공사_환율_20230718.csv
1986-01-31,1986,1,31,JPY,461.67,4.56,4.94,10.87,한국무역보험공사_환율_20230718.csv
1986-02-01,1986,2,1,JPY,463.75,4.99,5.46,11.37,한국무역보험공사_환율_20230718.csv
1986-02-02,1986,2,2,JPY,463.75,2.6,5.54,11.37,한국무역보험공사_환율_20230718.csv
1986-02-03,1986,2,3,JPY,463.75,2.6,5.13,10.74,한국무역보험공사_환율_20230718.csv
1986-02-04,1986,2,4,JPY,465.41,2.01,5.51,10.63,한국무역보험공사_환율_20230718.csv
1986-02-05,1986,2,5,JPY,463.25,1.63,5.02,10.28,한국무역보험공사_환율_20230718.csv
1986-02-06,1986,2,6,JPY,465.47,1.43,4.92,10.01,한국무역보험공사_환율_20230718.csv
1986-02-07,1986,2,7,JPY,464.89,0.7,6.12,8.74,한국무역보험공사_환율_20230718.csv
1986-02-08,1986,2,8,JPY,465.8,0.44,6.33,8.95,한국무역보험공사_환율_20230718.csv
1986-02-10,1986,2,10,JPY,465.8,0.44,5.45,8.95,한국무역보험공사_환율_20230718.csv
1986-02-11,1986,2,11,JPY,473.66,2.14,7.36,10.51,한국무역보험공사_환율_20230718.csv
1986-02-12,1986,2,12,JPY,473.45,1.73,7.75,9.92,한국무역보험공사_환율_20230718.csv
1986-02-13,1986,2,13,JPY,475.52,2.65,7.58,8.92,한국무역보험공사_환율_20230718.csv
1986-02-14,1986,2,14,JPY,486.93,4.61,10.72,12.58,한국무역보험공사_환율_20230718.csv
1986-02-15,1986,2,15,JPY,488.99,5.18,11.18,12.47,한국무역보험공사_환율_20230718.csv
1986-02-17,1986,2,17,JPY,488.99,4.98,11.23,12.47,한국무역보험공사_환율_20230718.csv
1986-02-18,1986,2,18,JPY,490.87,5.38,11.72,12.9,한국무역보험공사_환율_20230718.csv
1986-02-19,1986,2,19,JPY,494.75,4.45,12.37,14.12,한국무역보험공사_환율_20230718.csv
1986-02-20,1986,2,20,JPY,490.42,3.58,11.52,12.6,한국무역보험공사_환율_20230718.csv
1986-02-21,1986,2,21,JPY,491.49,3.36,11.56,12.84,한국무역보험공사_환율_20230718.csv
1986-02-22,1986,2,22,JPY,485.17,-0.36,10.13,10.18,한국무역보험공사_환율_20230718.csv
1986-02-24,1986,2,24,JPY,485.17,-0.78,10.12,11.05,한국무역보험공사_환율_20230718.csv
1986-02-25,1986,2,25,JPY,488.09,-0.18,10.92,11.71,한국무역보험공사_환율_20230718.csv
1986-02-26,1986,2,26,JPY,488.14,-0.56,10.56,11.73,한국무역보험공사_환율_20230718.csv
1986-02-27,1986,2,27,JPY,487.7,-1.42,10.41,11.36,한국무역보험공사_환율_20230718.csv
1986-02-28,1986,2,28,JPY,490.46,0.01,8.51,11.91,한국무역보험공사_환율_20230718.csv
1986-03-03,1986,3,3,JPY,490.81,-0.14,8.59,11.73,한국무역보험공사_환율_20230718.csv
1986-03-04,1986,3,4,JPY,493.14,1.64,8.09,11.34,한국무역보험공사_환율_20230718.csv
1986-03-05,1986,3,5,JPY,492.65,1.54,8.08,11.25,한국무역보험공사_환율_20230718.csv
1986-03-06,1986,3,6,JPY,487.96,-0.03,6.33,10.19,한국무역보험공사_환율_20230718.csv
1986-03-07,1986,3,7,JPY,492.79,0.95,6.74,11.28,한국무역보험공사_환율_20230718.csv
1986-03-08,1986,3,8,JPY,493.39,1.17,6.39,11.49,한국무역보험공사_환율_20230718.csv
1986-03-10,1986,3,10,JPY,493.39,0.6,6.39,11.32,한국무역보험공사_환율_20230718.csv
1986-03-11,1986,3,11,JPY,490.8,-0.0,5.83,10.92,한국무역보험공사_환율_20230718.csv
1986-03-12,1986,3,12,JPY,492.33,-0.16,5.78,11.52,한국무역보험공사_환율_20230718.csv
1986-03-13,1986,3,13,JPY,490.6,-0.42,5.9,11.68,한국무역보험공사_환율_20230718.csv
1986-03-14,1986,3,14,JPY,493.48,1.13,6.02,12.34,한국무역보험공사_환율_20230718.csv
1986-03-15,1986,3,15,JPY,500.16,1.5,7.59,13.86,한국무역보험공사_환율_20230718.csv
1986-03-17,1986,3,17,JPY,500.16,1.37,7.38,14.75,한국무역보험공사_환율_20230718.csv
1986-03-18,1986,3,18,JPY,505.0,2.35,8.42,16.02,한국무역보험공사_환율_20230718.csv
1986-03-19,1986,3,19,JPY,503.77,2.64,6.36,14.63,한국무역보험공사_환율_20230718.csv
1986-03-20,1986,3,20,JPY,499.78,1.51,5.56,13.94,한국무역보험공사_환율_20230718.csv
1986-03-21,1986,3,21,JPY,501.68,2.26,5.5,14.59,한국무역보험공사_환율_20230718.csv
1986-03-22,1986,3,22,JPY,501.76,1.68,3.05,14.61,한국무역보험공사_환율_20230718.csv
1986-03-24,1986,3,24,JPY,501.76,0.32,2.61,14.61,한국무역보험공사_환율_20230718.csv
1986-03-25,1986,3,25,JPY,492.27,-1.58,0.67,12.38,한국무역보험공사_환율_20230718.csv
1986-03-26,1986,3,26,JPY,490.5,-2.87,-0.08,12.16,한국무역보험공사_환율_20230718.csv
1986-03-27,1986,3,27,JPY,492.0,-2.34,-0.56,12.35,한국무역보험공사_환율_20230718.csv
1986-03-28,1986,3,28,JPY,492.46,-1.46,0.42,11.71,한국무역보험공사_환율_20230718.csv
1986-03-29,1986,3,29,JPY,492.33,-1.86,0.17,12.02,한국무역보험공사_환율_20230718.csv
1986-03-31,1986,3,31,JPY,492.33,-1.88,1.48,12.02,한국무역보험공사_환율_20230718.csv
1986-04-01,1986,4,1,JPY,498.48,-0.65,2.74,13.42,한국무역보험공사_환율_20230718.csv
1986-04-02,1986,4,2,JPY,495.9,0.74,1.6,12.5,한국무역보험공사_환율_20230718.csv
1986-04-03,1986,4,3,JPY,492.25,0.36,0.84,11.6,한국무역보험공사_환율_20230718.csv
1986-04-04,1986,4,4,JPY,493.08,0.22,1.1,12.41,한국무역보험공사_환율_20230718.csv
1986-04-07,1986,4,7,JPY,491.37,-0.22,0.19,11.91,한국무역보험공사_환율_20230718.csv
1986-04-08,1986,4,8,JPY,485.4,-1.41,-1.1,10.3,한국무역보험공사_환율_20230718.csv
1986-04-09,1986,4,9,JPY,493.55,0.25,0.08,12.15,한국무역보험공사_환율_20230718.csv
1986-04-10,1986,4,10,JPY,492.37,-1.23,-0.06,11.88,한국무역보험공사_환율_20230718.csv
1986-04-11,1986,4,11,JPY,498.51,0.53,2.16,13.31,한국무역보험공사_환율_20230718.csv
1986-04-12,1986,4,12,JPY,496.33,0.83,0.72,12.82,한국무역보험공사_환율_20230718.csv
1986-04-14,1986,4,14,JPY,496.33,0.66,0.6,12.87,한국무역보험공사_환율_20230718.csv
1986-04-15,1986,4,15,JPY,495.92,0.93,0.51,12.86,한국무역보험공사_환율_20230718.csv
1986-04-16,1986,4,16,JPY,497.2,2.43,1.3,12.72,한국무역보험공사_환율_20230718.csv
1986-04-17,1986,4,17,JPY,503.33,1.98,2.23,14.11,한국무역보험공사_환율_20230718.csv
1986-04-18,1986,4,18,JPY,503.1,2.18,2.55,14.05,한국무역보험공사_환율_20230718.csv
1986-04-19,1986,4,19,JPY,507.92,1.89,2.93,14.48,한국무역보험공사_환율_20230718.csv
1986-04-21,1986,4,21,JPY,507.92,2.34,1.55,15.94,한국무역보험공사_환율_20230718.csv
1986-04-22,1986,4,22,JPY,517.94,4.35,3.55,18.23,한국무역보험공사_환율_20230718.csv
1986-04-23,1986,4,23,JPY,523.53,5.57,3.67,18.52,한국무역보험공사_환율_20230718.csv
1986-04-24,1986,4,24,JPY,527.2,6.03,4.65,19.49,한국무역보험공사_환율_20230718.csv
1986-04-25,1986,4,25,JPY,524.93,4.29,5.03,19.47,한국무역보험공사_환율_20230718.csv
1986-04-26,1986,4,26,JPY,528.36,5.02,5.32,19.53,한국무역보험공사_환율_20230718.csv
1986-04-28,1986,4,28,JPY,528.36,4.02,5.3,20.14,한국무역보험공사_환율_20230718.csv
1986-04-29,1986,4,29,JPY,528.6,4.07,5.35,20.19,한국무역보험공사_환율_20230718.csv
1986-04-30,1986,4,30,JPY,526.69,1.69,6.99,19.81,한국무역보험공사_환율_20230718.csv
1986-05-01,1986,5,1,JPY,524.73,0.23,6.98,19.42,한국무역보험공사_환율_20230718.csv
1986-05-02,1986,5,2,JPY,521.24,-1.13,5.94,18.39,한국무역보험공사_환율_20230718.csv
1986-05-03,1986,5,3,JPY,523.61,-0.25,6.33,19.07,한국무역보험공사_환율_20230718.csv
1986-05-06,1986,5,6,JPY,535.96,1.44,8.86,21.66,한국무역보험공사_환율_20230718.csv
1986-05-07,1986,5,7,JPY,534.81,1.22,8.63,21.4,한국무역보험공사_환율_20230718.csv
1986-05-08,1986,5,8,JPY,540.6,2.27,8.45,22.7,한국무역보험공사_환율_20230718.csv
1986-05-09,1986,5,9,JPY,538.96,2.33,8.68,22.48,한국무역보험공사_환율_20230718.csv
1986-05-10,1986,5,10,JPY,543.84,3.64,10.48,23.17,한국무역보험공사_환율_20230718.csv
1986-05-12,1986,5,12,JPY,543.84,4.34,10.29,23.12,한국무역보험공사_환율_20230718.csv
1986-05-13,1986,5,13,JPY,551.3,5.29,12.2,21.97,한국무역보험공사_환율_20230718.csv
1986-05-14,1986,5,14,JPY,541.9,1.11,11.64,19.89,한국무역보험공사_환율_20230718.csv
1986-05-15,1986,5,15,JPY,541.96,1.34,9.81,18.79,한국무역보험공사_환율_20230718.csv
1986-05-17,1986,5,17,JPY,531.7,-1.65,7.99,16.65,한국무역보험공사_환율_20230718.csv
1986-05-19,1986,5,19,JPY,531.7,-1.35,6.66,15.87,한국무역보험공사_환율_20230718.csv
1986-05-20,1986,5,20,JPY,532.47,-2.09,7.28,15.34,한국무역보험공사_환율_20230718.csv
1986-05-21,1986,5,21,JPY,527.24,-3.05,6.23,13.69,한국무역보험공사_환율_20230718.csv
1986-05-22,1986,5,22,JPY,523.8,-4.99,5.62,12.95,한국무역보험공사_환율_20230718.csv
1986-05-23,1986,5,23,JPY,523.79,-3.34,5.35,12.95,한국무역보험공사_환율_20230718.csv
1986-05-24,1986,5,24,JPY,523.93,-3.33,4.09,12.57,한국무역보험공사_환율_20230718.csv
1986-05-26,1986,5,26,JPY,523.93,-1.46,4.14,13.1,한국무역보험공사_환율_20230718.csv
1986-05-27,1986,5,27,JPY,523.93,-1.46,3.15,12.56,한국무역보험공사_환율_20230718.csv
1986-05-28,1986,5,28,JPY,526.47,-1.13,3.65,13.25,한국무역보험공사_환율_20230718.csv
1986-05-29,1986,5,29,JPY,524.53,-0.51,1.27,12.61,한국무역보험공사_환율_20230718.csv
1986-05-30,1986,5,30,JPY,516.28,-1.44,-1.38,10.84,한국무역보험공사_환율_20230718.csv
1986-05-31,1986,5,31,JPY,509.34,-2.76,-3.39,7.53,한국무역보험공사_환율_20230718.csv
1986-06-02,1986,6,2,JPY,509.34,-2.78,-2.97,7.58,한국무역보험공사_환율_20230718.csv
1986-06-03,1986,6,3,JPY,508.02,-3.04,-3.85,6.83,한국무역보험공사_환율_20230718.csv
1986-06-04,1986,6,4,JPY,519.29,-0.89,-1.72,6.65,한국무역보험공사_환율_20230718.csv
1986-06-05,1986,6,5,JPY,519.91,-1.25,-1.64,6.32,한국무역보험공사_환율_20230718.csv
1986-06-07,1986,6,7,JPY,531.5,1.33,0.91,8.69,한국무역보험공사_환율_20230718.csv
1986-06-09,1986,6,9,JPY,531.5,2.95,1.29,8.28,한국무역보험공사_환율_20230718.csv
1986-06-10,1986,6,10,JPY,527.94,3.65,1.29,6.71,한국무역보험공사_환율_20230718.csv
1986-06-11,1986,6,11,JPY,531.11,4.27,1.43,8.3,한국무역보험공사_환율_20230718.csv
1986-06-12,1986,6,12,JPY,534.8,5.27,-0.22,8.81,한국무역보험공사_환율_20230718.csv
1986-06-13,1986,6,13,JPY,536.44,3.3,0.3,10.57,한국무역보험공사_환율_20230718.csv
1986-06-14,1986,6,14,JPY,537.72,3.43,-0.53,10.83,한국무역보험공사_환율_20230718.csv
1986-06-16,1986,6,16,JPY,537.72,1.17,-0.23,10.17,한국무역보험공사_환율_20230718.csv
1986-06-17,1986,6,17,JPY,534.02,0.47,-1.81,9.4,한국무역보험공사_환율_20230718.csv
1986-06-18,1986,6,18,JPY,536.2,1.56,-1.4,9.94,한국무역보험공사_환율_20230718.csv
1986-06-19,1986,6,19,JPY,532.74,0.31,-3.37,8.62,한국무역보험공사_환율_20230718.csv
1986-06-20,1986,6,20,JPY,532.47,-0.44,-1.74,8.49,한국무역보험공사_환율_20230718.csv
1986-06-21,1986,6,21,JPY,528.46,-1.49,-2.49,7.16,한국무역보험공사_환율_20230718.csv
1986-06-23,1986,6,23,JPY,527.24,-1.95,-0.84,7.02,한국무역보험공사_환율_20230718.csv
1986-06-24,1986,6,24,JPY,535.23,-0.46,0.66,9.69,한국무역보험공사_환율_20230718.csv
1986-06-25,1986,6,25,JPY,532.83,-0.22,0.07,8.13,한국무역보험공사_환율_20230718.csv
1986-06-26,1986,6,26,JPY,533.18,-0.56,1.13,8.06,한국무역보험공사_환율_20230718.csv
1986-06-27,1986,6,27,JPY,534.89,0.4,2.12,8.41,한국무역보험공사_환율_20230718.csv
1986-06-28,1986,6,28,JPY,536.2,0.7,2.37,9.25,한국무역보험공사_환율_20230718.csv
1986-06-30,1986,6,30,JPY,536.2,1.46,2.34,8.91,한국무역보험공사_환율_20230718.csv
1986-07-01,1986,7,1,JPY,543.79,3.14,3.79,10.84,한국무역보험공사_환율_20230718.csv
1986-07-02,1986,7,2,JPY,542.32,1.32,3.51,9.9,한국무역보험공사_환율_20230718.csv
1986-07-03,1986,7,3,JPY,544.15,2.12,3.36,8.8,한국무역보험공사_환율_20230718.csv
1986-07-04,1986,7,4,JPY,549.59,3.08,4.78,9.88,한국무역보험공사_환율_20230718.csv
1986-07-05,1986,7,5,JPY,550.71,2.96,6.67,9.05,한국무역보험공사_환율_20230718.csv
1986-07-07,1986,7,7,JPY,550.71,2.71,8.12,9.32,한국무역보험공사_환율_20230718.csv
1986-07-08,1986,7,8,JPY,545.52,1.74,7.1,9.15,한국무역보험공사_환율_20230718.csv
1986-07-09,1986,7,9,JPY,553.75,1.83,9.0,10.38,한국무역보험공사_환율_20230718.csv
1986-07-10,1986,7,10,JPY,553.3,2.02,6.55,10.27,한국무역보험공사_환율_20230718.csv
1986-07-11,1986,7,11,JPY,553.08,1.64,6.38,10.23,한국무역보험공사_환율_20230718.csv
1986-07-12,1986,7,12,JPY,547.92,-0.3,3.09,11.3,한국무역보험공사_환율_20230718.csv
1986-07-14,1986,7,14,JPY,547.92,-0.51,3.09,11.71,한국무역보험공사_환율_20230718.csv
1986-07-15,1986,7,15,JPY,554.54,0.7,5.04,12.71,한국무역보험공사_환율_20230718.csv
1986-07-16,1986,7,16,JPY,557.9,2.27,5.04,13.29,한국무역보험공사_환율_20230718.csv
1986-07-18,1986,7,18,JPY,564.16,1.88,5.49,14.59,한국무역보험공사_환율_20230718.csv
1986-07-19,1986,7,19,JPY,566.45,2.38,5.59,15.05,한국무역보험공사_환율_20230718.csv
1986-07-21,1986,7,21,JPY,566.45,2.42,5.34,13.64,한국무역보험공사_환율_20230718.csv
1986-07-22,1986,7,22,JPY,570.33,4.09,6.06,15.01,한국무역보험공사_환율_20230718.csv
1986-07-23,1986,7,23,JPY,568.74,3.8,6.5,15.54,한국무역보험공사_환율_20230718.csv
1986-07-24,1986,7,24,JPY,566.51,2.16,5.65,14.89,한국무역보험공사_환율_20230718.csv
1986-07-25,1986,7,25,JPY,565.38,1.34,6.13,15.06,한국무역보험공사_환율_20230718.csv
1986-07-26,1986,7,26,JPY,559.27,-0.87,5.03,15.22,한국무역보험공사_환율_20230718.csv
1986-07-28,1986,7,28,JPY,559.27,-1.27,5.83,13.32,한국무역보험공사_환율_20230718.csv
1986-07-29,1986,7,29,JPY,569.32,0.51,7.98,15.63,한국무역보험공사_환율_20230718.csv
1986-07-30,1986,7,30,JPY,566.48,-0.68,5.84,13.63,한국무역보험공사_환율_20230718.csv
1986-07-31,1986,7,31,JPY,568.77,0.01,6.75,14.6,한국무역보험공사_환율_20230718.csv
1986-08-01,1986,8,1,JPY,575.22,1.54,7.88,15.89,한국무역보험공사_환율_20230718.csv
1986-08-02,1986,8,2,JPY,573.9,1.51,7.29,15.72,한국무역보험공사_환율_20230718.csv
1986-08-04,1986,8,4,JPY,573.9,2.62,7.03,15.43,한국무역보험공사_환율_20230718.csv
1986-08-05,1986,8,5,JPY,573.23,2.5,6.91,13.89,한국무역보험공사_환율_20230718.csv
1986-08-06,1986,8,6,JPY,569.25,-0.01,4.68,13.15,한국무역보험공사_환율_20230718.csv
1986-08-07,1986,8,7,JPY,574.03,1.33,5.85,13.02,한국무역보험공사_환율_20230718.csv
1986-08-08,1986,8,8,JPY,573.27,0.79,5.35,12.87,한국무역보험공사_환율_20230718.csv
1986-08-09,1986,8,9,JPY,571.26,-0.69,3.94,10.29,한국무역보험공사_환율_20230718.csv
1986-08-11,1986,8,11,JPY,574.46,0.1,4.31,9.73,한국무역보험공사_환율_20230718.csv
1986-08-12,1986,8,12,JPY,575.19,0.22,4.45,9.1,한국무역보험공사_환율_20230718.csv
1986-08-13,1986,8,13,JPY,566.33,-1.2,3.81,7.89,한국무역보험공사_환율_20230718.csv
1986-08-14,1986,8,14,JPY,573.07,0.67,3.49,8.46,한국무역보험공사_환율_20230718.csv
1986-08-16,1986,8,16,JPY,573.79,-0.04,3.7,8.6,한국무역보험공사_환율_20230718.csv
1986-08-18,1986,8,18,JPY,573.79,0.09,3.74,8.55,한국무역보험공사_환율_20230718.csv
1986-08-19,1986,8,19,JPY,571.26,0.0,4.26,8.46,한국무역보험공사_환율_20230718.csv
1986-08-20,1986,8,20,JPY,577.16,0.47,5.34,9.99,한국무역보험공사_환율_20230718.csv
1986-08-21,1986,8,21,JPY,574.5,-0.12,3.6,10.22,한국무역보험공사_환율_20230718.csv
1986-08-22,1986,8,22,JPY,575.5,1.62,3.15,9.91,한국무역보험공사_환율_20230718.csv
1986-08-23,1986,8,23,JPY,573.61,0.09,1.68,7.02,한국무역보험공사_환율_20230718.csv
1986-08-25,1986,8,25,JPY,573.61,-0.03,1.26,7.25,한국무역보험공사_환율_20230718.csv
1986-08-26,1986,8,26,JPY,572.87,-0.16,1.13,5.97,한국무역보험공사_환율_20230718.csv
1986-08-27,1986,8,27,JPY,566.86,-0.77,-0.61,5.18,한국무역보험공사_환율_20230718.csv
1986-08-28,1986,8,28,JPY,569.67,-1.3,0.16,4.75,한국무역보험공사_환율_20230718.csv
1986-08-29,1986,8,29,JPY,564.45,-1.75,-0.36,3.79,한국무역보험공사_환율_20230718.csv
1986-08-30,1986,8,30,JPY,571.75,-0.65,1.13,3.71,한국무역보험공사_환율_20230718.csv
1986-09-01,1986,9,1,JPY,571.75,-0.32,2.23,5.51,한국무역보험공사_환율_20230718.csv
1986-09-02,1986,9,2,JPY,571.35,-0.39,2.16,5.42,한국무역보험공사_환율_20230718.csv
1986-09-03,1986,9,3,JPY,570.79,-0.36,0.26,7.35,한국무역보험공사_환율_20230718.csv
1986-09-04,1986,9,4,JPY,568.52,0.29,0.36,6.92,한국무역보험공사_환율_20230718.csv
1986-09-05,1986,9,5,JPY,566.15,-0.62,-0.46,6.33,한국무역보험공사_환율_20230718.csv
1986-09-06,1986,9,6,JPY,565.07,0.11,-1.76,7.18,한국무역보험공사_환율_20230718.csv
1986-09-08,1986,9,8,JPY,565.07,-1.17,-1.54,7.88,한국무역보험공사_환율_20230718.csv
1986-09-09,1986,9,9,JPY,564.12,-1.33,-1.7,7.7,한국무역보험공사_환율_20230718.csv
1986-09-10,1986,9,10,JPY,565.36,-1.05,-1.37,7.91,한국무역보험공사_환율_20230718.csv
1986-09-11,1986,9,11,JPY,568.51,-0.4,-0.13,8.51,한국무역보험공사_환율_20230718.csv
1986-09-12,1986,9,12,JPY,561.93,-1.16,-2.11,7.25,한국무역보험공사_환율_20230718.csv
1986-09-13,1986,9,13,JPY,566.33,0.03,-1.21,7.57,한국무역보험공사_환율_20230718.csv
1986-09-15,1986,9,15,JPY,566.33,0.22,-0.86,7.97,한국무역보험공사_환율_20230718.csv
1986-09-16,1986,9,16,JPY,566.84,0.31,-1.33,9.79,한국무역보험공사_환율_20230718.csv
1986-09-17,1986,9,17,JPY,561.91,-0.39,-2.31,10.32,한국무역보험공사_환율_20230718.csv
1986-09-20,1986,9,20,JPY,577.57,2.16,1.98,13.4,한국무역보험공사_환율_20230718.csv
1986-09-22,1986,9,22,JPY,577.57,1.59,0.79,13.69,한국무역보험공사_환율_20230718.csv
1986-09-23,1986,9,23,JPY,573.19,2.0,-0.1,10.38,한국무역보험공사_환율_20230718.csv
1986-09-24,1986,9,24,JPY,568.15,0.32,-0.98,9.28,한국무역보험공사_환율_20230718.csv
1986-09-25,1986,9,25,JPY,569.9,0.63,-0.24,7.22,한국무역보험공사_환율_20230718.csv
1986-09-26,1986,9,26,JPY,568.31,0.26,-1.53,6.93,한국무역보험공사_환율_20230718.csv
1986-09-27,1986,9,27,JPY,568.0,1.08,-1.13,7.59,한국무역보험공사_환율_20230718.csv
1986-09-29,1986,9,29,JPY,568.0,-1.66,-1.3,6.95,한국무역보험공사_환율_20230718.csv
1986-09-30,1986,9,30,JPY,571.15,-1.11,-0.43,6.8,한국무역보험공사_환율_20230718.csv
1986-10-02,1986,10,2,JPY,569.92,-0.57,-0.64,6.24,한국무역보험공사_환율_20230718.csv
1986-10-04,1986,10,4,JPY,567.38,-0.14,-0.96,5.52,한국무역보험공사_환율_20230718.csv
1986-10-06,1986,10,6,JPY,567.38,-0.44,0.09,5.52,한국무역보험공사_환율_20230718.csv
1986-10-07,1986,10,7,JPY,567.68,-0.11,-0.35,6.3,한국무역보험공사_환율_20230718.csv
1986-10-08,1986,10,8,JPY,534.83,-5.84,-5.25,-0.26,한국무역보험공사_환율_20230718.csv
1986-10-10,1986,10,10,JPY,565.82,-0.38,-1.04,6.21,한국무역보험공사_환율_20230718.csv
1986-10-11,1986,10,11,JPY,566.98,-0.73,-0.83,6.48,한국무역보험공사_환율_20230718.csv
1986-10-13,1986,10,13,JPY,566.98,-0.52,-0.76,7.29,한국무역보험공사_환율_20230718.csv
1986-10-14,1986,10,14,JPY,566.89,-0.09,-0.68,7.52,한국무역보험공사_환율_20230718.csv
1986-10-15,1986,10,15,JPY,567.72,0.06,-0.14,6.07,한국무역보험공사_환율_20230718.csv
1986-10-16,1986,10,16,JPY,566.59,-0.19,0.08,6.34,한국무역보험공사_환율_20230718.csv
1986-10-17,1986,10,17,JPY,566.27,5.88,0.21,6.21,한국무역보험공사_환율_20230718.csv
1986-10-18,1986,10,18,JPY,566.15,0.06,0.19,5.84,한국무역보험공사_환율_20230718.csv
1986-10-20,1986,10,20,JPY,566.15,-0.15,0.36,5.59,한국무역보험공사_환율_20230718.csv
1986-10-21,1986,10,21,JPY,564.75,-0.39,-0.11,5.32,한국무역보험공사_환율_20230718.csv
1986-10-22,1986,10,22,JPY,563.6,-0.58,-0.86,3.64,한국무역보험공사_환율_20230718.csv
1986-10-23,1986,10,23,JPY,561.43,-1.11,-0.09,3.52,한국무역보험공사_환율_20230718.csv
1986-10-24,1986,10,24,JPY,549.02,-3.1,-3.06,0.89,한국무역보험공사_환율_20230718.csv
1986-10-27,1986,10,27,JPY,540.72,-4.51,-4.52,-1.61,한국무역보험공사_환율_20230718.csv
1986-10-28,1986,10,28,JPY,544.86,-3.76,-3.88,-1.06,한국무역보험공사_환율_20230718.csv
1986-10-29,1986,10,29,JPY,545.69,-3.61,-2.89,-0.91,한국무역보험공사_환율_20230718.csv
1986-10-30,1986,10,30,JPY,545.52,-3.41,-5.55,0.0,한국무역보험공사_환율_20230718.csv
1986-10-31,1986,10,31,JPY,541.69,-3.89,-6.21,-2.18,한국무역보험공사_환율_20230718.csv
1986-11-01,1986,11,1,JPY,535.07,-4.7,-6.65,-3.29,한국무역보험공사_환율_20230718.csv
1986-11-03,1986,11,3,JPY,535.07,-2.54,-5.82,-3.26,한국무역보험공사_환율_20230718.csv
1986-11-04,1986,11,4,JPY,533.01,-1.43,-6.47,-2.72,한국무역보험공사_환율_20230718.csv
1986-11-05,1986,11,5,JPY,531.81,-2.4,-6.42,-2.94,한국무역보험공사_환율_20230718.csv
1986-11-06,1986,11,6,JPY,531.75,-2.55,-6.38,-4.11,한국무역보험공사_환율_20230718.csv
1986-11-07,1986,11,7,JPY,534.48,-2.02,-5.9,-4.2,한국무역보험공사_환율_20230718.csv
1986-11-08,1986,11,8,JPY,534.83,-1.27,-6.36,-5.2,한국무역보험공사_환율_20230718.csv
1986-11-10,1986,11,10,JPY,534.83,-0.04,-6.16,-5.58,한국무역보험공사_환율_20230718.csv
1986-11-11,1986,11,11,JPY,534.96,-0.02,-5.71,-5.56,한국무역보험공사_환율_20230718.csv
1986-11-12,1986,11,12,JPY,535.8,0.52,-5.57,-6.05,한국무역보험공사_환율_20230718.csv
1986-11-13,1986,11,13,JPY,541.01,1.73,-4.7,-4.88,한국무역보험공사_환율_20230718.csv
1986-11-14,1986,11,14,JPY,539.14,1.39,0.81,-4.83,한국무역보험공사_환율_20230718.csv
1986-11-15,1986,11,15,JPY,537.49,0.56,-5.01,-4.93,한국무역보험공사_환율_20230718.csv
1986-11-17,1986,11,17,JPY,537.49,0.5,-5.2,-3.89,한국무역보험공사_환율_20230718.csv
1986-11-18,1986,11,18,JPY,532.68,-0.4,-6.05,-4.75,한국무역보험공사_환율_20230718.csv
1986-11-19,1986,11,19,JPY,533.65,-0.24,-5.86,-6.27,한국무역보험공사_환율_20230718.csv
1986-11-20,1986,11,20,JPY,534.71,-0.2,-5.81,-5.61,한국무역보험공사_환율_20230718.csv
1986-11-21,1986,11,21,JPY,532.87,-1.5,-5.95,-6.31,한국무역보험공사_환율_20230718.csv
1986-11-22,1986,11,22,JPY,529.28,-1.83,-6.53,-7.99,한국무역보험공사_환율_20230718.csv
1986-11-24,1986,11,24,JPY,529.28,-1.53,-6.51,-7.77,한국무역보험공사_환율_20230718.csv
1986-11-25,1986,11,25,JPY,530.14,-1.37,-6.36,-7.63,한국무역보험공사_환율_20230718.csv
1986-11-26,1986,11,26,JPY,535.33,0.5,-5.21,-6.61,한국무역보험공사_환율_20230718.csv
1986-11-27,1986,11,27,JPY,531.27,-0.45,-5.74,-6.67,한국무역보험공사_환율_20230718.csv
1986-11-28,1986,11,28,JPY,532.68,-0.38,-5.12,-7.2,한국무역보험공사_환율_20230718.csv
1986-11-29,1986,11,29,JPY,534.45,0.3,-2.65,-6.77,한국무역보험공사_환율_20230718.csv
1986-11-30,1986,11,30,JPY,534.45,0.98,-1.16,-6.44,한국무역보험공사_환율_20230718.csv
1986-12-01,1986,12,1,JPY,534.45,0.98,-1.91,-6.96,한국무역보험공사_환율_20230718.csv
1986-12-02,1986,12,2,JPY,532.52,0.45,-2.41,-7.42,한국무역보험공사_환율_20230718.csv
1986-12-03,1986,12,3,JPY,533.81,-0.28,-2.15,-5.74,한국무역보험공사_환율_20230718.csv
1986-12-04,1986,12,4,JPY,533.91,0.5,-1.44,-6.83,한국무역보험공사_환율_20230718.csv
1986-12-05,1986,12,5,JPY,530.86,-0.34,-0.79,-7.48,한국무역보험공사_환율_20230718.csv
1986-12-06,1986,12,6,JPY,532.64,-0.34,-0.45,-7.17,한국무역보험공사_환율_20230718.csv
1986-12-07,1986,12,7,JPY,534.45,0.0,0.27,-6.44,한국무역보험공사_환율_20230718.csv
1986-12-08,1986,12,8,JPY,534.45,0.0,0.5,-7.4,한국무역보험공사_환율_20230718.csv
1986-12-09,1986,12,9,JPY,533.75,0.23,0.38,-7.09,한국무역보험공사_환율_20230718.csv
1986-12-10,1986,12,10,JPY,532.83,-0.18,-0.31,-7.41,한국무역보험공사_환율_20230718.csv
1986-12-11,1986,12,11,JPY,533.46,-0.08,-0.26,-7.0,한국무역보험공사_환율_20230718.csv
1986-12-12,1986,12,12,JPY,532.72,0.35,-0.39,-7.13,한국무역보험공사_환율_20230718.csv
1986-12-13,1986,12,13,JPY,532.38,-0.05,-0.48,-7.07,한국무역보험공사_환율_20230718.csv
1986-12-14,1986,12,14,JPY,534.45,0.0,-0.25,-5.72,한국무역보험공사_환율_20230718.csv
1986-12-15,1986,12,15,JPY,532.38,-0.39,-1.6,-6.55,한국무역보험공사_환율_20230718.csv
1986-12-16,1986,12,16,JPY,530.48,-0.61,-1.61,-6.02,한국무역보험공사_환율_20230718.csv
1986-12-17,1986,12,17,JPY,528.77,-0.76,-1.62,-7.52,한국무역보험공사_환율_20230718.csv
1986-12-18,1986,12,18,JPY,529.36,-0.77,-1.51,-7.41,한국무역보험공사_환율_20230718.csv
1986-12-19,1986,12,19,JPY,530.62,-0.39,-0.39,-7.13,한국무역보험공사_환율_20230718.csv
1986-12-20,1986,12,20,JPY,530.0,-0.45,-0.68,-7.15,한국무역보험공사_환율_20230718.csv
1986-12-21,1986,12,21,JPY,530.0,-0.83,-0.88,-6.78,한국무역보험공사_환율_20230718.csv
1986-12-22,1986,12,22,JPY,530.0,-0.45,-0.54,-6.39,한국무역보험공사_환율_20230718.csv
1986-12-23,1986,12,23,JPY,529.79,-0.13,0.1,-6.24,한국무역보험공사_환율_20230718.csv
1986-12-24,1986,12,24,JPY,529.98,0.23,0.13,-6.21,한국무역보험공사_환율_20230718.csv
1986-12-26,1986,12,26,JPY,534.43,0.96,0.81,-5.26,한국무역보험공사_환율_20230718.csv
1986-12-27,1986,12,27,JPY,539.05,1.59,0.69,-4.65,한국무역보험공사_환율_20230718.csv
1986-12-29,1986,12,29,JPY,539.05,1.71,1.46,-5.18,한국무역보험공사_환율_20230718.csv
1986-12-30,1986,12,30,JPY,539.84,1.86,1.34,-3.93,한국무역보험공사_환율_20230718.csv
1986-12-31,1986,12,31,JPY,538.38,1.58,0.74,-4.94,한국무역보험공사_환율_20230718.csv
1987-01-01,1987,1,1,JPY,100.0,-81.12,-81.29,-82.34,한국무역보험공사_환율_20230718.csv
1987-01-02,1987,1,2,JPY,528.28,-0.32,-1.15,-6.8,한국무역보험공사_환율_20230718.csv
1987-01-05,1987,1,5,JPY,543.43,1.68,2.05,-3.29,한국무역보험공사_환율_20230718.csv
1987-01-06,1987,1,6,JPY,540.56,0.28,1.26,-6.41,한국무역보험공사_환율_20230718.csv
1987-01-07,1987,1,7,JPY,542.41,0.62,1.59,-6.09,한국무역보험공사_환율_20230718.csv
1987-01-08,1987,1,8,JPY,544.52,0.87,2.57,-5.0,한국무역보험공사_환율_20230718.csv
1987-01-09,1987,1,9,JPY,546.18,1.45,2.54,-3.87,한국무역보험공사_환율_20230718.csv
1987-01-10,1987,1,10,JPY,543.4,443.4,1.67,-4.65,한국무역보험공사_환율_20230718.csv
1987-01-12,1987,1,12,JPY,543.4,2.86,1.67,-4.38,한국무역보험공사_환율_20230718.csv
1987-01-13,1987,1,13,JPY,546.13,0.5,2.32,-3.85,한국무역보험공사_환율_20230718.csv
1987-01-14,1987,1,14,JPY,551.88,2.09,3.58,-2.84,한국무역보험공사_환율_20230718.csv
1987-01-15,1987,1,15,JPY,562.52,3.71,5.45,-1.51,한국무역보험공사_환율_20230718.csv
1987-01-16,1987,1,16,JPY,560.11,2.86,5.14,-1.72,한국무역보험공사_환율_20230718.csv
1987-01-17,1987,1,17,JPY,560.12,2.55,5.21,-1.28,한국무역보험공사_환율_20230718.csv
1987-01-19,1987,1,19,JPY,560.12,3.08,4.8,-1.28,한국무역보험공사_환율_20230718.csv
1987-01-20,1987,1,20,JPY,565.64,4.09,6.25,-0.36,한국무역보험공사_환율_20230718.csv
1987-01-21,1987,1,21,JPY,562.56,3.01,6.05,5.18,한국무역보험공사_환율_20230718.csv
1987-01-22,1987,1,22,JPY,558.25,1.15,5.58,-1.34,한국무역보험공사_환율_20230718.csv
1987-01-23,1987,1,23,JPY,564.65,0.38,6.67,-0.41,한국무역보험공사_환율_20230718.csv
1987-01-24,1987,1,24,JPY,561.27,0.21,5.78,-1.01,한국무역보험공사_환율_20230718.csv
1987-01-26,1987,1,26,JPY,561.27,0.21,5.9,-0.99,한국무역보험공사_환율_20230718.csv
1987-01-27,1987,1,27,JPY,561.39,0.23,5.92,-1.11,한국무역보험공사_환율_20230718.csv
1987-01-28,1987,1,28,JPY,567.31,0.3,7.04,0.13,한국무역보험공사_환율_20230718.csv
1987-01-30,1987,1,30,JPY,561.77,-0.14,6.04,-0.79,한국무역보험공사_환율_20230718.csv
1987-01-31,1987,1,31,JPY,557.53,-0.13,5.2,-1.52,한국무역보험공사_환율_20230718.csv
1987-02-02,1987,2,2,JPY,557.53,-1.26,4.32,-1.52,한국무역보험공사_환율_20230718.csv
1987-02-03,1987,2,3,JPY,561.72,0.08,4.21,-0.54,한국무역보험공사_환율_20230718.csv
1987-02-04,1987,2,4,JPY,561.88,0.11,4.24,-0.31,한국무역보험공사_환율_20230718.csv
1987-02-05,1987,2,5,JPY,560.97,-0.07,3.91,-0.08,한국무역보험공사_환율_20230718.csv
1987-02-06,1987,2,6,JPY,557.95,-1.65,3.63,1.63,한국무역보험공사_환율_20230718.csv
1987-02-07,1987,2,7,JPY,555.14,-1.18,455.14,2.67,한국무역보험공사_환율_20230718.csv
1987-02-09,1987,2,9,JPY,555.14,-0.43,5.08,1.89,한국무역보험공사_환율_20230718.csv
1987-02-10,1987,2,10,JPY,563.13,1.0,3.63,3.2,한국무역보험공사_환율_20230718.csv
1987-02-11,1987,2,11,JPY,558.34,-0.6,3.29,2.35,한국무역보험공사_환율_20230718.csv
1987-02-12,1987,2,12,JPY,556.29,-0.99,2.56,2.7,한국무역보험공사_환율_20230718.csv
1987-02-13,1987,2,13,JPY,556.24,-0.84,2.15,3.96,한국무역보험공사_환율_20230718.csv
1987-02-14,1987,2,14,JPY,558.0,0.01,2.16,4.29,한국무역보험공사_환율_20230718.csv
1987-02-16,1987,2,16,JPY,558.0,0.52,2.69,4.69,한국무역보험공사_환율_20230718.csv
1987-02-17,1987,2,17,JPY,558.24,0.56,2.73,4.97,한국무역보험공사_환율_20230718.csv
1987-02-18,1987,2,18,JPY,557.96,-0.92,2.17,4.93,한국무역보험공사_환율_20230718.csv
1987-02-19,1987,2,19,JPY,556.34,-0.36,0.81,4.09,한국무역보험공사_환율_20230718.csv
1987-02-20,1987,2,20,JPY,557.08,0.14,-0.97,4.16,한국무역보험공사_환율_20230718.csv
1987-02-21,1987,2,21,JPY,557.41,0.21,-0.48,4.22,한국무역보험공사_환율_20230718.csv
1987-02-23,1987,2,23,JPY,557.41,-0.11,-0.48,4.2,한국무역보험공사_환율_20230718.csv
1987-02-24,1987,2,24,JPY,556.74,-0.23,-0.6,3.91,한국무역보험공사_환율_20230718.csv
1987-02-25,1987,2,25,JPY,556.71,-0.27,-1.58,2.9,한국무역보험공사_환율_20230718.csv
1987-02-26,1987,2,26,JPY,557.53,-0.08,-0.89,3.41,한국무역보험공사_환율_20230718.csv
1987-02-27,1987,2,27,JPY,558.7,0.42,0.08,3.95,한국무역보험공사_환율_20230718.csv
1987-02-28,1987,2,28,JPY,557.97,0.16,-1.18,3.81,한국무역보험공사_환율_20230718.csv
1987-03-02,1987,3,2,JPY,557.97,0.1,-0.59,4.75,한국무역보험공사_환율_20230718.csv
1987-03-03,1987,3,3,JPY,556.24,-0.21,-0.9,4.23,한국무역보험공사_환율_20230718.csv
1987-03-04,1987,3,4,JPY,556.85,0.02,-0.81,4.14,한국무역보험공사_환율_20230718.csv
1987-03-05,1987,3,5,JPY,556.01,-0.13,-1.99,4.34,한국무역보험공사_환율_20230718.csv
1987-03-06,1987,3,6,JPY,557.62,0.02,-0.74,5.35,한국무역보험공사_환율_20230718.csv
1987-03-07,1987,3,7,JPY,556.11,-0.46,-0.25,5.07,한국무역보험공사_환율_20230718.csv
1987-03-09,1987,3,9,JPY,556.11,-0.33,-0.25,4.9,한국무역보험공사_환율_20230718.csv
1987-03-11,1987,3,11,JPY,556.06,-0.34,-1.01,3.87,한국무역보험공사_환율_20230718.csv
1987-03-12,1987,3,12,JPY,555.98,-0.05,-1.05,4.65,한국무역보험공사_환율_20230718.csv
1987-03-13,1987,3,13,JPY,556.94,0.02,-0.72,4.55,한국무역보험공사_환율_20230718.csv
1987-03-14,1987,3,14,JPY,560.11,0.74,0.39,4.8,한국무역보험공사_환율_20230718.csv
1987-03-16,1987,3,16,JPY,560.11,0.45,0.9,4.8,한국무역보험공사_환율_20230718.csv
1987-03-17,1987,3,17,JPY,562.75,1.19,1.37,5.3,한국무역보험공사_환율_20230718.csv
1987-03-18,1987,3,18,JPY,561.14,0.9,-0.35,5.37,한국무역보험공사_환율_20230718.csv
1987-03-19,1987,3,19,JPY,561.0,0.89,0.48,5.09,한국무역보험공사_환율_20230718.csv
1987-03-20,1987,3,20,JPY,562.0,1.08,1.03,5.26,한국무역보험공사_환율_20230718.csv
1987-03-21,1987,3,21,JPY,561.81,0.87,1.0,5.83,한국무역보험공사_환율_20230718.csv
1987-03-23,1987,3,23,JPY,561.81,0.3,0.68,5.48,한국무역보험공사_환율_20230718.csv
1987-03-24,1987,3,24,JPY,566.18,1.08,1.47,5.94,한국무역보험공사_환율_20230718.csv
1987-03-25,1987,3,25,JPY,569.09,1.13,1.94,6.48,한국무역보험공사_환율_20230718.csv
1987-03-26,1987,3,26,JPY,568.2,1.26,1.84,6.45,한국무역보험공사_환율_20230718.csv
1987-03-27,1987,3,27,JPY,567.79,1.21,2.06,6.56,한국무역보험공사_환율_20230718.csv
1987-03-28,1987,3,28,JPY,575.96,2.48,3.39,7.97,한국무역보험공사_환율_20230718.csv
1987-03-30,1987,3,30,JPY,575.96,2.52,3.33,8.12,한국무역보험공사_환율_20230718.csv
1987-03-31,1987,3,31,JPY,579.18,3.09,3.91,8.79,한국무역보험공사_환율_20230718.csv
1987-04-01,1987,4,1,JPY,580.27,2.49,4.23,8.57,한국무역보험공사_환율_20230718.csv
1987-04-02,1987,4,2,JPY,575.22,1.08,3.32,8.05,한국무역보험공사_환율_20230718.csv
1987-04-03,1987,4,3,JPY,577.98,1.72,3.67,8.95,한국무역보험공사_환율_20230718.csv
1987-04-04,1987,4,4,JPY,578.85,1.95,3.61,9.47,한국무역보험공사_환율_20230718.csv
1987-04-06,1987,4,6,JPY,578.85,0.5,3.74,9.35,한국무역보험공사_환율_20230718.csv
1987-04-07,1987,4,7,JPY,579.61,0.63,3.88,9.23,한국무역보험공사_환율_20230718.csv
1987-04-08,1987,4,8,JPY,579.68,0.09,4.21,9.37,한국무역보험공사_환율_20230718.csv
1987-04-09,1987,4,9,JPY,578.16,-0.36,3.83,9.09,한국무역보험공사_환율_20230718.csv
1987-04-10,1987,4,10,JPY,585.76,1.83,5.35,10.52,한국무역보험공사_환율_20230718.csv
1987-04-11,1987,4,11,JPY,589.23,1.95,5.67,11.22,한국무역보험공사_환율_20230718.csv
1987-04-13,1987,4,13,JPY,589.23,1.79,5.96,11.18,한국무역보험공사_환율_20230718.csv
1987-04-14,1987,4,14,JPY,591.28,2.15,6.32,10.64,한국무역보험공사_환율_20230718.csv
1987-04-15,1987,4,15,JPY,596.52,2.92,7.28,10.66,한국무역보험공사_환율_20230718.csv
1987-04-16,1987,4,16,JPY,593.01,2.3,6.66,10.01,한국무역보험공사_환율_20230718.csv
1987-04-17,1987,4,17,JPY,587.28,1.58,5.45,8.79,한국무역보험공사_환율_20230718.csv
1987-04-18,1987,4,18,JPY,587.07,0.22,4.81,9.04,한국무역보험공사_환율_20230718.csv
1987-04-20,1987,4,20,JPY,587.07,-0.37,4.81,487.07,한국무역보험공사_환율_20230718.csv
1987-04-21,1987,4,21,JPY,589.95,0.12,4.83,11.67,한국무역보험공사_환율_20230718.csv
1987-04-22,1987,4,22,JPY,588.29,-0.51,4.84,8.25,한국무역보험공사_환율_20230718.csv
1987-04-23,1987,4,23,JPY,590.43,-1.02,5.25,9.23,한국무역보험공사_환율_20230718.csv
1987-04-24,1987,4,24,JPY,595.03,0.34,5.88,9.7,한국무역보험공사_환율_20230718.csv
1987-04-25,1987,4,25,JPY,600.15,2.19,6.82,10.22,한국무역보험공사_환율_20230718.csv
1987-04-27,1987,4,27,JPY,600.15,2.23,6.82,9.88,한국무역보험공사_환율_20230718.csv
1987-04-28,1987,4,28,JPY,599.07,2.04,5.81,10.24,한국무역보험공사_환율_20230718.csv
1987-04-29,1987,4,29,JPY,596.36,1.09,4.79,9.75,한국무역보험공사_환율_20230718.csv
1987-04-30,1987,4,30,JPY,600.08,2.0,5.61,9.88,한국무역보험공사_환율_20230718.csv
1987-05-01,1987,5,1,JPY,591.85,0.24,4.24,7.24,한국무역보험공사_환율_20230718.csv
1987-05-02,1987,5,2,JPY,594.58,-0.08,3.23,5.7,한국무역보험공사_환율_20230718.csv
1987-05-03,1987,5,3,JPY,129.56,-78.41,-77.51,-76.87,한국무역보험공사_환율_20230718.csv
1987-05-04,1987,5,4,JPY,594.58,-0.93,2.66,6.15,한국무역보험공사_환율_20230718.csv
1987-05-06,1987,5,6,JPY,599.07,0.0,3.24,6.95,한국무역보험공사_환율_20230718.csv
1987-05-07,1987,5,7,JPY,599.14,0.47,4.16,5.92,한국무역보험공사_환율_20230718.csv
1987-05-08,1987,5,8,JPY,597.71,-0.39,3.41,6.25,한국무역보험공사_환율_20230718.csv
1987-05-09,1987,5,9,JPY,595.43,0.6,2.86,6.66,한국무역보험공사_환율_20230718.csv
1987-05-11,1987,5,11,JPY,595.43,0.14,2.86,5.45,한국무역보험공사_환율_20230718.csv
1987-05-12,1987,5,12,JPY,596.35,360.29,2.89,6.25,한국무역보험공사_환율_20230718.csv
1987-05-13,1987,5,13,JPY,593.75,-0.14,2.43,5.79,한국무역보험공사_환율_20230718.csv
1987-05-14,1987,5,14,JPY,592.24,-1.14,2.44,5.5,한국무역보험공사_환율_20230718.csv
1987-05-15,1987,5,15,JPY,596.05,-0.52,1.76,5.07,한국무역보험공사_환율_20230718.csv
1987-05-16,1987,5,16,JPY,593.05,-0.78,0.65,5.57,한국무역보험공사_환율_20230718.csv
1987-05-18,1987,5,18,JPY,593.05,-0.4,0.65,6.37,한국무역보험공사_환율_20230718.csv
1987-05-19,1987,5,19,JPY,589.02,-1.08,-0.38,5.65,한국무역보험공사_환율_20230718.csv
1987-05-20,1987,5,20,JPY,591.87,-0.75,-0.78,5.37,한국무역보험공사_환율_20230718.csv
1987-05-21,1987,5,21,JPY,589.63,-0.69,-0.57,4.94,한국무역보험공사_환율_20230718.csv
1987-05-22,1987,5,22,JPY,585.93,-1.07,-0.23,4.45,한국무역보험공사_환율_20230718.csv
1987-05-23,1987,5,23,JPY,585.16,-1.83,-0.33,4.88,한국무역보험공사_환율_20230718.csv
1987-05-25,1987,5,25,JPY,585.16,-1.33,-0.33,5.41,한국무역보험공사_환율_20230718.csv
1987-05-26,1987,5,26,JPY,585.46,-1.28,-0.76,5.46,한국무역보험공사_환율_20230718.csv
1987-05-27,1987,5,27,JPY,572.24,-2.85,-2.73,1.62,한국무역보험공사_환율_20230718.csv
1987-05-28,1987,5,28,JPY,574.7,-2.9,-2.66,2.93,한국무역보험공사_환율_20230718.csv
1987-05-29,1987,5,29,JPY,573.64,-2.71,-3.59,3.12,한국무역보험공사_환율_20230718.csv
1987-05-30,1987,5,30,JPY,572.32,-2.32,-4.64,2.89,한국무역보험공사_환율_20230718.csv
1987-06-01,1987,6,1,JPY,572.32,-2.19,-4.64,2.57,한국무역보험공사_환율_20230718.csv
1987-06-02,1987,6,2,JPY,567.26,-3.06,-5.31,1.66,한국무역보험공사_환율_20230718.csv
1987-06-03,1987,6,3,JPY,581.45,-0.68,-2.5,4.16,한국무역보험공사_환율_20230718.csv
1987-06-04,1987,6,4,JPY,572.4,0.03,-4.61,2.59,한국무역보험공사_환율_20230718.csv
1987-06-05,1987,6,5,JPY,568.7,-1.04,-3.91,2.22,한국무역보험공사_환율_20230718.csv
1987-06-08,1987,6,8,JPY,569.15,-0.78,-4.28,2.17,한국무역보험공사_환율_20230718.csv
1987-06-09,1987,6,9,JPY,569.2,-0.55,339.33,2.12,한국무역보험공사_환율_20230718.csv
1987-06-10,1987,6,10,JPY,573.06,0.13,-3.62,2.81,한국무역보험공사_환율_20230718.csv
1987-06-11,1987,6,11,JPY,572.82,0.98,-4.38,2.89,한국무역보험공사_환율_20230718.csv
1987-06-12,1987,6,12,JPY,571.48,-1.71,-4.62,2.65,한국무역보험공사_환율_20230718.csv
1987-06-13,1987,6,13,JPY,565.2,-1.26,-5.44,1.38,한국무역보험공사_환율_20230718.csv
1987-06-15,1987,6,15,JPY,565.2,-0.62,-5.08,1.16,한국무역보험공사_환율_20230718.csv
1987-06-16,1987,6,16,JPY,561.56,-1.33,-5.69,0.64,한국무역보험공사_환율_20230718.csv
1987-06-17,1987,6,17,JPY,561.51,-1.35,-5.84,0.63,한국무역보험공사_환율_20230718.csv
1987-06-18,1987,6,18,JPY,560.23,-2.24,-5.65,0.72,한국무역보험공사_환율_20230718.csv
1987-06-19,1987,6,19,JPY,561.14,-2.04,-5.25,0.77,한국무역보험공사_환율_20230718.csv
1987-06-20,1987,6,20,JPY,560.43,-1.93,-5.98,0.79,한국무역보험공사_환율_20230718.csv
1987-06-22,1987,6,22,JPY,560.43,-0.84,-5.5,0.5,한국무역보험공사_환율_20230718.csv
1987-06-23,1987,6,23,JPY,555.13,-1.78,-6.39,-0.18,한국무역보험공사_환율_20230718.csv
1987-06-24,1987,6,24,JPY,555.77,-1.03,-5.64,-0.06,한국무역보험공사_환율_20230718.csv
1987-06-25,1987,6,25,JPY,559.73,-0.32,-5.43,0.66,한국무역보험공사_환율_20230718.csv
1987-06-26,1987,6,26,JPY,554.24,-1.07,-6.0,-0.31,한국무역보험공사_환율_20230718.csv
1987-06-27,1987,6,27,JPY,552.65,-1.51,-5.68,-0.77,한국무역보험공사_환율_20230718.csv
1987-06-29,1987,6,29,JPY,552.65,-1.39,-5.56,-1.33,한국무역보험공사_환율_20230718.csv
1987-06-30,1987,6,30,JPY,551.21,-1.65,-5.8,-1.59,한국무역보험공사_환율_20230718.csv
1987-07-01,1987,7,1,JPY,550.72,-0.79,-5.93,-2.14,한국무역보험공사_환율_20230718.csv
1987-07-02,1987,7,2,JPY,550.29,-0.99,-3.84,-1.93,한국무역보험공사_환율_20230718.csv
1987-07-03,1987,7,3,JPY,548.12,-2.07,-4.63,-2.3,한국무역보험공사_환율_20230718.csv
1987-07-04,1987,7,4,JPY,543.22,-1.99,-5.3,-3.34,한국무역보험공사_환율_20230718.csv
1987-07-06,1987,7,6,JPY,543.22,-1.71,-5.08,-3.31,한국무역보험공사_환율_20230718.csv
1987-07-07,1987,7,7,JPY,543.01,-1.74,-5.12,-3.35,한국무역보험공사_환율_20230718.csv
1987-07-08,1987,7,8,JPY,537.75,-2.44,-5.2,-5.02,한국무역보험공사_환율_20230718.csv
1987-07-09,1987,7,9,JPY,537.64,-2.38,-7.53,-5.53,한국무역보험공사_환율_20230718.csv
1987-07-10,1987,7,10,JPY,537.75,-2.28,-6.05,-5.36,한국무역보험공사_환율_20230718.csv
1987-07-11,1987,7,11,JPY,535.75,-2.26,-5.79,-5.64,한국무역보험공사_환율_20230718.csv
1987-07-13,1987,7,13,JPY,535.75,-1.38,-5.87,-6.98,한국무역보험공사_환율_20230718.csv
1987-07-14,1987,7,14,JPY,535.45,-1.43,-5.93,-7.03,한국무역보험공사_환율_20230718.csv
1987-07-15,1987,7,15,JPY,534.2,-1.62,-6.78,-7.77,한국무역보험공사_환율_20230718.csv
1987-07-16,1987,7,16,JPY,542.7,0.92,-5.26,-6.47,한국무역보험공사_환율_20230718.csv
1987-07-18,1987,7,18,JPY,528.28,-1.74,-7.56,-8.16,한국무역보험공사_환율_20230718.csv
1987-07-20,1987,7,20,JPY,528.28,-1.76,-6.53,-8.6,한국무역보험공사_환율_20230718.csv
1987-07-21,1987,7,21,JPY,529.79,-1.11,-6.27,-8.48,한국무역보험공사_환율_20230718.csv
1987-07-22,1987,7,22,JPY,532.53,-0.6,-5.17,-8.0,한국무역보험공사_환율_20230718.csv
1987-07-23,1987,7,23,JPY,530.49,-0.93,-5.52,-8.47,한국무역보험공사_환율_20230718.csv
1987-07-24,1987,7,24,JPY,534.22,0.0,-4.64,-7.84,한국무역보험공사_환율_20230718.csv
1987-07-25,1987,7,25,JPY,540.34,-0.43,-3.71,-6.54,한국무역보험공사_환율_20230718.csv
1987-07-27,1987,7,27,JPY,540.34,2.28,-3.58,-7.75,한국무역보험공사_환율_20230718.csv
1987-07-28,1987,7,28,JPY,536.45,1.55,-4.28,-8.96,한국무역보험공사_환율_20230718.csv
1987-07-29,1987,7,29,JPY,537.95,1.54,-3.09,-8.7,한국무역보험공사_환율_20230718.csv
1987-07-30,1987,7,30,JPY,535.88,0.63,-3.58,-9.37,한국무역보험공사_환율_20230718.csv
1987-07-31,1987,7,31,JPY,540.47,1.88,-3.44,-9.4,한국무역보험공사_환율_20230718.csv
1987-08-01,1987,8,1,JPY,538.38,0.78,-2.86,-9.21,한국무역보험공사_환율_20230718.csv
1987-08-03,1987,8,3,JPY,538.38,-0.36,-2.58,-8.33,한국무역보험공사_환율_20230718.csv
1987-08-04,1987,8,4,JPY,533.71,-1.23,-3.43,-9.09,한국무역보험공사_환율_20230718.csv
1987-08-05,1987,8,5,JPY,532.96,-0.65,-3.31,-9.22,한국무역보험공사_환율_20230718.csv
1987-08-06,1987,8,6,JPY,535.84,-0.39,-2.7,-9.17,한국무역보험공사_환율_20230718.csv
1987-08-07,1987,8,7,JPY,533.67,-0.41,-3.02,-9.28,한국무역보험공사_환율_20230718.csv
1987-08-08,1987,8,8,JPY,532.68,-1.44,-2.82,-9.78,한국무역보험공사_환율_20230718.csv
1987-08-10,1987,8,10,JPY,532.68,-1.06,-1.94,-10.48,한국무역보험공사_환율_20230718.csv
1987-08-11,1987,8,11,JPY,535.48,-0.54,-1.42,-10.78,한국무역보험공사_환율_20230718.csv
1987-08-12,1987,8,12,JPY,535.1,0.26,-1.46,-10.84,한국무역보험공사_환율_20230718.csv
1987-08-13,1987,8,13,JPY,535.12,0.41,-0.49,-10.67,한국무역보험공사_환율_20230718.csv
1987-08-14,1987,8,14,JPY,533.65,-0.41,-0.74,-10.52,한국무역보험공사_환율_20230718.csv
1987-08-17,1987,8,17,JPY,539.0,1.0,0.23,-10.18,한국무역보험공사_환율_20230718.csv
1987-08-18,1987,8,18,JPY,541.65,1.68,1.1,-8.48,한국무역보험공사_환율_20230718.csv
1987-08-19,1987,8,19,JPY,552.36,3.69,3.1,-7.1,한국무역보험공사_환율_20230718.csv
1987-08-20,1987,8,20,JPY,560.37,4.65,4.65,332.52,한국무역보험공사_환율_20230718.csv
1987-08-21,1987,8,21,JPY,558.26,4.33,4.5,-6.11,한국무역보험공사_환율_20230718.csv
1987-08-22,1987,8,22,JPY,568.14,6.17,4.69,-5.16,한국무역보험공사_환율_20230718.csv
1987-08-24,1987,8,24,JPY,568.14,6.46,7.55,-5.17,한국무역보험공사_환율_20230718.csv
1987-08-25,1987,8,25,JPY,568.94,5.55,7.7,-4.81,한국무역보험공사_환율_20230718.csv
1987-08-26,1987,8,26,JPY,562.66,3.88,6.2,-5.5,한국무역보험공사_환율_20230718.csv
1987-08-27,1987,8,27,JPY,565.1,2.31,6.12,-5.09,한국무역보험공사_환율_20230718.csv
1987-08-28,1987,8,28,JPY,569.94,1.71,7.44,-4.43,한국무역보험공사_환율_20230718.csv
1987-08-29,1987,8,29,JPY,569.52,2.02,6.61,-4.08,한국무역보험공사_환율_20230718.csv
1987-08-31,1987,8,31,JPY,569.52,0.24,5.4,-3.84,한국무역보험공사_환율_20230718.csv
1987-09-01,1987,9,1,JPY,566.94,-0.21,4.92,-4.88,한국무역보험공사_환율_20230718.csv
1987-09-02,1987,9,2,JPY,571.01,0.36,6.44,-3.72,한국무역보험공사_환율_20230718.csv
1987-09-03,1987,9,3,JPY,573.23,1.88,6.56,-3.34,한국무역보험공사_환율_20230718.csv
1987-09-04,1987,9,4,JPY,572.41,1.29,6.82,-2.82,한국무역보험공사_환율_20230718.csv
1987-09-05,1987,9,5,JPY,568.24,-0.3,5.14,-3.99,한국무역보험공사_환율_20230718.csv
1987-09-07,1987,9,7,JPY,568.24,-0.22,5.55,-3.63,한국무역보험공사_환율_20230718.csv
1987-09-08,1987,9,8,JPY,568.83,-0.12,5.66,-2.92,한국무역보험공사_환율_20230718.csv
1987-09-09,1987,9,9,JPY,569.43,0.44,6.69,-2.69,한국무역보험공사_환율_20230718.csv
1987-09-10,1987,9,10,JPY,567.99,-0.53,6.57,-2.93,한국무역보험공사_환율_20230718.csv
1987-09-11,1987,9,11,JPY,566.17,-1.23,5.66,-3.29,한국무역보험공사_환율_20230718.csv
1987-09-12,1987,9,12,JPY,560.53,-2.08,5.03,-2.05,한국무역보험공사_환율_20230718.csv
1987-09-14,1987,9,14,JPY,560.53,-1.36,5.23,-2.47,한국무역보험공사_환율_20230718.csv
1987-09-15,1987,9,15,JPY,558.08,-1.79,4.77,-2.71,한국무역보험공사_환율_20230718.csv
1987-09-16,1987,9,16,JPY,561.56,-1.28,4.87,-1.88,한국무역보험공사_환율_20230718.csv
1987-09-17,1987,9,17,JPY,560.77,-1.52,4.8,-2.02,한국무역보험공사_환율_20230718.csv
1987-09-18,1987,9,18,JPY,562.21,-1.02,5.06,-0.89,한국무역보험공사_환율_20230718.csv
1987-09-19,1987,9,19,JPY,565.35,-0.14,5.94,-2.77,한국무역보험공사_환율_20230718.csv
1987-09-21,1987,9,21,JPY,565.35,0.86,4.89,-1.23,한국무역보험공사_환율_20230718.csv
1987-09-22,1987,9,22,JPY,563.44,0.52,4.02,-0.92,한국무역보험공사_환율_20230718.csv
1987-09-23,1987,9,23,JPY,558.44,0.06,1.1,-1.88,한국무역보험공사_환율_20230718.csv
1987-09-24,1987,9,24,JPY,560.06,-0.27,-0.06,-1.61,한국무역보험공사_환율_20230718.csv
1987-09-25,1987,9,25,JPY,562.2,0.26,0.71,-1.9,한국무역보험공사_환율_20230718.csv
1987-09-26,1987,9,26,JPY,561.2,-0.18,-1.22,-2.03,한국무역보험공사_환율_20230718.csv
1987-09-28,1987,9,28,JPY,561.2,-0.73,-1.22,-1.8,한국무역보험공사_환율_20230718.csv
1987-09-29,1987,9,29,JPY,558.16,-1.27,-1.89,-1.25,한국무역보험공사_환율_20230718.csv
1987-09-30,1987,9,30,JPY,549.66,-2.45,-2.31,-2.75,한국무역보험공사_환율_20230718.csv
1987-10-02,1987,10,2,JPY,550.86,-1.36,-2.52,-1.91,한국무역보험공사_환율_20230718.csv
1987-10-05,1987,10,5,JPY,548.86,-2.0,-3.7,-2.25,한국무역보험공사_환율_20230718.csv
1987-10-06,1987,10,6,JPY,550.06,-2.16,-3.42,-1.82,한국무역보험공사_환율_20230718.csv
1987-10-10,1987,10,10,JPY,560.95,-0.04,-1.5,-0.03,한국무역보험공사_환율_20230718.csv
1987-10-12,1987,10,12,JPY,560.95,-0.04,-1.06,0.09,한국무역보험공사_환율_20230718.csv
1987-10-13,1987,10,13,JPY,562.39,0.76,-1.51,0.35,한국무역보험공사_환율_20230718.csv
1987-10-14,1987,10,14,JPY,559.84,1.85,-2.34,0.85,한국무역보험공사_환율_20230718.csv
1987-10-15,1987,10,15,JPY,565.92,2.73,-1.13,1.83,한국무역보험공사_환율_20230718.csv
1987-10-16,1987,10,16,JPY,566.47,3.21,-0.31,1.2,한국무역보험공사_환율_20230718.csv
1987-10-17,1987,10,17,JPY,565.24,2.76,-0.53,1.98,한국무역보험공사_환율_20230718.csv
1987-10-19,1987,10,19,JPY,565.24,0.76,-0.63,2.28,한국무역보험공사_환율_20230718.csv
1987-10-20,1987,10,20,JPY,569.02,1.44,-0.07,2.96,한국무역보험공사_환율_20230718.csv
1987-10-21,1987,10,21,JPY,558.81,-0.64,-1.62,1.38,한국무역보험공사_환율_20230718.csv
1987-10-22,1987,10,22,JPY,556.18,-0.65,-1.76,0.99,한국무역보험공사_환율_20230718.csv
1987-10-23,1987,10,23,JPY,555.09,-1.91,-0.97,0.87,한국무역보험공사_환율_20230718.csv
1987-10-24,1987,10,24,JPY,566.96,0.09,1.15,3.44,한국무역보험공사_환율_20230718.csv
1987-10-26,1987,10,26,JPY,566.96,0.3,1.59,4.37,한국무역보험공사_환율_20230718.csv
1987-10-28,1987,10,28,JPY,570.12,0.86,1.52,4.95,한국무역보험공사_환율_20230718.csv
1987-10-29,1987,10,29,JPY,579.42,1.83,3.33,6.71,한국무역보험공사_환율_20230718.csv
1987-10-30,1987,10,30,JPY,577.59,3.36,2.74,7.41,한국무역보험공사_환율_20230718.csv
1987-10-31,1987,10,31,JPY,579.05,4.11,2.42,7.7,한국무역보험공사_환율_20230718.csv
1987-11-02,1987,11,2,JPY,579.05,4.32,2.42,7.68,한국무역보험공사_환율_20230718.csv
1987-11-03,1987,11,3,JPY,584.6,3.11,3.76,9.12,한국무역보험공사_환율_20230718.csv
1987-11-04,1987,11,4,JPY,582.19,2.69,4.25,8.67,한국무역보험공사_환율_20230718.csv
1987-11-05,1987,11,5,JPY,586.16,2.81,4.66,9.47,한국무역보험공사_환율_20230718.csv
1987-11-06,1987,11,6,JPY,592.08,2.18,5.31,10.83,한국무역보험공사_환율_20230718.csv
1987-11-07,1987,11,7,JPY,592.45,2.57,5.57,9.17,한국무역보험공사_환율_20230718.csv
1987-11-09,1987,11,9,JPY,592.45,2.31,5.57,12.15,한국무역보험공사_환율_20230718.csv
1987-11-10,1987,11,10,JPY,595.16,2.78,6.63,12.66,한국무역보험공사_환율_20230718.csv
1987-11-11,1987,11,11,JPY,593.91,1.59,8.05,12.1,한국무역보험공사_환율_20230718.csv
1987-11-12,1987,11,12,JPY,591.34,1.57,7.35,11.04,한국무역보험공사_환율_20230718.csv
1987-11-13,1987,11,13,JPY,587.93,0.3,7.12,10.83,한국무역보험공사_환율_20230718.csv
1987-11-14,1987,11,14,JPY,588.01,-0.69,6.9,10.07,한국무역보험공사_환율_20230718.csv
1987-11-16,1987,11,16,JPY,588.01,-0.75,4.82,8.82,한국무역보험공사_환율_20230718.csv
1987-11-17,1987,11,17,JPY,582.51,-1.68,3.84,7.8,한국무역보험공사_환율_20230718.csv
1987-11-18,1987,11,18,JPY,588.8,-1.07,4.7,9.76,한국무역보험공사_환율_20230718.csv
1987-11-19,1987,11,19,JPY,589.73,-0.7,5.34,9.63,한국무역보험공사_환율_20230718.csv
1987-11-20,1987,11,20,JPY,589.29,-0.35,4.13,9.97,한국무역보험공사_환율_20230718.csv
1987-11-21,1987,11,21,JPY,588.13,0.03,3.82,8.82,한국무역보험공사_환율_20230718.csv
1987-11-23,1987,11,23,JPY,588.13,0.02,4.05,9.24,한국무역보험공사_환율_20230718.csv
1987-11-24,1987,11,24,JPY,591.4,0.58,4.63,9.85,한국무역보험공사_환율_20230718.csv
1987-11-25,1987,11,25,JPY,592.13,1.65,4.06,10.95,한국무역보험공사_환율_20230718.csv
1987-11-26,1987,11,26,JPY,590.81,0.34,5.73,10.85,한국무역보험공사_환율_20230718.csv
1987-11-27,1987,11,27,JPY,592.13,0.41,6.46,10.51,한국무역보험공사_환율_20230718.csv
1987-11-28,1987,11,28,JPY,596.56,1.23,7.47,11.78,한국무역보험공사_환율_20230718.csv
1987-11-30,1987,11,30,JPY,596.56,1.43,5.22,11.99,한국무역보험공사_환율_20230718.csv
1987-12-01,1987,12,1,JPY,601.86,2.33,6.16,12.99,한국무역보험공사_환율_20230718.csv
1987-12-02,1987,12,2,JPY,596.86,0.92,4.69,11.46,한국무역보험공사_환율_20230718.csv
1987-12-03,1987,12,3,JPY,600.91,1.48,3.71,12.3,한국무역보험공사_환율_20230718.csv
1987-12-04,1987,12,4,JPY,599.33,1.44,3.76,12.0,한국무역보험공사_환율_20230718.csv
1987-12-05,1987,12,5,JPY,601.21,1.53,3.83,12.66,한국무역보험공사_환율_20230718.csv
1987-12-07,1987,12,7,JPY,601.21,0.78,3.83,11.54,한국무역보험공사_환율_20230718.csv
1987-12-08,1987,12,8,JPY,598.58,0.34,2.39,10.51,한국무역보험공사_환율_20230718.csv
1987-12-09,1987,12,9,JPY,599.7,-0.36,3.01,8.57,한국무역보험공사_환율_20230718.csv
1987-12-10,1987,12,10,JPY,601.52,0.78,2.62,7.34,한국무역보험공사_환율_20230718.csv
1987-12-11,1987,12,11,JPY,616.12,2.53,4.06,10.36,한국무역보험공사_환율_20230718.csv
1987-12-12,1987,12,12,JPY,619.48,3.36,4.56,9.04,한국무역보험공사_환율_20230718.csv
1987-12-14,1987,12,14,JPY,619.48,3.04,4.56,9.04,한국무역보험공사_환율_20230718.csv
1987-12-15,1987,12,15,JPY,621.42,3.36,4.41,9.22,한국무역보험공사_환율_20230718.csv
1987-12-17,1987,12,17,JPY,625.74,4.54,5.36,11.21,한국무역보험공사_환율_20230718.csv
1987-12-18,1987,12,18,JPY,631.47,5.3,6.79,11.74,한국무역보험공사_환율_20230718.csv
1987-12-19,1987,12,19,JPY,625.83,4.04,6.45,9.81,한국무역보험공사_환율_20230718.csv
1987-12-21,1987,12,21,JPY,625.83,1.58,6.43,9.89,한국무역보험공사_환율_20230718.csv
1987-12-22,1987,12,22,JPY,628.16,1.4,6.83,10.3,한국무역보험공사_환율_20230718.csv
1987-12-23,1987,12,23,JPY,628.33,1.43,7.87,10.83,한국무역보험공사_환율_20230718.csv
1987-12-24,1987,12,24,JPY,627.66,1.0,6.6,9.92,한국무역보험공사_환율_20230718.csv
1987-12-26,1987,12,26,JPY,630.76,0.8,6.96,10.04,한국무역보험공사_환율_20230718.csv
1987-12-28,1987,12,28,JPY,630.76,-0.11,7.04,10.19,한국무역보험공사_환율_20230718.csv
1987-12-29,1987,12,29,JPY,641.35,2.48,9.05,12.87,한국무역보험공사_환율_20230718.csv
1987-12-30,1987,12,30,JPY,641.72,2.54,9.11,12.93,한국무역보험공사_환율_20230718.csv
1987-12-31,1987,12,31,JPY,642.32,2.25,8.61,12.92,한국무역보험공사_환율_20230718.csv
1988-01-01,1988,1,1,JPY,642.32,2.23,8.48,12.8,한국무역보험공사_환율_20230718.csv
1988-01-04,1988,1,4,JPY,653.87,4.18,10.67,15.12,한국무역보험공사_환율_20230718.csv
1988-01-05,1988,1,5,JPY,643.58,2.03,8.69,13.67,한국무역보험공사_환율_20230718.csv
1988-01-06,1988,1,6,JPY,619.49,-1.79,3.84,10.52,한국무역보험공사_환율_20230718.csv
1988-01-07,1988,1,7,JPY,612.14,-4.55,2.61,9.21,한국무역보험공사_환율_20230718.csv
1988-01-08,1988,1,8,JPY,608.46,-5.18,1.1,9.03,한국무역보험공사_환율_20230718.csv
1988-01-09,1988,1,9,JPY,616.37,-4.04,3.27,9.76,한국무역보험공사_환율_20230718.csv
1988-01-11,1988,1,11,JPY,616.37,-4.04,2.57,9.91,한국무역보험공사_환율_20230718.csv
1988-01-12,1988,1,12,JPY,615.26,-5.9,2.66,9.44,한국무역보험공사_환율_20230718.csv
1988-01-13,1988,1,13,JPY,619.71,-3.71,3.08,9.62,한국무역보험공사_환율_20230718.csv
1988-01-14,1988,1,14,JPY,619.49,0.0,3.04,9.58,한국무역보험공사_환율_20230718.csv
1988-01-15,1988,1,15,JPY,624.76,2.06,4.37,10.88,한국무역보험공사_환율_20230718.csv
1988-01-16,1988,1,16,JPY,601.46,-1.15,0.29,7.7,한국무역보험공사_환율_20230718.csv
1988-01-18,1988,1,18,JPY,601.46,-2.42,-0.01,7.39,한국무역보험공사_환율_20230718.csv
1988-01-19,1988,1,19,JPY,607.8,-1.39,-1.35,8.11,한국무역보험공사_환율_20230718.csv
1988-01-20,1988,1,20,JPY,611.59,-0.6,-1.27,8.98,한국무역보험공사_환율_20230718.csv
1988-01-21,1988,1,21,JPY,617.62,-0.34,-0.3,10.05,한국무역보험공사_환율_20230718.csv
1988-01-22,1988,1,22,JPY,616.75,-0.44,-0.75,10.5,한국무역보험공사_환율_20230718.csv
1988-01-23,1988,1,23,JPY,616.83,-1.27,-1.42,12.22,한국무역보험공사_환율_20230718.csv
1988-01-25,1988,1,25,JPY,616.83,2.56,-2.32,11.98,한국무역보험공사_환율_20230718.csv
1988-01-26,1988,1,26,JPY,612.9,1.9,-2.07,11.67,한국무역보험공사_환율_20230718.csv
1988-01-27,1988,1,27,JPY,614.44,1.09,-1.82,11.7,한국무역보험공사_환율_20230718.csv
1988-01-28,1988,1,28,JPY,616.3,0.77,-1.89,9.87,한국무역보험공사_환율_20230718.csv
1988-01-29,1988,1,29,JPY,615.35,-0.37,-2.07,9.7,한국무역보험공사_환율_20230718.csv
1988-01-30,1988,1,30,JPY,610.39,-1.03,-2.75,8.54,한국무역보험공사_환율_20230718.csv
1988-02-01,1988,2,1,JPY,610.39,-1.04,-3.23,9.03,한국무역보험공사_환율_20230718.csv
1988-02-02,1988,2,2,JPY,603.98,-2.08,-4.25,6.73,한국무역보험공사_환율_20230718.csv
1988-02-03,1988,2,3,JPY,608.58,-0.7,-5.11,7.43,한국무역보험공사_환율_20230718.csv
1988-02-04,1988,2,4,JPY,607.25,-1.17,-5.37,7.43,한국무역보험공사_환율_20230718.csv
1988-02-05,1988,2,5,JPY,609.7,-1.07,-5.08,7.87,한국무역보험공사_환율_20230718.csv
1988-02-06,1988,2,6,JPY,602.94,-2.02,-6.13,5.96,한국무역보험공사_환율_20230718.csv
1988-02-08,1988,2,8,JPY,602.94,-1.22,-7.79,7.9,한국무역보험공사_환율_20230718.csv
1988-02-09,1988,2,9,JPY,604.89,-0.9,-6.01,8.76,한국무역보험공사_환율_20230718.csv
1988-02-10,1988,2,10,JPY,604.04,0.01,-2.49,8.82,한국무역보험공사_환율_20230718.csv
1988-02-11,1988,2,11,JPY,601.79,-1.12,-1.69,6.14,한국무역보험공사_환율_20230718.csv
1988-02-12,1988,2,12,JPY,598.96,-1.37,-1.56,5.64,한국무역보험공사_환율_20230718.csv
1988-02-13,1988,2,13,JPY,591.61,-2.97,-4.02,3.77,한국무역보험공사_환율_20230718.csv
1988-02-15,1988,2,15,JPY,591.61,-1.88,-4.02,2.1,한국무역보험공사_환율_20230718.csv
1988-02-16,1988,2,16,JPY,594.62,-1.38,-3.35,2.95,한국무역보험공사_환율_20230718.csv
1988-02-17,1988,2,17,JPY,591.72,-2.18,-4.52,2.19,한국무역보험공사_환율_20230718.csv
1988-02-19,1988,2,19,JPY,591.1,-2.14,-4.58,2.08,한국무역보험공사_환율_20230718.csv
1988-02-20,1988,2,20,JPY,590.25,-1.92,-5.52,0.97,한국무역보험공사_환율_20230718.csv
1988-02-22,1988,2,22,JPY,590.25,-1.45,-1.86,1.38,한국무역보험공사_환율_20230718.csv
1988-02-23,1988,2,23,JPY,592.66,0.18,-1.46,1.11,한국무역보험공사_환율_20230718.csv
1988-02-24,1988,2,24,JPY,592.79,0.2,-2.47,0.12,한국무역보험공사_환율_20230718.csv
1988-02-26,1988,2,26,JPY,593.55,-0.18,-2.95,0.19,한국무역보험공사_환율_20230718.csv
1988-02-27,1988,2,27,JPY,592.75,0.17,-4.03,0.05,한국무역보험공사_환율_20230718.csv
1988-02-29,1988,2,29,JPY,592.75,0.28,-3.89,-0.4,한국무역보험공사_환율_20230718.csv
1988-03-02,1988,3,2,JPY,592.72,0.42,-3.91,-0.2,한국무역보험공사_환율_20230718.csv
1988-03-03,1988,3,3,JPY,588.1,-0.36,-4.66,-0.55,한국무역보험공사_환율_20230718.csv
1988-03-04,1988,3,4,JPY,589.21,-0.58,-3.87,0.22,한국무역보험공사_환율_20230718.csv
1988-03-05,1988,3,5,JPY,590.68,-0.36,-3.87,0.45,한국무역보험공사_환율_20230718.csv
1988-03-07,1988,3,7,JPY,590.68,-0.48,-4.16,0.45,한국무역보험공사_환율_20230718.csv
1988-03-08,1988,3,8,JPY,593.67,0.16,-3.52,1.92,한국무역보험공사_환율_20230718.csv
1988-03-09,1988,3,9,JPY,592.49,-0.04,-2.93,0.63,한국무역보험공사_환율_20230718.csv
1988-03-11,1988,3,11,JPY,591.1,-0.27,-3.16,0.23,한국무역보험공사_환율_20230718.csv
1988-03-12,1988,3,12,JPY,592.94,0.82,-1.83,0.62,한국무역보험공사_환율_20230718.csv
1988-03-14,1988,3,14,JPY,592.94,0.63,-2.57,0.82,한국무역보험공사_환율_20230718.csv
1988-03-15,1988,3,15,JPY,594.33,0.62,-2.13,1.05,한국무역보험공사_환율_20230718.csv
1988-03-16,1988,3,16,JPY,591.84,0.2,-2.93,0.07,한국무역보험공사_환율_20230718.csv
1988-03-17,1988,3,17,JPY,590.67,-0.51,-2.04,-0.25,한국무역보험공사_환율_20230718.csv
1988-03-18,1988,3,18,JPY,585.36,-1.2,-2.92,-0.92,한국무역보험공사_환율_20230718.csv
1988-03-19,1988,3,19,JPY,587.97,-0.53,-2.8,-0.7,한국무역보험공사_환율_20230718.csv
1988-03-21,1988,3,21,JPY,587.97,-0.84,-2.66,-1.44,한국무역보험공사_환율_20230718.csv
1988-03-22,1988,3,22,JPY,591.19,-0.3,-1.76,-0.9,한국무역보험공사_환율_20230718.csv
1988-03-23,1988,3,23,JPY,591.19,-0.53,-1.3,-1.77,한국무역보험공사_환율_20230718.csv
1988-03-24,1988,3,24,JPY,591.18,-0.11,-0.07,-0.95,한국무역보험공사_환율_20230718.csv
1988-03-25,1988,3,25,JPY,595.86,0.88,0.72,-0.84,한국무역보험공사_환율_20230718.csv
1988-03-26,1988,3,26,JPY,597.29,2.04,0.45,-0.34,한국무역보험공사_환율_20230718.csv
1988-03-28,1988,3,28,JPY,597.29,1.59,0.94,-0.65,한국무역보험공사_환율_20230718.csv
1988-03-29,1988,3,29,JPY,602.83,2.53,1.98,0.27,한국무역보험공사_환율_20230718.csv
1988-03-30,1988,3,30,JPY,595.93,0.8,0.96,-0.44,한국무역보험공사_환율_20230718.csv
1988-03-31,1988,3,31,JPY,596.96,0.98,1.14,-0.46,한국무역보험공사_환율_20230718.csv
1988-04-01,1988,4,1,JPY,598.64,1.26,1.01,-0.48,한국무역보험공사_환율_20230718.csv
1988-04-02,1988,4,2,JPY,599.6,0.63,1.15,-2.68,한국무역보험공사_환율_20230718.csv
1988-04-04,1988,4,4,JPY,599.6,0.39,1.02,-3.21,한국무역보험공사_환율_20230718.csv
1988-04-06,1988,4,6,JPY,593.46,-0.64,0.12,-4.2,한국무역보험공사_환율_20230718.csv
1988-04-07,1988,4,7,JPY,589.77,-2.17,-0.5,-5.09,한국무역보험공사_환율_20230718.csv
1988-04-08,1988,4,8,JPY,591.49,-0.75,-0.21,-5.47,한국무역보험공사_환율_20230718.csv
1988-04-09,1988,4,9,JPY,590.7,-1.05,0.44,-6.46,한국무역보험공사_환율_20230718.csv
1988-04-11,1988,4,11,JPY,590.7,-1.33,0.25,-5.61,한국무역보험공사_환율_20230718.csv
1988-04-12,1988,4,12,JPY,588.21,-1.9,-0.42,-6.01,한국무역보험공사_환율_20230718.csv
1988-04-13,1988,4,13,JPY,586.42,-2.2,-0.72,-6.64,한국무역보험공사_환율_20230718.csv
1988-04-14,1988,4,14,JPY,587.67,-0.98,-1.01,-6.47,한국무역보험공사_환율_20230718.csv
1988-04-15,1988,4,15,JPY,600.49,1.82,1.35,-4.33,한국무역보험공사_환율_20230718.csv
1988-04-16,1988,4,16,JPY,597.58,1.03,1.1,-5.26,한국무역보험공사_환율_20230718.csv
1988-04-18,1988,4,18,JPY,597.58,1.16,0.78,-5.26,한국무역보험공사_환율_20230718.csv
1988-04-19,1988,4,19,JPY,596.22,0.93,0.55,-7.04,한국무역보험공사_환율_20230718.csv
1988-04-20,1988,4,20,JPY,596.3,1.38,0.33,-7.08,한국무역보험공사_환율_20230718.csv
1988-04-21,1988,4,21,JPY,595.74,1.59,0.66,-7.25,한국무역보험공사_환율_20230718.csv
1988-04-22,1988,4,22,JPY,595.34,1.31,0.79,-7.31,한국무역보험공사_환율_20230718.csv
1988-04-23,1988,4,23,JPY,593.27,-1.2,1.35,-9.27,한국무역보험공사_환율_20230718.csv
1988-04-25,1988,4,25,JPY,593.27,-0.72,0.9,-7.82,한국무역보험공사_환율_20230718.csv
1988-04-27,1988,4,27,JPY,591.93,-0.95,0.67,-4.45,한국무역보험공사_환율_20230718.csv
1988-04-28,1988,4,28,JPY,593.2,-0.51,0.34,-3.09,한국무역보험공사_환율_20230718.csv
1988-04-29,1988,4,29,JPY,594.06,-0.38,0.49,-2.37,한국무역보험공사_환율_20230718.csv
1988-04-30,1988,4,30,JPY,591.3,-0.75,0.02,-4.07,한국무역보험공사_환율_20230718.csv
1988-05-02,1988,5,2,JPY,591.3,-0.68,-0.77,-4.07,한국무역보험공사_환율_20230718.csv
1988-05-03,1988,5,3,JPY,593.03,-0.04,-0.71,-3.61,한국무역보험공사_환율_20230718.csv
1988-05-04,1988,5,4,JPY,591.46,-0.31,-0.98,-4.56,한국무역보험공사_환율_20230718.csv
1988-05-06,1988,5,6,JPY,591.92,-0.0,-1.81,-4.45,한국무역보험공사_환율_20230718.csv
1988-05-07,1988,5,7,JPY,592.15,-0.18,-0.63,-5.22,한국무역보험공사_환율_20230718.csv
1988-05-09,1988,5,9,JPY,592.15,-0.32,-0.81,-1.55,한국무역보험공사_환율_20230718.csv
1988-05-10,1988,5,10,JPY,584.64,-1.13,-2.34,-2.8,한국무역보험공사_환율_20230718.csv
1988-05-11,1988,5,11,JPY,592.37,0.18,-1.21,-2.54,한국무역보험공사_환율_20230718.csv
1988-05-12,1988,5,12,JPY,591.17,-0.31,-1.41,-3.34,한국무역보험공사_환율_20230718.csv
1988-05-13,1988,5,13,JPY,590.77,-0.12,-0.45,-4.35,한국무역보험공사_환율_20230718.csv
1988-05-14,1988,5,14,JPY,588.99,-0.49,-0.13,-4.5,한국무역보험공사_환율_20230718.csv
1988-05-16,1988,5,16,JPY,588.99,-0.53,-0.42,-4.51,한국무역보험공사_환율_20230718.csv
1988-05-17,1988,5,17,JPY,588.36,-0.64,-0.4,-4.62,한국무역보험공사_환율_20230718.csv
1988-05-18,1988,5,18,JPY,584.69,0.01,-1.02,-4.6,한국무역보험공사_환율_20230718.csv
1988-05-19,1988,5,19,JPY,588.4,-0.67,0.03,-4.24,한국무역보험공사_환율_20230718.csv
1988-05-20,1988,5,20,JPY,588.03,-0.53,0.27,-4.59,한국무역보험공사_환율_20230718.csv
1988-05-21,1988,5,21,JPY,588.35,-0.41,0.12,-4.39,한국무역보험공사_환율_20230718.csv
1988-05-24,1988,5,24,JPY,588.81,-0.03,-1.95,-3.54,한국무역보험공사_환율_20230718.csv
1988-05-25,1988,5,25,JPY,589.86,0.15,-1.29,-3.36,한국무역보험공사_환율_20230718.csv
1988-05-26,1988,5,26,JPY,588.87,0.09,-1.46,-2.5,한국무역보험공사_환율_20230718.csv
1988-05-27,1988,5,27,JPY,588.25,0.61,-1.34,-3.34,한국무역보험공사_환율_20230718.csv
1988-05-28,1988,5,28,JPY,586.79,-0.27,-1.59,-3.37,한국무역보험공사_환율_20230718.csv
1988-05-30,1988,5,30,JPY,586.79,-0.21,-1.5,-3.76,한국무역보험공사_환율_20230718.csv
1988-05-31,1988,5,31,JPY,586.79,-0.27,-1.44,-2.68,한국무역보험공사_환율_20230718.csv
1988-06-01,1988,6,1,JPY,585.47,-0.57,-1.31,-2.9,한국무역보험공사_환율_20230718.csv
1988-06-02,1988,6,2,JPY,584.73,-0.87,-1.44,-3.33,한국무역보험공사_환율_20230718.csv
1988-06-03,1988,6,3,JPY,581.1,-1.32,-1.83,-3.8,한국무역보험공사_환율_20230718.csv
1988-06-04,1988,6,4,JPY,581.31,-1.18,-2.0,-3.4,한국무역보험공사_환율_20230718.csv
1988-06-06,1988,6,6,JPY,581.31,-0.93,-2.15,-2.95,한국무역보험공사_환율_20230718.csv
1988-06-07,1988,6,7,JPY,581.64,-0.88,-1.63,-1.69,한국무역보험공사_환율_20230718.csv
1988-06-08,1988,6,8,JPY,581.83,-0.85,-1.6,-1.65,한국무역보험공사_환율_20230718.csv
1988-06-09,1988,6,9,JPY,580.66,-0.82,-2.09,-2.35,한국무역보험공사_환율_20230718.csv
1988-06-10,1988,6,10,JPY,584.64,-0.02,-1.15,-1.2,한국무역보험공사_환율_20230718.csv
1988-06-11,1988,6,11,JPY,583.59,0.43,-1.41,-1.27,한국무역보험공사_환율_20230718.csv
1988-06-13,1988,6,13,JPY,583.59,0.39,-1.45,-1.13,한국무역보험공사_환율_20230718.csv
1988-06-14,1988,6,14,JPY,582.38,0.18,-1.65,-1.33,한국무역보험공사_환율_20230718.csv
1988-06-15,1988,6,15,JPY,575.9,-0.99,-1.49,-2.83,한국무역보험공사_환율_20230718.csv
1988-06-16,1988,6,16,JPY,577.01,-0.83,-2.59,-2.66,한국무역보험공사_환율_20230718.csv
1988-06-17,1988,6,17,JPY,579.78,-0.15,-1.93,-2.32,한국무역보험공사_환율_20230718.csv
1988-06-18,1988,6,18,JPY,579.17,-0.94,-1.96,-2.29,한국무역보험공사_환율_20230718.csv
1988-06-20,1988,6,20,JPY,579.17,-0.76,-1.67,-2.29,한국무역보험공사_환율_20230718.csv
1988-06-21,1988,6,21,JPY,576.84,-1.16,-2.06,-2.68,한국무역보험공사_환율_20230718.csv
1988-06-22,1988,6,22,JPY,576.24,-1.05,-2.06,-2.02,한국무역보험공사_환율_20230718.csv
1988-06-23,1988,6,23,JPY,565.14,-1.87,-3.34,-4.09,한국무역보험공사_환율_20230718.csv
1988-06-24,1988,6,24,JPY,566.65,-1.8,-3.7,-4.07,한국무역보험공사_환율_20230718.csv
1988-06-25,1988,6,25,JPY,558.68,-3.64,-4.99,-5.42,한국무역보험공사_환율_20230718.csv
1988-06-27,1988,6,27,JPY,558.68,-3.54,-5.04,-5.89,한국무역보험공사_환율_20230718.csv
1988-06-28,1988,6,28,JPY,555.89,-4.02,-5.59,-6.18,한국무역보험공사_환율_20230718.csv
1988-06-29,1988,6,29,JPY,548.97,-4.83,-6.93,-7.13,한국무역보험공사_환율_20230718.csv
1988-06-30,1988,6,30,JPY,549.04,-4.72,-6.76,-7.4,한국무역보험공사_환율_20230718.csv
1988-07-01,1988,7,1,JPY,547.57,-3.11,-6.92,-7.65,한국무역보험공사_환율_20230718.csv
1988-07-02,1988,7,2,JPY,541.84,-4.38,-7.66,-8.83,한국무역보험공사_환율_20230718.csv
1988-07-03,1988,7,3,JPY,547.57,-1.99,-6.68,-7.48,한국무역보험공사_환율_20230718.csv
1988-07-04,1988,7,4,JPY,541.84,-3.01,-7.66,-8.27,한국무역보험공사_환율_20230718.csv
1988-07-05,1988,7,5,JPY,538.0,-3.22,-8.11,-8.09,한국무역보험공사_환율_20230718.csv
1988-07-06,1988,7,6,JPY,542.94,-1.1,-7.15,-7.66,한국무역보험공사_환율_20230718.csv
1988-07-07,1988,7,7,JPY,545.6,-0.63,-6.11,-7.21,한국무역보험공사_환율_20230718.csv
1988-07-08,1988,7,8,JPY,546.64,-0.17,-5.96,-7.54,한국무역보험공사_환율_20230718.csv
1988-07-09,1988,7,9,JPY,545.07,0.6,-6.23,-7.8,한국무역보험공사_환율_20230718.csv
1988-07-11,1988,7,11,JPY,545.07,-0.46,-6.29,-7.8,한국무역보험공사_환율_20230718.csv
1988-07-12,1988,7,12,JPY,545.86,0.74,-6.18,-8.39,한국무역보험공사_환율_20230718.csv
1988-07-13,1988,7,13,JPY,548.22,1.9,-5.59,-8.22,한국무역보험공사_환율_20230718.csv
1988-07-14,1988,7,14,JPY,546.95,0.74,-6.45,-8.43,한국무역보험공사_환율_20230718.csv
1988-07-15,1988,7,15,JPY,544.77,-0.15,-6.65,-9.63,한국무역보험공사_환율_20230718.csv
1988-07-16,1988,7,16,JPY,536.0,-1.95,-8.15,-10.06,한국무역보험공사_환율_20230718.csv
1988-07-18,1988,7,18,JPY,536.0,-1.66,-7.96,-10.21,한국무역보험공사_환율_20230718.csv
1988-07-19,1988,7,19,JPY,540.06,-0.92,-6.22,-9.79,한국무역보험공사_환율_20230718.csv
1988-07-20,1988,7,20,JPY,544.63,-0.23,-5.61,-9.17,한국무역보험공사_환율_20230718.csv
1988-07-21,1988,7,21,JPY,541.71,-1.19,-6.57,-9.65,한국무역보험공사_환율_20230718.csv
1988-07-22,1988,7,22,JPY,550.28,0.61,-4.99,-7.28,한국무역보험공사_환율_20230718.csv
1988-07-23,1988,7,23,JPY,553.15,1.54,-4.49,-6.21,한국무역보험공사_환율_20230718.csv
1988-07-25,1988,7,25,JPY,553.15,3.2,-4.11,-6.48,한국무역보험공사_환율_20230718.csv
1988-07-26,1988,7,26,JPY,547.79,2.2,-4.94,-7.26,한국무역보험공사_환율_20230718.csv
1988-07-27,1988,7,27,JPY,546.52,1.2,-3.29,-7.48,한국무역보험공사_환율_20230718.csv
1988-07-28,1988,7,28,JPY,549.92,0.97,-2.95,-6.51,한국무역보험공사_환율_20230718.csv
1988-07-29,1988,7,29,JPY,545.86,0.77,-2.29,-6.92,한국무역보험공사_환율_20230718.csv
1988-07-30,1988,7,30,JPY,543.4,-1.25,-2.74,-7.53,한국무역보험공사_환율_20230718.csv
1988-07-31,1988,7,31,JPY,543.4,-1.76,-2.25,-9.51,한국무역보험공사_환율_20230718.csv
1988-08-01,1988,8,1,JPY,543.4,-1.76,-1.01,-9.07,한국무역보험공사_환율_20230718.csv
1988-08-02,1988,8,2,JPY,545.25,-0.46,-0.69,-8.76,한국무역보험공사_환율_20230718.csv
1988-08-03,1988,8,3,JPY,543.79,-0.5,-0.69,-8.79,한국무역보험공사_환율_20230718.csv
1988-08-04,1988,8,4,JPY,544.69,-0.95,0.53,-8.66,한국무역보험공사_환율_20230718.csv
1988-08-05,1988,8,5,JPY,543.74,-0.39,-0.7,-8.73,한국무역보험공사_환율_20230718.csv
1988-08-06,1988,8,6,JPY,540.36,-0.56,-0.27,-9.24,한국무역보험공사_환율_20230718.csv
1988-08-08,1988,8,8,JPY,540.36,-0.56,0.44,-8.92,한국무역보험공사_환율_20230718.csv
1988-08-09,1988,8,9,JPY,540.94,-0.45,-0.37,-8.82,한국무역보험공사_환율_20230718.csv
1988-08-10,1988,8,10,JPY,535.31,-1.82,-1.89,-9.57,한국무역보험공사_환율_20230718.csv
1988-08-11,1988,8,11,JPY,541.39,-0.44,-0.96,-8.73,한국무역보험공사_환율_20230718.csv
1988-08-12,1988,8,12,JPY,544.17,-0.1,-0.17,-8.4,한국무역보험공사_환율_20230718.csv
1988-08-13,1988,8,13,JPY,542.37,-0.25,-0.5,-8.27,한국무역보험공사_환율_20230718.csv
1988-08-16,1988,8,16,JPY,542.24,0.35,-0.66,-8.3,한국무역보험공사_환율_20230718.csv
1988-08-17,1988,8,17,JPY,540.69,0.06,-1.37,-8.83,한국무역보험공사_환율_20230718.csv
1988-08-18,1988,8,18,JPY,539.86,-0.2,-1.3,-8.72,한국무역보험공사_환율_20230718.csv
1988-08-19,1988,8,19,JPY,541.96,1.24,-0.52,-8.44,한국무역보험공사_환율_20230718.csv
1988-08-20,1988,8,20,JPY,540.52,-0.16,0.84,-8.72,한국무역보험공사_환율_20230718.csv
1988-08-22,1988,8,22,JPY,540.52,-0.67,0.84,-8.72,한국무역보험공사_환율_20230718.csv
1988-08-23,1988,8,23,JPY,540.49,-0.35,0.08,-7.55,한국무역보험공사_환율_20230718.csv
1988-08-24,1988,8,24,JPY,538.86,-0.62,-1.06,-9.03,한국무역보험공사_환율_20230718.csv
1988-08-25,1988,8,25,JPY,539.56,-0.21,-0.4,-8.73,한국무역보험공사_환율_20230718.csv
1988-08-26,1988,8,26,JPY,541.42,0.29,-1.61,-8.35,한국무역보험공사_환율_20230718.csv
1988-08-27,1988,8,27,JPY,539.26,-0.5,-2.51,-8.44,한국무역보험공사_환율_20230718.csv
1988-08-29,1988,8,29,JPY,539.26,-0.23,-2.51,-8.44,한국무역보험공사_환율_20230718.csv
1988-08-30,1988,8,30,JPY,536.53,-0.74,-2.06,-8.81,한국무역보험공사_환율_20230718.csv
1988-08-31,1988,8,31,JPY,535.41,-0.94,-2.03,-8.43,한국무역보험공사_환율_20230718.csv
1988-09-01,1988,9,1,JPY,529.02,-1.83,-3.8,-10.09,한국무역보험공사_환율_20230718.csv
1988-09-02,1988,9,2,JPY,529.7,-1.83,-2.96,-9.92,한국무역보험공사_환율_20230718.csv
1988-09-03,1988,9,3,JPY,531.13,-1.9,-2.26,-9.73,한국무역보험공사_환율_20230718.csv
1988-09-05,1988,9,5,JPY,531.13,-1.51,-2.26,-9.8,한국무역보험공사_환율_20230718.csv
1988-09-06,1988,9,6,JPY,530.37,-1.65,-2.4,-10.09,한국무역보험공사_환율_20230718.csv
1988-09-07,1988,9,7,JPY,534.43,-0.39,-1.98,-9.24,한국무역보험공사_환율_20230718.csv
1988-09-08,1988,9,8,JPY,539.96,0.85,-0.7,-8.21,한국무역보험공사_환율_20230718.csv
1988-09-09,1988,9,9,JPY,539.23,1.93,-1.0,-8.11,한국무역보험공사_환율_20230718.csv
1988-09-10,1988,9,10,JPY,538.52,1.67,-0.96,-8.23,한국무역보험공사_환율_20230718.csv
1988-09-12,1988,9,12,JPY,538.52,1.39,-0.34,-8.23,한국무역보험공사_환율_20230718.csv
1988-09-13,1988,9,13,JPY,539.81,1.63,-0.1,-7.8,한국무역보험공사_환율_20230718.csv
1988-09-14,1988,9,14,JPY,539.59,1.74,-0.25,-7.72,한국무역보험공사_환율_20230718.csv
1988-09-15,1988,9,15,JPY,536.54,0.39,0.23,-7.67,한국무역보험공사_환율_20230718.csv
1988-09-16,1988,9,16,JPY,537.72,-0.41,-0.68,-7.5,한국무역보험공사_환율_20230718.csv
1988-09-19,1988,9,19,JPY,537.02,-0.41,-1.31,-7.62,한국무역보험공사_환율_20230718.csv
1988-09-20,1988,9,20,JPY,538.73,0.04,-0.67,-7.38,한국무역보험공사_환율_20230718.csv
1988-09-21,1988,9,21,JPY,536.79,-0.32,-1.01,-7.74,한국무역보험공사_환율_20230718.csv
1988-09-22,1988,9,22,JPY,536.07,-0.69,-0.85,-7.68,한국무역보험공사_환율_20230718.csv
1988-09-23,1988,9,23,JPY,534.55,-0.93,-0.98,-8.57,한국무역보험공사_환율_20230718.csv
1988-09-24,1988,9,24,JPY,535.52,-0.19,-1.19,-8.24,한국무역보험공사_환율_20230718.csv
1988-09-27,1988,9,27,JPY,535.2,-0.47,-0.98,-8.29,한국무역보험공사_환율_20230718.csv
1988-09-28,1988,9,28,JPY,534.18,-0.53,-1.17,-8.28,한국무역보험공사_환율_20230718.csv
1988-09-29,1988,9,29,JPY,536.2,-0.47,-0.79,-6.89,한국무역보험공사_환율_20230718.csv
1988-09-30,1988,9,30,JPY,534.88,-0.36,-0.74,-7.3,한국무역보험공사_환율_20230718.csv
1988-10-04,1988,10,4,JPY,537.6,0.29,-0.36,-7.28,한국무역보험공사_환율_20230718.csv
1988-10-05,1988,10,5,JPY,538.44,0.73,-0.55,-7.03,한국무역보험공사_환율_20230718.csv
1988-10-06,1988,10,6,JPY,538.51,0.56,-0.14,-7.02,한국무역보험공사_환율_20230718.csv
1988-10-07,1988,10,7,JPY,536.73,0.29,-0.47,-6.95,한국무역보험공사_환율_20230718.csv
1988-10-08,1988,10,8,JPY,537.16,0.56,0.12,-6.78,한국무역보험공사_환율_20230718.csv
1988-10-10,1988,10,10,JPY,537.16,0.18,0.33,-4.95,한국무역보험공사_환율_20230718.csv
1988-10-11,1988,10,11,JPY,540.91,1.13,2.25,-4.54,한국무역보험공사_환율_20230718.csv
1988-10-12,1988,10,12,JPY,544.2,1.23,2.74,-2.59,한국무역보험공사_환율_20230718.csv
1988-10-13,1988,10,13,JPY,551.47,2.42,3.83,-1.29,한국무역보험공사_환율_20230718.csv
1988-10-14,1988,10,14,JPY,557.1,3.45,4.89,0.22,한국무역보험공사_환율_20230718.csv
1988-10-15,1988,10,15,JPY,560.1,4.35,5.61,2.03,한국무역보험공사_환율_20230718.csv
1988-10-17,1988,10,17,JPY,560.1,4.27,4.8,2.01,한국무역보험공사_환율_20230718.csv
1988-10-18,1988,10,18,JPY,557.08,3.71,3.17,1.74,한국무역보험공사_환율_20230718.csv
1988-10-19,1988,10,19,JPY,556.83,2.94,3.26,2.77,한국무역보험공사_환율_20230718.csv
1988-10-20,1988,10,20,JPY,554.92,1.97,3.05,1.34,한국무역보험공사_환율_20230718.csv
1988-10-21,1988,10,21,JPY,555.6,0.75,3.17,2.54,한국무역보험공사_환율_20230718.csv
1988-10-22,1988,10,22,JPY,558.04,0.17,3.38,3.72,한국무역보험공사_환율_20230718.csv
1988-10-24,1988,10,24,JPY,558.04,-0.37,3.42,2.78,한국무역보험공사_환율_20230718.csv
1988-10-25,1988,10,25,JPY,554.6,-0.98,3.37,1.65,한국무역보험공사_환율_20230718.csv
1988-10-26,1988,10,26,JPY,555.56,-0.27,3.32,1.63,한국무역보험공사_환율_20230718.csv
1988-10-27,1988,10,27,JPY,559.23,0.43,4.14,2.6,한국무역보험공사_환율_20230718.csv
1988-10-28,1988,10,28,JPY,556.26,0.24,3.25,2.05,한국무역보험공사_환율_20230718.csv
1988-10-29,1988,10,29,JPY,558.33,0.49,4.01,2.28,한국무역보험공사_환율_20230718.csv
1988-10-31,1988,10,31,JPY,558.33,0.05,4.15,1.84,한국무역보험공사_환율_20230718.csv
1988-11-01,1988,11,1,JPY,556.14,-0.34,4.04,1.68,한국무역보험공사_환율_20230718.csv
1988-11-02,1988,11,2,JPY,560.81,1.12,4.72,2.94,한국무역보험공사_환율_20230718.csv
1988-11-03,1988,11,3,JPY,562.2,1.2,5.04,4.89,한국무역보험공사_환율_20230718.csv
1988-11-04,1988,11,4,JPY,559.32,0.02,4.71,4.35,한국무역보험공사_환율_20230718.csv
1988-11-05,1988,11,5,JPY,558.39,0.38,4.14,3.39,한국무역보험공사_환율_20230718.csv
1988-11-07,1988,11,7,JPY,557.05,-0.23,4.14,2.28,한국무역보험공사_환율_20230718.csv
1988-11-08,1988,11,8,JPY,559.37,0.19,4.05,3.26,한국무역보험공사_환율_20230718.csv
1988-11-09,1988,11,9,JPY,554.97,-0.21,3.07,0.85,한국무역보험공사_환율_20230718.csv
1988-11-10,1988,11,10,JPY,561.72,0.16,4.31,1.55,한국무역보험공사_환율_20230718.csv
1988-11-11,1988,11,11,JPY,560.28,-0.34,4.39,1.29,한국무역보험공사_환율_20230718.csv
1988-11-12,1988,11,12,JPY,564.9,1.0,5.16,3.12,한국무역보험공사_환율_20230718.csv
1988-11-14,1988,11,14,JPY,565.69,1.31,5.31,3.51,한국무역보험공사_환율_20230718.csv
1988-11-15,1988,11,15,JPY,560.62,0.64,3.64,1.95,한국무역보험공사_환율_20230718.csv
1988-11-16,1988,11,16,JPY,560.43,0.19,2.98,2.67,한국무역보험공사_환율_20230718.csv
1988-11-17,1988,11,17,JPY,565.27,1.86,2.5,4.02,한국무역보험공사_환율_20230718.csv
1988-11-18,1988,11,18,JPY,565.77,0.72,1.56,4.12,한국무역보험공사_환율_20230718.csv
1988-11-19,1988,11,19,JPY,563.54,0.58,0.61,3.71,한국무역보험공사_환율_20230718.csv
1988-11-20,1988,11,20,JPY,690.8,22.29,23.34,26.69,한국무역보험공사_환율_20230718.csv
1988-11-21,1988,11,21,JPY,564.24,-0.26,1.29,3.76,한국무역보험공사_환율_20230718.csv
1988-11-22,1988,11,22,JPY,566.47,1.04,1.73,4.0,한국무역보험공사_환율_20230718.csv
1988-11-23,1988,11,23,JPY,568.24,1.39,2.4,4.51,한국무역보험공사_환율_20230718.csv
1988-11-24,1988,11,24,JPY,569.06,0.67,2.42,5.31,한국무역보험공사_환율_20230718.csv
1988-11-25,1988,11,25,JPY,569.6,0.68,2.07,5.41,한국무역보험공사_환율_20230718.csv
1988-11-26,1988,11,26,JPY,567.43,0.69,1.68,4.9,한국무역보험공사_환율_20230718.csv
1988-11-28,1988,11,28,JPY,566.73,-17.96,2.19,5.87,한국무역보험공사_환율_20230718.csv
1988-11-29,1988,11,29,JPY,561.72,-0.45,1.11,3.76,한국무역보험공사_환율_20230718.csv
1988-11-30,1988,11,30,JPY,564.59,-0.33,0.96,3.75,한국무역보험공사_환율_20230718.csv
1988-12-01,1988,12,1,JPY,566.37,-0.33,1.82,4.43,한국무역보험공사_환율_20230718.csv
1988-12-02,1988,12,2,JPY,564.48,-0.8,1.1,4.1,한국무역보험공사_환율_20230718.csv
1988-12-03,1988,12,3,JPY,565.58,-0.71,1.3,4.6,한국무역보험공사_환율_20230718.csv
1988-12-05,1988,12,5,JPY,564.3,-0.55,1.47,4.53,한국무역보험공사_환율_20230718.csv
1988-12-06,1988,12,6,JPY,563.34,-0.6,0.45,3.94,한국무역보험공사_환율_20230718.csv
1988-12-07,1988,12,7,JPY,562.73,0.18,0.09,4.11,한국무역보험공사_환율_20230718.csv
1988-12-08,1988,12,8,JPY,554.62,-1.77,-0.84,2.61,한국무역보험공사_환율_20230718.csv
1988-12-09,1988,12,9,JPY,560.56,-1.03,0.39,3.71,한국무역보험공사_환율_20230718.csv
1988-12-10,1988,12,10,JPY,558.26,-1.1,0.22,3.6,한국무역보험공사_환율_20230718.csv
1988-12-12,1988,12,12,JPY,558.26,-1.29,-0.2,3.47,한국무역보험공사_환율_20230718.csv
1988-12-13,1988,12,13,JPY,557.21,-1.26,0.4,2.92,한국무역보험공사_환율_20230718.csv
1988-12-14,1988,12,14,JPY,555.48,-1.4,-1.11,3.01,한국무역보험공사_환율_20230718.csv
1988-12-15,1988,12,15,JPY,557.72,-0.89,-0.46,3.42,한국무역보험공사_환율_20230718.csv
1988-12-16,1988,12,16,JPY,553.3,-0.24,-2.05,3.13,한국무역보험공사_환율_20230718.csv
1988-12-17,1988,12,17,JPY,551.6,-1.6,-2.49,3.02,한국무역보험공사_환율_20230718.csv
1988-12-19,1988,12,19,JPY,551.82,-1.15,-1.57,4.31,한국무역보험공사_환율_20230718.csv
1988-12-20,1988,12,20,JPY,550.35,-1.42,-1.8,3.9,한국무역보험공사_환율_20230718.csv
1988-12-21,1988,12,21,JPY,545.6,-2.08,-3.48,2.72,한국무역보험공사_환율_20230718.csv
1988-12-22,1988,12,22,JPY,550.47,-0.9,-2.7,3.64,한국무역보험공사_환율_20230718.csv
1988-12-23,1988,12,23,JPY,548.34,-1.68,-2.7,3.39,한국무역보험공사_환율_20230718.csv
1988-12-24,1988,12,24,JPY,548.86,-0.8,-20.55,2.7,한국무역보험공사_환율_20230718.csv
1988-12-26,1988,12,26,JPY,548.42,-0.58,-2.8,1.57,한국무역보험공사_환율_20230718.csv
1988-12-27,1988,12,27,JPY,548.42,-0.62,-3.19,1.7,한국무역보험공사_환율_20230718.csv
1988-12-28,1988,12,28,JPY,547.19,-0.57,-3.7,1.61,한국무역보험공사_환율_20230718.csv
1988-12-29,1988,12,29,JPY,546.61,0.19,-3.95,1.5,한국무역보험공사_환율_20230718.csv
1988-12-30,1988,12,30,JPY,544.85,-1.02,-4.35,0.93,한국무역보험공사_환율_20230718.csv
1988-12-31,1988,12,31,JPY,547.72,-0.11,-3.47,1.51,한국무역보험공사_환율_20230718.csv
1989-01-04,1989,1,4,JPY,552.41,0.65,-2.53,2.96,한국무역보험공사_환율_20230718.csv
1989-01-05,1989,1,5,JPY,546.75,-0.3,-2.67,1.68,한국무역보험공사_환율_20230718.csv
1989-01-06,1989,1,6,JPY,542.27,-1.12,-3.95,0.98,한국무역보험공사_환율_20230718.csv
1989-01-07,1989,1,7,JPY,539.46,-1.41,-4.75,0.14,한국무역보험공사_환율_20230718.csv
1989-01-09,1989,1,9,JPY,543.43,-0.58,-3.73,1.24,한국무역보험공사_환율_20230718.csv
1989-01-10,1989,1,10,JPY,544.16,-0.13,-3.79,1.51,한국무역보험공사_환율_20230718.csv
1989-01-11,1989,1,11,JPY,539.86,-1.44,-4.33,0.99,한국무역보험공사_환율_20230718.csv
1989-01-12,1989,1,12,JPY,543.16,-1.67,-3.58,1.43,한국무역보험공사_환율_20230718.csv
1989-01-13,1989,1,13,JPY,539.07,-1.4,-4.2,0.72,한국무역보험공사_환율_20230718.csv
1989-01-14,1989,1,14,JPY,536.19,-1.12,-3.32,0.38,한국무역보험공사_환율_20230718.csv
1989-01-16,1989,1,16,JPY,536.4,-0.57,-4.31,0.04,한국무역보험공사_환율_20230718.csv
1989-01-17,1989,1,17,JPY,534.17,-1.7,-4.32,-0.13,한국무역보험공사_환율_20230718.csv
1989-01-18,1989,1,18,JPY,534.46,-1.78,-4.26,-0.58,한국무역보험공사_환율_20230718.csv
1989-01-19,1989,1,19,JPY,530.39,-1.75,-4.81,-1.5,한국무역보험공사_환율_20230718.csv
1989-01-20,1989,1,20,JPY,530.88,-2.26,-4.43,-1.42,한국무역보험공사_환율_20230718.csv
1989-01-21,1989,1,21,JPY,533.7,-1.0,-4.31,-0.56,한국무역보험공사_환율_20230718.csv
1989-01-23,1989,1,23,JPY,533.49,-0.5,-3.58,-0.68,한국무역보험공사_환율_20230718.csv
1989-01-24,1989,1,24,JPY,534.62,-0.33,-3.08,-0.47,한국무역보험공사_환율_20230718.csv
1989-01-25,1989,1,25,JPY,531.83,-0.44,-3.62,-1.68,한국무역보험공사_환율_20230718.csv
1989-01-26,1989,1,26,JPY,534.2,-0.05,-2.93,-1.84,한국무역보험공사_환율_20230718.csv
1989-01-27,1989,1,27,JPY,530.32,-0.01,-2.8,-3.84,한국무역보험공사_환율_20230718.csv
1989-01-28,1989,1,28,JPY,525.89,-0.94,-4.47,-5.6,한국무역보험공사_환율_20230718.csv
1989-01-30,1989,1,30,JPY,525.08,-1.62,-4.24,-6.25,한국무역보험공사_환율_20230718.csv
1989-01-31,1989,1,31,JPY,525.36,-1.52,-4.28,-6.2,한국무역보험공사_환율_20230718.csv
1989-02-01,1989,2,1,JPY,522.21,-2.32,-4.78,-6.26,한국무역보험공사_환율_20230718.csv
1989-02-02,1989,2,2,JPY,522.69,-1.72,-4.69,-6.13,한국무역보험공사_환율_20230718.csv
1989-02-03,1989,2,3,JPY,524.98,-1.73,-4.06,-5.4,한국무역보험공사_환율_20230718.csv
1989-02-04,1989,2,4,JPY,526.07,-0.8,-3.76,-5.31,한국무역보험공사_환율_20230718.csv
1989-02-08,1989,2,8,JPY,525.13,-0.14,-3.62,-5.9,한국무역보험공사_환율_20230718.csv
1989-02-09,1989,2,9,JPY,525.2,0.02,-4.11,-5.88,한국무역보험공사_환율_20230718.csv
1989-02-10,1989,2,10,JPY,531.28,1.13,-3.83,-4.2,한국무역보험공사_환율_20230718.csv
1989-02-11,1989,2,11,JPY,526.66,0.85,-3.67,-5.2,한국무역보험공사_환율_20230718.csv
1989-02-13,1989,2,13,JPY,526.96,0.82,-2.82,-5.77,한국무역보험공사_환율_20230718.csv
1989-02-14,1989,2,14,JPY,530.65,1.08,-1.63,-4.6,한국무역보험공사_환율_20230718.csv
1989-02-15,1989,2,15,JPY,536.03,1.89,-1.36,-3.99,한국무역보험공사_환율_20230718.csv
1989-02-16,1989,2,16,JPY,535.95,2.06,-1.51,-4.01,한국무역보험공사_환율_20230718.csv
1989-02-17,1989,2,17,JPY,537.31,2.31,-0.47,-3.39,한국무역보험공사_환율_20230718.csv
1989-02-18,1989,2,18,JPY,536.7,1.02,-1.19,-4.3,한국무역보험공사_환율_20230718.csv
1989-02-20,1989,2,20,JPY,538.31,2.21,-0.14,-4.25,한국무역보험공사_환율_20230718.csv
1989-02-21,1989,2,21,JPY,533.71,1.28,-0.46,-4.58,한국무역보험공사_환율_20230718.csv
1989-02-22,1989,2,22,JPY,533.36,0.51,-0.57,-4.48,한국무역보험공사_환율_20230718.csv
1989-02-23,1989,2,23,JPY,534.77,-0.24,0.11,-4.0,한국무역보험공사_환율_20230718.csv
1989-02-24,1989,2,24,JPY,533.21,-0.51,-0.23,-4.68,한국무역보험공사_환율_20230718.csv
1989-02-25,1989,2,25,JPY,534.34,-0.55,0.74,-3.72,한국무역보험공사_환율_20230718.csv
1989-02-27,1989,2,27,JPY,535.62,-0.2,0.89,-4.65,한국무역보험공사_환율_20230718.csv
1989-02-28,1989,2,28,JPY,530.67,-1.42,-0.57,-5.28,한국무역보험공사_환율_20230718.csv
1989-03-02,1989,3,2,JPY,526.35,-1.38,-1.34,-6.82,한국무역보험공사_환율_20230718.csv
1989-03-03,1989,3,3,JPY,523.77,-1.8,-2.03,-7.41,한국무역보험공사_환율_20230718.csv
1989-03-04,1989,3,4,JPY,526.5,-1.55,-1.0,-6.09,한국무역보험공사_환율_20230718.csv
1989-03-06,1989,3,6,JPY,527.12,-1.14,-1.33,-5.94,한국무역보험공사_환율_20230718.csv
1989-03-07,1989,3,7,JPY,521.28,-2.44,-1.7,-7.78,한국무역보험공사_환율_20230718.csv
1989-03-08,1989,3,8,JPY,522.77,-2.4,-0.59,-7.6,한국무역보험공사_환율_20230718.csv
1989-03-09,1989,3,9,JPY,520.62,-1.89,-0.85,-7.62,한국무역보험공사_환율_20230718.csv
1989-03-11,1989,3,11,JPY,519.7,-1.26,-1.08,-24.77,한국무역보험공사_환율_20230718.csv
1989-03-13,1989,3,13,JPY,519.5,-0.82,-0.52,-7.93,한국무역보험공사_환율_20230718.csv
1989-03-14,1989,3,14,JPY,516.78,-1.85,-1.13,-8.77,한국무역보험공사_환율_20230718.csv
1989-03-15,1989,3,15,JPY,518.49,-1.64,-1.24,-8.76,한국무역보험공사_환율_20230718.csv
1989-03-16,1989,3,16,JPY,515.0,-1.2,-2.1,-9.5,한국무역보험공사_환율_20230718.csv
1989-03-17,1989,3,17,JPY,512.72,-1.92,-2.36,-9.99,한국무역보험공사_환율_20230718.csv
1989-03-18,1989,3,18,JPY,511.34,-1.78,-2.64,-9.88,한국무역보험공사_환율_20230718.csv
1989-03-20,1989,3,20,JPY,510.66,-1.74,-3.88,-9.89,한국무역보험공사_환율_20230718.csv
1989-03-21,1989,3,21,JPY,512.78,-1.29,-2.64,-8.71,한국무역보험공사_환율_20230718.csv
1989-03-22,1989,3,22,JPY,513.29,-0.68,-2.59,-9.09,한국무역보험공사_환율_20230718.csv
1989-03-23,1989,3,23,JPY,514.98,-0.68,-2.95,-9.07,한국무역보험공사_환율_20230718.csv
1989-03-24,1989,3,24,JPY,512.34,-0.52,-4.42,-9.24,한국무역보험공사_환율_20230718.csv
1989-03-25,1989,3,25,JPY,511.74,-0.19,-4.52,-9.52,한국무역보험공사_환율_20230718.csv
1989-03-27,1989,3,27,JPY,511.45,0.02,-4.81,-9.37,한국무역보험공사_환율_20230718.csv
1989-03-28,1989,3,28,JPY,506.71,-0.77,-5.59,-10.05,한국무역보험공사_환율_20230718.csv
1989-03-29,1989,3,29,JPY,504.12,-1.69,-6.35,-10.42,한국무역보험공사_환율_20230718.csv
1989-03-30,1989,3,30,JPY,505.15,-1.59,-5.35,-8.92,한국무역보험공사_환율_20230718.csv
1989-03-31,1989,3,31,JPY,509.02,-1.16,-4.56,-9.19,한국무역보험공사_환율_20230718.csv
1989-04-01,1989,4,1,JPY,505.37,-1.36,-5.5,-9.47,한국무역보험공사_환율_20230718.csv
1989-04-03,1989,4,3,JPY,503.95,-1.52,-5.49,-9.73,한국무역보험공사_환율_20230718.csv
1989-04-04,1989,4,4,JPY,508.78,-0.52,-4.78,-8.69,한국무역보험공사_환율_20230718.csv
1989-04-06,1989,4,6,JPY,506.9,0.04,-5.36,-8.75,한국무역보험공사_환율_20230718.csv
1989-04-07,1989,4,7,JPY,505.46,0.27,-4.75,-9.37,한국무역보험공사_환율_20230718.csv
1989-04-08,1989,4,8,JPY,502.75,-0.48,-4.48,-9.14,한국무역보험공사_환율_20230718.csv
1989-04-10,1989,4,10,JPY,502.75,-1.23,-4.01,-8.86,한국무역보험공사_환율_20230718.csv
1989-04-11,1989,4,11,JPY,502.36,-0.6,-4.58,-8.96,한국무역보험공사_환율_20230718.csv
1989-04-12,1989,4,12,JPY,502.83,-0.22,-4.61,-8.63,한국무역보험공사_환율_20230718.csv
1989-04-13,1989,4,13,JPY,501.77,-1.38,-3.74,-8.03,한국무역보험공사_환율_20230718.csv
1989-04-14,1989,4,14,JPY,505.34,-0.31,-3.33,-8.2,한국무역보험공사_환율_20230718.csv
1989-04-15,1989,4,15,JPY,505.23,-0.05,-2.96,-7.86,한국무역보험공사_환율_20230718.csv
1989-04-17,1989,4,17,JPY,506.57,0.76,-2.53,-7.71,한국무역보험공사_환율_20230718.csv
1989-04-18,1989,4,18,JPY,504.3,0.31,-2.93,-8.04,한국무역보험공사_환율_20230718.csv
1989-04-19,1989,4,19,JPY,507.5,1.02,-1.8,-7.46,한국무역보험공사_환율_20230718.csv
1989-04-20,1989,4,20,JPY,503.65,0.16,-2.86,-7.96,한국무역보험공사_환율_20230718.csv
1989-04-21,1989,4,21,JPY,507.78,1.2,-1.4,-7.1,한국무역보험공사_환율_20230718.csv
1989-04-22,1989,4,22,JPY,506.59,0.25,-1.2,-7.02,한국무역보험공사_환율_20230718.csv
1989-04-24,1989,4,24,JPY,507.16,0.38,-0.82,-7.41,한국무역보험공사_환율_20230718.csv
1989-04-25,1989,4,25,JPY,505.32,-0.25,-1.05,-8.52,한국무역보험공사_환율_20230718.csv
1989-04-26,1989,4,26,JPY,506.93,0.52,-1.14,-7.28,한국무역보험공사_환율_20230718.csv
1989-04-27,1989,4,27,JPY,505.08,-0.48,-1.6,-6.86,한국무역보험공사_환율_20230718.csv
1989-04-28,1989,4,28,JPY,504.13,0.1,-2.11,-6.55,한국무역보험공사_환율_20230718.csv
1989-04-29,1989,4,29,JPY,500.98,-1.34,-2.22,-7.81,한국무역보험공사_환율_20230718.csv
1989-04-30,1989,4,30,JPY,500.98,-1.11,-2.1,-7.94,한국무역보험공사_환율_20230718.csv
1989-05-01,1989,5,1,JPY,500.98,-1.22,-2.05,-7.2,한국무역보험공사_환율_20230718.csv
1989-05-02,1989,5,2,JPY,498.36,-1.38,-1.65,-8.25,한국무역보험공사_환율_20230718.csv
1989-05-03,1989,5,3,JPY,496.02,-2.15,-1.61,-7.99,한국무역보험공사_환율_20230718.csv
1989-05-04,1989,5,4,JPY,496.21,-1.76,-1.77,-7.46,한국무역보험공사_환율_20230718.csv
1989-05-06,1989,5,6,JPY,496.48,-1.52,-2.46,-7.44,한국무역보험공사_환율_20230718.csv
1989-05-08,1989,5,8,JPY,495.84,-1.03,-1.89,-7.18,한국무역보험공사_환율_20230718.csv
1989-05-09,1989,5,9,JPY,493.82,-1.43,-2.01,-7.6,한국무역보험공사_환율_20230718.csv
1989-05-10,1989,5,10,JPY,495.65,-1.06,-2.58,-6.55,한국무역보험공사_환율_20230718.csv
1989-05-11,1989,5,11,JPY,496.58,-0.36,-2.04,-6.46,한국무역보험공사_환율_20230718.csv
1989-05-13,1989,5,13,JPY,489.54,-1.31,-3.15,-8.27,한국무역보험공사_환율_20230718.csv
1989-05-15,1989,5,15,JPY,487.93,-1.67,-2.95,-8.54,한국무역보험공사_환율_20230718.csv
1989-05-16,1989,5,16,JPY,485.87,-2.14,-3.36,-9.12,한국무역보험공사_환율_20230718.csv
1989-05-17,1989,5,17,JPY,486.15,-1.95,-3.23,-8.59,한국무역보험공사_환율_20230718.csv
1989-05-18,1989,5,18,JPY,478.03,-3.2,-4.93,-10.51,한국무역보험공사_환율_20230718.csv
1989-05-19,1989,5,19,JPY,480.51,-3.05,-4.24,-9.39,한국무역보험공사_환율_20230718.csv
1989-05-20,1989,5,20,JPY,479.56,-3.43,-5.1,-8.81,한국무역보험공사_환율_20230718.csv
1989-05-21,1989,5,21,JPY,479.56,-2.04,-5.08,-8.67,한국무역보험공사_환율_20230718.csv
1989-05-22,1989,5,22,JPY,477.93,-2.05,-5.65,-9.03,한국무역보험공사_환율_20230718.csv
1989-05-23,1989,5,23,JPY,468.99,-3.47,-7.0,-10.19,한국무역보험공사_환율_20230718.csv
1989-05-24,1989,5,24,JPY,466.79,-3.98,-8.02,-10.69,한국무역보험공사_환율_20230718.csv
1989-05-25,1989,5,25,JPY,467.93,-2.11,-7.09,-10.87,한국무역보험공사_환율_20230718.csv
1989-05-26,1989,5,26,JPY,473.68,-1.42,-6.72,-9.96,한국무역보험공사_환율_20230718.csv
1989-05-27,1989,5,27,JPY,472.27,-1.52,-6.77,-10.07,한국무역보험공사_환율_20230718.csv
1989-05-29,1989,5,29,JPY,466.81,-2.66,-7.96,-11.12,한국무역보험공사_환율_20230718.csv
1989-05-30,1989,5,30,JPY,464.21,-2.87,-8.14,-12.62,한국무역보험공사_환율_20230718.csv
1989-05-31,1989,5,31,JPY,467.86,-0.24,-7.71,-11.16,한국무역보험공사_환율_20230718.csv
1989-06-01,1989,6,1,JPY,466.0,-0.17,-7.74,-11.57,한국무역보험공사_환율_20230718.csv
1989-06-02,1989,6,2,JPY,468.78,0.18,-7.01,-11.66,한국무역보험공사_환율_20230718.csv
1989-06-03,1989,6,3,JPY,474.38,0.15,-5.31,-11.5,한국무역보험공사_환율_20230718.csv
1989-06-05,1989,6,5,JPY,471.53,-0.16,-5.88,-12.02,한국무역보험공사_환율_20230718.csv
1989-06-07,1989,6,7,JPY,467.79,0.21,-6.63,-12.94,한국무역보험공사_환율_20230718.csv
1989-06-08,1989,6,8,JPY,466.25,0.44,-6.44,-13.13,한국무역보험공사_환율_20230718.csv
1989-06-09,1989,6,9,JPY,465.11,-0.59,-6.23,-13.6,한국무역보험공사_환율_20230718.csv
1989-06-10,1989,6,10,JPY,454.56,-2.45,-8.39,-14.83,한국무역보험공사_환율_20230718.csv
1989-06-12,1989,6,12,JPY,451.48,-3.69,-9.06,-15.35,한국무역보험공사_환율_20230718.csv
1989-06-13,1989,6,13,JPY,447.59,-5.65,-9.73,-16.3,한국무역보험공사_환율_20230718.csv
1989-06-14,1989,6,14,JPY,449.48,-4.68,-8.98,-15.7,한국무역보험공사_환율_20230718.csv
1989-06-15,1989,6,15,JPY,444.29,-5.02,-10.36,-16.85,한국무역보험공사_환율_20230718.csv
1989-06-16,1989,6,16,JPY,455.45,-2.32,-8.28,-14.97,한국무역보험공사_환율_20230718.csv
1989-06-17,1989,6,17,JPY,460.41,-1.01,-5.95,-13.24,한국무역보험공사_환율_20230718.csv
1989-06-19,1989,6,19,JPY,462.01,1.64,-5.31,-12.22,한국무역보험공사_환율_20230718.csv
1989-06-20,1989,6,20,JPY,464.84,2.96,-4.33,-11.25,한국무역보험공사_환율_20230718.csv
1989-06-21,1989,6,21,JPY,459.96,2.76,-5.39,-12.64,한국무역보험공사_환율_20230718.csv
1989-06-22,1989,6,22,JPY,470.93,4.77,-1.49,-10.66,한국무역보험공사_환율_20230718.csv
1989-06-23,1989,6,23,JPY,478.3,7.65,-0.46,-8.25,한국무역보험공사_환율_20230718.csv
1989-06-24,1989,6,24,JPY,479.95,5.38,0.08,-8.19,한국무역보험공사_환율_20230718.csv
1989-06-26,1989,6,26,JPY,477.23,3.65,-0.49,-8.33,한국무역보험공사_환율_20230718.csv
1989-06-27,1989,6,27,JPY,472.17,2.2,-1.21,-9.15,한국무역보험공사_환율_20230718.csv
1989-06-28,1989,6,28,JPY,470.24,1.16,0.27,-9.48,한국무역보험공사_환율_20230718.csv
1989-06-29,1989,6,29,JPY,464.56,1.0,-0.48,-10.1,한국무역보험공사_환율_20230718.csv
1989-06-30,1989,6,30,JPY,462.21,-1.85,-1.22,-10.85,한국무역보험공사_환율_20230718.csv
1989-07-01,1989,7,1,JPY,463.57,-3.08,-2.13,-9.99,한국무역보험공사_환율_20230718.csv
1989-07-03,1989,7,3,JPY,461.33,-3.88,-2.32,-10.02,한국무역보험공사_환율_20230718.csv
1989-07-04,1989,7,4,JPY,472.86,-0.92,1.3,-7.53,한국무역보험공사_환율_20230718.csv
1989-07-05,1989,7,5,JPY,472.12,-0.01,1.7,-7.55,한국무역보험공사_환율_20230718.csv
1989-07-06,1989,7,6,JPY,481.59,2.41,2.93,-6.08,한국무역보험공사_환율_20230718.csv
1989-07-07,1989,7,7,JPY,478.76,3.06,2.74,-6.73,한국무역보험공사_환율_20230718.csv
1989-07-08,1989,7,8,JPY,479.17,3.67,2.22,-6.95,한국무역보험공사_환율_20230718.csv
1989-07-10,1989,7,10,JPY,479.0,3.33,0.97,-6.51,한국무역보험공사_환율_20230718.csv
1989-07-11,1989,7,11,JPY,478.24,3.67,1.42,-6.55,한국무역보험공사_환율_20230718.csv
1989-07-12,1989,7,12,JPY,474.54,0.36,1.44,-7.22,한국무역보험공사_환율_20230718.csv
1989-07-13,1989,7,13,JPY,477.87,1.22,2.49,-5.69,한국무역보험공사_환율_20230718.csv
1989-07-14,1989,7,14,JPY,477.97,-0.75,2.76,-5.19,한국무역보험공사_환율_20230718.csv
1989-07-15,1989,7,15,JPY,473.6,-1.08,4.19,-6.25,한국무역보험공사_환율_20230718.csv
1989-07-18,1989,7,18,JPY,471.97,-1.5,4.54,-7.28,한국무역보험공사_환율_20230718.csv
1989-07-19,1989,7,19,JPY,471.71,-1.52,5.39,-6.66,한국무역보험공사_환율_20230718.csv
1989-07-20,1989,7,20,JPY,468.0,-2.14,4.12,-7.13,한국무역보험공사_환율_20230718.csv
1989-07-21,1989,7,21,JPY,471.9,-0.56,6.21,-7.25,한국무역보험공사_환율_20230718.csv
1989-07-22,1989,7,22,JPY,469.26,-1.8,3.03,-7.43,한국무역보험공사_환율_20230718.csv
1989-07-24,1989,7,24,JPY,466.13,-2.48,1.24,-7.78,한국무역보험공사_환율_20230718.csv
1989-07-25,1989,7,25,JPY,468.99,-0.97,1.51,-6.72,한국무역보험공사_환율_20230718.csv
1989-07-26,1989,7,26,JPY,471.27,-0.15,1.38,-6.26,한국무역보험공사_환율_20230718.csv
1989-07-27,1989,7,27,JPY,477.91,1.31,3.9,-4.87,한국무역보험공사_환율_20230718.csv
1989-07-28,1989,7,28,JPY,478.53,2.25,1.61,-4.83,한국무역보험공사_환율_20230718.csv
1989-07-29,1989,7,29,JPY,479.41,1.59,0.23,-4.46,한국무역보험공사_환율_20230718.csv
1989-07-31,1989,7,31,JPY,479.46,2.17,-0.1,-5.12,한국무역보험공사_환율_20230718.csv
1989-08-01,1989,8,1,JPY,489.77,5.07,2.63,-3.06,한국무역보험공사_환율_20230718.csv
1989-08-02,1989,8,2,JPY,491.59,4.82,4.11,-2.96,한국무역보험공사_환율_20230718.csv
1989-08-03,1989,8,3,JPY,488.51,3.66,3.89,-3.13,한국무역보험공사_환율_20230718.csv
1989-08-04,1989,8,4,JPY,487.41,1.99,4.92,-3.96,한국무역보험공사_환율_20230718.csv
1989-08-05,1989,8,5,JPY,477.35,-0.25,3.28,-5.22,한국무역보험공사_환율_20230718.csv
1989-08-07,1989,8,7,JPY,477.86,-0.32,3.08,-5.89,한국무역보험공사_환율_20230718.csv
1989-08-08,1989,8,8,JPY,477.9,-0.33,3.59,-5.66,한국무역보험공사_환율_20230718.csv
1989-08-09,1989,8,9,JPY,481.97,-1.59,1.93,-4.97,한국무역보험공사_환율_20230718.csv
1989-08-10,1989,8,10,JPY,481.61,-2.03,2.01,-4.69,한국무역보험공사_환율_20230718.csv
1989-08-11,1989,8,11,JPY,477.49,-2.26,-0.85,-5.81,한국무역보험공사_환율_20230718.csv
1989-08-12,1989,8,12,JPY,471.14,-3.34,-1.59,-6.72,한국무역보험공사_환율_20230718.csv
1989-08-14,1989,8,14,JPY,471.14,-1.3,-1.68,-6.54,한국무역보험공사_환율_20230718.csv
1989-08-16,1989,8,16,JPY,471.85,-1.26,-1.49,-5.81,한국무역보험공사_환율_20230718.csv
1989-08-17,1989,8,17,JPY,469.87,-1.68,-1.75,-6.21,한국무역보험공사_환율_20230718.csv
1989-08-18,1989,8,18,JPY,465.91,-3.33,-1.82,-7.0,한국무역보험공사_환율_20230718.csv
1989-08-19,1989,8,19,JPY,468.94,-2.63,-1.87,-5.9,한국무역보험공사_환율_20230718.csv
1989-08-21,1989,8,21,JPY,467.3,-2.13,-2.23,-5.79,한국무역보험공사_환율_20230718.csv
1989-08-22,1989,8,22,JPY,468.75,-0.51,-1.02,-5.53,한국무역보험공사_환율_20230718.csv
1989-08-23,1989,8,23,JPY,470.16,-0.21,-0.38,-5.3,한국무역보험공사_환율_20230718.csv
1989-08-24,1989,8,24,JPY,465.91,-1.26,-1.23,-6.04,한국무역보험공사_환율_20230718.csv
1989-08-25,1989,8,25,JPY,466.69,-0.68,-0.28,-5.49,한국무역보험공사_환율_20230718.csv
1989-08-26,1989,8,26,JPY,464.98,-0.2,-1.47,-6.19,한국무역보험공사_환율_20230718.csv
1989-08-28,1989,8,28,JPY,463.85,-1.09,-1.15,-6.59,한국무역보험공사_환율_20230718.csv
1989-08-29,1989,8,29,JPY,462.8,-0.96,-0.71,-5.46,한국무역보험공사_환율_20230718.csv
1989-08-30,1989,8,30,JPY,468.07,-0.15,-0.2,-4.07,한국무역보험공사_환율_20230718.csv
1989-08-31,1989,8,31,JPY,463.44,-1.43,-1.66,-4.62,한국무역보험공사_환율_20230718.csv
1989-09-01,1989,9,1,JPY,461.57,-0.93,-3.42,-5.06,한국무역보험공사_환율_20230718.csv
1989-09-02,1989,9,2,JPY,459.65,-1.51,-3.95,-3.84,한국무역보험공사_환율_20230718.csv
1989-09-04,1989,9,4,JPY,458.86,-1.32,-4.29,-4.51,한국무역보험공사_환율_20230718.csv
1989-09-05,1989,9,5,JPY,459.16,-1.01,-4.23,-4.25,한국무역보험공사_환율_20230718.csv
1989-09-06,1989,9,6,JPY,456.48,-1.37,-6.8,-4.81,한국무역보험공사_환율_20230718.csv
1989-09-07,1989,9,7,JPY,458.12,-2.13,-6.81,-4.14,한국무역보험공사_환율_20230718.csv
1989-09-08,1989,9,8,JPY,457.32,-1.32,-6.38,-2.49,한국무역보험공사_환율_20230718.csv
1989-09-09,1989,9,9,JPY,455.28,-1.36,-6.59,-2.47,한국무역보험공사_환율_20230718.csv
1989-09-11,1989,9,11,JPY,453.98,-1.23,-4.9,-2.98,한국무역보험공사_환율_20230718.csv
1989-09-12,1989,9,12,JPY,457.15,-0.37,-4.33,-3.49,한국무역보험공사_환율_20230718.csv
1989-09-16,1989,9,16,JPY,458.09,-0.23,-4.15,-3.0,한국무역보험공사_환율_20230718.csv
1989-09-18,1989,9,18,JPY,459.27,0.61,-4.71,-1.62,한국무역보험공사_환율_20230718.csv
1989-09-19,1989,9,19,JPY,460.47,0.51,-4.39,-0.81,한국무역보험공사_환율_20230718.csv
1989-09-20,1989,9,20,JPY,458.51,0.26,-3.97,-2.0,한국무역보험공사_환율_20230718.csv
1989-09-21,1989,9,21,JPY,461.91,1.46,-1.96,-0.88,한국무역보험공사_환율_20230718.csv
1989-09-22,1989,9,22,JPY,459.79,1.28,-2.41,-1.92,한국무역보험공사_환율_20230718.csv
1989-09-23,1989,9,23,JPY,459.07,0.42,-2.71,-3.23,한국무역보험공사_환율_20230718.csv
1989-09-24,1989,9,24,JPY,100.0,-78.17,-78.72,-78.79,한국무역보험공사_환율_20230718.csv
1989-09-25,1989,9,25,JPY,463.83,0.99,-0.45,-0.85,한국무역보험공사_환율_20230718.csv
1989-09-26,1989,9,26,JPY,470.44,2.17,0.32,0.9,한국무역보험공사_환율_20230718.csv
1989-09-27,1989,9,27,JPY,472.67,3.09,1.15,1.63,한국무역보험공사_환율_20230718.csv
1989-09-28,1989,9,28,JPY,476.12,3.08,1.57,4.74,한국무역보험공사_환율_20230718.csv
1989-09-29,1989,9,29,JPY,475.59,3.44,1.15,5.34,한국무역보험공사_환율_20230718.csv
1989-09-30,1989,9,30,JPY,482.02,5.0,3.46,7.69,한국무역보험공사_환율_20230718.csv
1989-10-02,1989,10,2,JPY,100.0,0.0,-78.57,-77.75,한국무역보험공사_환율_20230718.csv
1989-10-04,1989,10,4,JPY,474.55,2.31,2.06,6.81,한국무역보험공사_환율_20230718.csv
1989-10-05,1989,10,5,JPY,474.29,0.82,2.25,4.14,한국무역보험공사_환율_20230718.csv
1989-10-06,1989,10,6,JPY,472.42,-0.05,2.08,2.61,한국무역보험공사_환율_20230718.csv
1989-10-07,1989,10,7,JPY,471.24,-1.02,0.68,2.0,한국무역보험공사_환율_20230718.csv
1989-10-10,1989,10,10,JPY,469.99,-1.18,1.41,1.11,한국무역보험공사_환율_20230718.csv
1989-10-11,1989,10,11,JPY,464.57,-3.62,0.65,1.0,한국무역보험공사_환율_20230718.csv
1989-10-12,1989,10,12,JPY,464.71,364.71,1.1,-1.32,한국무역보험공사_환율_20230718.csv
1989-10-13,1989,10,13,JPY,467.07,-1.58,1.79,-2.35,한국무역보험공사_환율_20230718.csv
1989-10-14,1989,10,14,JPY,472.92,-0.29,3.0,-1.46,한국무역보험공사_환율_20230718.csv
1989-10-16,1989,10,16,JPY,479.5,1.5,5.04,0.48,한국무역보험공사_환율_20230718.csv
1989-10-17,1989,10,17,JPY,473.01,0.38,3.25,0.18,한국무역보험공사_환율_20230718.csv
1989-10-18,1989,10,18,JPY,470.9,0.19,2.97,0.14,한국무역보험공사_환율_20230718.csv
1989-10-19,1989,10,19,JPY,475.67,2.39,4.48,2.39,한국무역보험공사_환율_20230718.csv
1989-10-20,1989,10,20,JPY,473.08,1.8,4.21,2.35,한국무역보험공사_환율_20230718.csv
1989-10-21,1989,10,21,JPY,471.73,1.0,3.19,1.76,한국무역보험공사_환율_20230718.csv
1989-10-23,1989,10,23,JPY,472.39,-0.11,3.12,2.4,한국무역보험공사_환율_20230718.csv
1989-10-24,1989,10,24,JPY,473.63,-1.22,3.13,0.16,한국무역보험공사_환율_20230718.csv
1989-10-25,1989,10,25,JPY,474.4,0.29,3.03,0.48,한국무역보험공사_환율_20230718.csv
1989-10-26,1989,10,26,JPY,473.99,0.66,3.38,-1.58,한국무역보험공사_환율_20230718.csv
1989-10-27,1989,10,27,JPY,473.13,-0.53,2.43,-1.18,한국무역보험공사_환율_20230718.csv
1989-10-28,1989,10,28,JPY,474.37,0.27,3.17,-1.0,한국무역보험공사_환율_20230718.csv
1989-10-30,1989,10,30,JPY,474.2,0.52,3.3,-1.0,한국무역보험공사_환율_20230718.csv
1989-10-31,1989,10,31,JPY,472.13,-0.06,372.13,-1.28,한국무역보험공사_환율_20230718.csv
1989-11-01,1989,11,1,JPY,470.45,-0.67,1.43,-0.86,한국무역보험공사_환율_20230718.csv
1989-11-02,1989,11,2,JPY,467.32,-1.49,-0.66,-2.21,한국무역보험공사_환율_20230718.csv
1989-11-03,1989,11,3,JPY,468.86,-1.08,-0.81,-1.91,한국무역보험공사_환율_20230718.csv
1989-11-04,1989,11,4,JPY,468.93,-0.89,-1.51,-0.99,한국무역보험공사_환율_20230718.csv
1989-11-06,1989,11,6,JPY,469.05,-1.12,-1.38,-0.62,한국무역보험공사_환율_20230718.csv
1989-11-07,1989,11,7,JPY,467.13,-1.49,-3.09,-0.97,한국무역보험공사_환율_20230718.csv
1989-11-08,1989,11,8,JPY,469.68,-0.52,369.68,0.36,한국무역보험공사_환율_20230718.csv
1989-11-09,1989,11,9,JPY,469.28,-0.25,-1.11,-0.56,한국무역보험공사_환율_20230718.csv
1989-11-10,1989,11,10,JPY,470.0,0.57,-0.9,0.16,한국무역보험공사_환율_20230718.csv
1989-11-11,1989,11,11,JPY,468.6,-0.06,-0.81,0.53,한국무역보험공사_환율_20230718.csv
1989-11-13,1989,11,13,JPY,469.58,0.14,-0.35,0.13,한국무역보험공사_환율_20230718.csv
1989-11-14,1989,11,14,JPY,467.27,-0.38,-0.58,-0.85,한국무역보험공사_환율_20230718.csv
1989-11-15,1989,11,15,JPY,469.32,0.47,1.02,-1.8,한국무역보험공사_환율_20230718.csv
1989-11-16,1989,11,16,JPY,467.46,-0.47,0.59,-2.31,한국무역보험공사_환율_20230718.csv
1989-11-17,1989,11,17,JPY,466.39,-0.62,-0.15,-2.72,한국무역보험공사_환율_20230718.csv
1989-11-18,1989,11,18,JPY,466.09,-0.83,-1.44,-2.79,한국무역보험공사_환율_20230718.csv
1989-11-20,1989,11,20,JPY,465.49,-0.66,-2.92,-4.96,한국무역보험공사_환율_20230718.csv
1989-11-21,1989,11,21,JPY,465.89,-0.79,-1.51,-5.23,한국무역보험공사_환율_20230718.csv
1989-11-22,1989,11,22,JPY,467.92,0.14,-0.63,-4.21,한국무역보험공사_환율_20230718.csv
1989-11-23,1989,11,23,JPY,469.23,-0.02,-1.35,-3.73,한국무역보험공사_환율_20230718.csv
1989-11-24,1989,11,24,JPY,467.53,0.01,-1.17,-2.06,한국무역보험공사_환율_20230718.csv
1989-11-25,1989,11,25,JPY,468.46,0.44,-0.69,-1.97,한국무역보험공사_환율_20230718.csv
1989-11-27,1989,11,27,JPY,469.77,0.79,-0.55,-1.7,한국무역보험공사_환율_20230718.csv
1989-11-28,1989,11,28,JPY,469.21,0.8,-0.93,-2.65,한국무역보험공사_환율_20230718.csv
1989-11-29,1989,11,29,JPY,469.74,0.83,-0.98,-2.46,한국무역보험공사_환율_20230718.csv
1989-11-30,1989,11,30,JPY,470.26,0.5,-0.79,-1.51,한국무역보험공사_환율_20230718.csv
1989-12-01,1989,12,1,JPY,470.67,0.31,-0.52,-0.1,한국무역보험공사_환율_20230718.csv
1989-12-02,1989,12,2,JPY,469.19,0.36,-1.09,-0.41,한국무역보험공사_환율_20230718.csv
1989-12-04,1989,12,4,JPY,469.16,0.15,-1.06,-0.57,한국무역보험공사_환율_20230718.csv
1989-12-05,1989,12,5,JPY,468.47,-0.28,-0.78,-0.3,한국무역보험공사_환율_20230718.csv
1989-12-06,1989,12,6,JPY,468.84,-0.08,-0.34,0.63,한국무역보험공사_환율_20230718.csv
1989-12-07,1989,12,7,JPY,467.88,-0.4,0.12,-0.23,한국무역보험공사_환율_20230718.csv
1989-12-08,1989,12,8,JPY,466.59,-0.78,-0.48,-0.15,한국무역보험공사_환율_20230718.csv
1989-12-09,1989,12,9,JPY,467.18,-0.74,-0.37,-0.33,한국무역보험공사_환율_20230718.csv
1989-12-11,1989,12,11,JPY,466.13,-0.65,-0.62,-0.86,한국무역보험공사_환율_20230718.csv
1989-12-12,1989,12,12,JPY,466.46,-0.58,-0.14,0.12,한국무역보험공사_환율_20230718.csv
1989-12-13,1989,12,13,JPY,468.48,0.0,-0.26,0.38,한국무역보험공사_환율_20230718.csv
1989-12-14,1989,12,14,JPY,467.23,-0.34,-0.44,0.48,한국무역보험공사_환율_20230718.csv
1989-12-15,1989,12,15,JPY,467.52,-0.08,-0.53,0.79,한국무역보험공사_환율_20230718.csv
1989-12-16,1989,12,16,JPY,468.73,0.46,0.03,1.28,한국무역보험공사_환율_20230718.csv
1989-12-18,1989,12,18,JPY,468.08,0.19,-0.32,0.0,한국무역보험공사_환율_20230718.csv
1989-12-19,1989,12,19,JPY,470.62,0.96,0.72,1.55,한국무역보험공사_환율_20230718.csv
1989-12-20,1989,12,20,JPY,469.8,0.72,0.1,1.78,한국무역보험공사_환율_20230718.csv
1989-12-21,1989,12,21,JPY,470.75,0.48,0.7,2.41,한국무역보험공사_환율_20230718.csv
1989-12-22,1989,12,22,JPY,471.01,0.81,0.99,2.65,한국무역보험공사_환율_20230718.csv
1989-12-23,1989,12,23,JPY,475.54,1.72,2.03,3.57,한국무역보험공사_환율_20230718.csv
1989-12-26,1989,12,26,JPY,474.04,1.13,1.84,3.85,한국무역보험공사_환율_20230718.csv
1989-12-27,1989,12,27,JPY,476.87,1.88,2.36,4.09,한국무역보험공사_환율_20230718.csv
1989-12-28,1989,12,28,JPY,477.23,1.4,1.99,4.35,한국무역보험공사_환율_20230718.csv
1989-12-29,1989,12,29,JPY,473.3,0.74,0.87,3.96,한국무역보험공사_환율_20230718.csv
1989-12-30,1989,12,30,JPY,472.06,0.28,0.97,3.98,한국무역보험공사_환율_20230718.csv
1989-12-31,1989,12,31,JPY,472.06,0.22,0.77,3.26,한국무역보험공사_환율_20230718.csv
1990-01-03,1990,1,3,JPY,463.86,-2.46,-1.26,1.26,한국무역보험공사_환율_20230718.csv
1990-01-04,1990,1,4,JPY,468.07,-1.26,-0.24,1.92,한국무역보험공사_환율_20230718.csv
1990-01-05,1990,1,5,JPY,475.4,-0.31,1.2,3.24,한국무역보험공사_환율_20230718.csv
1990-01-06,1990,1,6,JPY,471.22,-1.26,0.2,2.77,한국무역보험공사_환율_20230718.csv
1990-01-08,1990,1,8,JPY,470.73,-0.54,0.01,1.91,한국무역보험공사_환율_20230718.csv
1990-01-09,1990,1,9,JPY,472.47,0.09,0.7,2.76,한국무역보험공사_환율_20230718.csv
1990-01-10,1990,1,10,JPY,468.96,-0.66,-0.04,2.15,한국무역보험공사_환율_20230718.csv
1990-01-11,1990,1,11,JPY,469.88,1.3,0.3,369.88,한국무역보험공사_환율_20230718.csv
1990-01-12,1990,1,12,JPY,469.51,0.31,0.14,1.22,한국무역보험공사_환율_20230718.csv
1990-01-13,1990,1,13,JPY,469.06,-1.33,0.25,-0.29,한국무역보험공사_환율_20230718.csv
1990-01-15,1990,1,15,JPY,468.64,-0.55,0.44,-0.85,한국무역보험공사_환율_20230718.csv
1990-01-16,1990,1,16,JPY,468.63,-0.45,0.31,-1.57,한국무역보험공사_환율_20230718.csv
1990-01-17,1990,1,17,JPY,470.27,-0.47,0.89,-1.12,한국무역보험공사_환율_20230718.csv
1990-01-18,1990,1,18,JPY,470.08,0.24,0.78,-2.48,한국무역보험공사_환율_20230718.csv
1990-01-19,1990,1,19,JPY,468.28,-0.34,-0.04,368.28,한국무역보험공사_환율_20230718.csv
1990-01-20,1990,1,20,JPY,469.32,-0.04,0.45,-1.1,한국무역보험공사_환율_20230718.csv
1990-01-22,1990,1,22,JPY,468.25,-0.17,0.16,-1.27,한국무역보험공사_환율_20230718.csv
1990-01-23,1990,1,23,JPY,467.47,-0.25,-0.27,-1.05,한국무역보험공사_환율_20230718.csv
1990-01-24,1990,1,24,JPY,469.64,0.22,0.33,-0.34,한국무역보험공사_환율_20230718.csv
1990-01-25,1990,1,25,JPY,471.35,0.23,0.16,0.29,한국무역보험공사_환율_20230718.csv
1990-01-29,1990,1,29,JPY,479.03,1.9,1.96,3.11,한국무역보험공사_환율_20230718.csv
1990-01-30,1990,1,30,JPY,479.45,2.39,1.85,3.17,한국무역보험공사_환율_20230718.csv
1990-01-31,1990,1,31,JPY,473.4,0.87,0.51,1.36,한국무역보험공사_환율_20230718.csv
1990-02-01,1990,2,1,JPY,475.63,1.58,0.02,0.57,한국무역보험공사_환율_20230718.csv
1990-02-02,1990,2,2,JPY,474.48,1.5,0.09,-1.05,한국무역보험공사_환율_20230718.csv
1990-02-03,1990,2,3,JPY,472.71,0.65,-0.87,-0.06,한국무역보험공사_환율_20230718.csv
1990-02-05,1990,2,5,JPY,473.17,0.39,-0.85,0.48,한국무역보험공사_환율_20230718.csv
1990-02-06,1990,2,6,JPY,474.73,-0.9,0.3,-0.2,한국무역보험공사_환율_20230718.csv
1990-02-07,1990,2,7,JPY,473.81,-1.18,0.37,0.15,한국무역보험공사_환율_20230718.csv
1990-02-08,1990,2,8,JPY,473.08,-0.07,0.22,0.29,한국무역보험공사_환율_20230718.csv
1990-02-09,1990,2,9,JPY,475.03,-0.13,2.41,0.56,한국무역보험공사_환율_20230718.csv
1990-02-10,1990,2,10,JPY,476.08,0.34,1.71,0.52,한국무역보험공사_환율_20230718.csv
1990-02-12,1990,2,12,JPY,476.41,0.78,0.21,0.42,한국무역보험공사_환율_20230718.csv
1990-02-13,1990,2,13,JPY,476.42,0.69,1.1,0.51,한국무역보험공사_환율_20230718.csv
1990-02-14,1990,2,14,JPY,477.97,0.68,1.54,1.02,한국무역보험공사_환율_20230718.csv
1990-02-15,1990,2,15,JPY,477.12,0.7,0.98,0.58,한국무역보험공사_환율_20230718.csv
1990-02-16,1990,2,16,JPY,476.58,0.74,1.62,0.5,한국무역보험공사_환율_20230718.csv
1990-02-17,1990,2,17,JPY,479.85,1.01,2.12,1.64,한국무역보험공사_환율_20230718.csv
1990-02-19,1990,2,19,JPY,478.59,0.53,1.93,1.73,한국무역보험공사_환율_20230718.csv
1990-02-20,1990,2,20,JPY,477.71,0.27,1.84,2.22,한국무역보험공사_환율_20230718.csv
1990-02-21,1990,2,21,JPY,475.16,-0.26,1.39,1.34,한국무역보험공사_환율_20230718.csv
1990-02-22,1990,2,22,JPY,474.7,-0.68,1.3,1.23,한국무역보험공사_환율_20230718.csv
1990-02-23,1990,2,23,JPY,473.06,-0.85,0.59,0.85,한국무역보험공사_환율_20230718.csv
1990-02-24,1990,2,24,JPY,470.79,-1.21,0.15,0.78,한국무역보험공사_환율_20230718.csv
1990-02-26,1990,2,26,JPY,469.48,-2.16,0.26,-0.04,한국무역보험공사_환율_20230718.csv
1990-02-27,1990,2,27,JPY,467.57,-2.3,-0.37,-0.36,한국무역보험공사_환율_20230718.csv
1990-02-28,1990,2,28,JPY,466.87,-2.27,-0.29,-0.67,한국무역보험공사_환율_20230718.csv
1990-03-02,1990,3,2,JPY,461.28,-2.92,-1.32,-1.56,한국무역보험공사_환율_20230718.csv
1990-03-03,1990,3,3,JPY,461.3,-2.82,-1.78,-1.76,한국무역보험공사_환율_20230718.csv
1990-03-05,1990,3,5,JPY,461.36,-2.47,-2.12,-1.26,한국무역보험공사_환율_20230718.csv
1990-03-06,1990,3,6,JPY,466.4,-0.93,-2.64,-0.62,한국무역보험공사_환율_20230718.csv
1990-03-07,1990,3,7,JPY,462.9,-1.4,-3.45,-0.98,한국무역보험공사_환율_20230718.csv
1990-03-08,1990,3,8,JPY,464.14,-0.73,-1.96,-0.48,한국무역보험공사_환율_20230718.csv
1990-03-09,1990,3,9,JPY,462.16,-1.01,-2.83,-0.84,한국무역보험공사_환율_20230718.csv
1990-03-12,1990,3,12,JPY,460.53,-0.16,-2.94,-1.07,한국무역보험공사_환율_20230718.csv
1990-03-13,1990,3,13,JPY,457.26,-0.88,-3.27,-1.85,한국무역보험공사_환율_20230718.csv
1990-03-14,1990,3,14,JPY,459.91,-0.31,-2.8,-1.71,한국무역보험공사_환율_20230718.csv
1990-03-15,1990,3,15,JPY,457.99,-1.8,-3.53,-2.4,한국무역보험공사_환율_20230718.csv
1990-03-16,1990,3,16,JPY,457.33,-1.2,-3.48,-2.18,한국무역보험공사_환율_20230718.csv
1990-03-17,1990,3,17,JPY,456.23,-1.7,-3.56,-2.61,한국무역보험공사_환율_20230718.csv
1990-03-19,1990,3,19,JPY,456.74,-1.17,-3.85,-2.77,한국무역보험공사_환율_20230718.csv
1990-03-20,1990,3,20,JPY,457.05,-0.76,-4.0,-2.59,한국무역보험공사_환율_20230718.csv
1990-03-21,1990,3,21,JPY,451.84,-1.19,-5.16,-3.81,한국무역보험공사_환율_20230718.csv
1990-03-22,1990,3,22,JPY,451.36,-1.86,-5.26,-4.02,한국무역보험공사_환율_20230718.csv
1990-03-23,1990,3,23,JPY,450.89,-1.55,-5.67,-4.2,한국무역보험공사_환율_20230718.csv
1990-03-24,1990,3,24,JPY,453.32,-0.88,-4.99,-3.38,한국무역보험공사_환율_20230718.csv
1990-03-26,1990,3,26,JPY,449.26,-1.53,-5.73,-4.24,한국무역보험공사_환율_20230718.csv
1990-03-27,1990,3,27,JPY,447.07,-2.12,-6.83,-4.57,한국무역보험공사_환율_20230718.csv
1990-03-28,1990,3,28,JPY,443.86,-2.89,-7.26,-5.33,한국무역보험공사_환율_20230718.csv
1990-03-29,1990,3,29,JPY,441.79,-2.22,-7.52,-5.58,한국무역보험공사_환율_20230718.csv
1990-03-30,1990,3,30,JPY,447.72,-0.81,-5.77,-4.04,한국무역보험공사_환율_20230718.csv
1990-03-31,1990,3,31,JPY,442.97,-1.76,-6.68,-5.18,한국무역보험공사_환율_20230718.csv
1990-04-02,1990,4,2,JPY,439.36,-3.08,-7.12,-5.74,한국무역보험공사_환율_20230718.csv
1990-04-03,1990,4,3,JPY,442.09,-1.6,-6.1,-5.22,한국무역보험공사_환율_20230718.csv
1990-04-04,1990,4,4,JPY,441.83,-1.17,-5.89,-5.69,한국무역보험공사_환율_20230718.csv
1990-04-06,1990,4,6,JPY,448.67,1.08,-4.04,-3.97,한국무역보험공사_환율_20230718.csv
1990-04-07,1990,4,7,JPY,448.07,1.42,-4.03,-4.16,한국무역보험공사_환율_20230718.csv
1990-04-09,1990,4,9,JPY,452.95,1.17,-1.81,-3.37,한국무역보험공사_환율_20230718.csv
1990-04-10,1990,4,10,JPY,447.12,0.94,-3.07,-4.48,한국무역보험공사_환율_20230718.csv
1990-04-11,1990,4,11,JPY,448.89,2.17,-2.7,-4.62,한국무역보험공사_환율_20230718.csv
1990-04-12,1990,4,12,JPY,446.4,0.97,-4.29,-4.98,한국무역보험공사_환율_20230718.csv
1990-04-13,1990,4,13,JPY,446.38,1.03,-3.57,-5.18,한국무역보험공사_환율_20230718.csv
1990-04-14,1990,4,14,JPY,445.32,-0.75,-4.05,-5.45,한국무역보험공사_환율_20230718.csv
1990-04-16,1990,4,16,JPY,443.64,-0.99,-4.01,-6.71,한국무역보험공사_환율_20230718.csv
1990-04-17,1990,4,17,JPY,442.78,-2.25,-3.85,-6.59,한국무역보험공사_환율_20230718.csv
1990-04-18,1990,4,18,JPY,441.66,-1.22,-3.41,-7.38,한국무역보험공사_환율_20230718.csv
1990-04-19,1990,4,19,JPY,445.78,-0.69,-3.07,-6.59,한국무역보험공사_환율_20230718.csv
1990-04-20,1990,4,20,JPY,450.64,0.95,-1.6,-4.79,한국무역보험공사_환율_20230718.csv
1990-04-21,1990,4,21,JPY,447.68,0.29,-2.11,-5.16,한국무역보험공사_환율_20230718.csv
1990-04-23,1990,4,23,JPY,448.39,0.69,-1.72,-5.01,한국무역보험공사_환율_20230718.csv
1990-04-24,1990,4,24,JPY,446.55,0.66,-2.23,-3.73,한국무역보험공사_환율_20230718.csv
1990-04-25,1990,4,25,JPY,443.91,0.26,-2.87,-5.16,한국무역보험공사_환율_20230718.csv
1990-04-26,1990,4,26,JPY,445.36,0.84,-1.43,-6.32,한국무역보험공사_환율_20230718.csv
1990-04-27,1990,4,27,JPY,443.29,-0.56,-1.79,-5.93,한국무역보험공사_환율_20230718.csv
1990-04-28,1990,4,28,JPY,443.82,-1.51,-1.57,-5.72,한국무역보험공사_환율_20230718.csv
1990-04-30,1990,4,30,JPY,443.61,-0.91,-2.14,-6.11,한국무역보험공사_환율_20230718.csv
1990-05-01,1990,5,1,JPY,444.14,-0.95,-1.14,-5.29,한국무역보험공사_환율_20230718.csv
1990-05-03,1990,5,3,JPY,447.43,0.2,0.08,-4.78,한국무역보험공사_환율_20230718.csv
1990-05-04,1990,5,4,JPY,446.17,0.51,0.52,-4.97,한국무역보험공사_환율_20230718.csv
1990-05-07,1990,5,7,JPY,445.86,0.11,0.92,-4.95,한국무역보험공사_환율_20230718.csv
1990-05-08,1990,5,8,JPY,447.09,0.86,-0.14,-4.6,한국무역보험공사_환율_20230718.csv
1990-05-09,1990,5,9,JPY,450.17,1.43,1.63,-3.94,한국무역보험공사_환율_20230718.csv
1990-05-10,1990,5,10,JPY,452.22,1.94,2.93,-3.84,한국무역보험공사_환율_20230718.csv
1990-05-11,1990,5,11,JPY,454.32,2.29,2.77,-3.35,한국무역보험공사_환율_20230718.csv
1990-05-12,1990,5,12,JPY,463.61,3.62,4.93,-1.0,한국무역보험공사_환율_20230718.csv
1990-05-14,1990,5,14,JPY,463.31,3.84,3.26,-1.28,한국무역보험공사_환율_20230718.csv
1990-05-15,1990,5,15,JPY,466.78,4.69,4.18,-0.31,한국무역보험공사_환율_20230718.csv
1990-05-16,1990,5,16,JPY,470.61,5.26,3.9,0.67,한국무역보험공사_환율_20230718.csv
1990-05-17,1990,5,17,JPY,466.38,3.6,4.31,-0.69,한국무역보험공사_환율_20230718.csv
1990-05-18,1990,5,18,JPY,465.66,2.97,3.74,-1.21,한국무역보험공사_환율_20230718.csv
1990-05-19,1990,5,19,JPY,463.9,2.11,3.92,-3.16,한국무역보험공사_환율_20230718.csv
1990-05-21,1990,5,21,JPY,462.69,-0.2,3.65,-3.5,한국무역보험공사_환율_20230718.csv
1990-05-22,1990,5,22,JPY,463.8,0.11,4.15,-2.03,한국무역보험공사_환율_20230718.csv
1990-05-23,1990,5,23,JPY,470.28,0.75,6.0,-1.12,한국무역보험공사_환율_20230718.csv
1990-05-24,1990,5,24,JPY,469.33,-0.27,6.0,-1.09,한국무역보험공사_환율_20230718.csv
1990-05-25,1990,5,25,JPY,472.64,1.34,7.01,-0.01,한국무역보험공사_환율_20230718.csv
1990-05-26,1990,5,26,JPY,475.7,2.16,6.71,0.53,한국무역보험공사_환율_20230718.csv
1990-05-28,1990,5,28,JPY,475.87,2.58,5.6,0.24,한국무역보험공사_환율_20230718.csv
1990-05-29,1990,5,29,JPY,477.85,3.28,6.74,0.85,한국무역보험공사_환율_20230718.csv
1990-05-30,1990,5,30,JPY,470.92,1.54,5.02,-0.46,한국무역보험공사_환율_20230718.csv
1990-05-31,1990,5,31,JPY,470.17,-0.02,5.29,-1.02,한국무역보험공사_환율_20230718.csv
1990-06-01,1990,6,1,JPY,466.58,-0.59,5.11,-2.0,한국무역보험공사_환율_20230718.csv
1990-06-02,1990,6,2,JPY,468.25,-0.93,5.14,-1.71,한국무역보험공사_환율_20230718.csv
1990-06-04,1990,6,4,JPY,465.95,-2.05,5.11,-2.2,한국무역보험공사_환율_20230718.csv
1990-06-05,1990,6,5,JPY,468.22,-1.61,5.5,-2.04,한국무역보험공사_환율_20230718.csv
1990-06-07,1990,6,7,JPY,468.15,-2.03,5.53,-1.88,한국무역보험공사_환율_20230718.csv
1990-06-08,1990,6,8,JPY,468.09,-0.6,5.39,-1.78,한국무역보험공사_환율_20230718.csv
1990-06-09,1990,6,9,JPY,465.94,-0.9,4.14,-2.9,한국무역보험공사_환율_20230718.csv
1990-06-11,1990,6,11,JPY,466.32,-0.06,4.52,-2.56,한국무역보험공사_환율_20230718.csv
1990-06-12,1990,6,12,JPY,463.82,-0.95,4.03,-2.91,한국무역보험공사_환율_20230718.csv
1990-06-13,1990,6,13,JPY,462.21,-0.8,3.38,-2.73,한국무역보험공사_환율_20230718.csv
1990-06-14,1990,6,14,JPY,464.7,-0.75,3.23,-2.11,한국무역보험공사_환율_20230718.csv
1990-06-15,1990,6,15,JPY,463.66,-0.96,2.53,-1.99,한국무역보험공사_환율_20230718.csv
1990-06-16,1990,6,16,JPY,465.44,-0.57,2.45,-1.14,한국무역보험공사_환율_20230718.csv
1990-06-18,1990,6,18,JPY,465.82,-0.03,0.48,-0.78,한국무역보험공사_환율_20230718.csv
1990-06-19,1990,6,19,JPY,466.6,0.06,0.71,-0.21,한국무역보험공사_환율_20230718.csv
1990-06-20,1990,6,20,JPY,466.02,0.47,-0.16,-0.18,한국무역보험공사_환율_20230718.csv
1990-06-21,1990,6,21,JPY,464.1,0.41,-1.38,0.61,한국무역보험공사_환율_20230718.csv
1990-06-22,1990,6,22,JPY,462.21,-0.54,-0.89,0.2,한국무역보험공사_환율_20230718.csv
1990-06-23,1990,6,23,JPY,462.9,-0.16,-0.59,0.33,한국무역보험공사_환율_20230718.csv
1990-06-25,1990,6,25,JPY,461.26,-0.9,-0.57,-1.1,한국무역보험공사_환율_20230718.csv
1990-06-26,1990,6,26,JPY,461.41,-0.95,-0.28,-0.32,한국무역보험공사_환율_20230718.csv
1990-06-27,1990,6,27,JPY,464.12,-0.53,0.07,-0.0,한국무역보험공사_환율_20230718.csv
1990-06-28,1990,6,28,JPY,463.3,-0.58,-1.48,0.25,한국무역보험공사_환율_20230718.csv
1990-06-29,1990,6,29,JPY,467.65,0.76,-0.36,1.55,한국무역보험공사_환율_20230718.csv
1990-06-30,1990,6,30,JPY,470.43,1.78,-0.47,2.88,한국무역보험공사_환율_20230718.csv
1990-07-02,1990,7,2,JPY,471.21,1.8,-0.94,2.46,한국무역보험공사_환율_20230718.csv
1990-07-03,1990,7,3,JPY,473.21,2.59,-0.56,3.32,한국무역보험공사_환율_20230718.csv
1990-07-04,1990,7,4,JPY,476.47,3.26,-0.29,4.19,한국무역보험공사_환율_20230718.csv
1990-07-05,1990,7,5,JPY,475.84,2.53,1.04,4.3,한국무역보험공사_환율_20230718.csv
1990-07-06,1990,7,6,JPY,473.54,2.21,0.72,3.68,한국무역보험공사_환율_20230718.csv
1990-07-07,1990,7,7,JPY,472.51,1.04,1.27,3.38,한국무역보험공사_환율_20230718.csv
1990-07-09,1990,7,9,JPY,472.67,0.48,0.94,4.61,한국무역보험공사_환율_20230718.csv
1990-07-10,1990,7,10,JPY,476.27,1.07,2.21,5.52,한국무역보험공사_환율_20230718.csv
1990-07-11,1990,7,11,JPY,483.59,2.19,3.28,7.25,한국무역보험공사_환율_20230718.csv
1990-07-12,1990,7,12,JPY,482.11,1.18,2.98,6.35,한국무역보험공사_환율_20230718.csv
1990-07-13,1990,7,13,JPY,486.08,2.15,3.84,8.2,한국무역보험공사_환율_20230718.csv
1990-07-14,1990,7,14,JPY,483.21,2.04,3.71,8.08,한국무역보험공사_환율_20230718.csv
1990-07-16,1990,7,16,JPY,483.13,2.25,3.6,8.85,한국무역보험공사_환율_20230718.csv
1990-07-18,1990,7,18,JPY,484.86,2.58,4.54,9.75,한국무역보험공사_환율_20230718.csv
1990-07-19,1990,7,19,JPY,483.02,1.42,4.5,7.88,한국무역보험공사_환율_20230718.csv
1990-07-20,1990,7,20,JPY,483.38,-0.04,4.02,9.12,한국무역보험공사_환율_20230718.csv
1990-07-21,1990,7,21,JPY,481.56,-0.11,3.86,9.6,한국무역보험공사_환율_20230718.csv
1990-07-23,1990,7,23,JPY,482.37,-0.76,3.64,9.11,한국무역보험공사_환율_20230718.csv
1990-07-24,1990,7,24,JPY,483.02,-0.04,3.69,9.32,한국무역보험공사_환율_20230718.csv
1990-07-25,1990,7,25,JPY,480.59,-0.53,3.0,7.11,한국무역보험공사_환율_20230718.csv
1990-07-26,1990,7,26,JPY,476.77,-1.67,2.31,6.41,한국무역보험공사_환율_20230718.csv
1990-07-27,1990,7,27,JPY,476.14,-1.42,2.59,5.12,한국무역보험공사_환율_20230718.csv
1990-07-28,1990,7,28,JPY,480.07,-0.68,3.86,7.37,한국무역보험공사_환율_20230718.csv
1990-07-30,1990,7,30,JPY,479.91,-0.34,3.67,6.91,한국무역보험공사_환율_20230718.csv
1990-07-31,1990,7,31,JPY,483.99,0.34,4.93,8.42,한국무역보험공사_환율_20230718.csv
1990-08-01,1990,8,1,JPY,489.28,1.3,6.04,9.61,한국무역보험공사_환율_20230718.csv
1990-08-02,1990,8,2,JPY,485.37,0.99,4.58,8.99,한국무역보험공사_환율_20230718.csv
1990-08-03,1990,8,3,JPY,476.71,-0.01,2.89,7.45,한국무역보험공사_환율_20230718.csv
1990-08-04,1990,8,4,JPY,476.71,0.12,1.94,7.66,한국무역보험공사_환율_20230718.csv
1990-08-06,1990,8,6,JPY,476.28,-0.79,1.24,7.84,한국무역보험공사_환율_20230718.csv
1990-08-07,1990,8,7,JPY,474.68,-1.09,0.74,6.48,한국무역보험공사_환율_20230718.csv
1990-08-08,1990,8,8,JPY,474.63,-1.93,0.3,5.32,한국무역보험공사_환율_20230718.csv
1990-08-09,1990,8,9,JPY,478.26,-2.25,0.38,6.83,한국무역보험공사_환율_20230718.csv
1990-08-10,1990,8,10,JPY,477.73,-1.57,0.4,6.54,한국무역보험공사_환율_20230718.csv
1990-08-11,1990,8,11,JPY,476.11,-0.13,0.54,6.62,한국무역보험공사_환율_20230718.csv
1990-08-13,1990,8,13,JPY,477.53,0.17,1.06,7.57,한국무역보험공사_환율_20230718.csv
1990-08-14,1990,8,14,JPY,477.43,0.24,1.01,7.2,한국무역보험공사_환율_20230718.csv
1990-08-16,1990,8,16,JPY,486.69,2.53,2.19,9.79,한국무역보험공사_환율_20230718.csv
1990-08-17,1990,8,17,JPY,486.58,2.52,0.62,9.63,한국무역보험공사_환율_20230718.csv
1990-08-18,1990,8,18,JPY,487.3,1.89,1.08,9.85,한국무역보험공사_환율_20230718.csv
1990-08-20,1990,8,20,JPY,485.62,1.65,-0.09,9.34,한국무역보험공사_환율_20230718.csv
1990-08-21,1990,8,21,JPY,489.31,2.77,1.26,9.36,한국무역보험공사_환율_20230718.csv
1990-08-22,1990,8,22,JPY,488.54,2.31,1.12,9.5,한국무역보험공사_환율_20230718.csv
1990-08-23,1990,8,23,JPY,489.57,2.54,0.97,9.8,한국무역보험공사_환율_20230718.csv
1990-08-24,1990,8,24,JPY,490.71,0.83,1.59,9.76,한국무역보험공사_환율_20230718.csv
1990-08-25,1990,8,25,JPY,488.67,0.43,1.09,8.55,한국무역보험공사_환율_20230718.csv
1990-08-27,1990,8,27,JPY,492.03,0.97,2.17,8.8,한국무역보험공사_환율_20230718.csv
1990-08-28,1990,8,28,JPY,497.18,2.38,3.07,9.43,한국무역보험공사_환율_20230718.csv
1990-08-29,1990,8,29,JPY,499.51,2.08,3.41,7.74,한국무역보험공사_환율_20230718.csv
1990-08-30,1990,8,30,JPY,497.49,1.83,3.52,7.38,한국무역보험공사_환율_20230718.csv
1990-08-31,1990,8,31,JPY,494.8,1.07,3.78,6.0,한국무역보험공사_환율_20230718.csv
1990-09-01,1990,9,1,JPY,496.21,1.12,4.22,5.44,한국무역보험공사_환율_20230718.csv
1990-09-03,1990,9,3,JPY,496.55,1.61,3.43,6.47,한국무역보험공사_환율_20230718.csv
1990-09-04,1990,9,4,JPY,496.8,0.97,3.52,6.69,한국무역보험공사_환율_20230718.csv
1990-09-05,1990,9,5,JPY,499.2,0.41,3.14,7.61,한국무역보험공사_환율_20230718.csv
1990-09-06,1990,9,6,JPY,506.19,1.34,3.46,9.4,한국무역보험공사_환율_20230718.csv
1990-09-07,1990,9,7,JPY,510.01,2.52,5.08,9.96,한국무역보험공사_환율_20230718.csv
1990-09-08,1990,9,8,JPY,511.28,3.33,7.25,8.72,한국무역보험공사_환율_20230718.csv
1990-09-10,1990,9,10,JPY,513.38,3.46,7.69,9.39,한국무역보험공사_환율_20230718.csv
1990-09-11,1990,9,11,JPY,511.57,3.02,7.41,8.24,한국무역보험공사_환율_20230718.csv
1990-09-12,1990,9,12,JPY,512.58,3.18,7.98,7.75,한국무역보험공사_환율_20230718.csv
1990-09-13,1990,9,13,JPY,520.36,4.24,9.63,9.35,한국무역보험공사_환율_20230718.csv
1990-09-14,1990,9,14,JPY,525.31,3.78,9.84,9.93,한국무역보험공사_환율_20230718.csv
1990-09-15,1990,9,15,JPY,522.99,2.55,9.47,11.06,한국무역보험공사_환율_20230718.csv
1990-09-17,1990,9,17,JPY,525.29,2.74,10.33,11.72,한국무역보험공사_환율_20230718.csv
1990-09-18,1990,9,18,JPY,523.18,1.91,9.56,12.13,한국무역보험공사_환율_20230718.csv
1990-09-19,1990,9,19,JPY,517.8,1.22,8.46,10.58,한국무역보험공사_환율_20230718.csv
1990-09-20,1990,9,20,JPY,521.02,1.65,7.05,11.82,한국무역보험공사_환율_20230718.csv
1990-09-21,1990,9,21,JPY,519.01,-0.26,6.66,10.85,한국무역보험공사_환율_20230718.csv
1990-09-22,1990,9,22,JPY,523.38,-0.37,7.4,11.8,한국무역보험공사_환율_20230718.csv
1990-09-24,1990,9,24,JPY,525.59,0.5,8.23,12.28,한국무역보험공사_환율_20230718.csv
1990-09-25,1990,9,25,JPY,522.34,-0.56,6.75,12.1,한국무역보험공사_환율_20230718.csv
1990-09-26,1990,9,26,JPY,523.0,-0.03,7.05,12.15,한국무역보험공사_환율_20230718.csv
1990-09-27,1990,9,27,JPY,519.85,0.4,6.19,12.08,한국무역보험공사_환율_20230718.csv
1990-09-28,1990,9,28,JPY,514.99,-1.16,4.95,11.42,한국무역보험공사_환율_20230718.csv
1990-09-29,1990,9,29,JPY,514.8,-0.81,5.35,10.78,한국무역보험공사_환율_20230718.csv
1990-09-30,1990,9,30,JPY,514.8,-1.64,4.63,11.03,한국무역보험공사_환율_20230718.csv
1990-10-05,1990,10,5,JPY,533.81,1.56,7.37,14.69,한국무역보험공사_환율_20230718.csv
1990-10-06,1990,10,6,JPY,540.14,3.41,8.13,15.95,한국무역보험공사_환율_20230718.csv
1990-10-08,1990,10,8,JPY,541.78,3.59,8.9,16.11,한국무역보험공사_환율_20230718.csv
1990-10-10,1990,10,10,JPY,545.8,4.99,10.31,17.12,한국무역보험공사_환율_20230718.csv
1990-10-11,1990,10,11,JPY,551.16,7.02,11.07,18.76,한국무역보험공사_환율_20230718.csv
1990-10-12,1990,10,12,JPY,550.67,6.97,10.9,19.14,한국무역보험공사_환율_20230718.csv
1990-10-13,1990,10,13,JPY,554.42,7.7,11.6,19.77,한국무역보험공사_환율_20230718.csv
1990-10-15,1990,10,15,JPY,555.28,4.02,11.23,20.38,한국무역보험공사_환율_20230718.csv
1990-10-16,1990,10,16,JPY,559.16,3.52,10.46,21.19,한국무역보험공사_환율_20230718.csv
1990-10-17,1990,10,17,JPY,568.16,4.87,11.4,22.42,한국무역보험공사_환율_20230718.csv
1990-10-18,1990,10,18,JPY,569.11,4.27,11.31,22.84,한국무역보험공사_환율_20230718.csv
1990-10-19,1990,10,19,JPY,574.7,4.27,11.94,22.89,한국무역보험공사_환율_20230718.csv
1990-10-20,1990,10,20,JPY,568.48,3.23,11.12,20.84,한국무역보험공사_환율_20230718.csv
1990-10-22,1990,10,22,JPY,570.06,2.82,11.21,20.98,한국무역보험공사_환율_20230718.csv
1990-10-23,1990,10,23,JPY,565.78,1.89,8.73,19.56,한국무역보험공사_환율_20230718.csv
1990-10-24,1990,10,24,JPY,559.42,0.05,6.49,17.41,한국무역보험공사_환율_20230718.csv
1990-10-25,1990,10,25,JPY,564.84,-0.58,8.0,18.7,한국무역보험공사_환율_20230718.csv
1990-10-26,1990,10,26,JPY,559.36,-1.71,6.49,18.12,한국무역보험공사_환율_20230718.csv
1990-10-27,1990,10,27,JPY,557.78,-2.94,6.61,18.05,한국무역보험공사_환율_20230718.csv
1990-10-29,1990,10,29,JPY,559.97,-1.5,8.14,18.47,한국무역보험공사_환율_20230718.csv
1990-10-30,1990,10,30,JPY,555.08,-2.63,6.54,16.55,한국무역보험공사_환율_20230718.csv
1990-10-31,1990,10,31,JPY,552.05,-2.43,6.37,14.16,한국무역보험공사_환율_20230718.csv
1990-11-01,1990,11,1,JPY,547.45,-2.14,4.6,13.55,한국무역보험공사_환율_20230718.csv
1990-11-02,1990,11,2,JPY,550.85,-2.48,4.81,13.32,한국무역보험공사_환율_20230718.csv
1990-11-03,1990,11,3,JPY,559.59,0.04,7.13,15.81,한국무역보험공사_환율_20230718.csv
1990-11-05,1990,11,5,JPY,560.91,0.56,7.25,16.1,한국무역보험공사_환율_20230718.csv
1990-11-06,1990,11,6,JPY,565.98,1.07,8.87,16.73,한국무역보험공사_환율_20230718.csv
1990-11-07,1990,11,7,JPY,558.77,0.66,8.5,15.68,한국무역보험공사_환율_20230718.csv
1990-11-08,1990,11,8,JPY,553.15,0.2,7.45,14.43,한국무역보험공사_환율_20230718.csv
1990-11-09,1990,11,9,JPY,547.91,0.08,6.43,13.78,한국무역보험공사_환율_20230718.csv
1990-11-10,1990,11,10,JPY,550.92,0.01,3.21,14.21,한국무역보험공사_환율_20230718.csv
1990-11-12,1990,11,12,JPY,552.54,-1.26,2.3,14.39,한국무역보험공사_환율_20230718.csv
1990-11-13,1990,11,13,JPY,558.45,-0.44,3.08,16.2,한국무역보험공사_환율_20230718.csv
1990-11-14,1990,11,14,JPY,551.82,-2.5,1.1,15.74,한국무역보험공사_환율_20230718.csv
1990-11-15,1990,11,15,JPY,552.85,-1.06,0.31,16.11,한국무역보험공사_환율_20230718.csv
1990-11-16,1990,11,16,JPY,549.63,-0.64,-0.19,14.49,한국무역보험공사_환율_20230718.csv
1990-11-17,1990,11,17,JPY,551.63,0.68,-0.5,14.94,한국무역보험공사_환율_20230718.csv
1990-11-19,1990,11,19,JPY,553.64,0.49,-0.3,14.39,한국무역보험공사_환율_20230718.csv
1990-11-20,1990,11,20,JPY,553.0,0.08,-1.1,13.02,한국무역보험공사_환율_20230718.csv
1990-11-21,1990,11,21,JPY,554.66,-0.68,-2.38,14.28,한국무역보험공사_환율_20230718.csv
1990-11-22,1990,11,22,JPY,563.2,2.06,-1.04,18.14,한국무역보험공사_환율_20230718.csv
1990-11-23,1990,11,23,JPY,562.68,1.78,-2.09,18.03,한국무역보험공사_환율_20230718.csv
1990-11-24,1990,11,24,JPY,561.59,2.18,-1.21,17.91,한국무역보험공사_환율_20230718.csv
1990-11-26,1990,11,26,JPY,560.44,1.6,-1.69,18.07,한국무역보험공사_환율_20230718.csv
1990-11-27,1990,11,27,JPY,553.16,-0.09,-2.23,16.55,한국무역보험공사_환율_20230718.csv
1990-11-28,1990,11,28,JPY,555.87,0.52,-0.63,16.23,한국무역보험공사_환율_20230718.csv
1990-11-29,1990,11,29,JPY,547.26,-1.33,-3.11,14.55,한국무역보험공사_환율_20230718.csv
1990-11-30,1990,11,30,JPY,532.16,-5.51,-4.86,11.77,한국무역보험공사_환율_20230718.csv
1990-12-01,1990,12,1,JPY,537.91,-4.4,-3.56,12.64,한국무역보험공사_환율_20230718.csv
1990-12-03,1990,12,3,JPY,539.33,-3.96,-3.69,12.97,한국무역보험공사_환율_20230718.csv
1990-12-04,1990,12,4,JPY,530.65,-5.32,-4.4,9.03,한국무역보험공사_환율_20230718.csv
1990-12-05,1990,12,5,JPY,535.23,-3.24,-3.05,10.0,한국무역보험공사_환율_20230718.csv
1990-12-06,1990,12,6,JPY,533.23,-4.07,-2.6,9.43,한국무역보험공사_환율_20230718.csv
1990-12-07,1990,12,7,JPY,539.3,-1.45,-2.1,11.05,한국무역보험공사_환율_20230718.csv
1990-12-08,1990,12,8,JPY,546.77,2.75,-2.29,11.74,한국무역보험공사_환율_20230718.csv
1990-12-10,1990,12,10,JPY,547.19,1.73,-2.45,12.01,한국무역보험공사_환율_20230718.csv
1990-12-11,1990,12,11,JPY,542.66,0.62,-4.12,10.84,한국무역보험공사_환율_20230718.csv
1990-12-12,1990,12,12,JPY,541.23,1.99,-3.14,10.3,한국무역보험공사_환율_20230718.csv
1990-12-13,1990,12,13,JPY,544.67,1.76,-1.53,11.46,한국무역보험공사_환율_20230718.csv
1990-12-14,1990,12,14,JPY,541.91,1.63,-1.1,10.14,한국무역보험공사_환율_20230718.csv
1990-12-15,1990,12,15,JPY,538.49,-0.15,-2.26,8.31,한국무역보험공사_환율_20230718.csv
1990-12-17,1990,12,17,JPY,538.09,-1.59,-2.62,7.72,한국무역보험공사_환율_20230718.csv
1990-12-18,1990,12,18,JPY,539.2,-1.46,-3.45,8.38,한국무역보험공사_환율_20230718.csv
1990-12-19,1990,12,19,JPY,540.62,-0.38,-2.03,9.26,한국무역보험공사_환율_20230718.csv
1990-12-20,1990,12,20,JPY,535.65,-1.03,-3.11,7.95,한국무역보험공사_환율_20230718.csv
1990-12-21,1990,12,21,JPY,527.52,-3.15,-4.02,6.24,한국무역보험공사_환율_20230718.csv
1990-12-22,1990,12,22,JPY,528.9,-2.4,-4.12,6.46,한국무역보험공사_환율_20230718.csv
1990-12-24,1990,12,24,JPY,526.86,-2.16,-4.84,5.54,한국무역보험공사_환율_20230718.csv
1990-12-26,1990,12,26,JPY,527.09,-2.04,-4.69,4.13,한국무역보험공사_환율_20230718.csv
1990-12-27,1990,12,27,JPY,525.14,-2.61,-5.32,2.97,한국무역보험공사_환율_20230718.csv
1990-12-28,1990,12,28,JPY,526.05,-2.7,-6.6,2.89,한국무역보험공사_환율_20230718.csv
1990-12-29,1990,12,29,JPY,531.26,-0.82,-5.58,3.48,한국무역보험공사_환율_20230718.csv
1990-12-31,1990,12,31,JPY,532.44,0.93,-5.19,4.08,한국무역보험공사_환율_20230718.csv
1991-01-03,1991,1,3,JPY,534.25,1.01,-4.67,4.23,한국무역보험공사_환율_20230718.csv
1991-01-04,1991,1,4,JPY,538.75,2.26,-2.61,3.53,한국무역보험공사_환율_20230718.csv
1991-01-05,1991,1,5,JPY,531.87,0.91,-4.32,1.25,한국무역보험공사_환율_20230718.csv
1991-01-07,1991,1,7,JPY,527.57,0.46,-3.6,0.88,한국무역보험공사_환율_20230718.csv
1991-01-08,1991,1,8,JPY,526.12,0.01,-1.13,0.16,한국무역보험공사_환율_20230718.csv
1991-01-09,1991,1,9,JPY,523.84,-1.4,-2.62,0.13,한국무역보험공사_환율_20230718.csv
1991-01-10,1991,1,10,JPY,526.22,-1.17,-2.43,1.63,한국무역보험공사_환율_20230718.csv
1991-01-11,1991,1,11,JPY,534.2,-0.01,0.67,2.53,한국무역보험공사_환율_20230718.csv
1991-01-12,1991,1,12,JPY,535.67,-0.57,0.08,3.21,한국무역보험공사_환율_20230718.csv
1991-01-14,1991,1,14,JPY,530.13,-0.33,-0.58,1.29,한국무역보험공사_환율_20230718.csv
1991-01-15,1991,1,15,JPY,530.89,0.63,-1.56,1.01,한국무역보험공사_환율_20230718.csv
1991-01-16,1991,1,16,JPY,527.34,0.23,-3.55,0.96,한국무역보험공사_환율_20230718.csv
1991-01-17,1991,1,17,JPY,521.03,-0.54,-4.78,-0.38,한국무역보험공사_환율_20230718.csv
1991-01-18,1991,1,18,JPY,540.91,2.79,-0.32,4.05,한국무역보험공사_환율_20230718.csv
1991-01-19,1991,1,19,JPY,542.57,1.57,0.25,5.36,한국무역보험공사_환율_20230718.csv
1991-01-21,1991,1,21,JPY,542.98,1.36,-0.31,5.47,한국무역보험공사_환율_20230718.csv
1991-01-22,1991,1,22,JPY,544.9,2.79,0.55,5.85,한국무역보험공사_환율_20230718.csv
1991-01-23,1991,1,23,JPY,543.15,2.31,0.87,1.75,한국무역보험공사_환율_20230718.csv
1991-01-24,1991,1,24,JPY,546.52,3.64,1.57,1.18,한국무역보험공사_환율_20230718.csv
1991-01-25,1991,1,25,JPY,543.11,4.24,0.73,0.25,한국무역보험공사_환율_20230718.csv
1991-01-26,1991,1,26,JPY,541.98,0.2,0.25,-0.7,한국무역보험공사_환율_20230718.csv
1991-01-28,1991,1,28,JPY,541.37,-0.22,1.07,-1.78,한국무역보험공사_환율_20230718.csv
1991-01-29,1991,1,29,JPY,546.41,0.63,3.58,-0.77,한국무역보험공사_환율_20230718.csv
1991-01-30,1991,1,30,JPY,545.05,0.03,3.05,-1.69,한국무역보험공사_환율_20230718.csv
1991-01-31,1991,1,31,JPY,547.89,0.87,3.99,-1.33,한국무역보험공사_환율_20230718.csv
1991-02-01,1991,2,1,JPY,547.37,0.16,3.85,-2.11,한국무역보험공사_환율_20230718.csv
1991-02-02,1991,2,2,JPY,546.66,0.65,4.1,-3.78,한국무역보험공사_환율_20230718.csv
1991-02-04,1991,2,4,JPY,548.74,1.25,4.31,-3.58,한국무역보험공사_환율_20230718.csv
1991-02-05,1991,2,5,JPY,551.24,1.82,3.76,-4.08,한국무역보험공사_환율_20230718.csv
1991-02-06,1991,2,6,JPY,556.49,1.84,4.52,-2.11,한국무역보험공사_환율_20230718.csv
1991-02-07,1991,2,7,JPY,561.57,3.03,5.11,-1.49,한국무역보험공사_환율_20230718.csv
1991-02-08,1991,2,8,JPY,560.95,2.38,4.12,-0.85,한국무역보험공사_환율_20230718.csv
1991-02-09,1991,2,9,JPY,564.95,3.21,6.22,0.99,한국무역보험공사_환율_20230718.csv
1991-02-11,1991,2,11,JPY,565.61,3.47,7.21,0.14,한국무역보험공사_환율_20230718.csv
1991-02-12,1991,2,12,JPY,566.14,3.17,7.61,1.21,한국무역보험공사_환율_20230718.csv
1991-02-13,1991,2,13,JPY,559.95,1.58,6.89,0.39,한국무역보험공사_환율_20230718.csv
1991-02-18,1991,2,18,JPY,552.91,-0.64,5.07,-1.26,한국무역보험공사_환율_20230718.csv
1991-02-19,1991,2,19,JPY,553.57,-1.42,3.63,-0.27,한국무역보험공사_환율_20230718.csv
1991-02-20,1991,2,20,JPY,548.78,-2.17,2.45,-0.59,한국무역보험공사_환율_20230718.csv
1991-02-21,1991,2,21,JPY,549.37,-2.76,3.63,0.35,한국무역보험공사_환율_20230718.csv
1991-02-22,1991,2,22,JPY,549.68,-2.82,3.54,-0.21,한국무역보험공사_환율_20230718.csv
1991-02-23,1991,2,23,JPY,547.44,-3.3,3.81,-2.17,한국무역보험공사_환율_20230718.csv
1991-02-25,1991,2,25,JPY,545.07,-2.66,4.61,-2.82,한국무역보험공사_환율_20230718.csv
1991-02-26,1991,2,26,JPY,545.03,-1.43,0.76,-3.7,한국무역보험공사_환율_20230718.csv
1991-02-27,1991,2,27,JPY,546.1,-1.35,0.65,-2.27,한국무역보험공사_환율_20230718.csv
1991-02-28,1991,2,28,JPY,548.37,-0.07,0.99,-0.86,한국무역보험공사_환율_20230718.csv
1991-03-02,1991,3,2,JPY,537.44,-2.17,-1.37,-1.91,한국무역보험공사_환율_20230718.csv
1991-03-04,1991,3,4,JPY,537.44,-2.23,-1.05,-2.45,한국무역보험공사_환율_20230718.csv
1991-03-05,1991,3,5,JPY,535.45,-2.19,-2.03,-3.09,한국무역보험공사_환율_20230718.csv
1991-03-06,1991,3,6,JPY,531.84,-2.43,-2.08,-4.76,한국무역보험공사_환율_20230718.csv
1991-03-07,1991,3,7,JPY,534.24,-1.98,-1.43,-3.19,한국무역보험공사_환율_20230718.csv
1991-03-08,1991,3,8,JPY,535.7,-1.9,-1.05,-3.1,한국무역보험공사_환율_20230718.csv
1991-03-09,1991,3,9,JPY,529.82,-3.38,-3.04,-3.6,한국무역보험공사_환율_20230718.csv
1991-03-11,1991,3,11,JPY,528.09,-1.74,-3.11,-4.27,한국무역보험공사_환율_20230718.csv
1991-03-12,1991,3,12,JPY,525.82,-2.16,-4.03,-5.02,한국무역보험공사_환율_20230718.csv
1991-03-13,1991,3,13,JPY,535.87,0.08,-2.1,-3.1,한국무역보험공사_환율_20230718.csv
1991-03-14,1991,3,14,JPY,534.22,0.45,-2.28,-3.69,한국무역보험공사_환율_20230718.csv
1991-03-15,1991,3,15,JPY,531.33,-0.54,-3.17,-5.66,한국무역보험공사_환율_20230718.csv
1991-03-16,1991,3,16,JPY,526.61,-1.7,-4.47,-6.41,한국무역보험공사_환율_20230718.csv
1991-03-18,1991,3,18,JPY,526.61,-0.61,-5.37,-6.23,한국무역보험공사_환율_20230718.csv
1991-03-19,1991,3,19,JPY,524.04,-0.77,-6.68,-6.49,한국무역보험공사_환율_20230718.csv
1991-03-20,1991,3,20,JPY,524.95,-0.17,-6.42,-5.1,한국무역보험공사_환율_20230718.csv
1991-03-21,1991,3,21,JPY,525.13,-2.0,-7.05,-5.53,한국무역보험공사_환율_20230718.csv
1991-03-22,1991,3,22,JPY,529.92,-0.8,-6.31,-3.17,한국무역보험공사_환율_20230718.csv
1991-03-23,1991,3,23,JPY,527.44,-0.73,-6.84,-0.89,한국무역보험공사_환율_20230718.csv
1991-03-25,1991,3,25,JPY,526.3,-0.06,-6.01,-2.16,한국무역보험공사_환율_20230718.csv
1991-03-27,1991,3,27,JPY,523.03,-0.68,-5.4,-3.02,한국무역보험공사_환율_20230718.csv
1991-03-28,1991,3,28,JPY,518.81,-1.0,-6.28,-2.23,한국무역보험공사_환율_20230718.csv
1991-03-29,1991,3,29,JPY,514.01,-2.08,-6.34,-3.96,한국무역보험공사_환율_20230718.csv
1991-03-30,1991,3,30,JPY,514.98,-1.93,-6.26,-3.42,한국무역보험공사_환율_20230718.csv
1991-04-01,1991,4,1,JPY,515.07,-2.8,-6.3,-4.49,한국무역보험공사_환율_20230718.csv
1991-04-02,1991,4,2,JPY,521.77,-1.08,-4.69,-4.57,한국무역보험공사_환율_20230718.csv
1991-04-03,1991,4,3,JPY,525.96,-0.06,-3.51,-3.88,한국무역보험공사_환율_20230718.csv
1991-04-04,1991,4,4,JPY,527.68,0.89,-3.18,-2.76,한국무역보험공사_환율_20230718.csv
1991-04-06,1991,4,6,JPY,531.06,2.36,-2.75,-1.88,한국무역보험공사_환율_20230718.csv
1991-04-08,1991,4,8,JPY,530.09,3.13,-3.33,-2.68,한국무역보험공사_환율_20230718.csv
1991-04-09,1991,4,9,JPY,529.42,2.8,-1.49,-2.3,한국무역보험공사_환율_20230718.csv
1991-04-10,1991,4,10,JPY,537.45,4.35,0.0,-0.19,한국무역보험공사_환율_20230718.csv
1991-04-11,1991,4,11,JPY,528.43,1.28,-1.31,-1.8,한국무역보험공사_환율_20230718.csv
1991-04-12,1991,4,12,JPY,533.99,1.53,0.4,-0.97,한국무역보험공사_환율_20230718.csv
1991-04-13,1991,4,13,JPY,532.64,0.94,-0.3,-1.48,한국무역보험공사_환율_20230718.csv
1991-04-15,1991,4,15,JPY,534.41,0.63,-0.24,-0.23,한국무역보험공사_환율_20230718.csv
1991-04-16,1991,4,16,JPY,540.68,2.0,2.05,2.49,한국무역보험공사_환율_20230718.csv
1991-04-17,1991,4,17,JPY,538.58,1.73,1.99,1.83,한국무역보험공사_환율_20230718.csv
1991-04-18,1991,4,18,JPY,533.55,-0.73,1.47,1.27,한국무역보험공사_환율_20230718.csv
1991-04-19,1991,4,19,JPY,527.13,-0.25,-1.63,0.01,한국무역보험공사_환율_20230718.csv
1991-04-20,1991,4,20,JPY,524.58,-1.76,-1.8,-0.11,한국무역보험공사_환율_20230718.csv
1991-04-22,1991,4,22,JPY,522.51,-1.9,-1.66,-0.67,한국무역보험공사_환율_20230718.csv
1991-04-23,1991,4,23,JPY,523.01,-2.13,-0.68,-1.55,한국무역보험공사_환율_20230718.csv
1991-04-24,1991,4,24,JPY,527.47,-2.44,0.16,-0.93,한국무역보험공사_환율_20230718.csv
1991-04-25,1991,4,25,JPY,524.53,-2.61,0.09,-1.82,한국무역보험공사_환율_20230718.csv
1991-04-26,1991,4,26,JPY,526.1,-1.4,0.22,-2.35,한국무역보험공사_환율_20230718.csv
1991-04-27,1991,4,27,JPY,524.01,-0.59,-0.21,-1.48,한국무역보험공사_환율_20230718.csv
1991-04-29,1991,4,29,JPY,523.44,-0.22,-1.22,-0.78,한국무역보험공사_환율_20230718.csv
1991-04-30,1991,4,30,JPY,528.88,1.22,0.27,0.52,한국무역보험공사_환율_20230718.csv
1991-05-01,1991,5,1,JPY,530.96,1.52,0.89,1.36,한국무역보험공사_환율_20230718.csv
1991-05-02,1991,5,2,JPY,525.19,-0.43,0.41,-0.2,한국무역보험공사_환율_20230718.csv
1991-05-03,1991,5,3,JPY,524.61,0.02,1.12,-1.8,한국무역보험공사_환율_20230718.csv
1991-05-04,1991,5,4,JPY,520.71,-1.02,1.3,-2.79,한국무역보험공사_환율_20230718.csv
1991-05-06,1991,5,6,JPY,522.97,-0.2,1.55,-1.35,한국무역보험공사_환율_20230718.csv
1991-05-07,1991,5,7,JPY,522.19,-0.24,1.38,-1.64,한국무역보험공사_환율_20230718.csv
1991-05-08,1991,5,8,JPY,524.78,-0.78,0.58,-0.49,한국무역보험공사_환율_20230718.csv
1991-05-09,1991,5,9,JPY,524.17,-1.28,-0.34,0.6,한국무역보험공사_환율_20230718.csv
1991-05-10,1991,5,10,JPY,524.76,-0.08,-0.55,-2.99,한국무역보험공사_환율_20230718.csv
1991-05-11,1991,5,11,JPY,524.27,-0.06,-1.28,-3.37,한국무역보험공사_환율_20230718.csv
1991-05-13,1991,5,13,JPY,522.01,0.25,-1.52,-3.86,한국무역보험공사_환율_20230718.csv
1991-05-14,1991,5,14,JPY,522.25,-0.14,-1.35,-4.16,한국무역보험공사_환율_20230718.csv
1991-05-15,1991,5,15,JPY,526.93,0.91,-1.96,-2.99,한국무역보험공사_환율_20230718.csv
1991-05-16,1991,5,16,JPY,529.47,0.89,0.2,-3.12,한국무역보험공사_환율_20230718.csv
1991-05-17,1991,5,17,JPY,526.94,0.53,-1.32,-2.98,한국무역보험공사_환율_20230718.csv
1991-05-18,1991,5,18,JPY,524.32,-0.08,-1.56,-3.26,한국무역보험공사_환율_20230718.csv
1991-05-20,1991,5,20,JPY,523.57,-0.13,-2.03,-3.29,한국무역보험공사_환율_20230718.csv
1991-05-22,1991,5,22,JPY,527.74,1.1,-2.39,-3.42,한국무역보험공사_환율_20230718.csv
1991-05-23,1991,5,23,JPY,527.74,1.05,-2.01,-3.18,한국무역보험공사_환율_20230718.csv
1991-05-24,1991,5,24,JPY,527.04,0.02,-1.22,-3.81,한국무역보험공사_환율_20230718.csv
1991-05-25,1991,5,25,JPY,524.41,-0.96,-0.52,-4.19,한국무역보험공사_환율_20230718.csv
1991-05-27,1991,5,27,JPY,524.11,-0.54,-0.09,-4.13,한국무역보험공사_환율_20230718.csv
1991-05-28,1991,5,28,JPY,524.11,-0.04,0.31,-4.49,한국무역보험공사_환율_20230718.csv
1991-05-29,1991,5,29,JPY,526.26,0.51,0.62,-4.53,한국무역보험공사_환율_20230718.csv
1991-05-30,1991,5,30,JPY,524.25,-0.66,-0.61,-5.79,한국무역보험공사_환율_20230718.csv
1991-05-31,1991,5,31,JPY,524.67,-0.58,0.03,-6.57,한국무역보험공사_환율_20230718.csv
1991-06-01,1991,6,1,JPY,522.3,-0.9,-0.72,-6.89,한국무역보험공사_환율_20230718.csv
1991-06-03,1991,6,3,JPY,522.3,-0.4,-0.33,-7.55,한국무역보험공사_환율_20230718.csv
1991-06-04,1991,6,4,JPY,520.16,-0.75,-0.63,-8.04,한국무역보험공사_환율_20230718.csv
1991-06-05,1991,6,5,JPY,523.05,-0.2,-1.1,-7.61,한국무역보험공사_환율_20230718.csv
1991-06-07,1991,6,7,JPY,521.22,-0.96,-1.83,-6.92,한국무역보험공사_환율_20230718.csv
1991-06-08,1991,6,8,JPY,516.84,-1.41,-1.59,-6.52,한국무역보험공사_환율_20230718.csv
1991-06-10,1991,6,10,JPY,517.46,-1.37,-1.36,-6.52,한국무역보험공사_환율_20230718.csv
1991-06-11,1991,6,11,JPY,513.6,-1.67,-1.37,-6.41,한국무역보험공사_환율_20230718.csv
1991-06-12,1991,6,12,JPY,514.41,-1.51,-1.64,-6.36,한국무역보험공사_환율_20230718.csv
1991-06-13,1991,6,13,JPY,510.56,-1.85,-2.23,-7.12,한국무역보험공사_환율_20230718.csv
1991-06-14,1991,6,14,JPY,512.75,-1.97,-2.29,-6.34,한국무역보험공사_환율_20230718.csv
1991-06-15,1991,6,15,JPY,514.05,-1.38,-1.93,-5.69,한국무역보험공사_환율_20230718.csv
1991-06-17,1991,6,17,JPY,513.71,-0.61,-2.11,-5.75,한국무역보험공사_환율_20230718.csv
1991-06-18,1991,6,18,JPY,515.64,-0.35,-1.65,-5.58,한국무역보험공사_환율_20230718.csv
1991-06-19,1991,6,19,JPY,514.25,0.13,-1.49,-6.22,한국무역보험공사_환율_20230718.csv
1991-06-21,1991,6,21,JPY,523.92,1.85,0.32,-2.52,한국무역보험공사_환율_20230718.csv
1991-06-22,1991,6,22,JPY,522.78,2.39,-0.79,-2.73,한국무역보험공사_환율_20230718.csv
1991-06-24,1991,6,24,JPY,520.53,1.52,-1.69,-2.79,한국무역보험공사_환율_20230718.csv
1991-06-25,1991,6,25,JPY,524.1,1.96,-0.54,-1.46,한국무역보험공사_환율_20230718.csv
1991-06-26,1991,6,26,JPY,527.83,2.75,0.67,-1.2,한국무역보험공사_환율_20230718.csv
1991-06-27,1991,6,27,JPY,526.62,2.13,0.58,-1.69,한국무역보험공사_환율_20230718.csv
1991-06-28,1991,6,28,JPY,525.64,2.21,-0.4,-0.79,한국무역보험공사_환율_20230718.csv
1991-06-29,1991,6,29,JPY,526.08,0.41,-0.31,-0.38,한국무역보험공사_환율_20230718.csv
1991-06-30,1991,6,30,JPY,526.08,0.63,-0.18,0.05,한국무역보험공사_환율_20230718.csv
1991-07-01,1991,7,1,JPY,522.66,0.41,-0.33,-2.47,한국무역보험공사_환율_20230718.csv
1991-07-02,1991,7,2,JPY,524.37,0.05,0.05,-1.84,한국무역보험공사_환율_20230718.csv
1991-07-03,1991,7,3,JPY,523.12,-0.89,-0.19,-1.55,한국무역보험공사_환율_20230718.csv
1991-07-04,1991,7,4,JPY,522.06,-0.87,-0.8,-0.86,한국무역보험공사_환율_20230718.csv
1991-07-05,1991,7,5,JPY,523.38,-0.43,-0.17,-0.61,한국무역보험공사_환율_20230718.csv
1991-07-06,1991,7,6,JPY,527.36,0.24,0.51,0.63,한국무역보험공사_환율_20230718.csv
1991-07-08,1991,7,8,JPY,526.79,0.13,0.86,0.35,한국무역보험공사_환율_20230718.csv
1991-07-09,1991,7,9,JPY,526.15,0.67,0.74,0.19,한국무역보험공사_환율_20230718.csv
1991-07-10,1991,7,10,JPY,527.18,0.54,1.35,-0.52,한국무역보험공사_환율_20230718.csv
1991-07-11,1991,7,11,JPY,527.33,0.8,0.82,-0.02,한국무역보험공사_환율_20230718.csv
1991-07-12,1991,7,12,JPY,527.28,1.0,1.16,0.19,한국무역보험공사_환율_20230718.csv
1991-07-13,1991,7,13,JPY,536.29,2.47,3.76,2.54,한국무역보험공사_환율_20230718.csv
1991-07-15,1991,7,15,JPY,534.53,1.36,3.3,3.03,한국무역보험공사_환율_20230718.csv
1991-07-16,1991,7,16,JPY,533.84,1.34,3.94,3.86,한국무역보험공사_환율_20230718.csv
1991-07-18,1991,7,18,JPY,534.6,1.61,3.92,3.81,한국무역보험공사_환율_20230718.csv
1991-07-19,1991,7,19,JPY,532.82,1.07,4.36,3.45,한국무역보험공사_환율_20230718.csv
1991-07-20,1991,7,20,JPY,536.12,1.67,4.56,2.75,한국무역보험공사_환율_20230718.csv
1991-07-22,1991,7,22,JPY,535.55,1.57,4.18,1.82,한국무역보험공사_환율_20230718.csv
1991-07-23,1991,7,23,JPY,531.35,-0.92,3.43,0.7,한국무역보험공사_환율_20230718.csv
1991-07-24,1991,7,24,JPY,532.09,-0.46,3.19,0.19,한국무역보험공사_환율_20230718.csv
1991-07-25,1991,7,25,JPY,529.18,-0.87,2.9,-0.17,한국무역보험공사_환율_20230718.csv
1991-07-26,1991,7,26,JPY,522.78,-2.21,-0.22,-1.25,한국무역보험공사_환율_20230718.csv
1991-07-27,1991,7,27,JPY,527.25,-1.05,0.86,-1.9,한국무역보험공사_환율_20230718.csv
1991-07-29,1991,7,29,JPY,524.58,-2.15,0.78,-0.73,한국무역보험공사_환율_20230718.csv
1991-07-30,1991,7,30,JPY,526.8,-1.63,0.52,-1.35,한국무역보험공사_환율_20230718.csv
1991-07-31,1991,7,31,JPY,526.54,-0.91,-0.24,-1.15,한국무역보험공사_환율_20230718.csv
1991-08-01,1991,8,1,JPY,529.2,-0.54,0.49,-0.97,한국무역보험공사_환율_20230718.csv
1991-08-02,1991,8,2,JPY,527.98,-0.23,0.45,-2.35,한국무역보험공사_환율_20230718.csv
1991-08-03,1991,8,3,JPY,529.66,1.32,0.68,-1.66,한국무역보험공사_환율_20230718.csv
1991-08-05,1991,8,5,JPY,529.86,0.5,0.72,-0.69,한국무역보험공사_환율_20230718.csv
1991-08-06,1991,8,6,JPY,532.94,1.59,1.97,1.1,한국무역보험공사_환율_20230718.csv
1991-08-07,1991,8,7,JPY,536.75,1.89,2.36,2.32,한국무역보험공사_환율_20230718.csv
1991-08-08,1991,8,8,JPY,536.68,1.93,2.59,2.71,한국무역보험공사_환율_20230718.csv
1991-08-09,1991,8,9,JPY,535.1,1.11,2.5,2.31,한국무역보험공사_환율_20230718.csv
1991-08-10,1991,8,10,JPY,534.45,1.23,2.12,1.32,한국무역보험공사_환율_20230718.csv
1991-08-12,1991,8,12,JPY,535.12,1.03,1.47,2.02,한국무역보험공사_환율_20230718.csv
1991-08-13,1991,8,13,JPY,536.61,1.27,1.86,2.0,한국무역보험공사_환율_20230718.csv
1991-08-14,1991,8,14,JPY,538.25,1.0,2.3,2.72,한국무역보험공사_환율_20230718.csv
1991-08-16,1991,8,16,JPY,534.78,-0.37,1.44,2.17,한국무역보험공사_환율_20230718.csv
1991-08-17,1991,8,17,JPY,534.58,-0.39,1.37,1.08,한국무역보험공사_환율_20230718.csv
1991-08-19,1991,8,19,JPY,534.79,-0.06,1.42,0.72,한국무역보험공사_환율_20230718.csv
1991-08-20,1991,8,20,JPY,530.83,-0.68,-1.02,1.07,한국무역보험공사_환율_20230718.csv
1991-08-21,1991,8,21,JPY,534.3,-0.15,-0.04,1.85,한국무역보험공사_환율_20230718.csv
1991-08-22,1991,8,22,JPY,535.09,-0.28,0.23,2.76,한국무역보험공사_환율_20230718.csv
1991-08-23,1991,8,23,JPY,534.8,-0.64,0.04,2.26,한국무역보험공사_환율_20230718.csv
1991-08-24,1991,8,24,JPY,534.72,-0.01,0.36,2.4,한국무역보험공사_환율_20230718.csv
1991-08-26,1991,8,26,JPY,534.43,-0.03,-0.32,1.84,한국무역보험공사_환율_20230718.csv
1991-08-27,1991,8,27,JPY,535.67,0.16,0.02,2.19,한국무역보험공사_환율_20230718.csv
1991-08-28,1991,8,28,JPY,534.45,0.68,0.58,1.85,한국무역보험공사_환율_20230718.csv
1991-08-29,1991,8,29,JPY,536.55,0.42,0.84,2.34,한국무역보험공사_환율_20230718.csv
1991-08-30,1991,8,30,JPY,535.03,-0.01,1.11,2.49,한국무역보험공사_환율_20230718.csv
1991-08-31,1991,8,31,JPY,537.6,0.52,2.83,2.94,한국무역보험공사_환율_20230718.csv
1991-09-02,1991,9,2,JPY,537.72,0.56,1.99,2.05,한국무역보험공사_환율_20230718.csv
1991-09-03,1991,9,3,JPY,538.14,0.69,2.58,1.64,한국무역보험공사_환율_20230718.csv
1991-09-04,1991,9,4,JPY,544.57,1.66,3.37,3.35,한국무역보험공사_환율_20230718.csv
1991-09-05,1991,9,5,JPY,546.49,2.25,3.79,4.23,한국무역보험공사_환율_20230718.csv
1991-09-06,1991,9,6,JPY,543.98,1.38,2.79,3.9,한국무역보험공사_환율_20230718.csv
1991-09-07,1991,9,7,JPY,545.79,2.01,3.37,3.42,한국무역보험공사_환율_20230718.csv
1991-09-09,1991,9,9,JPY,547.28,1.8,3.33,3.7,한국무역보험공사_환율_20230718.csv
1991-09-10,1991,9,10,JPY,550.3,2.34,3.86,4.41,한국무역보험공사_환율_20230718.csv
1991-09-11,1991,9,11,JPY,548.93,2.01,3.0,4.68,한국무역보험공사_환율_20230718.csv
1991-09-12,1991,9,12,JPY,550.22,1.04,2.51,4.98,한국무역보험공사_환율_20230718.csv
1991-09-13,1991,9,13,JPY,550.95,0.82,2.66,5.12,한국무역보험공사_환율_20230718.csv
1991-09-14,1991,9,14,JPY,552.58,1.58,3.27,5.0,한국무역보험공사_환율_20230718.csv
1991-09-16,1991,9,16,JPY,552.5,1.23,3.38,5.39,한국무역보험공사_환율_20230718.csv
1991-09-17,1991,9,17,JPY,554.4,1.3,3.6,5.67,한국무역보험공사_환율_20230718.csv
1991-09-18,1991,9,18,JPY,550.84,0.1,2.65,5.46,한국무역보험공사_환율_20230718.csv
1991-09-19,1991,9,19,JPY,546.89,-0.37,1.61,4.71,한국무역보험공사_환율_20230718.csv
1991-09-20,1991,9,20,JPY,547.99,-0.41,2.47,5.35,한국무역보험공사_환율_20230718.csv
1991-09-24,1991,9,24,JPY,557.2,1.13,4.23,6.53,한국무역보험공사_환율_20230718.csv
1991-09-25,1991,9,25,JPY,556.46,0.7,4.05,6.76,한국무역보험공사_환율_20230718.csv
1991-09-26,1991,9,26,JPY,555.93,0.62,4.73,7.56,한국무역보험공사_환율_20230718.csv
1991-09-27,1991,9,27,JPY,554.35,-0.01,3.75,7.13,한국무역보험공사_환율_20230718.csv
1991-09-28,1991,9,28,JPY,556.68,1.06,4.03,8.39,한국무역보험공사_환율_20230718.csv
1991-09-30,1991,9,30,JPY,557.73,1.98,4.29,8.42,한국무역보험공사_환율_20230718.csv
1991-10-01,1991,10,1,JPY,557.18,1.68,4.2,9.13,한국무역보험공사_환율_20230718.csv
1991-10-02,1991,10,2,JPY,557.55,0.06,4.33,8.74,한국무역보험공사_환율_20230718.csv
1991-10-04,1991,10,4,JPY,572.84,2.94,6.94,11.44,한국무역보험공사_환율_20230718.csv
1991-10-05,1991,10,5,JPY,575.5,3.52,7.68,12.03,한국무역보험공사_환율_20230718.csv
1991-10-07,1991,10,7,JPY,577.28,4.14,7.59,11.95,한국무역보험공사_환율_20230718.csv
1991-10-08,1991,10,8,JPY,580.29,4.24,8.46,12.84,한국무역보험공사_환율_20230718.csv
1991-10-09,1991,10,9,JPY,575.62,3.21,7.07,9.87,한국무역보험공사_환율_20230718.csv
1991-10-10,1991,10,10,JPY,578.53,3.83,7.59,10.66,한국무역보험공사_환율_20230718.csv
1991-10-11,1991,10,11,JPY,574.15,2.98,6.69,10.3,한국무역보험공사_환율_20230718.csv
1991-10-12,1991,10,12,JPY,579.02,1.08,6.33,10.48,한국무역보험공사_환율_20230718.csv
1991-10-14,1991,10,14,JPY,582.19,1.16,6.53,10.3,한국무역보험공사_환율_20230718.csv
1991-10-15,1991,10,15,JPY,579.45,0.38,6.52,10.03,한국무역보험공사_환율_20230718.csv
1991-10-16,1991,10,16,JPY,577.07,-0.55,5.73,9.78,한국무역보험공사_환율_20230718.csv
1991-10-17,1991,10,17,JPY,576.39,0.13,5.32,9.56,한국무역보험공사_환율_20230718.csv
1991-10-18,1991,10,18,JPY,580.87,0.4,5.56,10.41,한국무역보험공사_환율_20230718.csv
1991-10-19,1991,10,19,JPY,577.2,0.53,5.15,10.44,한국무역보험공사_환율_20230718.csv
1991-10-21,1991,10,21,JPY,577.65,-0.24,4.99,10.16,한국무역보험공사_환율_20230718.csv
1991-10-22,1991,10,22,JPY,573.11,-1.56,4.02,9.56,한국무역보험공사_환율_20230718.csv
1991-10-23,1991,10,23,JPY,568.47,-1.89,2.88,8.89,한국무역보험공사_환율_20230718.csv
1991-10-24,1991,10,24,JPY,570.56,-1.13,3.27,9.01,한국무역보험공사_환율_20230718.csv
1991-10-25,1991,10,25,JPY,571.66,-0.82,3.11,8.4,한국무역보험공사_환율_20230718.csv
1991-10-26,1991,10,26,JPY,570.71,-1.75,3.61,8.34,한국무역보험공사_환율_20230718.csv
1991-10-28,1991,10,28,JPY,568.7,-1.47,3.99,8.09,한국무역보험공사_환율_20230718.csv
1991-10-29,1991,10,29,JPY,566.19,-1.98,3.32,7.4,한국무역보험공사_환율_20230718.csv
1991-10-30,1991,10,30,JPY,573.47,0.06,2.92,8.75,한국무역보험공사_환율_20230718.csv
1991-10-31,1991,10,31,JPY,574.06,0.98,3.16,8.87,한국무역보험공사_환율_20230718.csv
1991-11-01,1991,11,1,JPY,575.51,0.87,3.52,7.31,한국무역보험공사_환율_20230718.csv
1991-11-02,1991,11,2,JPY,580.19,1.49,4.66,8.54,한국무역보험공사_환율_20230718.csv
1991-11-04,1991,11,4,JPY,580.53,1.72,4.28,8.75,한국무역보험공사_환율_20230718.csv
1991-11-05,1991,11,5,JPY,582.52,2.43,4.44,8.96,한국무역보험공사_환율_20230718.csv
1991-11-06,1991,11,6,JPY,577.12,1.93,3.58,8.31,한국무역보험공사_환율_20230718.csv
1991-11-07,1991,11,7,JPY,579.19,1.0,3.88,8.03,한국무역보험공사_환율_20230718.csv
1991-11-08,1991,11,8,JPY,577.58,0.61,0.83,7.85,한국무역보험공사_환율_20230718.csv
1991-11-09,1991,11,9,JPY,576.85,0.23,0.23,8.56,한국무역보험공사_환율_20230718.csv
1991-11-11,1991,11,11,JPY,575.88,-0.74,-0.24,8.23,한국무역보험공사_환율_20230718.csv
1991-11-12,1991,11,12,JPY,578.87,-0.29,-0.24,9.39,한국무역보험공사_환율_20230718.csv
1991-11-13,1991,11,13,JPY,579.73,-0.48,0.71,10.89,한국무역보험공사_환율_20230718.csv
1991-11-14,1991,11,14,JPY,579.26,0.37,0.13,9.86,한국무역보험공사_환율_20230718.csv
1991-11-15,1991,11,15,JPY,580.17,0.17,1.05,10.6,한국무역보험공사_환율_20230718.csv
1991-11-16,1991,11,16,JPY,581.75,0.72,0.47,10.43,한국무역보험공사_환율_20230718.csv
1991-11-18,1991,11,18,JPY,583.79,1.2,0.27,10.87,한국무역보험공사_환율_20230718.csv
1991-11-19,1991,11,19,JPY,581.61,0.99,0.37,9.9,한국무역보험공사_환율_20230718.csv
1991-11-20,1991,11,20,JPY,580.64,0.31,0.62,9.97,한국무역보험공사_환율_20230718.csv
1991-11-21,1991,11,21,JPY,582.01,0.39,0.98,9.88,한국무역보험공사_환율_20230718.csv
1991-11-22,1991,11,22,JPY,582.41,0.54,0.27,9.92,한국무역보험공사_환율_20230718.csv
1991-11-23,1991,11,23,JPY,583.36,0.55,1.07,9.46,한국무역보험공사_환율_20230718.csv
1991-11-25,1991,11,25,JPY,584.29,0.44,1.15,8.86,한국무역보험공사_환율_20230718.csv
1991-11-26,1991,11,26,JPY,588.69,0.84,2.72,9.69,한국무역보험공사_환율_20230718.csv
1991-11-27,1991,11,27,JPY,582.54,0.16,2.48,8.87,한국무역보험공사_환율_20230718.csv
1991-11-28,1991,11,28,JPY,581.82,0.2,1.97,8.86,한국무역보험공사_환율_20230718.csv
1991-11-29,1991,11,29,JPY,580.83,-0.2,1.6,8.54,한국무역보험공사_환율_20230718.csv
1991-11-30,1991,11,30,JPY,580.45,-0.34,1.71,8.17,한국무역보험공사_환율_20230718.csv
1991-12-02,1991,12,2,JPY,581.06,-0.39,2.17,7.95,한국무역보험공사_환율_20230718.csv
1991-12-03,1991,12,3,JPY,580.08,-0.72,2.45,8.47,한국무역보험공사_환율_20230718.csv
1991-12-04,1991,12,4,JPY,583.75,-0.84,1.79,9.2,한국무역보험공사_환율_20230718.csv
1991-12-05,1991,12,5,JPY,585.64,0.53,2.02,9.51,한국무역보험공사_환율_20230718.csv
1991-12-06,1991,12,6,JPY,587.86,1.04,2.15,10.74,한국무역보험공사_환율_20230718.csv
1991-12-07,1991,12,7,JPY,590.3,1.63,1.74,10.48,한국무역보험공사_환율_20230718.csv
1991-12-09,1991,12,9,JPY,588.92,1.46,1.45,10.06,한국무역보험공사_환율_20230718.csv
1991-12-10,1991,12,10,JPY,589.86,1.51,1.26,10.3,한국무역보험공사_환율_20230718.csv
1991-12-11,1991,12,11,JPY,588.03,1.37,1.89,9.97,한국무역보험공사_환율_20230718.csv
1991-12-12,1991,12,12,JPY,585.84,0.36,1.15,9.62,한국무역보험공사_환율_20230718.csv
1991-12-13,1991,12,13,JPY,586.28,0.11,1.51,9.45,한국무역보험공사_환율_20230718.csv
1991-12-14,1991,12,14,JPY,586.69,-0.2,1.71,9.77,한국무역보험공사_환율_20230718.csv
1991-12-16,1991,12,16,JPY,587.17,-0.53,1.96,9.43,한국무역보험공사_환율_20230718.csv
1991-12-17,1991,12,17,JPY,591.49,0.44,2.18,10.55,한국무역보험공사_환율_20230718.csv
1991-12-18,1991,12,18,JPY,591.19,0.23,1.98,9.97,한국무역보험공사_환율_20230718.csv
1991-12-19,1991,12,19,JPY,590.04,0.34,1.86,9.73,한국무역보험공사_환율_20230718.csv
1991-12-20,1991,12,20,JPY,591.58,0.98,1.97,9.93,한국무역보험공사_환율_20230718.csv
1991-12-21,1991,12,21,JPY,594.94,1.48,2.27,9.25,한국무역보험공사_환율_20230718.csv
1991-12-23,1991,12,23,JPY,595.83,1.56,2.06,9.03,한국무역보험공사_환율_20230718.csv
1991-12-24,1991,12,24,JPY,598.34,1.9,2.88,9.99,한국무역보험공사_환율_20230718.csv
1991-12-26,1991,12,26,JPY,598.66,1.21,3.1,9.69,한국무역보험공사_환율_20230718.csv
1991-12-27,1991,12,27,JPY,600.4,1.56,3.16,9.71,한국무역보험공사_환율_20230718.csv
1991-12-28,1991,12,28,JPY,603.81,2.33,3.67,9.72,한국무역보험공사_환율_20230718.csv
1991-12-30,1991,12,30,JPY,601.19,1.62,3.06,9.52,한국무역보험공사_환율_20230718.csv
1991-12-31,1991,12,31,JPY,607.18,2.06,3.92,10.35,한국무역보험공사_환율_20230718.csv
1992-01-03,1992,1,3,JPY,610.64,2.49,3.73,10.83,한국무역보험공사_환율_20230718.csv
1992-01-04,1992,1,4,JPY,608.9,1.76,4.53,10.19,한국무역보험공사_환율_20230718.csv
1992-01-06,1992,1,6,JPY,612.1,2.25,5.2,10.79,한국무역보험공사_환율_20230718.csv
1992-01-07,1992,1,7,JPY,615.07,2.44,5.9,10.94,한국무역보험공사_환율_20230718.csv
1992-01-08,1992,1,8,JPY,615.7,1.97,6.07,11.77,한국무역보험공사_환율_20230718.csv
1992-01-09,1992,1,9,JPY,612.07,1.81,5.34,11.92,한국무역보험공사_환율_20230718.csv
1992-01-10,1992,1,10,JPY,606.44,-0.12,4.54,10.67,한국무역보험공사_환율_20230718.csv
1992-01-11,1992,1,11,JPY,599.84,-1.77,2.76,7.65,한국무역보험공사_환율_20230718.csv
1992-01-13,1992,1,13,JPY,601.97,-1.14,2.79,8.18,한국무역보험공사_환율_20230718.csv
1992-01-14,1992,1,14,JPY,600.79,-1.85,2.2,8.07,한국무역보험공사_환율_20230718.csv
1992-01-15,1992,1,15,JPY,602.07,-2.11,1.99,8.61,한국무역보험공사_환율_20230718.csv
1992-01-16,1992,1,16,JPY,595.09,-3.35,1.05,6.9,한국무역보험공사_환율_20230718.csv
1992-01-17,1992,1,17,JPY,596.17,-2.6,1.07,6.89,한국무역보험공사_환율_20230718.csv
1992-01-18,1992,1,18,JPY,613.5,1.16,4.33,10.11,한국무역보험공사_환율_20230718.csv
1992-01-20,1992,1,20,JPY,620.23,3.4,5.87,11.24,한국무역보험공사_환율_20230718.csv
1992-01-21,1992,1,21,JPY,618.88,2.81,5.56,8.04,한국무역보험공사_환율_20230718.csv
1992-01-22,1992,1,22,JPY,618.37,2.93,5.4,7.45,한국무역보험공사_환율_20230718.csv
1992-01-23,1992,1,23,JPY,619.03,2.82,5.43,7.23,한국무역보험공사_환율_20230718.csv
1992-01-24,1992,1,24,JPY,616.36,3.57,4.2,6.22,한국무역보험공사_환율_20230718.csv
1992-01-25,1992,1,25,JPY,618.78,3.79,4.67,7.5,한국무역보험공사_환율_20230718.csv
1992-01-27,1992,1,27,JPY,613.32,-0.03,3.95,6.01,한국무역보험공사_환율_20230718.csv
1992-01-28,1992,1,28,JPY,610.87,-1.51,3.26,6.4,한국무역보험공사_환율_20230718.csv
1992-01-29,1992,1,29,JPY,607.72,-1.8,2.15,4.96,한국무역보험공사_환율_20230718.csv
1992-01-30,1992,1,30,JPY,607.65,-1.73,1.98,4.37,한국무역보험공사_환율_20230718.csv
1992-01-31,1992,1,31,JPY,605.96,-2.11,1.27,4.58,한국무역보험공사_환율_20230718.csv
1992-02-01,1992,2,1,JPY,605.96,-1.69,1.22,5.01,한국무역보험공사_환율_20230718.csv
1992-02-06,1992,2,6,JPY,607.89,-1.76,1.25,5.47,한국무역보험공사_환율_20230718.csv
1992-02-07,1992,2,7,JPY,608.0,-0.87,0.69,4.67,한국무역보험공사_환율_20230718.csv
1992-02-08,1992,2,8,JPY,609.85,-0.17,1.44,5.66,한국무역보험공사_환율_20230718.csv
1992-02-10,1992,2,10,JPY,610.22,0.41,0.5,5.64,한국무역보험공사_환율_20230718.csv
1992-02-11,1992,2,11,JPY,603.67,-0.65,-1.14,5.33,한국무역보험공사_환율_20230718.csv
1992-02-12,1992,2,12,JPY,602.36,-0.59,-1.07,5.96,한국무역보험공사_환율_20230718.csv
1992-02-13,1992,2,13,JPY,599.53,-1.06,-2.05,5.08,한국무역보험공사_환율_20230718.csv
1992-02-14,1992,2,14,JPY,598.75,-1.5,-2.65,4.74,한국무역보험공사_환율_20230718.csv
1992-02-15,1992,2,15,JPY,598.36,-1.59,-2.82,4.84,한국무역보험공사_환율_20230718.csv
1992-02-17,1992,2,17,JPY,598.12,-1.92,-2.28,5.17,한국무역보험공사_환율_20230718.csv
1992-02-18,1992,2,18,JPY,602.44,-1.27,-0.66,6.4,한국무역보험공사_환율_20230718.csv
1992-02-19,1992,2,19,JPY,599.92,-0.62,0.01,4.61,한국무역보험공사_환율_20230718.csv
1992-02-20,1992,2,20,JPY,597.66,-0.78,-0.72,4.11,한국무역보험공사_환율_20230718.csv
1992-02-21,1992,2,21,JPY,596.73,-0.47,-0.68,3.69,한국무역보험공사_환율_20230718.csv
1992-02-22,1992,2,22,JPY,595.53,-0.54,-1.09,2.64,한국무역보험공사_환율_20230718.csv
1992-02-24,1992,2,24,JPY,595.96,-0.4,0.15,2.66,한국무역보험공사_환율_20230718.csv
1992-02-25,1992,2,25,JPY,595.04,-0.51,-0.19,2.15,한국무역보험공사_환율_20230718.csv
1992-02-26,1992,2,26,JPY,590.59,-1.97,-3.73,2.33,한국무역보험공사_환율_20230718.csv
1992-02-27,1992,2,27,JPY,593.2,-1.12,-4.36,2.42,한국무역보험공사_환율_20230718.csv
1992-02-28,1992,2,28,JPY,594.04,-0.61,-4.01,2.85,한국무역보험공사_환율_20230718.csv
1992-02-29,1992,2,29,JPY,593.2,-0.59,-4.07,2.83,한국무역보험공사_환율_20230718.csv
1992-03-02,1992,3,2,JPY,592.52,-0.51,-4.28,2.89,한국무역보험공사_환율_20230718.csv
1992-03-03,1992,3,3,JPY,592.6,-0.56,-3.85,2.37,한국무역보험공사_환율_20230718.csv
1992-03-04,1992,3,4,JPY,586.64,-1.41,-5.19,1.19,한국무역보험공사_환율_20230718.csv
1992-03-05,1992,3,5,JPY,582.93,-1.3,-4.95,0.63,한국무역보험공사_환율_20230718.csv
1992-03-06,1992,3,6,JPY,582.05,-1.88,-4.72,0.32,한국무역보험공사_환율_20230718.csv
1992-03-07,1992,3,7,JPY,582.63,-1.92,-4.13,0.15,한국무역보험공사_환율_20230718.csv
1992-03-09,1992,3,9,JPY,583.07,-1.71,-4.05,-0.12,한국무역보험공사_환율_20230718.csv
1992-03-11,1992,3,11,JPY,578.41,-2.38,-4.55,-0.55,한국무역보험공사_환율_20230718.csv
1992-03-12,1992,3,12,JPY,576.19,-2.77,-4.91,-0.77,한국무역보험공사_환율_20230718.csv
1992-03-13,1992,3,13,JPY,572.28,-2.45,-5.86,-1.67,한국무역보험공사_환율_20230718.csv
1992-03-14,1992,3,14,JPY,576.59,-1.09,-5.17,-1.0,한국무역보험공사_환율_20230718.csv
1992-03-16,1992,3,16,JPY,575.36,-1.15,-5.66,-1.37,한국무역보험공사_환율_20230718.csv
1992-03-17,1992,3,17,JPY,576.53,-1.05,-5.52,-1.33,한국무역보험공사_환율_20230718.csv
1992-03-18,1992,3,18,JPY,579.99,-0.53,-3.92,-1.48,한국무역보험공사_환율_20230718.csv
1992-03-19,1992,3,19,JPY,584.05,0.98,-3.04,0.26,한국무역보험공사_환율_20230718.csv
1992-03-20,1992,3,20,JPY,578.57,0.41,-3.5,-0.56,한국무역보험공사_환율_20230718.csv
1992-03-21,1992,3,21,JPY,577.87,0.98,-3.49,-0.51,한국무역보험공사_환율_20230718.csv
1992-03-23,1992,3,23,JPY,576.87,0.05,-3.59,-0.62,한국무역보험공사_환율_20230718.csv
1992-03-25,1992,3,25,JPY,579.41,0.7,-3.13,-0.28,한국무역보험공사_환율_20230718.csv
1992-03-26,1992,3,26,JPY,580.43,0.68,-3.65,0.06,한국무역보험공사_환율_20230718.csv
1992-03-27,1992,3,27,JPY,577.18,-0.48,-3.79,-1.13,한국무역보험공사_환율_20230718.csv
1992-03-28,1992,3,28,JPY,582.1,-0.33,-2.6,-0.6,한국무역보험공사_환율_20230718.csv
1992-03-30,1992,3,30,JPY,581.38,0.49,-2.57,-1.1,한국무역보험공사_환율_20230718.csv
1992-03-31,1992,3,31,JPY,582.91,0.87,-2.12,-1.25,한국무역보험공사_환율_20230718.csv
1992-04-01,1992,4,1,JPY,584.91,1.39,-1.85,-0.68,한국무역보험공사_환율_20230718.csv
1992-04-02,1992,4,2,JPY,575.78,-0.63,-3.24,-2.39,한국무역보험공사_환율_20230718.csv
1992-04-03,1992,4,3,JPY,579.22,-0.21,-1.93,-1.5,한국무역보험공사_환율_20230718.csv
1992-04-04,1992,4,4,JPY,581.19,0.69,-2.02,-0.79,한국무역보험공사_환율_20230718.csv
1992-04-06,1992,4,6,JPY,580.97,-0.19,-2.2,-0.91,한국무역보험공사_환율_20230718.csv
1992-04-07,1992,4,7,JPY,584.36,0.51,-1.49,-0.4,한국무역보험공사_환율_20230718.csv
1992-04-08,1992,4,8,JPY,582.54,-0.06,-1.68,-0.79,한국무역보험공사_환율_20230718.csv
1992-04-09,1992,4,9,JPY,587.17,0.39,-0.92,-0.73,한국무역보험공사_환율_20230718.csv
1992-04-10,1992,4,10,JPY,590.23,2.51,0.61,-0.16,한국무역보험공사_환율_20230718.csv
1992-04-11,1992,4,11,JPY,586.68,1.29,0.64,-0.57,한국무역보험공사_환율_20230718.csv
1992-04-13,1992,4,13,JPY,586.46,0.91,0.76,-0.87,한국무역보험공사_환율_20230718.csv
1992-04-14,1992,4,14,JPY,585.81,0.83,0.55,-1.53,한국무역보험공사_환율_20230718.csv
1992-04-15,1992,4,15,JPY,586.26,0.33,0.55,-1.61,한국무역보험공사_환율_20230718.csv
1992-04-16,1992,4,16,JPY,585.3,0.47,1.19,-2.18,한국무역보험공사_환율_20230718.csv
1992-04-17,1992,4,17,JPY,582.52,-0.79,1.1,-2.7,한국무역보험공사_환율_20230718.csv
1992-04-18,1992,4,18,JPY,580.52,-1.65,1.44,-3.31,한국무역보험공사_환율_20230718.csv
1992-04-20,1992,4,20,JPY,579.65,-1.2,0.53,-4.0,한국무역보험공사_환율_20230718.csv
1992-04-21,1992,4,21,JPY,578.51,-1.36,0.55,-3.77,한국무역보험공사_환율_20230718.csv
1992-04-22,1992,4,22,JPY,580.48,-0.91,0.69,-4.4,한국무역보험공사_환율_20230718.csv
1992-04-23,1992,4,23,JPY,581.73,-0.77,0.3,-4.73,한국무역보험공사_환율_20230718.csv
1992-04-24,1992,4,24,JPY,578.78,-1.11,-0.9,-4.95,한국무역보험공사_환율_20230718.csv
1992-04-25,1992,4,25,JPY,578.88,-0.62,0.05,-5.43,한국무역보험공사_환율_20230718.csv
1992-04-27,1992,4,27,JPY,577.17,-0.58,-0.12,-6.16,한국무역보험공사_환율_20230718.csv
1992-04-28,1992,4,28,JPY,584.62,0.86,1.34,-5.05,한국무역보험공사_환율_20230718.csv
1992-04-29,1992,4,29,JPY,584.47,1.03,0.87,-4.51,한국무역보험공사_환율_20230718.csv
1992-04-30,1992,4,30,JPY,583.15,0.46,0.47,-3.84,한국무역보험공사_환율_20230718.csv
1992-05-01,1992,5,1,JPY,584.38,0.46,1.25,-2.58,한국무역보험공사_환율_20230718.csv
1992-05-02,1992,5,2,JPY,586.88,1.4,0.82,-2.51,한국무역보험공사_환율_20230718.csv
1992-05-04,1992,5,4,JPY,586.15,1.26,0.82,-2.44,한국무역보험공사_환율_20230718.csv
1992-05-06,1992,5,6,JPY,587.58,1.8,0.8,-2.41,한국무역보험공사_환율_20230718.csv
1992-05-07,1992,5,7,JPY,591.98,1.26,1.21,-0.52,한국무역보험공사_환율_20230718.csv
1992-05-08,1992,5,8,JPY,591.16,1.14,2.67,-0.84,한국무역보험공사_환율_20230718.csv
1992-05-09,1992,5,9,JPY,586.86,0.64,1.32,-4.34,한국무역보험공사_환율_20230718.csv
1992-05-11,1992,5,11,JPY,586.95,0.44,0.99,-5.37,한국무역보험공사_환율_20230718.csv
1992-05-12,1992,5,12,JPY,589.24,0.4,1.42,-4.79,한국무역보험공사_환율_20230718.csv
1992-05-13,1992,5,13,JPY,599.31,2.25,2.56,-3.08,한국무역보험공사_환율_20230718.csv
1992-05-14,1992,5,14,JPY,603.78,2.76,3.65,-2.46,한국무역보험공사_환율_20230718.csv
1992-05-15,1992,5,15,JPY,600.38,1.42,2.25,-2.59,한국무역보험공사_환율_20230718.csv
1992-05-16,1992,5,16,JPY,603.47,2.08,2.24,-2.47,한국무역보험공사_환율_20230718.csv
1992-05-18,1992,5,18,JPY,604.4,2.99,3.02,-1.45,한국무역보험공사_환율_20230718.csv
1992-05-19,1992,5,19,JPY,608.29,3.64,3.72,-0.42,한국무역보험공사_환율_20230718.csv
1992-05-20,1992,5,20,JPY,605.41,2.74,3.35,-0.38,한국무역보험공사_환율_20230718.csv
1992-05-21,1992,5,21,JPY,603.86,0.76,3.0,-0.62,한국무역보험공사_환율_20230718.csv
1992-05-22,1992,5,22,JPY,602.38,-0.23,2.92,-0.59,한국무역보험공사_환율_20230718.csv
1992-05-23,1992,5,23,JPY,607.2,1.14,4.24,0.2,한국무역보험공사_환율_20230718.csv
1992-05-25,1992,5,25,JPY,607.67,0.7,4.68,-0.04,한국무역보험공사_환율_20230718.csv
1992-05-26,1992,5,26,JPY,607.74,0.55,4.85,-0.04,한국무역보험공사_환율_20230718.csv
1992-05-27,1992,5,27,JPY,606.02,-0.37,4.76,-0.63,한국무역보험공사_환율_20230718.csv
1992-05-28,1992,5,28,JPY,601.61,-0.63,3.64,-1.41,한국무역보험공사_환율_20230718.csv
1992-05-29,1992,5,29,JPY,605.8,0.32,4.14,0.35,한국무역보험공사_환율_20230718.csv
1992-05-30,1992,5,30,JPY,614.03,1.93,6.09,1.94,한국무역보험공사_환율_20230718.csv
1992-05-31,1992,5,31,JPY,614.03,1.12,6.07,2.42,한국무역보험공사_환율_20230718.csv
1992-06-01,1992,6,1,JPY,614.99,1.2,6.55,2.71,한국무역보험공사_환율_20230718.csv
1992-06-02,1992,6,2,JPY,617.46,1.6,5.62,3.19,한국무역보험공사_환율_20230718.csv
1992-06-03,1992,6,3,JPY,616.39,1.71,5.46,3.05,한국무역보험공사_환율_20230718.csv
1992-06-04,1992,6,4,JPY,617.03,2.56,5.81,2.42,한국무역보험공사_환율_20230718.csv
1992-06-05,1992,6,5,JPY,618.95,2.17,5.92,3.17,한국무역보험공사_환율_20230718.csv
1992-06-08,1992,6,8,JPY,621.7,1.25,5.93,4.02,한국무역보험공사_환율_20230718.csv
1992-06-09,1992,6,9,JPY,619.91,0.96,5.76,3.88,한국무역보험공사_환율_20230718.csv
1992-06-10,1992,6,10,JPY,617.09,0.34,5.02,3.62,한국무역보험공사_환율_20230718.csv
1992-06-11,1992,6,11,JPY,618.91,0.23,4.55,3.85,한국무역보험공사_환율_20230718.csv
1992-06-12,1992,6,12,JPY,624.69,1.35,5.67,4.98,한국무역보험공사_환율_20230718.csv
1992-06-13,1992,6,13,JPY,622.97,0.96,6.15,5.48,한국무역보험공사_환율_20230718.csv
1992-06-15,1992,6,15,JPY,623.21,0.69,6.18,5.06,한국무역보험공사_환율_20230718.csv
1992-06-16,1992,6,16,JPY,622.22,0.08,5.6,4.74,한국무역보험공사_환율_20230718.csv
1992-06-17,1992,6,17,JPY,625.73,0.94,4.41,5.48,한국무역보험공사_환율_20230718.csv
1992-06-18,1992,6,18,JPY,620.56,0.56,2.78,4.73,한국무역보험공사_환율_20230718.csv
1992-06-19,1992,6,19,JPY,623.4,0.73,3.83,5.2,한국무역보험공사_환율_20230718.csv
1992-06-20,1992,6,20,JPY,623.0,-0.27,3.24,6.2,한국무역보험공사_환율_20230718.csv
1992-06-22,1992,6,22,JPY,621.68,-0.21,2.86,6.65,한국무역보험공사_환율_20230718.csv
1992-06-23,1992,6,23,JPY,623.55,0.05,2.51,7.13,한국무역보험공사_환율_20230718.csv
1992-06-24,1992,6,24,JPY,621.05,-0.19,2.58,6.59,한국무역보험공사_환율_20230718.csv
1992-06-25,1992,6,25,JPY,625.46,-0.04,3.58,7.27,한국무역보험공사_환율_20230718.csv
1992-06-26,1992,6,26,JPY,630.81,1.65,4.72,9.06,한국무역보험공사_환율_20230718.csv
1992-06-27,1992,6,27,JPY,628.79,0.86,3.56,9.13,한국무역보험공사_환율_20230718.csv
1992-06-29,1992,6,29,JPY,627.89,0.78,3.33,9.72,한국무역보험공사_환율_20230718.csv
1992-06-30,1992,6,30,JPY,629.64,1.28,3.6,9.2,한국무역보험공사_환율_20230718.csv
1992-07-01,1992,7,1,JPY,628.81,0.84,3.76,9.29,한국무역보험공사_환율_20230718.csv
1992-07-02,1992,7,2,JPY,629.1,1.3,4.57,9.12,한국무역보험공사_환율_20230718.csv
1992-07-03,1992,7,3,JPY,633.35,1.26,4.55,9.2,한국무역보험공사_환율_20230718.csv
1992-07-04,1992,7,4,JPY,629.74,-0.17,2.56,7.82,한국무역보험공사_환율_20230718.csv
1992-07-06,1992,7,6,JPY,629.82,0.16,2.57,8.86,한국무역보험공사_환율_20230718.csv
1992-07-07,1992,7,7,JPY,633.24,0.85,2.97,9.58,한국무역보험공사_환율_20230718.csv
1992-07-08,1992,7,8,JPY,634.8,0.82,2.81,10.04,한국무역보험공사_환율_20230718.csv
1992-07-09,1992,7,9,JPY,630.71,0.3,2.32,8.85,한국무역보험공사_환율_20230718.csv
1992-07-10,1992,7,10,JPY,627.02,-0.33,1.62,8.03,한국무역보험공사_환율_20230718.csv
1992-07-11,1992,7,11,JPY,629.05,-0.68,1.63,8.99,한국무역보험공사_환율_20230718.csv
1992-07-13,1992,7,13,JPY,629.18,-0.09,1.2,8.09,한국무역보험공사_환율_20230718.csv
1992-07-14,1992,7,14,JPY,630.68,0.14,1.74,8.48,한국무역보험공사_환율_20230718.csv
1992-07-15,1992,7,15,JPY,629.15,-0.65,1.95,7.93,한국무역보험공사_환율_20230718.csv
1992-07-16,1992,7,16,JPY,629.06,-0.9,1.64,7.55,한국무역보험공사_환율_20230718.csv
1992-07-18,1992,7,18,JPY,632.28,0.25,1.22,9.81,한국무역보험공사_환율_20230718.csv
1992-07-20,1992,7,20,JPY,633.17,0.98,1.64,9.31,한국무역보험공사_환율_20230718.csv
1992-07-21,1992,7,21,JPY,628.35,-0.11,0.82,8.11,한국무역보험공사_환율_20230718.csv
1992-07-22,1992,7,22,JPY,628.26,-0.15,0.97,8.14,한국무역보험공사_환율_20230718.csv
1992-07-23,1992,7,23,JPY,621.08,-1.52,-0.74,6.28,한국무역보험공사_환율_20230718.csv
1992-07-24,1992,7,24,JPY,621.73,-1.18,0.19,6.73,한국무역보험공사_환율_20230718.csv
1992-07-25,1992,7,25,JPY,614.68,-2.29,-1.4,4.69,한국무역보험공사_환율_20230718.csv
1992-07-27,1992,7,27,JPY,616.84,-2.44,-0.99,4.51,한국무역보험공사_환율_20230718.csv
1992-07-28,1992,7,28,JPY,617.79,-2.43,-0.63,5.3,한국무역보험공사_환율_20230718.csv
1992-07-29,1992,7,29,JPY,618.44,-1.58,-0.82,5.45,한국무역보험공사_환율_20230718.csv
1992-07-30,1992,7,30,JPY,616.2,-1.92,-0.78,5.19,한국무역보험공사_환율_20230718.csv
1992-07-31,1992,7,31,JPY,617.39,-0.59,-1.29,5.31,한국무역보험공사_환율_20230718.csv
1992-08-01,1992,8,1,JPY,619.35,-0.38,-1.82,5.82,한국무역보험공사_환율_20230718.csv
1992-08-03,1992,8,3,JPY,618.87,0.68,-1.58,6.24,한국무역보험공사_환율_20230718.csv
1992-08-04,1992,8,4,JPY,620.05,0.52,-1.25,6.81,한국무역보험공사_환율_20230718.csv
1992-08-05,1992,8,5,JPY,620.27,0.4,-1.49,7.01,한국무역보험공사_환율_20230718.csv
1992-08-06,1992,8,6,JPY,618.74,0.05,-1.6,6.95,한국무역보험공사_환율_20230718.csv
1992-08-07,1992,8,7,JPY,618.25,0.33,-1.72,6.51,한국무역보험공사_환율_20230718.csv
1992-08-08,1992,8,8,JPY,618.67,0.21,-2.32,6.35,한국무역보험공사_환율_20230718.csv
1992-08-10,1992,8,10,JPY,618.18,-0.19,-1.84,6.81,한국무역보험공사_환율_20230718.csv
1992-08-11,1992,8,11,JPY,617.42,-0.23,-1.97,6.66,한국무역보험공사_환율_20230718.csv
1992-08-12,1992,8,12,JPY,617.43,-0.42,-2.5,6.98,한국무역보험공사_환율_20230718.csv
1992-08-13,1992,8,13,JPY,620.51,0.04,-2.25,6.14,한국무역보험공사_환율_20230718.csv
1992-08-14,1992,8,14,JPY,624.66,0.96,-0.96,6.88,한국무역보험공사_환율_20230718.csv
1992-08-15,1992,8,15,JPY,624.66,1.04,-0.38,7.12,한국무역보험공사_환율_20230718.csv
1992-08-17,1992,8,17,JPY,626.3,1.23,-0.44,7.17,한국무역보험공사_환율_20230718.csv
1992-08-18,1992,8,18,JPY,629.0,1.75,-0.03,7.18,한국무역보험공사_환율_20230718.csv
1992-08-19,1992,8,19,JPY,626.81,1.52,-0.61,6.94,한국무역보험공사_환율_20230718.csv
1992-08-20,1992,8,20,JPY,624.81,1.2,-0.69,6.34,한국무역보험공사_환율_20230718.csv
1992-08-21,1992,8,21,JPY,626.07,0.9,-0.48,5.76,한국무역보험공사_환율_20230718.csv
1992-08-22,1992,8,22,JPY,628.59,0.63,-0.58,6.33,한국무역보험공사_환율_20230718.csv
1992-08-24,1992,8,24,JPY,631.63,1.12,-0.24,7.63,한국무역보험공사_환율_20230718.csv
1992-08-25,1992,8,25,JPY,634.01,1.23,0.9,8.02,한국무역보험공사_환율_20230718.csv
1992-08-26,1992,8,26,JPY,632.32,0.53,0.65,7.31,한국무역보험공사_환율_20230718.csv
1992-08-27,1992,8,27,JPY,628.18,0.22,1.14,4.82,한국무역보험공사_환율_20230718.csv
1992-08-28,1992,8,28,JPY,630.2,0.86,1.36,4.38,한국무역보험공사_환율_20230718.csv
1992-08-29,1992,8,29,JPY,640.07,2.24,4.13,6.61,한국무역보험공사_환율_20230718.csv
1992-08-31,1992,8,31,JPY,640.85,1.95,3.89,6.19,한국무역보험공사_환율_20230718.csv
1992-09-01,1992,9,1,JPY,639.38,1.23,3.49,5.79,한국무역보험공사_환율_20230718.csv
1992-09-02,1992,9,2,JPY,641.5,1.18,3.73,5.46,한국무역보험공사_환율_20230718.csv
1992-09-03,1992,9,3,JPY,637.06,0.75,3.39,5.23,한국무역보험공사_환율_20230718.csv
1992-09-04,1992,9,4,JPY,634.21,0.96,2.72,5.03,한국무역보험공사_환율_20230718.csv
1992-09-05,1992,9,5,JPY,637.64,1.18,2.95,5.85,한국무역보험공사_환율_20230718.csv
1992-09-07,1992,9,7,JPY,637.26,-0.44,2.97,4.95,한국무역보험공사_환율_20230718.csv
1992-09-08,1992,9,8,JPY,635.63,-0.81,2.51,4.6,한국무역보험공사_환율_20230718.csv
1992-09-09,1992,9,9,JPY,639.89,0.08,3.16,5.29,한국무역보험공사_환율_20230718.csv
1992-09-14,1992,9,14,JPY,627.44,-2.19,1.41,3.53,한국무역보험공사_환율_20230718.csv
1992-09-15,1992,9,15,JPY,633.36,-0.58,2.44,5.28,한국무역보험공사_환율_20230718.csv
1992-09-16,1992,9,16,JPY,631.83,-0.38,2.13,4.3,한국무역보험공사_환율_20230718.csv
1992-09-17,1992,9,17,JPY,627.85,-1.54,1.56,2.25,한국무역보험공사_환율_20230718.csv
1992-09-18,1992,9,18,JPY,630.47,-1.07,2.11,2.68,한국무역보험공사_환율_20230718.csv
1992-09-19,1992,9,19,JPY,630.15,-0.86,2.06,2.47,한국무역보험공사_환율_20230718.csv
1992-09-21,1992,9,21,JPY,634.28,-0.88,2.22,2.72,한국무역보험공사_환율_20230718.csv
1992-09-22,1992,9,22,JPY,637.48,1.6,2.05,3.42,한국무역보험공사_환율_20230718.csv
1992-09-23,1992,9,23,JPY,648.38,2.37,3.8,5.08,한국무역보험공사_환율_20230718.csv
1992-09-24,1992,9,24,JPY,655.55,3.75,4.67,5.91,한국무역보험공사_환율_20230718.csv
1992-09-25,1992,9,25,JPY,653.45,4.08,3.89,5.11,한국무역보험공사_환율_20230718.csv
1992-09-26,1992,9,26,JPY,650.35,3.15,3.76,4.91,한국무역보험공사_환율_20230718.csv
1992-09-28,1992,9,28,JPY,653.97,3.78,4.67,5.98,한국무역보험공사_환율_20230718.csv
1992-09-29,1992,9,29,JPY,659.52,3.98,5.34,6.56,한국무역보험공사_환율_20230718.csv
1992-09-30,1992,9,30,JPY,660.45,3.6,5.07,5.72,한국무역보험공사_환율_20230718.csv
1992-10-01,1992,10,1,JPY,655.15,1.04,3.72,5.17,한국무역보험공사_환율_20230718.csv
1992-10-02,1992,10,2,JPY,655.01,-0.08,3.31,5.1,한국무역보험공사_환율_20230718.csv
1992-10-05,1992,10,5,JPY,660.72,1.11,4.49,6.19,한국무역보험공사_환율_20230718.csv
1992-10-06,1992,10,6,JPY,655.77,0.83,4.39,4.8,한국무역보험공사_환율_20230718.csv
1992-10-07,1992,10,7,JPY,656.46,0.38,4.17,5.79,한국무역보험공사_환율_20230718.csv
1992-10-08,1992,10,8,JPY,651.21,-1.26,1.74,4.46,한국무역보험공사_환율_20230718.csv
1992-10-09,1992,10,9,JPY,644.64,-2.39,0.59,3.47,한국무역보험공사_환율_20230718.csv
1992-10-10,1992,10,10,JPY,643.99,-1.7,0.72,3.59,한국무역보험공사_환율_20230718.csv
1992-10-12,1992,10,12,JPY,647.18,-1.2,0.89,3.79,한국무역보험공사_환율_20230718.csv
1992-10-13,1992,10,13,JPY,649.59,-1.68,1.97,4.6,한국무역보험공사_환율_20230718.csv
1992-10-14,1992,10,14,JPY,647.65,-1.24,2.12,3.55,한국무역보험공사_환율_20230718.csv
1992-10-15,1992,10,15,JPY,648.53,-1.21,1.71,2.81,한국무역보험공사_환율_20230718.csv
1992-10-16,1992,10,16,JPY,648.82,-0.37,1.81,3.19,한국무역보험공사_환율_20230718.csv
1992-10-17,1992,10,17,JPY,655.23,1.64,3.08,4.35,한국무역보험공사_환율_20230718.csv
1992-10-19,1992,10,19,JPY,653.86,1.53,2.18,3.85,한국무역보험공사_환율_20230718.csv
1992-10-20,1992,10,20,JPY,648.22,0.16,3.31,3.09,한국무역보험공사_환율_20230718.csv
1992-10-21,1992,10,21,JPY,639.41,-1.57,0.96,1.64,한국무역보험공사_환율_20230718.csv
1992-10-22,1992,10,22,JPY,638.84,-1.36,1.11,0.87,한국무역보험공사_환율_20230718.csv
1992-10-23,1992,10,23,JPY,650.17,0.25,3.55,3.24,한국무역보험공사_환율_20230718.csv
1992-10-24,1992,10,24,JPY,643.4,-0.84,2.05,2.16,한국무역보험공사_환율_20230718.csv
1992-10-26,1992,10,26,JPY,643.93,-1.72,2.19,1.69,한국무역보험공사_환율_20230718.csv
1992-10-27,1992,10,27,JPY,642.21,-1.78,1.25,1.17,한국무역보험공사_환율_20230718.csv
1992-10-28,1992,10,28,JPY,642.76,-0.84,0.83,1.91,한국무역보험공사_환율_20230718.csv
1992-10-29,1992,10,29,JPY,636.52,-0.45,-1.83,1.52,한국무역보험공사_환율_20230718.csv
1992-10-30,1992,10,30,JPY,635.15,-0.58,-3.11,0.97,한국무역보험공사_환율_20230718.csv
1992-10-31,1992,10,31,JPY,634.04,-2.48,-2.97,0.77,한국무역보험공사_환율_20230718.csv
1992-11-02,1992,11,2,JPY,633.27,-1.57,-2.63,0.41,한국무역보험공사_환율_20230718.csv
1992-11-03,1992,11,3,JPY,633.0,-1.7,-3.21,0.61,한국무역보험공사_환율_20230718.csv
1992-11-04,1992,11,4,JPY,638.37,-0.6,-3.21,1.48,한국무역보험공사_환율_20230718.csv
1992-11-05,1992,11,5,JPY,636.55,-0.97,-3.62,0.68,한국무역보험공사_환율_20230718.csv
1992-11-06,1992,11,6,JPY,636.37,-0.02,-2.87,0.51,한국무역보험공사_환율_20230718.csv
1992-11-07,1992,11,7,JPY,634.07,-0.17,-3.2,0.91,한국무역보험공사_환율_20230718.csv
1992-11-09,1992,11,9,JPY,632.94,-0.17,-4.2,0.74,한국무역보험공사_환율_20230718.csv
1992-11-10,1992,11,10,JPY,629.78,-0.55,-3.96,1.4,한국무역보험공사_환율_20230718.csv
1992-11-11,1992,11,11,JPY,631.3,-0.27,-3.83,1.54,한국무역보험공사_환율_20230718.csv
1992-11-12,1992,11,12,JPY,631.48,-1.08,-3.03,2.73,한국무역보험공사_환율_20230718.csv
1992-11-13,1992,11,13,JPY,631.74,-0.76,-2.0,2.42,한국무역보험공사_환율_20230718.csv
1992-11-14,1992,11,14,JPY,630.71,-0.89,-2.06,2.09,한국무역보험공사_환율_20230718.csv
1992-11-16,1992,11,16,JPY,630.21,-0.61,-2.62,1.9,한국무역보험공사_환율_20230718.csv
1992-11-17,1992,11,17,JPY,627.98,-0.78,-3.33,1.91,한국무역보험공사_환율_20230718.csv
1992-11-18,1992,11,18,JPY,631.87,0.33,-2.44,2.35,한국무역보험공사_환율_20230718.csv
1992-11-19,1992,11,19,JPY,635.47,0.66,-2.01,2.6,한국무역보험공사_환율_20230718.csv
1992-11-20,1992,11,20,JPY,636.08,0.73,-1.96,2.78,한국무역보험공사_환율_20230718.csv
1992-11-21,1992,11,21,JPY,633.14,0.22,-3.37,2.11,한국무역보험공사_환율_20230718.csv
1992-11-23,1992,11,23,JPY,633.17,0.39,-3.16,2.08,한국무역보험공사_환율_20230718.csv
1992-11-24,1992,11,24,JPY,636.24,0.96,-1.85,2.83,한국무역보험공사_환율_20230718.csv
1992-11-25,1992,11,25,JPY,635.89,1.26,-0.55,2.85,한국무역보험공사_환율_20230718.csv
1992-11-26,1992,11,26,JPY,635.0,0.5,-0.6,2.64,한국무역보험공사_환율_20230718.csv
1992-11-27,1992,11,27,JPY,633.13,-0.37,-2.62,2.42,한국무역보험공사_환율_20230718.csv
1992-11-28,1992,11,28,JPY,631.11,-0.78,-1.91,2.22,한국무역보험공사_환율_20230718.csv
1992-11-30,1992,11,30,JPY,630.86,-0.36,-2.03,2.18,한국무역보험공사_환율_20230718.csv
1992-12-01,1992,12,1,JPY,629.27,-0.62,-2.01,1.41,한국무역보험공사_환율_20230718.csv
1992-12-02,1992,12,2,JPY,631.78,-0.7,-1.71,1.14,한국무역보험공사_환율_20230718.csv
1992-12-03,1992,12,3,JPY,631.58,-0.68,-0.78,1.11,한국무역보험공사_환율_20230718.csv
1992-12-04,1992,12,4,JPY,630.34,-0.73,-0.76,0.65,한국무역보험공사_환율_20230718.csv
1992-12-05,1992,12,5,JPY,629.29,-0.61,-0.75,0.05,한국무역보험공사_환율_20230718.csv
1992-12-07,1992,12,7,JPY,629.04,-0.33,-0.67,0.36,한국무역보험공사_환율_20230718.csv
1992-12-08,1992,12,8,JPY,635.74,0.77,0.43,1.75,한국무역보험공사_환율_20230718.csv
1992-12-09,1992,12,9,JPY,636.61,1.17,-0.28,1.68,한국무역보험공사_환율_20230718.csv
1992-12-10,1992,12,10,JPY,636.44,0.74,-0.02,1.25,한국무역보험공사_환율_20230718.csv
1992-12-11,1992,12,11,JPY,637.66,0.96,0.2,0.95,한국무역보험공사_환율_20230718.csv
1992-12-12,1992,12,12,JPY,637.93,1.2,0.61,0.62,한국무역보험공사_환율_20230718.csv
1992-12-14,1992,12,14,JPY,638.13,1.4,0.82,0.92,한국무역보험공사_환율_20230718.csv
1992-12-15,1992,12,15,JPY,638.93,1.57,1.45,1.71,한국무역보험공사_환율_20230718.csv
1992-12-16,1992,12,16,JPY,637.5,0.28,0.98,1.16,한국무역보험공사_환율_20230718.csv
1992-12-17,1992,12,17,JPY,640.93,0.68,1.5,0.13,한국무역보험공사_환율_20230718.csv
1992-12-19,1992,12,19,JPY,640.88,0.7,1.45,0.0,한국무역보험공사_환율_20230718.csv
1992-12-21,1992,12,21,JPY,640.52,0.45,1.56,0.18,한국무역보험공사_환율_20230718.csv
1992-12-22,1992,12,22,JPY,643.27,0.84,2.07,0.28,한국무역보험공사_환율_20230718.csv
1992-12-23,1992,12,23,JPY,638.87,0.12,1.73,0.28,한국무역보험공사_환율_20230718.csv
1992-12-24,1992,12,24,JPY,637.38,-0.24,0.87,0.5,한국무역보험공사_환율_20230718.csv
1992-12-26,1992,12,26,JPY,636.73,-0.12,0.2,-0.14,한국무역보험공사_환율_20230718.csv
1992-12-28,1992,12,28,JPY,636.71,-0.66,0.1,-0.09,한국무역보험공사_환율_20230718.csv
1992-12-29,1992,12,29,JPY,633.28,-1.19,0.02,-0.37,한국무역보험공사_환율_20230718.csv
1992-12-30,1992,12,30,JPY,633.47,-1.1,0.05,-1.0,한국무역보험공사_환율_20230718.csv
1992-12-31,1992,12,31,JPY,633.0,-1.6,-0.51,0.89,한국무역보험공사_환율_20230718.csv
1993-01-04,1993,1,4,JPY,629.78,-1.42,-0.96,-0.57,한국무역보험공사_환율_20230718.csv
1993-01-05,1993,1,5,JPY,629.55,-1.23,-0.86,-0.36,한국무역보험공사_환율_20230718.csv
1993-01-06,1993,1,6,JPY,633.0,-0.59,-0.02,0.82,한국무역보험공사_환율_20230718.csv
1993-01-07,1993,1,7,JPY,632.12,-0.72,0.16,0.26,한국무역보험공사_환율_20230718.csv
1993-01-08,1993,1,8,JPY,632.26,-0.16,0.22,0.33,한국무역보험공사_환율_20230718.csv
1993-01-09,1993,1,9,JPY,632.05,-0.22,0.44,-0.35,한국무역보험공사_환율_20230718.csv
1993-01-11,1993,1,11,JPY,632.48,-0.08,0.11,-0.78,한국무역보험공사_환율_20230718.csv
1993-01-12,1993,1,12,JPY,632.59,0.45,0.16,-2.44,한국무역보험공사_환율_20230718.csv
1993-01-13,1993,1,13,JPY,631.11,0.25,0.12,-3.73,한국무역보험공사_환율_20230718.csv
1993-01-14,1993,1,14,JPY,630.73,-0.36,0.23,-3.48,한국무역보험공사_환율_20230718.csv
1993-01-15,1993,1,15,JPY,630.28,-0.29,0.2,-3.09,한국무역보험공사_환율_20230718.csv
1993-01-16,1993,1,16,JPY,628.88,-0.53,-1.08,-3.84,한국무역보험공사_환율_20230718.csv
1993-01-18,1993,1,18,JPY,630.13,-0.3,-1.02,-4.46,한국무역보험공사_환율_20230718.csv
1993-01-19,1993,1,19,JPY,631.76,-0.11,-0.74,-4.34,한국무역보험공사_환율_20230718.csv
1993-01-20,1993,1,20,JPY,630.48,-0.33,-1.13,-3.77,한국무역보험공사_환율_20230718.csv
1993-01-21,1993,1,21,JPY,634.39,0.52,-0.55,-3.15,한국무역보험공사_환율_20230718.csv
1993-01-25,1993,1,25,JPY,634.51,0.6,-0.57,-3.97,한국무역보험공사_환율_20230718.csv
1993-01-26,1993,1,26,JPY,642.3,1.91,0.53,-2.05,한국무역보험공사_환율_20230718.csv
1993-01-27,1993,1,27,JPY,641.86,2.06,0.68,-2.22,한국무역보험공사_환율_20230718.csv
1993-01-28,1993,1,28,JPY,638.55,1.34,-0.37,-1.94,한국무역보험공사_환율_20230718.csv
1993-01-29,1993,1,29,JPY,635.75,0.63,-0.8,-1.38,한국무역보험공사_환율_20230718.csv
1993-01-30,1993,1,30,JPY,636.98,1.03,-0.55,-1.09,한국무역보험공사_환율_20230718.csv
1993-01-31,1993,1,31,JPY,636.98,0.41,-0.98,-1.58,한국무역보험공사_환율_20230718.csv
1993-02-01,1993,2,1,JPY,636.73,0.35,-0.33,-1.98,한국무역보험공사_환율_20230718.csv
1993-02-02,1993,2,2,JPY,635.88,-1.0,-0.24,-1.82,한국무역보험공사_환율_20230718.csv
1993-02-03,1993,2,3,JPY,637.73,-0.64,0.16,-1.67,한국무역보험공사_환율_20230718.csv
1993-02-04,1993,2,4,JPY,640.13,0.25,0.54,-1.34,한국무역보험공사_환율_20230718.csv
1993-02-05,1993,2,5,JPY,638.48,0.43,0.82,-2.56,한국무역보험공사_환율_20230718.csv
1993-02-06,1993,2,6,JPY,641.0,0.63,1.19,-1.97,한국무역보험공사_환율_20230718.csv
1993-02-08,1993,2,8,JPY,641.51,0.71,1.34,-1.04,한국무역보험공사_환율_20230718.csv
1993-02-09,1993,2,9,JPY,644.07,1.15,2.27,0.73,한국무역보험공사_환율_20230718.csv
1993-02-10,1993,2,10,JPY,658.17,3.51,4.55,3.03,한국무역보험공사_환율_20230718.csv
1993-02-11,1993,2,11,JPY,654.83,2.68,3.45,0.72,한국무역보험공사_환율_20230718.csv
1993-02-12,1993,2,12,JPY,660.73,3.22,4.53,2.69,한국무역보험공사_환율_20230718.csv
1993-02-13,1993,2,13,JPY,660.39,3.43,4.45,2.56,한국무역보험공사_환율_20230718.csv
1993-02-15,1993,2,15,JPY,658.62,2.75,4.2,2.56,한국무역보험공사_환율_20230718.csv
1993-02-16,1993,2,16,JPY,658.16,2.6,4.06,2.4,한국무역보험공사_환율_20230718.csv
1993-02-17,1993,2,17,JPY,666.19,3.43,5.31,4.66,한국무역보험공사_환율_20230718.csv
1993-02-18,1993,2,18,JPY,665.22,1.07,5.4,4.73,한국무역보험공사_환율_20230718.csv
1993-02-19,1993,2,19,JPY,669.86,2.3,6.2,5.65,한국무역보험공사_환율_20230718.csv
1993-02-20,1993,2,20,JPY,673.54,1.94,6.86,6.36,한국무역보험공사_환율_20230718.csv
1993-02-22,1993,2,22,JPY,676.2,2.39,7.52,6.82,한국무역보험공사_환율_20230718.csv
1993-02-23,1993,2,23,JPY,684.4,3.91,8.61,7.21,한국무역보험공사_환율_20230718.csv
1993-02-24,1993,2,24,JPY,677.89,3.0,7.3,6.49,한국무역보험공사_환율_20230718.csv
1993-02-25,1993,2,25,JPY,676.28,1.51,7.26,6.27,한국무역보험공사_환율_20230718.csv
1993-02-26,1993,2,26,JPY,674.44,1.39,6.31,6.37,한국무역보험공사_환율_20230718.csv
1993-02-27,1993,2,27,JPY,672.5,0.39,5.99,6.25,한국무역보험공사_환율_20230718.csv
1993-02-28,1993,2,28,JPY,672.5,-0.15,4.7,6.78,한국무역보험공사_환율_20230718.csv
1993-03-02,1993,3,2,JPY,669.67,-0.97,4.33,6.08,한국무역보험공사_환율_20230718.csv
1993-03-03,1993,3,3,JPY,675.6,-1.29,5.8,6.99,한국무역보험공사_환율_20230718.csv
1993-03-04,1993,3,4,JPY,680.22,0.34,6.99,7.67,한국무역보험공사_환율_20230718.csv
1993-03-05,1993,3,5,JPY,681.03,0.7,6.92,7.98,한국무역보험공사_환율_20230718.csv
1993-03-06,1993,3,6,JPY,674.15,-0.04,5.84,6.97,한국무역보험공사_환율_20230718.csv
1993-03-08,1993,3,8,JPY,674.44,0.29,5.92,7.4,한국무역보험공사_환율_20230718.csv
1993-03-09,1993,3,9,JPY,680.22,1.15,6.97,7.65,한국무역보험공사_환율_20230718.csv
1993-03-11,1993,3,11,JPY,670.99,0.2,5.22,5.59,한국무역보험공사_환율_20230718.csv
1993-03-12,1993,3,12,JPY,675.61,0.0,5.54,6.21,한국무역보험공사_환율_20230718.csv
1993-03-13,1993,3,13,JPY,672.26,-1.17,5.29,6.18,한국무역보험공사_환율_20230718.csv
1993-03-15,1993,3,15,JPY,671.29,-1.43,4.73,6.02,한국무역보험공사_환율_20230718.csv
1993-03-16,1993,3,16,JPY,669.37,-0.71,4.34,5.21,한국무역보험공사_환율_20230718.csv
1993-03-17,1993,3,17,JPY,677.64,0.47,5.21,6.57,한국무역보험공사_환율_20230718.csv
1993-03-18,1993,3,18,JPY,676.54,-0.54,2.79,6.54,한국무역보험공사_환율_20230718.csv
1993-03-19,1993,3,19,JPY,684.54,2.02,4.54,8.12,한국무역보험공사_환율_20230718.csv
1993-03-20,1993,3,20,JPY,683.53,1.17,3.45,8.31,한국무역보험공사_환율_20230718.csv
1993-03-22,1993,3,22,JPY,682.06,1.46,3.28,8.12,한국무역보험공사_환율_20230718.csv
1993-03-23,1993,3,23,JPY,687.0,2.34,4.31,9.17,한국무역보험공사_환율_20230718.csv
1993-03-24,1993,3,24,JPY,684.59,2.27,4.02,8.36,한국무역보험공사_환율_20230718.csv
1993-03-25,1993,3,25,JPY,676.13,-0.22,1.49,7.05,한국무역보험공사_환율_20230718.csv
1993-03-26,1993,3,26,JPY,676.73,0.03,1.73,7.36,한국무역보험공사_환율_20230718.csv
1993-03-27,1993,3,27,JPY,680.68,-0.56,1.62,8.17,한국무역보험공사_환율_20230718.csv
1993-03-29,1993,3,29,JPY,682.41,-0.16,1.32,8.48,한국무역보험공사_환율_20230718.csv
1993-03-30,1993,3,30,JPY,679.91,-0.32,0.55,6.95,한국무역보험공사_환율_20230718.csv
1993-03-31,1993,3,31,JPY,682.42,-0.67,-0.29,7.2,한국무역보험공사_환율_20230718.csv
1993-04-01,1993,4,1,JPY,689.83,0.77,1.76,8.39,한국무역보험공사_환율_20230718.csv
1993-04-02,1993,4,2,JPY,697.54,3.17,3.14,9.39,한국무역보험공사_환율_20230718.csv
1993-04-03,1993,4,3,JPY,699.43,3.35,3.71,9.64,한국무역보험공사_환율_20230718.csv
1993-04-06,1993,4,6,JPY,700.35,2.89,4.14,9.75,한국무역보험공사_환율_20230718.csv
1993-04-07,1993,4,7,JPY,697.16,2.16,3.67,9.11,한국무역보험공사_환율_20230718.csv
1993-04-08,1993,4,8,JPY,700.57,3.04,4.61,9.89,한국무역보험공사_환율_20230718.csv
1993-04-09,1993,4,9,JPY,701.01,2.72,3.76,9.37,한국무역보험공사_환율_20230718.csv
1993-04-10,1993,4,10,JPY,700.84,1.6,3.03,9.36,한국무역보험공사_환율_20230718.csv
1993-04-12,1993,4,12,JPY,703.94,0.92,3.36,9.9,한국무역보험공사_환율_20230718.csv
1993-04-13,1993,4,13,JPY,706.52,1.01,4.8,9.83,한국무역보험공사_환율_20230718.csv
1993-04-14,1993,4,14,JPY,701.99,0.23,4.08,9.88,한국무역보험공사_환율_20230718.csv
1993-04-15,1993,4,15,JPY,700.22,0.44,2.94,9.86,한국무역보험공사_환율_20230718.csv
1993-04-16,1993,4,16,JPY,703.09,0.36,4.78,10.42,한국무역보험공사_환율_20230718.csv
1993-04-17,1993,4,17,JPY,709.18,1.17,4.97,11.38,한국무역보험공사_환율_20230718.csv
1993-04-19,1993,4,19,JPY,712.67,1.69,6.01,12.54,한국무역보험공사_환율_20230718.csv
1993-04-20,1993,4,20,JPY,715.51,1.64,6.59,12.95,한국무역보험공사_환율_20230718.csv
1993-04-21,1993,4,21,JPY,721.32,2.09,7.76,13.95,한국무역보험공사_환율_20230718.csv
1993-04-22,1993,4,22,JPY,717.73,2.24,5.92,13.97,한국무역보험공사_환율_20230718.csv
1993-04-23,1993,4,23,JPY,722.0,3.11,6.72,14.69,한국무역보험공사_환율_20230718.csv
1993-04-24,1993,4,24,JPY,718.87,2.24,5.02,13.57,한국무역보험공사_환율_20230718.csv
1993-04-26,1993,4,26,JPY,721.67,1.76,5.58,14.17,한국무역보험공사_환율_20230718.csv
1993-04-27,1993,4,27,JPY,718.83,0.86,5.39,13.69,한국무역보험공사_환율_20230718.csv
1993-04-28,1993,4,28,JPY,709.76,-0.8,3.31,12.29,한국무역보험공사_환율_20230718.csv
1993-04-29,1993,4,29,JPY,711.9,-1.31,3.99,12.56,한국무역보험공사_환율_20230718.csv
1993-04-30,1993,4,30,JPY,716.7,-0.14,6.0,13.3,한국무역보험공사_환율_20230718.csv
1993-05-01,1993,5,1,JPY,716.15,-0.81,5.83,13.47,한국무역보험공사_환율_20230718.csv
1993-05-03,1993,5,3,JPY,717.93,-0.13,5.47,13.83,한국무역보험공사_환율_20230718.csv
1993-05-04,1993,5,4,JPY,719.23,-0.34,5.4,14.11,한국무역보험공사_환율_20230718.csv
1993-05-06,1993,5,6,JPY,723.61,0.66,6.43,15.06,한국무역보험공사_환율_20230718.csv
1993-05-07,1993,5,7,JPY,725.81,2.26,6.36,15.18,한국무역보험공사_환율_20230718.csv
1993-05-08,1993,5,8,JPY,723.26,1.6,4.85,14.48,한국무역보험공사_환율_20230718.csv
1993-05-10,1993,5,10,JPY,722.77,0.85,3.62,14.64,한국무역보험공사_환율_20230718.csv
1993-05-11,1993,5,11,JPY,718.01,0.26,2.66,13.18,한국무역보험공사_환율_20230718.csv
1993-05-12,1993,5,12,JPY,719.37,0.2,2.72,13.37,한국무역보험공사_환율_20230718.csv
1993-05-13,1993,5,13,JPY,716.63,-0.36,2.79,11.57,한국무역보험공사_환율_20230718.csv
1993-05-14,1993,5,14,JPY,714.39,-1.27,1.97,11.3,한국무역보험공사_환율_20230718.csv
1993-05-15,1993,5,15,JPY,723.56,-0.31,3.22,13.31,한국무역보험공사_환율_20230718.csv
1993-05-17,1993,5,17,JPY,722.58,-0.09,3.1,13.66,한국무역보험공사_환율_20230718.csv
1993-05-18,1993,5,18,JPY,720.65,-0.29,2.37,13.14,한국무역보험공사_환율_20230718.csv
1993-05-19,1993,5,19,JPY,717.8,-0.03,1.6,12.69,한국무역보험공사_환율_20230718.csv
1993-05-20,1993,5,20,JPY,724.99,0.78,3.28,13.86,한국무역보험공사_환율_20230718.csv
1993-05-21,1993,5,21,JPY,726.33,1.35,3.73,14.22,한국무역보험공사_환율_20230718.csv
1993-05-22,1993,5,22,JPY,726.93,1.76,3.39,13.99,한국무역보험공사_환율_20230718.csv
1993-05-24,1993,5,24,JPY,725.28,0.24,2.27,13.3,한국무역보험공사_환율_20230718.csv
1993-05-25,1993,5,25,JPY,724.71,0.29,1.69,13.51,한국무역보험공사_환율_20230718.csv
1993-05-26,1993,5,26,JPY,733.79,1.82,2.55,14.48,한국무역보험공사_환율_20230718.csv
1993-05-27,1993,5,27,JPY,738.19,2.84,2.34,15.07,한국무역보험공사_환율_20230718.csv
1993-05-29,1993,5,29,JPY,749.04,3.32,4.36,16.3,한국무역보험공사_환율_20230718.csv
1993-05-31,1993,5,31,JPY,743.48,2.36,2.98,12.96,한국무역보험공사_환율_20230718.csv
1993-06-01,1993,6,1,JPY,748.57,2.98,4.13,14.32,한국무역보험공사_환율_20230718.csv
1993-06-02,1993,6,2,JPY,750.75,3.51,4.03,13.62,한국무역보험공사_환율_20230718.csv
1993-06-03,1993,6,3,JPY,749.67,3.44,4.29,13.52,한국무역보험공사_환율_20230718.csv
1993-06-04,1993,6,4,JPY,748.67,2.03,5.48,13.67,한국무역보험공사_환율_20230718.csv
1993-06-05,1993,6,5,JPY,746.16,1.08,4.81,13.37,한국무역보험공사_환율_20230718.csv
1993-06-07,1993,6,7,JPY,745.29,-0.5,3.99,11.87,한국무역보험공사_환율_20230718.csv
1993-06-08,1993,6,8,JPY,749.6,0.82,4.67,12.68,한국무역보험공사_환율_20230718.csv
1993-06-09,1993,6,9,JPY,755.32,0.9,5.21,12.76,한국무역보험공사_환율_20230718.csv
1993-06-10,1993,6,10,JPY,753.22,0.33,4.73,11.83,한국무역보험공사_환율_20230718.csv
1993-06-11,1993,6,11,JPY,755.59,0.79,4.42,11.74,한국무역보험공사_환율_20230718.csv
1993-06-12,1993,6,12,JPY,754.43,0.77,3.94,10.23,한국무역보험공사_환율_20230718.csv
1993-06-14,1993,6,14,JPY,756.21,1.35,4.56,11.55,한국무역보험공사_환율_20230718.csv
1993-06-15,1993,6,15,JPY,762.61,2.32,5.51,12.77,한국무역보험공사_환율_20230718.csv
1993-06-16,1993,6,16,JPY,757.68,1.08,5.52,12.34,한국무역보험공사_환율_20230718.csv
1993-06-17,1993,6,17,JPY,752.25,-0.41,4.57,11.86,한국무역보험공사_환율_20230718.csv
1993-06-18,1993,6,18,JPY,747.09,-0.81,4.25,11.09,한국무역보험공사_환율_20230718.csv
1993-06-19,1993,6,19,JPY,730.93,-3.26,2.32,9.15,한국무역보험공사_환율_20230718.csv
1993-06-21,1993,6,21,JPY,733.27,-2.8,1.34,8.54,한국무역보험공사_환율_20230718.csv
1993-06-22,1993,6,22,JPY,726.73,-3.9,0.57,6.84,한국무역보험공사_환율_20230718.csv
1993-06-23,1993,6,23,JPY,726.47,-4.74,0.81,6.67,한국무역보험공사_환율_20230718.csv
1993-06-24,1993,6,24,JPY,737.22,-2.7,2.71,9.36,한국무역보험공사_환율_20230718.csv
1993-06-25,1993,6,25,JPY,739.04,-1.76,1.94,9.58,한국무역보험공사_환율_20230718.csv
1993-06-26,1993,6,26,JPY,755.42,1.11,4.01,11.06,한국무역보험공사_환율_20230718.csv
1993-06-28,1993,6,28,JPY,761.04,4.12,4.69,13.42,한국무역보험공사_환율_20230718.csv
1993-06-29,1993,6,29,JPY,755.81,3.07,4.21,11.87,한국무역보험공사_환율_20230718.csv
1993-06-30,1993,6,30,JPY,752.74,3.58,3.87,11.97,한국무역보험공사_환율_20230718.csv
1993-07-01,1993,7,1,JPY,751.71,3.47,2.44,11.98,한국무역보험공사_환율_20230718.csv
1993-07-02,1993,7,2,JPY,742.58,0.73,0.59,10.94,한국무역보험공사_환율_20230718.csv
1993-07-03,1993,7,3,JPY,740.46,0.19,-1.15,9.27,한국무역보험공사_환율_20230718.csv
1993-07-05,1993,7,5,JPY,738.28,-2.27,-0.7,9.13,한국무역보험공사_환율_20230718.csv
1993-07-06,1993,7,6,JPY,737.64,-3.07,-1.46,7.76,한국무역보험공사_환율_20230718.csv
1993-07-07,1993,7,7,JPY,739.1,-2.21,-1.55,8.13,한국무역보험공사_환율_20230718.csv
1993-07-08,1993,7,8,JPY,749.05,-0.49,-0.08,9.82,한국무역보험공사_환율_20230718.csv
1993-07-09,1993,7,9,JPY,741.38,-1.37,-0.97,7.92,한국무역보험공사_환율_20230718.csv
1993-07-10,1993,7,10,JPY,732.74,-1.33,-1.8,7.03,한국무역보험공사_환율_20230718.csv
1993-07-12,1993,7,12,JPY,731.05,-1.27,-1.91,8.12,한국무역보험공사_환율_20230718.csv
1993-07-13,1993,7,13,JPY,738.18,-0.01,-1.52,9.08,한국무역보험공사_환율_20230718.csv
1993-07-14,1993,7,14,JPY,745.86,1.11,-1.25,9.58,한국무역보험공사_환율_20230718.csv
1993-07-15,1993,7,15,JPY,751.7,1.7,-0.2,10.15,한국무역보험공사_환율_20230718.csv
1993-07-16,1993,7,16,JPY,746.0,-0.41,-1.27,9.72,한국무역보험공사_환율_20230718.csv
1993-07-19,1993,7,19,JPY,749.0,1.03,-0.72,9.76,한국무역보험공사_환율_20230718.csv
1993-07-20,1993,7,20,JPY,746.81,1.92,-1.24,8.26,한국무역보험공사_환율_20230718.csv
1993-07-21,1993,7,21,JPY,747.63,2.27,-1.96,7.18,한국무역보험공사_환율_20230718.csv
1993-07-22,1993,7,22,JPY,746.68,1.15,-1.45,6.76,한국무역보험공사_환율_20230718.csv
1993-07-23,1993,7,23,JPY,761.66,2.12,1.25,8.75,한국무역보험공사_환율_20230718.csv
1993-07-24,1993,7,24,JPY,756.5,0.64,1.26,8.51,한국무역보험공사_환율_20230718.csv
1993-07-26,1993,7,26,JPY,756.15,1.36,3.45,7.93,한국무역보험공사_환율_20230718.csv
1993-07-27,1993,7,27,JPY,759.27,1.37,3.55,8.31,한국무역보험공사_환율_20230718.csv
1993-07-28,1993,7,28,JPY,759.74,1.73,4.54,8.4,한국무역보험공사_환율_20230718.csv
1993-07-29,1993,7,29,JPY,761.76,1.89,4.86,8.21,한국무역보험공사_환율_20230718.csv
1993-07-30,1993,7,30,JPY,758.8,1.62,2.93,7.4,한국무역보험공사_환율_20230718.csv
1993-07-31,1993,7,31,JPY,770.02,1.1,4.19,9.69,한국무역보험공사_환율_20230718.csv
1993-08-02,1993,8,2,JPY,770.02,1.79,1.93,9.97,한국무역보험공사_환율_20230718.csv
1993-08-03,1993,8,3,JPY,772.44,2.15,1.5,9.86,한국무역보험공사_환율_20230718.csv
1993-08-04,1993,8,4,JPY,771.58,1.62,2.09,8.8,한국무역보험공사_환율_20230718.csv
1993-08-05,1993,8,5,JPY,768.35,1.13,2.07,7.81,한국무역보험공사_환율_20230718.csv
1993-08-06,1993,8,6,JPY,773.44,1.53,2.89,8.1,한국무역보험공사_환율_20230718.csv
1993-08-07,1993,8,7,JPY,773.95,2.0,4.22,7.3,한국무역보험공사_환율_20230718.csv
1993-08-09,1993,8,9,JPY,773.03,0.39,4.4,7.7,한국무역보험공사_환율_20230718.csv
1993-08-10,1993,8,10,JPY,770.94,0.12,4.42,6.78,한국무역보험공사_환율_20230718.csv
1993-08-11,1993,8,11,JPY,772.0,-0.06,4.66,7.39,한국무역보험공사_환율_20230718.csv
1993-08-12,1993,8,12,JPY,780.98,1.22,5.67,8.22,한국무역보험공사_환율_20230718.csv
1993-08-13,1993,8,13,JPY,786.69,2.39,5.03,9.44,한국무역보험공사_환율_20230718.csv
1993-08-14,1993,8,14,JPY,794.11,2.67,7.11,11.88,한국무역보험공사_환율_20230718.csv
1993-08-16,1993,8,16,JPY,795.28,2.76,8.54,11.71,한국무역보험공사_환율_20230718.csv
1993-08-17,1993,8,17,JPY,798.97,3.36,9.29,11.48,한국무역보험공사_환율_20230718.csv
1993-08-18,1993,8,18,JPY,798.82,3.62,8.21,11.54,한국무역보험공사_환율_20230718.csv
1993-08-19,1993,8,19,JPY,796.75,3.21,6.82,10.98,한국무역보험공사_환율_20230718.csv
1993-08-20,1993,8,20,JPY,773.1,-1.01,2.85,7.49,한국무역보험공사_환율_20230718.csv
1993-08-21,1993,8,21,JPY,778.21,-1.08,4.32,7.55,한국무역보험공사_환율_20230718.csv
1993-08-23,1993,8,23,JPY,780.46,-1.72,4.2,7.53,한국무역보험공사_환율_20230718.csv
1993-08-24,1993,8,24,JPY,786.71,-1.08,5.34,8.77,한국무역보험공사_환율_20230718.csv
1993-08-25,1993,8,25,JPY,780.96,-2.25,4.46,8.05,한국무역보험공사_환율_20230718.csv
1993-08-26,1993,8,26,JPY,772.32,-3.32,3.43,7.56,한국무역보험공사_환율_20230718.csv
1993-08-27,1993,8,27,JPY,771.65,-3.15,1.31,7.27,한국무역보험공사_환율_20230718.csv
1993-08-28,1993,8,28,JPY,778.9,0.75,2.96,8.69,한국무역보험공사_환율_20230718.csv
1993-08-29,1993,8,29,JPY,772.32,-0.76,2.14,8.11,한국무역보험공사_환율_20230718.csv
1993-08-30,1993,8,30,JPY,779.28,-0.15,2.64,7.7,한국무역보험공사_환율_20230718.csv
1993-08-31,1993,8,31,JPY,777.31,-1.19,2.31,7.57,한국무역보험공사_환율_20230718.csv
1993-09-01,1993,9,1,JPY,770.35,-1.36,1.13,6.9,한국무역보험공사_환율_20230718.csv
1993-09-02,1993,9,2,JPY,766.16,-0.8,0.97,6.74,한국무역보험공사_환율_20230718.csv
1993-09-03,1993,9,3,JPY,763.5,-1.06,-0.85,5.31,한국무역보험공사_환율_20230718.csv
1993-09-04,1993,9,4,JPY,772.82,-0.78,0.36,6.4,한국무역보험공사_환율_20230718.csv
1993-09-06,1993,9,6,JPY,770.24,-0.27,-0.28,5.96,한국무역보험공사_환율_20230718.csv
1993-09-07,1993,9,7,JPY,774.98,-0.55,0.44,6.85,한국무역보험공사_환율_20230718.csv
1993-09-08,1993,9,8,JPY,775.53,-0.23,0.93,7.01,한국무역보험공사_환율_20230718.csv
1993-09-09,1993,9,9,JPY,764.95,-0.7,-1.1,4.25,한국무역보험공사_환율_20230718.csv
1993-09-10,1993,9,10,JPY,765.79,-0.05,-1.05,3.74,한국무역보험공사_환율_20230718.csv
1993-09-11,1993,9,11,JPY,761.54,-0.26,-1.49,1.67,한국무역보험공사_환율_20230718.csv
1993-09-13,1993,9,13,JPY,761.43,-1.47,-1.23,2.41,한국무역보험공사_환율_20230718.csv
1993-09-14,1993,9,14,JPY,761.21,-1.17,-1.4,1.69,한국무역보험공사_환율_20230718.csv
1993-09-15,1993,9,15,JPY,761.94,-1.68,-2.44,1.49,한국무역보험공사_환율_20230718.csv
1993-09-16,1993,9,16,JPY,773.14,-0.31,-1.72,3.13,한국무역보험공사_환율_20230718.csv
1993-09-17,1993,9,17,JPY,775.09,1.33,-2.4,3.53,한국무역보험공사_환율_20230718.csv
1993-09-18,1993,9,18,JPY,775.4,1.25,-2.5,3.92,한국무역보험공사_환율_20230718.csv
1993-09-20,1993,9,20,JPY,773.73,1.6,-3.16,3.82,한국무역보험공사_환율_20230718.csv
1993-09-21,1993,9,21,JPY,775.8,1.89,-2.88,3.5,한국무역보험공사_환율_20230718.csv
1993-09-22,1993,9,22,JPY,760.28,-0.12,-4.58,0.66,한국무역보험공사_환율_20230718.csv
1993-09-23,1993,9,23,JPY,760.64,-0.17,-1.61,0.99,한국무역보험공사_환율_20230718.csv
1993-09-24,1993,9,24,JPY,764.19,-1.16,-1.8,1.14,한국무역보험공사_환율_20230718.csv
1993-09-25,1993,9,25,JPY,763.47,-1.5,-2.18,1.2,한국무역보험공사_환율_20230718.csv
1993-09-27,1993,9,27,JPY,763.11,-1.58,-3.0,0.91,한국무역보험공사_환율_20230718.csv
1993-09-28,1993,9,28,JPY,761.94,-1.52,-2.44,-0.09,한국무역보험공사_환율_20230718.csv
1993-09-30,1993,9,30,JPY,761.94,-1.79,-1.34,0.56,한국무역보험공사_환율_20230718.csv
1993-10-02,1993,10,2,JPY,763.3,0.4,-1.08,1.47,한국무역보험공사_환율_20230718.csv
1993-10-04,1993,10,4,JPY,760.79,0.02,-2.33,1.83,한국무역보험공사_환율_20230718.csv
1993-10-05,1993,10,5,JPY,768.76,0.6,-0.46,5.18,한국무역보험공사_환율_20230718.csv
1993-10-06,1993,10,6,JPY,767.8,0.57,-1.47,4.71,한국무역보험공사_환율_20230718.csv
1993-10-07,1993,10,7,JPY,769.76,0.87,-0.97,5.92,한국무역보험공사_환율_20230718.csv
1993-10-08,1993,10,8,JPY,772.39,1.37,0.26,6.32,한국무역보험공사_환율_20230718.csv
1993-10-09,1993,10,9,JPY,764.92,0.39,-0.16,3.76,한국무역보험공사_환율_20230718.csv
1993-10-11,1993,10,11,JPY,764.74,0.19,0.16,3.48,한국무역보험공사_환율_20230718.csv
1993-10-12,1993,10,12,JPY,766.37,0.73,-0.83,1.45,한국무역보험공사_환율_20230718.csv
1993-10-13,1993,10,13,JPY,768.01,-0.1,-0.29,0.92,한국무역보험공사_환율_20230718.csv
1993-10-14,1993,10,14,JPY,766.16,-0.21,-1.14,1.37,한국무역보험공사_환율_20230718.csv
1993-10-15,1993,10,15,JPY,756.32,-1.75,-2.48,0.48,한국무역보험공사_환율_20230718.csv
1993-10-16,1993,10,16,JPY,756.23,-2.09,-1.14,0.6,한국무역보험공사_환율_20230718.csv
1993-10-18,1993,10,18,JPY,757.29,-1.0,-1.11,1.98,한국무역보험공사_환율_20230718.csv
1993-10-19,1993,10,19,JPY,753.72,-1.44,-1.03,1.79,한국무역보험공사_환율_20230718.csv
1993-10-20,1993,10,20,JPY,757.34,-1.18,-0.54,2.58,한국무역보험공사_환율_20230718.csv
1993-10-21,1993,10,21,JPY,754.43,-1.77,-0.89,2.28,한국무역보험공사_환율_20230718.csv
1993-10-22,1993,10,22,JPY,747.77,-2.4,-1.86,1.17,한국무역보험공사_환율_20230718.csv
1993-10-23,1993,10,23,JPY,748.65,-1.01,-3.17,-0.05,한국무역보험공사_환율_20230718.csv
1993-10-25,1993,10,25,JPY,746.88,-1.24,-3.64,0.74,한국무역보험공사_환율_20230718.csv
1993-10-26,1993,10,26,JPY,744.59,-1.68,-3.97,1.62,한국무역보험공사_환율_20230718.csv
1993-10-27,1993,10,27,JPY,748.72,-0.66,-3.23,2.42,한국무역보험공사_환율_20230718.csv
1993-10-28,1993,10,28,JPY,744.96,-1.63,-3.98,0.92,한국무역보험공사_환율_20230718.csv
1993-10-29,1993,10,29,JPY,748.29,-0.81,-1.58,0.33,한국무역보험공사_환율_20230718.csv
1993-10-30,1993,10,30,JPY,744.88,-0.39,-2.07,-0.91,한국무역보험공사_환율_20230718.csv
1993-10-31,1993,10,31,JPY,744.88,-0.5,-2.53,-0.15,한국무역보험공사_환율_20230718.csv
1993-11-01,1993,11,1,JPY,743.86,-0.4,-2.57,-0.69,한국무역보험공사_환율_20230718.csv
1993-11-02,1993,11,2,JPY,745.71,0.15,-2.28,-0.15,한국무역보험공사_환율_20230718.csv
1993-11-03,1993,11,3,JPY,748.54,-0.02,-1.76,0.12,한국무역보험공사_환율_20230718.csv
1993-11-04,1993,11,4,JPY,749.93,0.67,-1.58,0.44,한국무역보험공사_환율_20230718.csv
1993-11-05,1993,11,5,JPY,745.04,-0.43,-2.39,-2.18,한국무역보험공사_환율_20230718.csv
1993-11-06,1993,11,6,JPY,745.68,0.11,-1.99,-1.43,한국무역보험공사_환율_20230718.csv
1993-11-07,1993,11,7,JPY,745.68,0.11,-3.0,-1.38,한국무역보험공사_환율_20230718.csv
1993-11-08,1993,11,8,JPY,744.99,0.15,-2.97,-1.88,한국무역보험공사_환율_20230718.csv
1993-11-09,1993,11,9,JPY,749.23,0.47,-2.67,-1.38,한국무역보험공사_환율_20230718.csv
1993-11-10,1993,11,10,JPY,747.81,-0.1,-3.18,-1.83,한국무역보험공사_환율_20230718.csv
1993-11-11,1993,11,11,JPY,752.59,0.35,-1.61,-0.82,한국무역보험공사_환율_20230718.csv
1993-11-12,1993,11,12,JPY,755.89,1.46,-1.16,-1.84,한국무역보험공사_환율_20230718.csv
1993-11-13,1993,11,13,JPY,762.55,2.26,-0.5,-0.97,한국무역보험공사_환율_20230718.csv
1993-11-15,1993,11,15,JPY,761.0,2.05,-0.91,-1.48,한국무역보험공사_환율_20230718.csv
1993-11-16,1993,11,16,JPY,756.94,1.6,-1.2,-1.9,한국무역보험공사_환율_20230718.csv
1993-11-17,1993,11,17,JPY,754.41,0.69,-0.25,-1.81,한국무역보험공사_환율_20230718.csv
1993-11-18,1993,11,18,JPY,755.41,1.02,-0.11,-2.33,한국무역보험공사_환율_20230718.csv
1993-11-19,1993,11,19,JPY,752.32,-0.04,-0.66,-2.79,한국무역보험공사_환율_20230718.csv
1993-11-20,1993,11,20,JPY,743.17,-1.68,-1.4,-3.86,한국무역보험공사_환율_20230718.csv
1993-11-22,1993,11,22,JPY,743.82,-2.46,-1.79,-3.52,한국무역보험공사_환율_20230718.csv
1993-11-23,1993,11,23,JPY,743.72,-2.27,-1.42,-3.66,한국무역보험공사_환율_20230718.csv
1993-11-24,1993,11,24,JPY,746.38,-1.4,-0.19,-4.43,한국무역보험공사_환율_20230718.csv
1993-11-25,1993,11,25,JPY,746.13,-1.1,-0.34,-5.16,한국무역보험공사_환율_20230718.csv
1993-11-26,1993,11,26,JPY,745.66,-1.29,-0.16,-6.1,한국무역보험공사_환율_20230718.csv
1993-11-27,1993,11,27,JPY,742.12,-1.36,-0.33,-6.68,한국무역보험공사_환율_20230718.csv
1993-11-29,1993,11,29,JPY,742.29,-0.12,-0.86,-7.09,한국무역보험공사_환율_20230718.csv
1993-11-30,1993,11,30,JPY,740.24,-0.48,-0.63,-7.33,한국무역보험공사_환율_20230718.csv
1993-12-01,1993,12,1,JPY,740.66,-0.41,-1.02,-7.04,한국무역보험공사_환율_20230718.csv
1993-12-02,1993,12,2,JPY,742.93,-0.46,-0.26,-3.9,한국무역보험공사_환율_20230718.csv
1993-12-03,1993,12,3,JPY,742.53,-0.48,-0.32,-4.58,한국무역보험공사_환율_20230718.csv
1993-12-04,1993,12,4,JPY,745.56,-0.01,0.23,-4.47,한국무역보험공사_환율_20230718.csv
1993-12-06,1993,12,6,JPY,746.83,0.63,0.15,-5.07,한국무역보험공사_환율_20230718.csv
1993-12-07,1993,12,7,JPY,750.13,1.06,0.21,-3.95,한국무역보험공사_환율_20230718.csv
1993-12-08,1993,12,8,JPY,752.23,1.62,0.31,-2.6,한국무역보험공사_환율_20230718.csv
1993-12-09,1993,12,9,JPY,743.39,0.37,-0.22,-3.66,한국무역보험공사_환율_20230718.csv
1993-12-10,1993,12,10,JPY,745.9,0.4,0.03,-4.24,한국무역보험공사_환율_20230718.csv
1993-12-11,1993,12,11,JPY,740.96,-0.21,-0.63,-4.06,한국무역보험공사_환율_20230718.csv
1993-12-13,1993,12,13,JPY,741.7,-0.52,-0.44,-4.82,한국무역보험공사_환율_20230718.csv
1993-12-14,1993,12,14,JPY,744.22,-0.35,-0.67,-4.26,한국무역보험공사_환율_20230718.csv
1993-12-15,1993,12,15,JPY,741.37,-1.17,-0.86,-3.76,한국무역보험공사_환율_20230718.csv
1993-12-16,1993,12,16,JPY,737.87,-1.91,-1.96,-3.69,한국무역보험공사_환율_20230718.csv
1993-12-17,1993,12,17,JPY,741.45,-0.26,-1.91,-2.89,한국무역보험공사_환율_20230718.csv
1993-12-18,1993,12,18,JPY,735.42,-1.41,-3.56,-4.84,한국무역보험공사_환율_20230718.csv
1993-12-20,1993,12,20,JPY,736.39,-0.62,-3.23,-4.39,한국무역보험공사_환율_20230718.csv
1993-12-21,1993,12,21,JPY,734.48,-0.97,-2.97,-5.23,한국무역보험공사_환율_20230718.csv
1993-12-22,1993,12,22,JPY,730.93,-1.79,-3.11,-5.75,한국무역보험공사_환율_20230718.csv
1993-12-23,1993,12,23,JPY,733.82,-1.02,-2.86,-4.07,한국무역보험공사_환율_20230718.csv
1993-12-24,1993,12,24,JPY,731.49,-0.86,-2.77,-4.48,한국무역보험공사_환율_20230718.csv
1993-12-27,1993,12,27,JPY,728.57,-1.74,-1.96,-4.33,한국무역보험공사_환율_20230718.csv
1993-12-28,1993,12,28,JPY,724.43,-1.49,-2.61,-4.86,한국무역보험공사_환율_20230718.csv
1993-12-29,1993,12,29,JPY,725.33,-1.5,-2.47,-4.71,한국무역보험공사_환율_20230718.csv
1993-12-30,1993,12,30,JPY,723.72,-1.46,-3.04,-5.02,한국무역보험공사_환율_20230718.csv
1993-12-31,1993,12,31,JPY,722.49,-1.15,-3.17,-6.55,한국무역보험공사_환율_20230718.csv
1994-01-03,1994,1,3,JPY,721.68,-1.65,-3.22,-6.89,한국무역보험공사_환율_20230718.csv
1994-01-04,1994,1,4,JPY,717.04,-1.98,-3.38,-7.53,한국무역보험공사_환율_20230718.csv
1994-01-05,1994,1,5,JPY,718.79,-1.34,-3.17,-7.1,한국무역보험공사_환율_20230718.csv
1994-01-06,1994,1,6,JPY,715.87,-1.18,-3.29,-7.72,한국무역보험공사_환율_20230718.csv
1994-01-07,1994,1,7,JPY,722.51,-0.39,-2.45,-4.97,한국무역보험공사_환율_20230718.csv
1994-01-08,1994,1,8,JPY,727.22,0.48,-2.11,-4.39,한국무역보험공사_환율_20230718.csv
1994-01-10,1994,1,10,JPY,728.43,0.82,-1.9,-4.68,한국무역보험공사_환율_20230718.csv
1994-01-11,1994,1,11,JPY,722.1,0.06,-3.15,-5.42,한국무역보험공사_환율_20230718.csv
1994-01-12,1994,1,12,JPY,723.12,0.85,-3.17,-5.24,한국무역보험공사_환율_20230718.csv
1994-01-13,1994,1,13,JPY,723.57,0.67,-3.54,-5.04,한국무역보험공사_환율_20230718.csv
1994-01-14,1994,1,14,JPY,725.73,1.38,-3.52,-4.75,한국무역보험공사_환율_20230718.csv
1994-01-15,1994,1,15,JPY,731.41,1.23,-1.61,-4.18,한국무역보험공사_환율_20230718.csv
1994-01-17,1994,1,17,JPY,729.47,0.31,-2.2,-4.12,한국무역보험공사_환율_20230718.csv
1994-01-18,1994,1,18,JPY,732.23,0.52,-1.18,-4.75,한국무역보험공사_환율_20230718.csv
1994-01-19,1994,1,19,JPY,732.52,1.44,-1.24,-4.59,한국무역보험공사_환율_20230718.csv
1994-01-20,1994,1,20,JPY,727.48,0.6,-2.25,-5.49,한국무역보험공사_환율_20230718.csv
1994-01-21,1994,1,21,JPY,726.91,0.46,-1.95,-5.89,한국무역보험공사_환율_20230718.csv
1994-01-22,1994,1,22,JPY,725.99,0.04,-1.61,-5.09,한국무역보험공사_환율_20230718.csv
1994-01-24,1994,1,24,JPY,722.1,-1.27,-2.61,-5.58,한국무역보험공사_환율_20230718.csv
1994-01-25,1994,1,25,JPY,724.2,-0.72,-1.53,-5.5,한국무역보험공사_환율_20230718.csv
1994-01-26,1994,1,26,JPY,730.23,-0.27,-0.84,-4.92,한국무역보험공사_환율_20230718.csv
1994-01-27,1994,1,27,JPY,735.85,0.45,0.19,-3.96,한국무역보험공사_환율_20230718.csv
1994-01-28,1994,1,28,JPY,743.15,2.15,1.67,-1.74,한국무역보험공사_환율_20230718.csv
1994-01-29,1994,1,29,JPY,735.97,1.25,0.29,-2.68,한국무역보험공사_환율_20230718.csv
1994-01-31,1994,1,31,JPY,734.64,1.19,0.43,-2.99,한국무역보험공사_환율_20230718.csv
1994-02-01,1994,2,1,JPY,748.89,3.71,2.79,-0.64,한국무역보험공사_환율_20230718.csv
1994-02-02,1994,2,2,JPY,748.85,3.4,3.37,-1.12,한국무역보험공사_환율_20230718.csv
1994-02-03,1994,2,3,JPY,745.11,2.04,2.73,-1.24,한국무역보험공사_환율_20230718.csv
1994-02-04,1994,2,4,JPY,744.57,1.19,2.88,-0.43,한국무역보험공사_환율_20230718.csv
1994-02-05,1994,2,5,JPY,739.22,-0.53,2.32,-1.26,한국무역보험공사_환율_20230718.csv
1994-02-07,1994,2,7,JPY,739.46,0.47,2.46,-0.99,한국무역보험공사_환율_20230718.csv
1994-02-08,1994,2,8,JPY,746.17,1.57,4.06,0.21,한국무역보험공사_환율_20230718.csv
1994-02-12,1994,2,12,JPY,757.24,1.11,5.35,1.14,한국무역보험공사_환율_20230718.csv
1994-02-14,1994,2,14,JPY,764.01,2.02,6.72,2.56,한국무역보험공사_환율_20230718.csv
1994-02-15,1994,2,15,JPY,795.15,6.72,10.05,6.26,한국무역보험공사_환율_20230718.csv
1994-02-16,1994,2,16,JPY,782.25,5.06,7.57,5.02,한국무역보험공사_환율_20230718.csv
1994-02-17,1994,2,17,JPY,780.18,5.54,7.1,4.74,한국무역보험공사_환율_20230718.csv
1994-02-18,1994,2,18,JPY,779.7,5.44,7.98,4.82,한국무역보험공사_환율_20230718.csv
1994-02-19,1994,2,19,JPY,774.29,3.77,7.08,3.83,한국무역보험공사_환율_20230718.csv
1994-02-21,1994,2,21,JPY,773.37,2.13,6.88,3.32,한국무역보험공사_환율_20230718.csv
1994-02-22,1994,2,22,JPY,761.07,-0.38,4.87,1.49,한국무역보험공사_환율_20230718.csv
1994-02-23,1994,2,23,JPY,767.47,-3.48,4.93,3.01,한국무역보험공사_환율_20230718.csv
1994-02-24,1994,2,24,JPY,765.07,-2.2,4.88,2.6,한국무역보험공사_환율_20230718.csv
1994-02-25,1994,2,25,JPY,771.09,-1.17,5.31,3.41,한국무역보험공사_환율_20230718.csv
1994-02-26,1994,2,26,JPY,770.99,-1.12,5.25,3.49,한국무역보험공사_환율_20230718.csv
1994-02-28,1994,2,28,JPY,774.5,0.03,6.46,3.37,한국무역보험공사_환율_20230718.csv
1994-03-02,1994,3,2,JPY,772.89,-0.06,6.33,3.35,한국무역보험공사_환율_20230718.csv
1994-03-03,1994,3,3,JPY,773.45,1.63,6.54,2.77,한국무역보험공사_환율_20230718.csv
1994-03-04,1994,3,4,JPY,778.97,1.5,7.88,3.05,한국무역보험공사_환율_20230718.csv
1994-03-05,1994,3,5,JPY,764.2,-0.11,5.52,0.22,한국무역보험공사_환율_20230718.csv
1994-03-07,1994,3,7,JPY,765.65,-0.71,4.85,0.61,한국무역보험공사_환율_20230718.csv
1994-03-08,1994,3,8,JPY,763.91,-0.92,3.81,0.92,한국무역보험공사_환율_20230718.csv
1994-03-09,1994,3,9,JPY,769.41,-0.66,3.53,1.99,한국무역보험공사_환율_20230718.csv
1994-03-10,1994,3,10,JPY,765.0,-1.02,3.94,1.27,한국무역보험공사_환율_20230718.csv
1994-03-11,1994,3,11,JPY,768.93,-0.58,4.67,2.21,한국무역보험공사_환율_20230718.csv
1994-03-12,1994,3,12,JPY,768.0,-1.41,2.55,3.34,한국무역보험공사_환율_20230718.csv
1994-03-14,1994,3,14,JPY,764.0,-0.03,2.02,2.71,한국무역보험공사_환율_20230718.csv
1994-03-15,1994,3,15,JPY,758.96,-0.87,1.86,2.05,한국무역보험공사_환율_20230718.csv
1994-03-16,1994,3,16,JPY,760.61,-0.43,2.15,1.91,한국무역보험공사_환율_20230718.csv
1994-03-17,1994,3,17,JPY,761.75,-1.0,3.05,2.09,한국무역보험공사_환율_20230718.csv
1994-03-18,1994,3,18,JPY,762.28,-0.36,3.09,2.23,한국무역보험공사_환율_20230718.csv
1994-03-19,1994,3,19,JPY,760.27,-1.13,1.89,2.45,한국무역보험공사_환율_20230718.csv
1994-03-21,1994,3,21,JPY,758.81,-1.2,0.21,2.23,한국무역보험공사_환율_20230718.csv
1994-03-22,1994,3,22,JPY,761.76,-0.29,-0.29,2.91,한국무역보험공사_환율_20230718.csv
1994-03-23,1994,3,23,JPY,761.79,0.37,-4.2,2.85,한국무역보험공사_환율_20230718.csv
1994-03-24,1994,3,24,JPY,759.22,-0.18,-2.94,2.19,한국무역보험공사_환율_20230718.csv
1994-03-25,1994,3,25,JPY,768.97,0.95,-1.44,3.56,한국무역보험공사_환율_20230718.csv
1994-03-26,1994,3,26,JPY,771.58,1.22,-1.04,3.49,한국무역보험공사_환율_20230718.csv
1994-03-28,1994,3,28,JPY,771.03,1.42,-0.42,3.24,한국무역보험공사_환율_20230718.csv
1994-03-29,1994,3,29,JPY,776.09,2.28,0.35,3.46,한국무역보험공사_환율_20230718.csv
1994-03-30,1994,3,30,JPY,782.94,2.78,2.87,4.08,한국무역보험공사_환율_20230718.csv
1994-03-31,1994,3,31,JPY,780.36,2.44,1.68,4.97,한국무역보험공사_환율_20230718.csv
1994-04-01,1994,4,1,JPY,785.6,3.47,2.68,5.32,한국무역보험공사_환율_20230718.csv
1994-04-02,1994,4,2,JPY,779.26,1.34,1.06,5.17,한국무역보험공사_환율_20230718.csv
1994-04-04,1994,4,4,JPY,777.95,0.83,0.9,4.89,한국무역보험공사_환율_20230718.csv
1994-04-06,1994,4,6,JPY,775.67,0.6,0.15,4.23,한국무역보험공사_환율_20230718.csv
1994-04-07,1994,4,7,JPY,772.6,-0.45,-0.04,4.21,한국무역보험공사_환율_20230718.csv
1994-04-08,1994,4,8,JPY,770.3,-1.61,-0.41,4.4,한국무역보험공사_환율_20230718.csv
1994-04-09,1994,4,9,JPY,770.6,-1.25,-1.07,3.93,한국무역보험공사_환율_20230718.csv
1994-04-11,1994,4,11,JPY,771.85,-1.75,1.0,4.95,한국무역보험공사_환율_20230718.csv
1994-04-12,1994,4,12,JPY,785.17,0.76,2.55,6.62,한국무역보험공사_환율_20230718.csv
1994-04-13,1994,4,13,JPY,779.88,0.25,2.09,6.18,한국무역보험공사_환율_20230718.csv
1994-04-14,1994,4,14,JPY,783.28,0.98,1.8,7.16,한국무역보험공사_환율_20230718.csv
1994-04-15,1994,4,15,JPY,776.96,0.56,1.56,5.88,한국무역보험공사_환율_20230718.csv
1994-04-16,1994,4,16,JPY,782.25,1.55,1.73,6.94,한국무역보험공사_환율_20230718.csv
1994-04-18,1994,4,18,JPY,783.73,1.7,2.05,7.57,한국무역보험공사_환율_20230718.csv
1994-04-19,1994,4,19,JPY,784.87,1.69,2.73,8.34,한국무역보험공사_환율_20230718.csv
1994-04-20,1994,4,20,JPY,782.58,-0.33,3.11,7.89,한국무역보험공사_환율_20230718.csv
1994-04-21,1994,4,21,JPY,785.22,0.68,3.24,8.5,한국무역보험공사_환율_20230718.csv
1994-04-22,1994,4,22,JPY,778.78,-0.57,2.24,7.79,한국무역보험공사_환율_20230718.csv
1994-04-23,1994,4,23,JPY,781.87,0.63,2.57,8.34,한국무역보험공사_환율_20230718.csv
1994-04-25,1994,4,25,JPY,784.83,0.33,3.23,9.45,한국무역보험공사_환율_20230718.csv
1994-04-26,1994,4,26,JPY,782.55,-0.15,3.13,8.87,한국무역보험공사_환율_20230718.csv
1994-04-27,1994,4,27,JPY,786.17,0.17,3.2,9.82,한국무역보험공사_환율_20230718.csv
1994-04-28,1994,4,28,JPY,787.7,0.65,3.4,9.02,한국무역보험공사_환율_20230718.csv
1994-04-29,1994,4,29,JPY,796.98,1.5,4.97,9.59,한국무역보험공사_환율_20230718.csv
1994-04-30,1994,4,30,JPY,794.78,2.05,3.36,9.11,한국무역보험공사_환율_20230718.csv
1994-05-02,1994,5,2,JPY,793.61,1.5,2.86,9.9,한국무역보험공사_환율_20230718.csv
1994-05-03,1994,5,3,JPY,794.67,1.25,3.07,9.89,한국무역보험공사_환율_20230718.csv
1994-05-04,1994,5,4,JPY,799.86,2.21,3.06,10.54,한국무역보험공사_환율_20230718.csv
1994-05-06,1994,5,6,JPY,782.52,-0.46,-0.05,7.83,한국무역보험공사_환율_20230718.csv
1994-05-07,1994,5,7,JPY,787.0,-0.09,0.85,7.6,한국무역보험공사_환율_20230718.csv
1994-05-09,1994,5,9,JPY,785.58,-1.43,-0.0,7.69,한국무역보험공사_환율_20230718.csv
1994-05-10,1994,5,10,JPY,785.9,-1.12,0.85,7.33,한국무역보험공사_환율_20230718.csv
1994-05-11,1994,5,11,JPY,773.17,-2.58,-0.61,5.55,한국무역보험공사_환율_20230718.csv
1994-05-12,1994,5,12,JPY,774.08,-2.59,-0.2,6.41,한국무역보험공사_환율_20230718.csv
1994-05-13,1994,5,13,JPY,773.97,-3.24,0.18,6.47,한국무역보험공사_환율_20230718.csv
1994-05-14,1994,5,14,JPY,767.36,-1.94,-0.38,5.7,한국무역보험공사_환율_20230718.csv
1994-05-16,1994,5,16,JPY,766.71,-2.58,-0.5,6.18,한국무역보험공사_환율_20230718.csv
1994-05-17,1994,5,17,JPY,769.96,-1.99,-0.24,6.32,한국무역보험공사_환율_20230718.csv
1994-05-19,1994,5,19,JPY,778.56,-0.93,-0.84,6.62,한국무역보험공사_환율_20230718.csv
1994-05-20,1994,5,20,JPY,772.97,-0.03,-0.89,5.04,한국무역보험공사_환율_20230718.csv
1994-05-21,1994,5,21,JPY,774.36,0.04,-1.14,4.2,한국무역보험공사_환율_20230718.csv
1994-05-23,1994,5,23,JPY,775.11,0.15,-0.24,5.32,한국무역보험공사_환율_20230718.csv
1994-05-24,1994,5,24,JPY,771.2,0.5,-1.41,4.98,한국무역보험공사_환율_20230718.csv
1994-05-25,1994,5,25,JPY,769.46,0.36,-1.82,2.75,한국무역보험공사_환율_20230718.csv
1994-05-26,1994,5,26,JPY,772.88,0.38,-1.53,3.21,한국무역보험공사_환율_20230718.csv
1994-05-27,1994,5,27,JPY,771.46,-0.91,-1.42,3.54,한국무역보험공사_환율_20230718.csv
1994-05-28,1994,5,28,JPY,773.53,0.07,-1.49,3.89,한국무역보험공사_환율_20230718.csv
1994-05-30,1994,5,30,JPY,772.61,-0.23,-0.79,4.52,한국무역보험공사_환율_20230718.csv
1994-05-31,1994,5,31,JPY,771.61,-0.45,-1.31,4.35,한국무역보험공사_환율_20230718.csv
1994-06-01,1994,6,1,JPY,769.55,-0.21,-1.95,3.13,한국무역보험공사_환율_20230718.csv
1994-06-02,1994,6,2,JPY,772.14,0.35,-1.33,1.97,한국무역보험공사_환율_20230718.csv
1994-06-03,1994,6,3,JPY,767.63,-0.68,-2.36,0.47,한국무역보험공사_환율_20230718.csv
1994-06-04,1994,6,4,JPY,765.1,-0.82,-2.87,-3.78,한국무역보험공사_환율_20230718.csv
1994-06-07,1994,6,7,JPY,766.04,-0.97,-3.88,-2.07,한국무역보험공사_환율_20230718.csv
1994-06-08,1994,6,8,JPY,772.78,0.02,-2.77,-0.95,한국무역보험공사_환율_20230718.csv
1994-06-09,1994,6,9,JPY,775.1,0.45,-2.33,-0.59,한국무역보험공사_환율_20230718.csv
1994-06-10,1994,6,10,JPY,775.18,0.73,-2.45,0.11,한국무역보험공사_환율_20230718.csv
1994-06-11,1994,6,11,JPY,778.85,0.87,-2.63,0.71,한국무역보험공사_환율_20230718.csv
1994-06-13,1994,6,13,JPY,778.43,1.41,-0.52,2.28,한국무역보험공사_환율_20230718.csv
1994-06-14,1994,6,14,JPY,782.82,2.32,-0.53,2.0,한국무역보험공사_환율_20230718.csv
1994-06-15,1994,6,15,JPY,783.11,2.23,-0.31,2.36,한국무역보험공사_환율_20230718.csv
1994-06-16,1994,6,16,JPY,785.02,1.58,-0.11,1.81,한국무역보험공사_환율_20230718.csv
1994-06-17,1994,6,17,JPY,780.13,0.65,0.9,1.19,한국무역보험공사_환율_20230718.csv
1994-06-18,1994,6,18,JPY,785.7,1.36,1.5,1.45,한국무역보험공사_환율_20230718.csv
1994-06-20,1994,6,20,JPY,785.97,0.91,1.55,1.69,한국무역보험공사_환율_20230718.csv
1994-06-21,1994,6,21,JPY,792.69,1.83,3.3,2.49,한국무역보험공사_환율_20230718.csv
1994-06-22,1994,6,22,JPY,806.28,3.0,5.16,3.51,한국무역보험공사_환율_20230718.csv
1994-06-23,1994,6,23,JPY,794.49,1.45,3.19,3.96,한국무역보험공사_환율_20230718.csv
1994-06-24,1994,6,24,JPY,797.82,1.63,2.47,4.2,한국무역보험공사_환율_20230718.csv
1994-06-25,1994,6,25,JPY,802.19,2.83,3.78,5.01,한국무역보험공사_환율_20230718.csv
1994-06-27,1994,6,27,JPY,806.0,2.58,4.09,4.76,한국무역보험공사_환율_20230718.csv
1994-06-28,1994,6,28,JPY,803.98,2.29,3.72,5.1,한국무역보험공사_환율_20230718.csv
1994-06-29,1994,6,29,JPY,808.83,2.04,4.88,5.19,한국무역보험공사_환율_20230718.csv
1994-06-30,1994,6,30,JPY,815.28,1.12,5.95,6.16,한국무역보험공사_환율_20230718.csv
1994-07-01,1994,7,1,JPY,817.78,2.93,5.81,7.04,한국무역보험공사_환율_20230718.csv
1994-07-02,1994,7,2,JPY,816.12,2.29,5.79,7.53,한국무역보험공사_환율_20230718.csv
1994-07-04,1994,7,4,JPY,817.65,1.93,5.7,7.5,한국무역보험공사_환율_20230718.csv
1994-07-05,1994,7,5,JPY,813.62,0.95,5.31,6.81,한국무역보험공사_환율_20230718.csv
1994-07-06,1994,7,6,JPY,816.09,1.51,5.76,7.06,한국무역보험공사_환율_20230718.csv
1994-07-07,1994,7,7,JPY,813.43,0.57,5.7,6.99,한국무역보험공사_환율_20230718.csv
1994-07-08,1994,7,8,JPY,817.76,0.3,5.91,7.77,한국무역보험공사_환율_20230718.csv
1994-07-09,1994,7,9,JPY,821.58,0.46,7.03,7.85,한국무역보험공사_환율_20230718.csv
1994-07-11,1994,7,11,JPY,820.12,0.49,7.19,7.66,한국무역보험공사_환율_20230718.csv
1994-07-12,1994,7,12,JPY,827.73,1.23,8.05,9.02,한국무역보험공사_환율_20230718.csv
1994-07-13,1994,7,13,JPY,827.19,1.67,7.04,7.57,한국무역보험공사_환율_20230718.csv
1994-07-14,1994,7,14,JPY,820.67,0.56,5.88,6.36,한국무역보험공사_환율_20230718.csv
1994-07-15,1994,7,15,JPY,819.93,0.8,5.77,6.34,한국무역보험공사_환율_20230718.csv
1994-07-16,1994,7,16,JPY,825.03,0.89,5.93,6.31,한국무역보험공사_환율_20230718.csv
1994-07-18,1994,7,18,JPY,825.79,0.51,6.08,5.47,한국무역보험공사_환율_20230718.csv
1994-07-19,1994,7,19,JPY,819.59,-0.06,4.7,5.03,한국무역보험공사_환율_20230718.csv
1994-07-20,1994,7,20,JPY,813.94,-1.67,3.94,3.61,한국무역보험공사_환율_20230718.csv
1994-07-21,1994,7,21,JPY,816.32,-1.31,3.99,4.76,한국무역보험공사_환율_20230718.csv
1994-07-22,1994,7,22,JPY,812.0,-1.06,4.09,4.38,한국무역보험공사_환율_20230718.csv
1994-07-23,1994,7,23,JPY,812.43,-0.91,3.4,4.74,한국무역보험공사_환율_20230718.csv
1994-07-25,1994,7,25,JPY,815.31,-1.18,3.73,5.53,한국무역보험공사_환율_20230718.csv
1994-07-26,1994,7,26,JPY,813.79,-1.45,2.66,5.65,한국무역보험공사_환율_20230718.csv
1994-07-27,1994,7,27,JPY,817.73,-0.23,1.42,6.12,한국무역보험공사_환율_20230718.csv
1994-07-28,1994,7,28,JPY,814.41,0.06,2.51,5.51,한국무역보험공사_환율_20230718.csv
1994-07-29,1994,7,29,JPY,804.31,-1.47,0.81,2.44,한국무역보험공사_환율_20230718.csv
1994-07-30,1994,7,30,JPY,803.0,-1.11,0.1,2.96,한국무역보험공사_환율_20230718.csv
1994-08-01,1994,8,1,JPY,815.77,0.41,1.21,4.15,한국무역보험공사_환율_20230718.csv
1994-08-02,1994,8,2,JPY,808.46,-0.84,0.56,4.05,한국무역보험공사_환율_20230718.csv
1994-08-03,1994,8,3,JPY,800.48,-1.64,-1.03,2.33,한국무역보험공사_환율_20230718.csv
1994-08-04,1994,8,4,JPY,802.82,-1.82,-1.53,2.44,한국무역보험공사_환율_20230718.csv
1994-08-05,1994,8,5,JPY,798.49,-1.95,-2.36,1.74,한국무역보험공사_환율_20230718.csv
1994-08-06,1994,8,6,JPY,801.1,-0.4,-1.84,2.37,한국무역보험공사_환율_20230718.csv
1994-08-08,1994,8,8,JPY,801.1,-0.24,-2.02,2.02,한국무역보험공사_환율_20230718.csv
1994-08-09,1994,8,9,JPY,792.21,-2.89,-2.63,1.72,한국무역보험공사_환율_20230718.csv
1994-08-10,1994,8,10,JPY,795.26,-1.63,-2.55,1.71,한국무역보험공사_환율_20230718.csv
1994-08-11,1994,8,11,JPY,794.16,-0.79,-2.37,1.19,한국무역보험공사_환율_20230718.csv
1994-08-12,1994,8,12,JPY,802.49,-0.04,-1.87,2.55,한국무역보험공사_환율_20230718.csv
1994-08-13,1994,8,13,JPY,804.43,0.74,-2.09,2.32,한국무역보험공사_환율_20230718.csv
1994-08-16,1994,8,16,JPY,804.39,0.41,-1.92,2.12,한국무역보험공사_환율_20230718.csv
1994-08-17,1994,8,17,JPY,800.1,-0.12,-3.34,0.39,한국무역보험공사_환율_20230718.csv
1994-08-18,1994,8,18,JPY,804.7,1.58,-2.72,1.25,한국무역보험공사_환율_20230718.csv
1994-08-19,1994,8,19,JPY,814.7,2.44,-0.73,2.66,한국무역보험공사_환율_20230718.csv
1994-08-20,1994,8,20,JPY,815.1,2.64,-0.59,2.57,한국무역보험공사_환율_20230718.csv
1994-08-22,1994,8,22,JPY,815.76,1.65,-1.12,1.99,한국무역보험공사_환율_20230718.csv
1994-08-23,1994,8,23,JPY,822.09,2.2,-0.45,5.06,한국무역보험공사_환율_20230718.csv
1994-08-24,1994,8,24,JPY,822.39,2.24,0.34,4.5,한국무역보험공사_환율_20230718.csv
1994-08-25,1994,8,25,JPY,809.38,1.16,-0.56,3.03,한국무역보험공사_환율_20230718.csv
1994-08-26,1994,8,26,JPY,805.46,0.09,-1.33,2.49,한국무역보험공사_환율_20230718.csv
1994-08-27,1994,8,27,JPY,798.51,-1.99,-1.66,3.28,한국무역보험공사_환율_20230718.csv
1994-08-29,1994,8,29,JPY,799.94,-1.86,-1.54,3.34,한국무역보험공사_환율_20230718.csv
1994-08-30,1994,8,30,JPY,801.6,-1.74,-1.68,3.57,한국무역보험공사_환율_20230718.csv
1994-08-31,1994,8,31,JPY,805.13,-2.06,-1.06,4.92,한국무역보험공사_환율_20230718.csv
1994-09-01,1994,9,1,JPY,798.5,-2.9,-2.35,4.15,한국무역보험공사_환율_20230718.csv
1994-09-02,1994,9,2,JPY,802.91,-0.8,-1.41,4.28,한국무역보험공사_환율_20230718.csv
1994-09-03,1994,9,3,JPY,807.87,0.3,0.44,3.76,한국무역보험공사_환율_20230718.csv
1994-09-05,1994,9,5,JPY,807.05,1.07,0.5,4.41,한국무역보험공사_환율_20230718.csv
1994-09-06,1994,9,6,JPY,808.68,1.09,-0.87,4.43,한국무역보험공사_환율_20230718.csv
1994-09-07,1994,9,7,JPY,808.48,0.86,0.0,4.31,한국무역보험공사_환율_20230718.csv
1994-09-08,1994,9,8,JPY,806.74,0.2,0.78,4.61,한국무역보험공사_환율_20230718.csv
1994-09-09,1994,9,9,JPY,804.92,0.8,0.26,4.61,한국무역보험공사_환율_20230718.csv
1994-09-10,1994,9,10,JPY,807.46,0.57,1.12,4.47,한국무역보험공사_환율_20230718.csv
1994-09-12,1994,9,12,JPY,808.28,0.05,0.9,4.77,한국무역보험공사_환율_20230718.csv
1994-09-13,1994,9,13,JPY,807.36,0.04,0.78,4.37,한국무역보험공사_환율_20230718.csv
1994-09-14,1994,9,14,JPY,810.54,0.23,2.31,4.91,한국무역보험공사_환율_20230718.csv
1994-09-15,1994,9,15,JPY,804.75,-0.46,1.19,4.29,한국무역보험공사_환율_20230718.csv
1994-09-16,1994,9,16,JPY,805.64,-0.14,1.45,4.69,한국무역보험공사_환율_20230718.csv
1994-09-17,1994,9,17,JPY,808.19,0.41,0.71,4.67,한국무역보험공사_환율_20230718.csv
1994-09-22,1994,9,22,JPY,815.4,0.98,1.36,6.22,한국무역보험공사_환율_20230718.csv
1994-09-23,1994,9,23,JPY,817.04,1.08,1.57,6.79,한국무역보험공사_환율_20230718.csv
1994-09-24,1994,9,24,JPY,820.34,1.61,2.53,7.09,한국무역보험공사_환율_20230718.csv
1994-09-26,1994,9,26,JPY,821.18,1.31,2.05,6.26,한국무역보험공사_환율_20230718.csv
1994-09-27,1994,9,27,JPY,814.41,1.2,-0.04,5.07,한국무역보험공사_환율_20230718.csv
1994-09-28,1994,9,28,JPY,817.94,1.53,0.35,5.52,한국무역보험공사_환율_20230718.csv
1994-09-29,1994,9,29,JPY,808.6,0.05,-0.88,3.82,한국무역보험공사_환율_20230718.csv
1994-09-30,1994,9,30,JPY,811.07,-0.53,-1.34,4.19,한국무역보험공사_환율_20230718.csv
1994-10-01,1994,10,1,JPY,805.0,-1.47,-2.11,2.83,한국무역보험공사_환율_20230718.csv
1994-10-04,1994,10,4,JPY,801.81,-2.26,-0.94,2.39,한국무역보험공사_환율_20230718.csv
1994-10-05,1994,10,5,JPY,804.63,-2.02,-0.1,2.5,한국무역보험공사_환율_20230718.csv
1994-10-06,1994,10,6,JPY,804.22,-1.25,0.72,3.09,한국무역보험공사_환율_20230718.csv
1994-10-07,1994,10,7,JPY,800.4,-2.14,0.06,1.87,한국무역보험공사_환율_20230718.csv
1994-10-08,1994,10,8,JPY,794.2,-1.78,-0.92,1.05,한국무역보험공사_환율_20230718.csv
1994-10-10,1994,10,10,JPY,794.43,-2.05,-1.33,0.22,한국무역보험공사_환율_20230718.csv
1994-10-11,1994,10,11,JPY,796.31,-1.08,-0.27,-1.24,한국무역보험공사_환율_20230718.csv
1994-10-12,1994,10,12,JPY,797.81,-0.5,-0.64,0.42,한국무역보험공사_환율_20230718.csv
1994-10-13,1994,10,13,JPY,801.84,-0.35,-0.75,0.5,한국무역보험공사_환율_20230718.csv
1994-10-14,1994,10,14,JPY,804.83,0.08,-0.28,0.33,한국무역보험공사_환율_20230718.csv
1994-10-15,1994,10,15,JPY,814.69,1.79,0.74,1.08,한국무역보험공사_환율_20230718.csv
1994-10-17,1994,10,17,JPY,811.99,2.24,0.43,1.0,한국무역보험공사_환율_20230718.csv
1994-10-18,1994,10,18,JPY,817.16,2.86,1.29,1.03,한국무역보험공사_환율_20230718.csv
1994-10-19,1994,10,19,JPY,819.64,2.93,1.83,0.53,한국무역보험공사_환율_20230718.csv
1994-10-20,1994,10,20,JPY,819.91,2.77,1.54,0.26,한국무역보험공사_환율_20230718.csv
1994-10-21,1994,10,21,JPY,825.84,2.99,2.17,1.19,한국무역보험공사_환율_20230718.csv
1994-10-22,1994,10,22,JPY,821.1,2.02,1.7,0.42,한국무역보험공사_환율_20230718.csv
1994-10-24,1994,10,24,JPY,820.01,0.65,1.17,0.79,한국무역보험공사_환율_20230718.csv
1994-10-25,1994,10,25,JPY,821.74,1.2,2.11,0.69,한국무역보험공사_환율_20230718.csv
1994-10-26,1994,10,26,JPY,822.26,0.62,2.06,1.09,한국무역보험공사_환율_20230718.csv
1994-10-27,1994,10,27,JPY,823.75,0.5,1.93,0.73,한국무역보험공사_환율_20230718.csv
1994-10-28,1994,10,28,JPY,821.11,0.15,0.7,-0.06,한국무역보험공사_환율_20230718.csv
1994-10-29,1994,10,29,JPY,819.18,-0.81,0.26,-0.11,한국무역보험공사_환율_20230718.csv
1994-10-31,1994,10,31,JPY,817.92,-0.39,-0.29,-1.19,한국무역보험공사_환율_20230718.csv
1994-11-01,1994,11,1,JPY,824.09,0.5,0.35,-0.37,한국무역보험공사_환율_20230718.csv
1994-11-02,1994,11,2,JPY,826.11,0.53,1.44,0.66,한국무역보험공사_환율_20230718.csv
1994-11-03,1994,11,3,JPY,818.64,-0.44,0.09,-0.16,한국무역보험공사_환율_20230718.csv
1994-11-04,1994,11,4,JPY,815.44,-1.01,0.85,-1.16,한국무역보험공사_환율_20230718.csv
1994-11-05,1994,11,5,JPY,818.06,-0.37,0.86,-0.94,한국무역보험공사_환율_20230718.csv
1994-11-07,1994,11,7,JPY,818.77,-0.05,1.71,-0.1,한국무역보험공사_환율_20230718.csv
1994-11-08,1994,11,8,JPY,818.7,0.1,2.11,0.58,한국무역보험공사_환율_20230718.csv
1994-11-09,1994,11,9,JPY,822.9,-0.14,2.27,0.81,한국무역보험공사_환율_20230718.csv
1994-11-10,1994,11,10,JPY,815.64,-1.27,1.42,0.45,한국무역보험공사_환율_20230718.csv
1994-11-11,1994,11,11,JPY,815.89,-0.34,1.94,0.43,한국무역보험공사_환율_20230718.csv
1994-11-12,1994,11,12,JPY,816.7,0.15,2.83,0.17,한국무역보험공사_환율_20230718.csv
1994-11-14,1994,11,14,JPY,815.86,-0.27,2.7,0.25,한국무역보험공사_환율_20230718.csv
1994-11-15,1994,11,15,JPY,810.37,-1.03,1.77,-0.9,한국무역보험공사_환율_20230718.csv
1994-11-16,1994,11,16,JPY,807.71,-1.34,1.24,-0.82,한국무역보험공사_환율_20230718.csv
1994-11-17,1994,11,17,JPY,810.69,-1.48,1.1,0.79,한국무역보험공사_환율_20230718.csv
1994-11-18,1994,11,18,JPY,809.76,-0.72,0.61,0.84,한국무역보험공사_환율_20230718.csv
1994-11-19,1994,11,19,JPY,807.51,-1.03,-0.88,-1.01,한국무역보험공사_환율_20230718.csv
1994-11-21,1994,11,21,JPY,807.26,-1.16,-0.58,-0.15,한국무역보험공사_환율_20230718.csv
1994-11-22,1994,11,22,JPY,810.7,-0.63,-0.79,1.28,한국무역보험공사_환율_20230718.csv
1994-11-23,1994,11,23,JPY,810.6,0.03,-1.1,0.97,한국무역보험공사_환율_20230718.csv
1994-11-24,1994,11,24,JPY,807.92,0.03,-1.46,1.18,한국무역보험공사_환율_20230718.csv
1994-11-25,1994,11,25,JPY,808.54,-0.27,-2.09,0.93,한국무역보험공사_환율_20230718.csv
1994-11-26,1994,11,26,JPY,804.76,-0.62,-1.99,0.46,한국무역보험공사_환율_20230718.csv
1994-11-28,1994,11,28,JPY,805.17,-0.29,-1.81,1.64,한국무역보험공사_환율_20230718.csv
1994-11-29,1994,11,29,JPY,806.29,-0.12,-1.88,1.39,한국무역보험공사_환율_20230718.csv
1994-11-30,1994,11,30,JPY,803.13,-0.93,-2.33,1.13,한국무역보험공사_환율_20230718.csv
1994-12-01,1994,12,1,JPY,803.95,-0.82,-2.4,0.18,한국무역보험공사_환율_20230718.csv
1994-12-02,1994,12,2,JPY,799.19,-1.08,-2.67,-0.65,한국무역보험공사_환율_20230718.csv
1994-12-03,1994,12,3,JPY,787.44,-2.61,-3.87,-2.11,한국무역보험공사_환율_20230718.csv
1994-12-05,1994,12,5,JPY,788.65,-2.0,-3.58,-1.43,한국무역보험공사_환율_20230718.csv
1994-12-06,1994,12,6,JPY,789.31,-1.97,-4.22,-1.91,한국무역보험공사_환율_20230718.csv
1994-12-07,1994,12,7,JPY,790.63,-1.94,-4.29,-2.95,한국무역보험공사_환율_20230718.csv
1994-12-08,1994,12,8,JPY,791.89,-1.4,-3.27,-2.85,한국무역보험공사_환율_20230718.csv
1994-12-09,1994,12,9,JPY,786.78,-2.14,-3.51,-3.55,한국무역보험공사_환율_20230718.csv
1994-12-10,1994,12,10,JPY,791.01,-1.02,-3.31,-3.78,한국무역보험공사_환율_20230718.csv
1994-12-12,1994,12,12,JPY,790.22,0.35,-3.49,-3.91,한국무역보험공사_환율_20230718.csv
1994-12-13,1994,12,13,JPY,793.45,0.61,-3.08,-1.97,한국무역보험공사_환율_20230718.csv
1994-12-14,1994,12,14,JPY,790.21,0.11,-3.97,-1.89,한국무역보험공사_환율_20230718.csv
1994-12-15,1994,12,15,JPY,790.53,-0.01,-3.08,-1.0,한국무역보험공사_환율_20230718.csv
1994-12-16,1994,12,16,JPY,790.83,-0.13,-3.07,-1.14,한국무역보험공사_환율_20230718.csv
1994-12-17,1994,12,17,JPY,791.72,0.63,-3.06,-1.23,한국무역보험공사_환율_20230718.csv
1994-12-19,1994,12,19,JPY,791.32,0.04,-3.01,-1.72,한국무역보험공사_환율_20230718.csv
1994-12-20,1994,12,20,JPY,791.91,0.21,-2.28,-0.83,한국무역보험공사_환율_20230718.csv
1994-12-21,1994,12,21,JPY,790.12,-0.42,-2.18,-1.59,한국무역보험공사_환율_20230718.csv
1994-12-22,1994,12,22,JPY,787.56,-0.34,-2.85,-2.51,한국무역보험공사_환율_20230718.csv
1994-12-23,1994,12,23,JPY,789.5,-0.13,-2.5,-2.17,한국무역보험공사_환율_20230718.csv
1994-12-24,1994,12,24,JPY,790.15,-0.09,-2.15,-2.29,한국무역보험공사_환율_20230718.csv
1994-12-26,1994,12,26,JPY,789.92,-0.23,-2.15,-2.3,한국무역보험공사_환율_20230718.csv
1994-12-27,1994,12,27,JPY,787.4,-0.5,-2.87,-2.4,한국무역보험공사_환율_20230718.csv
1994-12-28,1994,12,28,JPY,787.15,-0.6,-2.89,-2.21,한국무역보험공사_환율_20230718.csv
1994-12-29,1994,12,29,JPY,792.68,0.32,-1.89,-1.83,한국무역보험공사_환율_20230718.csv
1994-12-30,1994,12,30,JPY,791.58,0.51,-2.1,-2.07,한국무역보험공사_환율_20230718.csv
1994-12-31,1994,12,31,JPY,790.68,0.15,-1.75,-2.07,한국무역보험공사_환율_20230718.csv
1995-01-03,1995,1,3,JPY,787.09,-0.39,-2.25,-2.89,한국무역보험공사_환율_20230718.csv
1995-01-04,1995,1,4,JPY,783.02,-0.87,-2.89,-2.7,한국무역보험공사_환율_20230718.csv
1995-01-05,1995,1,5,JPY,779.06,-1.06,-3.0,-3.3,한국무역보험공사_환율_20230718.csv
1995-01-06,1995,1,6,JPY,782.17,-0.63,-2.71,-3.22,한국무역보험공사_환율_20230718.csv
1995-01-07,1995,1,7,JPY,779.58,-1.65,-2.45,-4.39,한국무역보험공사_환율_20230718.csv
1995-01-09,1995,1,9,JPY,780.54,-1.39,-0.88,-4.47,한국무역보험공사_환율_20230718.csv
1995-01-10,1995,1,10,JPY,790.25,-0.05,0.2,-3.67,한국무역보험공사_환율_20230718.csv
1995-01-11,1995,1,11,JPY,790.21,0.4,0.11,-3.77,한국무역보험공사_환율_20230718.csv
1995-01-12,1995,1,12,JPY,789.21,0.79,-0.18,-3.09,한국무역보험공사_환율_20230718.csv
1995-01-13,1995,1,13,JPY,799.19,2.58,0.92,-2.29,한국무역보험공사_환율_20230718.csv
1995-01-14,1995,1,14,JPY,804.46,2.85,2.25,-0.51,한국무역보험공사_환율_20230718.csv
1995-01-16,1995,1,16,JPY,806.31,3.43,1.93,-0.59,한국무역보험공사_환율_20230718.csv
1995-01-17,1995,1,17,JPY,804.36,3.05,1.79,-0.08,한국무역보험공사_환율_20230718.csv
1995-01-18,1995,1,18,JPY,800.2,1.26,0.85,-0.2,한국무역보험공사_환율_20230718.csv
1995-01-19,1995,1,19,JPY,796.68,0.82,0.82,-0.99,한국무역보험공사_환율_20230718.csv
1995-01-20,1995,1,20,JPY,798.99,1.24,1.07,-0.65,한국무역보험공사_환율_20230718.csv
1995-01-21,1995,1,21,JPY,797.12,-0.26,0.8,-0.41,한국무역보험공사_환율_20230718.csv
1995-01-23,1995,1,23,JPY,796.6,-0.98,0.62,0.3,한국무역보험공사_환율_20230718.csv
1995-01-24,1995,1,24,JPY,794.48,-1.47,0.4,0.01,한국무역보험공사_환율_20230718.csv
1995-01-25,1995,1,25,JPY,793.27,-1.38,0.17,-0.38,한국무역보험공사_환율_20230718.csv
1995-01-26,1995,1,26,JPY,791.36,-1.1,0.16,-0.81,한국무역보험공사_환율_20230718.csv
1995-01-27,1995,1,27,JPY,789.44,-0.91,0.24,-1.55,한국무역보험공사_환율_20230718.csv
1995-01-28,1995,1,28,JPY,791.65,-0.92,0.27,-1.64,한국무역보험공사_환율_20230718.csv
1995-02-02,1995,2,2,JPY,793.84,-0.41,0.47,-2.56,한국무역보험공사_환율_20230718.csv
1995-02-03,1995,2,3,JPY,793.26,-0.42,0.42,-2.31,한국무역보험공사_환율_20230718.csv
1995-02-04,1995,2,4,JPY,792.79,-0.21,0.68,-2.98,한국무역보험공사_환율_20230718.csv
1995-02-06,1995,2,6,JPY,793.98,0.09,0.87,-3.13,한국무역보험공사_환율_20230718.csv
1995-02-07,1995,2,7,JPY,797.92,0.83,0.66,-2.68,한국무역보험공사_환율_20230718.csv
1995-02-08,1995,2,8,JPY,794.87,0.69,0.42,-3.75,한국무역보험공사_환율_20230718.csv
1995-02-09,1995,2,9,JPY,799.37,0.98,1.1,-2.65,한국무역보험공사_환율_20230718.csv
1995-02-10,1995,2,10,JPY,800.4,0.83,1.69,-2.39,한국무역보험공사_환율_20230718.csv
1995-02-11,1995,2,11,JPY,802.33,1.14,2.47,-2.36,한국무역보험공사_환율_20230718.csv
1995-02-13,1995,2,13,JPY,803.54,1.36,3.14,-2.28,한국무역보험공사_환율_20230718.csv
1995-02-14,1995,2,14,JPY,804.05,1.27,2.8,-2.39,한국무역보험공사_환율_20230718.csv
1995-02-15,1995,2,15,JPY,803.17,0.66,3.03,-2.18,한국무역보험공사_환율_20230718.csv
1995-02-16,1995,2,16,JPY,804.98,1.27,3.13,-1.73,한국무역보험공사_환율_20230718.csv
1995-02-17,1995,2,17,JPY,815.48,2.02,3.19,-0.3,한국무역보험공사_환율_20230718.csv
1995-02-18,1995,2,18,JPY,816.86,2.06,3.37,-0.88,한국무역보험공사_환율_20230718.csv
1995-02-20,1995,2,20,JPY,817.7,1.92,3.61,-1.02,한국무역보험공사_환율_20230718.csv
1995-02-21,1995,2,21,JPY,815.22,1.45,2.01,-0.42,한국무역보험공사_환율_20230718.csv
1995-02-22,1995,2,22,JPY,813.09,1.12,1.07,-0.29,한국무역보험공사_환율_20230718.csv
1995-02-23,1995,2,23,JPY,812.17,1.12,0.73,-0.72,한국무역보험공사_환율_20230718.csv
1995-02-24,1995,2,24,JPY,814.99,1.24,1.32,-0.46,한국무역보험공사_환율_20230718.csv
1995-02-25,1995,2,25,JPY,811.86,-0.44,1.46,-0.84,한국무역보험공사_환율_20230718.csv
1995-02-27,1995,2,27,JPY,807.49,-1.15,1.36,-1.87,한국무역보험공사_환율_20230718.csv
1995-02-28,1995,2,28,JPY,809.47,-1.01,1.31,-0.76,한국무역보험공사_환율_20230718.csv
1995-03-02,1995,3,2,JPY,815.21,-0.0,2.27,-0.08,한국무역보험공사_환율_20230718.csv
1995-03-03,1995,3,3,JPY,827.79,1.81,3.92,1.36,한국무역보험공사_환율_20230718.csv
1995-03-04,1995,3,4,JPY,840.07,3.44,5.74,2.97,한국무역보험공사_환율_20230718.csv
1995-03-06,1995,3,6,JPY,844.42,3.61,6.45,4.2,한국무역보험공사_환율_20230718.csv
1995-03-07,1995,3,7,JPY,847.9,4.44,7.14,4.98,한국무역보험공사_환율_20230718.csv
1995-03-08,1995,3,8,JPY,867.22,7.4,9.85,6.97,한국무역보험공사_환율_20230718.csv
1995-03-09,1995,3,9,JPY,863.22,6.64,9.04,6.6,한국무역보험공사_환율_20230718.csv
1995-03-10,1995,3,10,JPY,859.07,5.38,8.22,6.39,한국무역보험공사_환율_20230718.csv
1995-03-11,1995,3,11,JPY,861.72,4.1,8.63,6.75,한국무역보험공사_환율_20230718.csv
1995-03-13,1995,3,13,JPY,866.48,3.14,9.3,6.88,한국무역보험공사_환율_20230718.csv
1995-03-14,1995,3,14,JPY,859.39,1.77,8.24,6.02,한국무역보험공사_환율_20230718.csv
1995-03-15,1995,3,15,JPY,860.28,1.46,7.82,6.48,한국무역보험공사_환율_20230718.csv
1995-03-16,1995,3,16,JPY,866.74,-0.06,9.04,7.2,한국무역보험공사_환율_20230718.csv
1995-03-17,1995,3,17,JPY,863.3,0.01,8.0,7.27,한국무역보험공사_환율_20230718.csv
1995-03-18,1995,3,18,JPY,870.59,1.34,8.77,8.12,한국무역보험공사_환율_20230718.csv
1995-03-20,1995,3,20,JPY,873.83,1.41,8.91,8.38,한국무역보험공사_환율_20230718.csv
1995-03-21,1995,3,21,JPY,867.74,0.15,7.99,8.04,한국무역보험공사_환율_20230718.csv
1995-03-22,1995,3,22,JPY,865.51,0.71,7.64,7.66,한국무역보험공사_환율_20230718.csv
1995-03-23,1995,3,23,JPY,864.83,0.53,7.68,8.21,한국무역보험공사_환율_20230718.csv
1995-03-24,1995,3,24,JPY,865.61,-0.13,7.53,9.93,한국무역보험공사_환율_20230718.csv
1995-03-25,1995,3,25,JPY,866.67,0.39,6.28,9.89,한국무역보험공사_환율_20230718.csv
1995-03-27,1995,3,27,JPY,869.11,-0.17,6.4,10.11,한국무역보험공사_환율_20230718.csv
1995-03-28,1995,3,28,JPY,860.48,-1.53,5.23,8.83,한국무역보험공사_환율_20230718.csv
1995-03-29,1995,3,29,JPY,866.52,-0.14,6.29,9.42,한국무역보험공사_환율_20230718.csv
1995-03-30,1995,3,30,JPY,872.6,0.82,7.32,10.91,한국무역보험공사_환율_20230718.csv
1995-03-31,1995,3,31,JPY,862.25,-0.3,6.17,9.01,한국무역보험공사_환율_20230718.csv
1995-04-01,1995,4,1,JPY,890.76,2.91,9.3,12.72,한국무역보험공사_환율_20230718.csv
1995-04-03,1995,4,3,JPY,890.76,2.78,9.72,12.26,한국무역보험공사_환율_20230718.csv
1995-04-04,1995,4,4,JPY,897.96,3.32,11.2,13.64,한국무역보험공사_환율_20230718.csv
1995-04-06,1995,4,6,JPY,894.03,3.9,10.45,13.09,한국무역보험공사_환율_20230718.csv
1995-04-07,1995,4,7,JPY,905.04,4.45,11.02,14.44,한국무역보험공사_환율_20230718.csv
1995-04-08,1995,4,8,JPY,919.55,5.38,11.08,16.15,한국무역보험공사_환율_20230718.csv
1995-04-10,1995,4,10,JPY,917.79,6.44,9.25,15.98,한국무역보험공사_환율_20230718.csv
1995-04-11,1995,4,11,JPY,917.32,2.98,8.63,15.84,한국무역보험공사_환율_20230718.csv
1995-04-12,1995,4,12,JPY,924.21,3.76,9.0,16.97,한국무역보험공사_환율_20230718.csv
1995-04-13,1995,4,13,JPY,919.47,2.4,6.02,16.75,한국무역보험공사_환율_20230718.csv
1995-04-14,1995,4,14,JPY,923.19,3.26,6.95,16.93,한국무역보험공사_환율_20230718.csv
1995-04-15,1995,4,15,JPY,924.61,2.16,7.63,17.02,한국무역보험공사_환율_20230718.csv
1995-04-17,1995,4,17,JPY,931.88,1.34,8.14,17.97,한국무역보험공사_환율_20230718.csv
1995-04-18,1995,4,18,JPY,938.13,2.22,8.27,19.14,한국무역보험공사_환율_20230718.csv
1995-04-19,1995,4,19,JPY,955.44,4.16,11.18,21.38,한국무역보험공사_환율_20230718.csv
1995-04-20,1995,4,20,JPY,946.05,2.36,9.97,19.35,한국무역보험공사_환율_20230718.csv
1995-04-21,1995,4,21,JPY,921.42,0.21,6.31,16.4,한국무역보험공사_환율_20230718.csv
1995-04-22,1995,4,22,JPY,924.3,0.12,7.07,16.9,한국무역보험공사_환율_20230718.csv
1995-04-24,1995,4,24,JPY,928.8,0.45,6.69,18.0,한국무역보험공사_환율_20230718.csv
1995-04-25,1995,4,25,JPY,916.83,-1.62,4.92,17.09,한국무역보험공사_환율_20230718.csv
1995-04-26,1995,4,26,JPY,933.13,-0.53,7.54,19.78,한국무역보험공사_환율_20230718.csv
1995-04-27,1995,4,27,JPY,909.61,-4.8,5.1,16.29,한국무역보험공사_환율_20230718.csv
1995-04-28,1995,4,28,JPY,909.62,-3.85,5.18,16.68,한국무역보험공사_환율_20230718.csv
1995-04-29,1995,4,29,JPY,904.21,-1.87,4.46,15.84,한국무역보험공사_환율_20230718.csv
1995-05-02,1995,5,2,JPY,911.79,-1.35,5.21,15.38,한국무역보험공사_환율_20230718.csv
1995-05-03,1995,5,3,JPY,912.15,-1.79,4.95,15.43,한국무역보험공사_환율_20230718.csv
1995-05-04,1995,5,4,JPY,912.99,-0.42,6.1,15.68,한국무역보험공사_환율_20230718.csv
1995-05-06,1995,5,6,JPY,908.33,-2.66,4.83,13.66,한국무역보험공사_환율_20230718.csv
1995-05-08,1995,5,8,JPY,912.63,0.33,4.59,13.45,한국무역보험공사_환율_20230718.csv
1995-05-09,1995,5,9,JPY,914.46,0.53,6.06,13.41,한국무역보험공사_환율_20230718.csv
1995-05-10,1995,5,10,JPY,910.61,0.71,2.23,13.21,한국무역보험공사_환율_20230718.csv
1995-05-11,1995,5,11,JPY,907.82,-0.44,1.92,13.45,한국무역보험공사_환율_20230718.csv
1995-05-12,1995,5,12,JPY,889.34,-2.5,-0.96,11.63,한국무역보험공사_환율_20230718.csv
1995-05-13,1995,5,13,JPY,879.88,-3.63,-1.58,10.12,한국무역보험공사_환율_20230718.csv
1995-05-15,1995,5,15,JPY,874.84,-3.69,-3.34,9.75,한국무역보험공사_환율_20230718.csv
1995-05-16,1995,5,16,JPY,883.59,-3.18,-3.91,10.92,한국무역보험공사_환율_20230718.csv
1995-05-17,1995,5,17,JPY,883.24,-3.41,-3.76,11.17,한국무역보험공사_환율_20230718.csv
1995-05-18,1995,5,18,JPY,875.24,-3.88,-4.59,10.33,한국무역보험공사_환율_20230718.csv
1995-05-19,1995,5,19,JPY,878.32,-3.25,-4.97,10.99,한국무역보험공사_환율_20230718.csv
1995-05-20,1995,5,20,JPY,876.38,-1.46,-4.69,11.01,한국무역보험공사_환율_20230718.csv
1995-05-22,1995,5,22,JPY,873.87,-0.68,-5.34,10.39,한국무역보험공사_환율_20230718.csv
1995-05-23,1995,5,23,JPY,871.55,-0.38,-5.74,9.79,한국무역보험공사_환율_20230718.csv
1995-05-24,1995,5,24,JPY,873.12,-1.18,-6.31,10.07,한국무역보험공사_환율_20230718.csv
1995-05-25,1995,5,25,JPY,872.25,-1.24,-7.02,10.02,한국무역보험공사_환율_20230718.csv
1995-05-26,1995,5,26,JPY,895.29,2.29,-6.3,12.76,한국무역보험공사_환율_20230718.csv
1995-05-27,1995,5,27,JPY,918.27,4.55,-2.94,15.08,한국무역보험공사_환율_20230718.csv
1995-05-29,1995,5,29,JPY,924.74,5.52,0.36,16.34,한국무역보험공사_환율_20230718.csv
1995-05-30,1995,5,30,JPY,920.22,5.3,-0.44,15.12,한국무역보험공사_환율_20230718.csv
1995-05-31,1995,5,31,JPY,913.58,4.82,-1.64,14.14,한국무역보험공사_환율_20230718.csv
1995-06-01,1995,6,1,JPY,895.05,2.51,-2.38,11.56,한국무역보험공사_환율_20230718.csv
1995-06-02,1995,6,2,JPY,895.87,2.71,-3.99,11.49,한국무역보험공사_환율_20230718.csv
1995-06-03,1995,6,3,JPY,901.96,0.75,-0.84,12.18,한국무역보험공사_환율_20230718.csv
1995-06-05,1995,6,5,JPY,903.56,-1.6,-0.67,12.5,한국무역보험공사_환율_20230718.csv
1995-06-07,1995,6,7,JPY,900.06,-2.67,-0.46,11.81,한국무역보험공사_환율_20230718.csv
1995-06-08,1995,6,8,JPY,895.29,-2.71,-1.81,9.79,한국무역보험공사_환율_20230718.csv
1995-06-09,1995,6,9,JPY,898.03,-1.7,-1.55,9.94,한국무역보험공사_환율_20230718.csv
1995-06-10,1995,6,10,JPY,906.11,1.24,-0.75,10.81,한국무역보험공사_환율_20230718.csv
1995-06-12,1995,6,12,JPY,906.11,1.14,-0.24,11.15,한국무역보험공사_환율_20230718.csv
1995-06-13,1995,6,13,JPY,911.03,1.01,-0.18,12.05,한국무역보험공사_환율_20230718.csv
1995-06-14,1995,6,14,JPY,901.36,-0.24,-1.43,10.98,한국무역보험공사_환율_20230718.csv
1995-06-15,1995,6,15,JPY,906.14,0.68,-0.49,11.18,한국무역보험공사_환율_20230718.csv
1995-06-16,1995,6,16,JPY,901.18,0.66,-0.73,11.0,한국무역보험공사_환율_20230718.csv
1995-06-17,1995,6,17,JPY,898.82,0.09,1.07,11.31,한국무역보험공사_환율_20230718.csv
1995-06-19,1995,6,19,JPY,902.55,-0.39,2.58,11.5,한국무역보험공사_환율_20230718.csv
1995-06-20,1995,6,20,JPY,897.7,-0.93,2.61,10.12,한국무역보험공사_환율_20230718.csv
1995-06-21,1995,6,21,JPY,902.14,-0.98,2.1,8.98,한국무역보험공사_환율_20230718.csv
1995-06-22,1995,6,22,JPY,904.55,0.35,2.41,7.68,한국무역보험공사_환율_20230718.csv
1995-06-23,1995,6,23,JPY,900.65,-0.61,2.9,6.66,한국무역보험공사_환율_20230718.csv
1995-06-24,1995,6,24,JPY,901.36,0.02,2.62,6.3,한국무역보험공사_환율_20230718.csv
1995-06-26,1995,6,26,JPY,901.9,0.34,2.91,4.0,한국무역보험공사_환율_20230718.csv
1995-06-28,1995,6,28,JPY,906.56,0.44,3.74,5.02,한국무역보험공사_환율_20230718.csv
1995-06-29,1995,6,29,JPY,885.7,-1.34,1.62,3.1,한국무역보험공사_환율_20230718.csv
1995-06-30,1995,6,30,JPY,896.1,-0.67,2.63,3.99,한국무역보험공사_환율_20230718.csv
1995-07-01,1995,7,1,JPY,895.45,-1.01,2.66,3.34,한국무역보험공사_환율_20230718.csv
1995-07-03,1995,7,3,JPY,894.4,-0.69,-0.1,4.07,한국무역보험공사_환율_20230718.csv
1995-07-04,1995,7,4,JPY,893.68,-0.85,-2.68,3.88,한국무역보험공사_환율_20230718.csv
1995-07-05,1995,7,5,JPY,893.33,-0.95,-3.4,3.07,한국무역보험공사_환율_20230718.csv
1995-07-06,1995,7,6,JPY,891.1,-1.71,-3.16,3.22,한국무역보험공사_환율_20230718.csv
1995-07-07,1995,7,7,JPY,887.84,0.24,-2.82,1.98,한국무역보험공사_환율_20230718.csv
1995-07-08,1995,7,8,JPY,872.85,-2.59,-2.48,-0.11,한국무역보험공사_환율_20230718.csv
1995-07-10,1995,7,10,JPY,872.35,-2.58,-2.63,0.53,한국무역보험공사_환율_20230718.csv
1995-07-11,1995,7,11,JPY,870.05,-2.72,-3.54,0.52,한국무역보험공사_환율_20230718.csv
1995-07-12,1995,7,12,JPY,864.95,-3.21,-4.27,0.01,한국무역보험공사_환율_20230718.csv
1995-07-13,1995,7,13,JPY,866.67,-2.98,-3.71,0.12,한국무역보험공사_환율_20230718.csv
1995-07-14,1995,7,14,JPY,866.25,-2.79,-3.24,-0.05,한국무역보험공사_환율_20230718.csv
1995-07-15,1995,7,15,JPY,864.09,-2.68,-3.78,-0.58,한국무역보험공사_환율_20230718.csv
1995-07-18,1995,7,18,JPY,853.4,-2.23,-5.82,-0.82,한국무역보험공사_환율_20230718.csv
1995-07-19,1995,7,19,JPY,856.24,-1.85,-5.5,-1.19,한국무역보험공사_환율_20230718.csv
1995-07-20,1995,7,20,JPY,868.0,-0.24,-4.72,-0.53,한국무역보험공사_환율_20230718.csv
1995-07-21,1995,7,21,JPY,857.22,-0.89,-4.9,-0.58,한국무역보험공사_환율_20230718.csv
1995-07-22,1995,7,22,JPY,854.11,-1.45,-5.74,-4.11,한국무역보험공사_환율_20230718.csv
1995-07-24,1995,7,24,JPY,851.46,-1.71,-5.52,-4.41,한국무역보험공사_환율_20230718.csv
1995-07-25,1995,7,25,JPY,863.24,-0.1,-3.96,-3.87,한국무역보험공사_환율_20230718.csv
1995-07-26,1995,7,26,JPY,859.2,0.68,-4.8,-3.9,한국무역보험공사_환율_20230718.csv
1995-07-27,1995,7,27,JPY,861.41,0.6,-4.04,-4.82,한국무역보험공사_환율_20230718.csv
1995-07-28,1995,7,28,JPY,857.63,-1.19,-4.93,-6.73,한국무역보험공사_환율_20230718.csv
1995-07-29,1995,7,29,JPY,858.63,0.16,-5.08,-6.45,한국무역보험공사_환율_20230718.csv
1995-07-31,1995,7,31,JPY,856.74,0.31,-4.88,-6.6,한국무역보험공사_환율_20230718.csv
1995-08-01,1995,8,1,JPY,855.0,0.42,-5.14,-7.49,한국무역보험공사_환율_20230718.csv
1995-08-02,1995,8,2,JPY,858.99,-0.49,-4.76,-6.58,한국무역보험공사_환율_20230718.csv
1995-08-03,1995,8,3,JPY,833.33,-3.01,-8.08,-9.73,한국무역보험공사_환율_20230718.csv
1995-08-04,1995,8,4,JPY,836.14,-2.93,-5.6,-9.57,한국무역보험공사_환율_20230718.csv
1995-08-05,1995,8,5,JPY,830.42,-3.17,-7.33,-10.89,한국무역보험공사_환율_20230718.csv
1995-08-07,1995,8,7,JPY,829.06,-3.44,-7.41,-11.63,한국무역보험공사_환율_20230718.csv
1995-08-08,1995,8,8,JPY,830.89,-3.02,-7.1,-13.04,한국무역보험공사_환율_20230718.csv
1995-08-09,1995,8,9,JPY,830.77,-2.83,-7.04,-12.19,한국무역보험공사_환율_20230718.csv
1995-08-10,1995,8,10,JPY,827.51,-3.66,-7.37,-10.19,한국무역보험공사_환율_20230718.csv
1995-08-11,1995,8,11,JPY,816.47,-2.02,-8.38,-11.67,한국무역보험공사_환율_20230718.csv
1995-08-12,1995,8,12,JPY,809.48,-3.19,-8.83,-12.85,한국무역보험공사_환율_20230718.csv
1995-08-14,1995,8,14,JPY,806.04,-2.94,-7.65,-12.08,한국무역보험공사_환율_20230718.csv
1995-08-16,1995,8,16,JPY,774.39,-6.59,-11.23,-17.01,한국무역보험공사_환율_20230718.csv
1995-08-17,1995,8,17,JPY,783.92,-5.65,-9.9,-13.82,한국무역보험공사_환율_20230718.csv
1995-08-18,1995,8,18,JPY,797.95,-3.95,-7.75,-12.28,한국무역보험공사_환율_20230718.csv
1995-08-19,1995,8,19,JPY,803.49,-2.9,-7.29,-11.14,한국무역보험공사_환율_20230718.csv
1995-08-21,1995,8,21,JPY,801.23,-1.87,-7.51,-12.13,한국무역보험공사_환율_20230718.csv
1995-08-22,1995,8,22,JPY,806.82,-0.33,-6.63,-11.55,한국무역보험공사_환율_20230718.csv
1995-08-23,1995,8,23,JPY,796.92,-1.13,-6.62,-12.71,한국무역보험공사_환율_20230718.csv
1995-08-24,1995,8,24,JPY,803.52,3.76,-6.16,-11.54,한국무역보험공사_환율_20230718.csv
1995-08-25,1995,8,25,JPY,803.79,2.53,-7.4,-11.93,한국무역보험공사_환율_20230718.csv
1995-08-26,1995,8,26,JPY,803.52,0.7,-6.26,-12.13,한국무역보험공사_환율_20230718.csv
1995-08-28,1995,8,28,JPY,804.35,0.11,-5.83,-11.67,한국무역보험공사_환율_20230718.csv
1995-08-29,1995,8,29,JPY,800.83,-0.05,-5.95,-11.79,한국무역보험공사_환율_20230718.csv
1995-08-30,1995,8,30,JPY,786.59,-2.51,-8.88,-11.55,한국무역보험공사_환율_20230718.csv
1995-08-31,1995,8,31,JPY,783.76,-1.65,-8.78,-10.92,한국무역보험공사_환율_20230718.csv
1995-09-01,1995,9,1,JPY,796.53,-0.87,-7.53,-8.95,한국무역보험공사_환율_20230718.csv
1995-09-02,1995,9,2,JPY,793.12,-1.33,-7.52,-10.24,한국무역보험공사_환율_20230718.csv
1995-09-04,1995,9,4,JPY,792.92,-1.32,-7.65,-10.23,한국무역보험공사_환율_20230718.csv
1995-09-05,1995,9,5,JPY,788.03,-2.03,-8.02,-9.96,한국무역보험공사_환율_20230718.csv
1995-09-06,1995,9,6,JPY,786.41,-1.8,-8.02,-10.46,한국무역보험공사_환율_20230718.csv
1995-09-07,1995,9,7,JPY,777.42,-1.17,-9.5,-11.29,한국무역보험공사_환율_20230718.csv
1995-09-11,1995,9,11,JPY,776.32,-0.95,-6.84,-11.16,한국무역보험공사_환율_20230718.csv
1995-09-12,1995,9,12,JPY,771.51,-3.14,-7.73,-11.48,한국무역보험공사_환율_20230718.csv
1995-09-13,1995,9,13,JPY,767.03,-3.29,-7.63,-12.15,한국무역보험공사_환율_20230718.csv
1995-09-14,1995,9,14,JPY,752.99,-5.04,-9.18,-13.67,한국무역보험공사_환율_20230718.csv
1995-09-15,1995,9,15,JPY,757.0,-3.94,-8.89,-15.45,한국무역보험공사_환율_20230718.csv
1995-09-16,1995,9,16,JPY,745.22,-5.24,-10.3,-18.85,한국무역보험공사_환율_20230718.csv
1995-09-18,1995,9,18,JPY,742.94,-4.44,-10.22,-19.66,한국무역보험공사_환율_20230718.csv
1995-09-19,1995,9,19,JPY,751.39,-3.21,-7.97,-18.35,한국무역보험공사_환율_20230718.csv
1995-09-20,1995,9,20,JPY,742.65,-3.74,-8.26,-18.71,한국무역보험공사_환율_20230718.csv
1995-09-21,1995,9,21,JPY,755.28,-1.53,-6.3,-15.62,한국무역보험공사_환율_20230718.csv
1995-09-22,1995,9,22,JPY,777.52,3.26,0.4,-13.21,한국무역보험공사_환율_20230718.csv
1995-09-23,1995,9,23,JPY,770.19,1.74,-1.75,-14.61,한국무역보험공사_환율_20230718.csv
1995-09-25,1995,9,25,JPY,759.92,1.97,-4.77,-15.9,한국무역보험공사_환율_20230718.csv
1995-09-26,1995,9,26,JPY,766.43,3.16,-4.61,-14.85,한국무역보험공사_환율_20230718.csv
1995-09-27,1995,9,27,JPY,763.65,1.63,-4.69,-14.7,한국무역보험공사_환율_20230718.csv
1995-09-28,1995,9,28,JPY,764.86,2.99,-5.2,-14.83,한국무역보험공사_환율_20230718.csv
1995-09-29,1995,9,29,JPY,771.97,2.21,-3.13,-14.8,한국무역보험공사_환율_20230718.csv
1995-09-30,1995,9,30,JPY,770.52,-0.9,-4.11,-14.96,한국무역보험공사_환율_20230718.csv
1995-10-02,1995,10,2,JPY,764.96,-0.68,-4.83,-16.03,한국무역보험공사_환율_20230718.csv
1995-10-04,1995,10,4,JPY,757.02,-0.38,-5.79,-16.01,한국무역보험공사_환율_20230718.csv
1995-10-05,1995,10,5,JPY,764.76,-0.22,-4.92,-15.6,한국무역보험공사_환율_20230718.csv
1995-10-06,1995,10,6,JPY,769.34,0.75,-3.93,-14.63,한국무역보험공사_환율_20230718.csv
1995-10-07,1995,10,7,JPY,764.59,-0.04,-2.8,-14.93,한국무역보험공사_환율_20230718.csv
1995-10-09,1995,10,9,JPY,760.06,-1.54,-3.02,-15.79,한국무역보험공사_환율_20230718.csv
1995-10-10,1995,10,10,JPY,765.8,-0.61,-3.86,-14.69,한국무역보험공사_환율_20230718.csv
1995-10-11,1995,10,11,JPY,764.31,-0.08,-3.63,-15.28,한국무역보험공사_환율_20230718.csv
1995-10-12,1995,10,12,JPY,759.55,0.33,-4.21,-16.03,한국무역보험공사_환율_20230718.csv
1995-10-13,1995,10,13,JPY,765.9,0.15,-2.81,-14.96,한국무역보험공사_환율_20230718.csv
1995-10-14,1995,10,14,JPY,761.22,-1.06,-3.2,-15.55,한국무역보험공사_환율_20230718.csv
1995-10-16,1995,10,16,JPY,762.88,-0.22,-1.87,-15.41,한국무역보험공사_환율_20230718.csv
1995-10-17,1995,10,17,JPY,764.27,0.55,-1.55,-15.7,한국무역보험공사_환율_20230718.csv
1995-10-18,1995,10,18,JPY,766.65,0.11,-0.63,-13.44,한국무역보험공사_환율_20230718.csv
1995-10-19,1995,10,19,JPY,762.13,-0.29,-0.64,-14.95,한국무역보험공사_환율_20230718.csv
1995-10-20,1995,10,20,JPY,763.35,0.5,1.38,-14.75,한국무역보험공사_환율_20230718.csv
1995-10-21,1995,10,21,JPY,765.01,-0.12,1.06,-14.47,한국무역보험공사_환율_20230718.csv
1995-10-23,1995,10,23,JPY,769.42,1.08,3.25,-13.9,한국무역보험공사_환율_20230718.csv
1995-10-24,1995,10,24,JPY,767.15,0.56,3.26,-14.12,한국무역보험공사_환율_20230718.csv
1995-10-25,1995,10,25,JPY,763.23,-0.14,1.58,-14.35,한국무역보험공사_환율_20230718.csv
1995-10-26,1995,10,26,JPY,754.93,-1.53,1.65,-14.97,한국무역보험공사_환율_20230718.csv
1995-10-27,1995,10,27,JPY,755.62,-0.85,0.05,-13.43,한국무역보험공사_환율_20230718.csv
1995-10-28,1995,10,28,JPY,752.46,-1.43,-3.22,-13.74,한국무역보험공사_환율_20230718.csv
1995-10-30,1995,10,30,JPY,752.46,-1.64,-2.3,-13.52,한국무역보험공사_환율_20230718.csv
1995-10-31,1995,10,31,JPY,752.7,-2.17,-0.95,-12.98,한국무역보험공사_환율_20230718.csv
1995-11-01,1995,11,1,JPY,750.69,-2.15,-2.05,-13.38,한국무역보험공사_환율_20230718.csv
1995-11-02,1995,11,2,JPY,742.05,-2.78,-2.83,-14.34,한국무역보험공사_환율_20230718.csv
1995-11-03,1995,11,3,JPY,739.44,-2.05,-3.32,-14.43,한국무역보험공사_환율_20230718.csv
1995-11-04,1995,11,4,JPY,743.32,-1.63,-3.71,-12.9,한국무역보험공사_환율_20230718.csv
1995-11-06,1995,11,6,JPY,743.21,-1.23,-3.54,-13.2,한국무역보험공사_환율_20230718.csv
1995-11-07,1995,11,7,JPY,746.92,-0.74,-2.36,-13.95,한국무역보험공사_환율_20230718.csv
1995-11-08,1995,11,8,JPY,749.79,-0.39,-0.96,-12.53,한국무역보험공사_환율_20230718.csv
1995-11-09,1995,11,9,JPY,753.4,0.36,-1.49,-11.79,한국무역보험공사_환율_20230718.csv
1995-11-10,1995,11,10,JPY,765.5,3.16,-0.5,-10.1,한국무역보험공사_환율_20230718.csv
1995-11-11,1995,11,11,JPY,761.65,3.0,-0.38,-11.77,한국무역보험공사_환율_20230718.csv
1995-11-13,1995,11,13,JPY,761.83,2.49,0.23,-11.33,한국무역보험공사_환율_20230718.csv
1995-11-14,1995,11,14,JPY,755.89,1.71,-1.29,-12.25,한국무역보험공사_환율_20230718.csv
1995-11-15,1995,11,15,JPY,758.57,1.56,-0.75,-11.55,한국무역보험공사_환율_20230718.csv
1995-11-16,1995,11,16,JPY,758.94,1.22,-0.08,-11.61,한국무역보험공사_환율_20230718.csv
1995-11-17,1995,11,17,JPY,752.62,-0.1,-1.73,-12.15,한국무역보험공사_환율_20230718.csv
1995-11-18,1995,11,18,JPY,753.3,-1.59,-1.04,-11.89,한국무역보험공사_환율_20230718.csv
1995-11-20,1995,11,20,JPY,751.83,-1.29,-1.45,-12.48,한국무역보험공사_환율_20230718.csv
1995-11-21,1995,11,21,JPY,761.74,-0.01,-0.33,-8.59,한국무역보험공사_환율_20230718.csv
1995-11-22,1995,11,22,JPY,758.9,0.4,-1.01,-9.24,한국무역보험공사_환율_20230718.csv
1995-11-23,1995,11,23,JPY,761.93,0.44,-0.03,-8.25,한국무역보험공사_환율_20230718.csv
1995-11-24,1995,11,24,JPY,762.78,0.51,-0.07,-7.99,한국무역보험공사_환율_20230718.csv
1995-11-25,1995,11,25,JPY,757.34,0.63,-1.0,-8.85,한국무역보험공사_환율_20230718.csv
1995-11-27,1995,11,27,JPY,756.22,0.39,-1.72,-8.97,한국무역보험공사_환율_20230718.csv
1995-11-28,1995,11,28,JPY,755.77,0.52,-1.48,-8.67,한국무역보험공사_환율_20230718.csv
1995-11-29,1995,11,29,JPY,758.75,-0.39,-0.59,-7.07,한국무역보험공사_환율_20230718.csv
1995-11-30,1995,11,30,JPY,757.09,-0.24,0.29,-6.47,한국무역보험공사_환율_20230718.csv
1995-12-01,1995,12,1,JPY,755.69,-0.82,0.01,-6.25,한국무역보험공사_환율_20230718.csv
1995-12-02,1995,12,2,JPY,761.67,-0.15,1.22,-1.64,한국무역보험공사_환율_20230718.csv
1995-12-04,1995,12,4,JPY,760.06,0.36,1.01,-3.04,한국무역보험공사_환율_20230718.csv
1995-12-05,1995,12,5,JPY,759.86,0.48,0.95,-4.77,한국무역보험공사_환율_20230718.csv
1995-12-06,1995,12,6,JPY,760.57,0.64,1.32,-5.34,한국무역보험공사_환율_20230718.csv
1995-12-07,1995,12,7,JPY,757.8,-0.13,2.12,-5.42,한국무역보험공사_환율_20230718.csv
1995-12-08,1995,12,8,JPY,759.91,0.37,2.77,-5.81,한국무역보험공사_환율_20230718.csv
1995-12-09,1995,12,9,JPY,760.3,0.61,2.28,-4.6,한국무역보험공사_환율_20230718.csv
1995-12-11,1995,12,11,JPY,760.67,-0.13,2.35,-5.33,한국무역보험공사_환율_20230718.csv
1995-12-12,1995,12,12,JPY,761.03,0.13,1.89,-5.32,한국무역보험공사_환율_20230718.csv
1995-12-13,1995,12,13,JPY,757.4,-0.32,1.01,-5.74,한국무역보험공사_환율_20230718.csv
1995-12-14,1995,12,14,JPY,757.4,-0.42,0.53,-5.84,한국무역보험공사_환율_20230718.csv
1995-12-15,1995,12,15,JPY,759.43,0.22,-0.79,-5.17,한국무역보험공사_환율_20230718.csv
1995-12-16,1995,12,16,JPY,756.19,-0.49,-0.72,-3.86,한국무역보험공사_환율_20230718.csv
1995-12-18,1995,12,18,JPY,756.74,-0.47,-0.67,-3.45,한국무역보험공사_환율_20230718.csv
1995-12-19,1995,12,19,JPY,759.72,-0.12,0.51,-4.62,한국무역보험공사_환율_20230718.csv
1995-12-20,1995,12,20,JPY,755.72,-0.7,-0.38,-4.72,한국무역보험공사_환율_20230718.csv
1995-12-21,1995,12,21,JPY,757.41,0.0,-0.2,-4.48,한국무역보험공사_환율_20230718.csv
1995-12-22,1995,12,22,JPY,758.08,0.09,0.73,-3.8,한국무역보험공사_환율_20230718.csv
1995-12-23,1995,12,23,JPY,755.27,-0.55,0.26,-3.96,한국무역보험공사_환율_20230718.csv
1995-12-26,1995,12,26,JPY,752.65,-0.47,0.11,-3.19,한국무역보험공사_환율_20230718.csv
1995-12-27,1995,12,27,JPY,754.22,-0.33,-0.99,-2.85,한국무역보험공사_환율_20230718.csv
1995-12-28,1995,12,28,JPY,750.88,-1.16,-1.06,-2.67,한국무역보험공사_환율_20230718.csv
1995-12-29,1995,12,29,JPY,752.14,-0.47,-1.28,-1.94,한국무역보험공사_환율_20230718.csv
1995-12-30,1995,12,30,JPY,749.23,-1.08,-1.78,-0.5,한국무역보험공사_환율_20230718.csv
1995-12-31,1995,12,31,JPY,749.23,-1.17,-1.07,-1.03,한국무역보험공사_환율_20230718.csv
1996-01-03,1996,1,3,JPY,745.28,-1.32,-1.45,0.01,한국무역보험공사_환율_20230718.csv
1996-01-04,1996,1,4,JPY,741.93,-1.42,-1.83,-0.14,한국무역보험공사_환율_20230718.csv
1996-01-05,1996,1,5,JPY,746.79,-0.99,-1.58,-0.61,한국무역보험공사_환율_20230718.csv
1996-01-06,1996,1,6,JPY,747.51,-0.45,-1.27,0.65,한국무역보험공사_환율_20230718.csv
1996-01-08,1996,1,8,JPY,745.28,-0.91,-1.38,-1.32,한국무역보험공사_환율_20230718.csv
1996-01-09,1996,1,9,JPY,750.15,0.12,-1.51,-3.52,한국무역보험공사_환율_20230718.csv
1996-01-10,1996,1,10,JPY,755.83,0.88,-0.56,-1.86,한국무역보험공사_환율_20230718.csv
1996-01-11,1996,1,11,JPY,751.4,0.82,-1.11,-1.12,한국무역보험공사_환율_20230718.csv
1996-01-12,1996,1,12,JPY,753.42,1.55,-0.94,-1.7,한국무역보험공사_환율_20230718.csv
1996-01-13,1996,1,13,JPY,751.16,0.59,-0.88,-1.64,한국무역보험공사_환율_20230718.csv
1996-01-15,1996,1,15,JPY,750.27,0.37,-1.27,-1.91,한국무역보험공사_환율_20230718.csv
1996-01-16,1996,1,16,JPY,750.31,0.67,-1.31,-2.81,한국무역보험공사_환율_20230718.csv
1996-01-17,1996,1,17,JPY,747.72,-0.32,-1.7,-2.96,한국무역보험공사_환율_20230718.csv
1996-01-18,1996,1,18,JPY,749.53,-0.83,-1.51,-2.02,한국무역보험공사_환율_20230718.csv
1996-01-19,1996,1,19,JPY,747.92,-0.46,-1.25,-1.2,한국무역보험공사_환율_20230718.csv
1996-01-20,1996,1,20,JPY,749.68,-0.5,-1.02,-1.97,한국무역보험공사_환율_20230718.csv
1996-01-22,1996,1,22,JPY,748.79,-0.32,-1.4,-2.67,한국무역보험공사_환율_20230718.csv
1996-01-23,1996,1,23,JPY,745.72,-0.61,-1.38,-2.47,한국무역보험공사_환율_20230718.csv
1996-01-24,1996,1,24,JPY,743.33,-0.93,-1.77,-2.2,한국무역보험공사_환율_20230718.csv
1996-01-25,1996,1,25,JPY,734.77,-1.73,-3.28,-4.05,한국무역보험공사_환율_20230718.csv
1996-01-26,1996,1,26,JPY,735.64,-1.85,-2.66,-3.75,한국무역보험공사_환율_20230718.csv
1996-01-27,1996,1,27,JPY,736.28,-1.56,-2.79,-3.06,한국무역보험공사_환율_20230718.csv
1996-01-29,1996,1,29,JPY,735.46,-1.9,-2.98,-3.97,한국무역보험공사_환율_20230718.csv
1996-01-30,1996,1,30,JPY,733.86,-1.99,-2.83,-3.59,한국무역보험공사_환율_20230718.csv
1996-01-31,1996,1,31,JPY,730.46,-2.05,-2.95,-4.25,한국무역보험공사_환율_20230718.csv
1996-02-01,1996,2,1,JPY,736.21,-0.96,-2.39,-3.67,한국무역보험공사_환율_20230718.csv
1996-02-02,1996,2,2,JPY,734.52,-0.03,-2.18,-4.19,한국무역보험공사_환율_20230718.csv
1996-02-03,1996,2,3,JPY,735.37,-0.04,-2.23,-3.51,한국무역보험공사_환율_20230718.csv
1996-02-05,1996,2,5,JPY,736.75,0.06,-1.67,-3.48,한국무역보험공사_환율_20230718.csv
1996-02-06,1996,2,6,JPY,740.68,0.71,-1.14,-3.18,한국무역보험공사_환율_20230718.csv
1996-02-07,1996,2,7,JPY,740.76,0.94,-0.61,-3.72,한국무역보험공사_환율_20230718.csv
1996-02-08,1996,2,8,JPY,734.43,0.54,-1.01,-4.27,한국무역보험공사_환율_20230718.csv
1996-02-09,1996,2,9,JPY,729.57,-0.9,-2.31,-4.41,한국무역보험공사_환율_20230718.csv
1996-02-10,1996,2,10,JPY,729.91,-0.63,-2.35,-3.31,한국무역보험공사_환율_20230718.csv
1996-02-12,1996,2,12,JPY,729.46,-0.8,-2.12,-3.46,한국무역보험공사_환율_20230718.csv
1996-02-13,1996,2,13,JPY,728.78,-1.08,-2.85,-3.15,한국무역보험공사_환율_20230718.csv
1996-02-14,1996,2,14,JPY,729.71,-1.48,-3.46,-3.02,한국무역보험공사_환율_20230718.csv
1996-02-15,1996,2,15,JPY,732.97,-1.05,-2.45,-2.62,한국무역보험공사_환율_20230718.csv
1996-02-16,1996,2,16,JPY,737.0,0.35,-2.18,-1.82,한국무역보험공사_환율_20230718.csv
1996-02-17,1996,2,17,JPY,740.86,1.55,-1.37,-0.16,한국무역보험공사_환율_20230718.csv
1996-02-21,1996,2,21,JPY,735.44,0.76,-1.98,-0.54,한국무역보험공사_환율_20230718.csv
1996-02-22,1996,2,22,JPY,740.57,1.52,-1.3,-0.37,한국무역보험공사_환율_20230718.csv
1996-02-23,1996,2,23,JPY,741.29,1.72,-0.86,-0.26,한국무역보험공사_환율_20230718.csv
1996-02-24,1996,2,24,JPY,743.92,1.95,-0.75,-0.4,한국무역보험공사_환율_20230718.csv
1996-02-26,1996,2,26,JPY,744.27,1.54,-0.49,-0.74,한국무역보험공사_환율_20230718.csv
1996-02-27,1996,2,27,JPY,746.39,1.27,-0.44,-0.93,한국무역보험공사_환율_20230718.csv
1996-02-28,1996,2,28,JPY,746.59,0.77,-0.29,-2.47,한국무역보험공사_환율_20230718.csv
1996-02-29,1996,2,29,JPY,744.23,1.2,-0.2,-2.29,한국무역보험공사_환율_20230718.csv
1996-03-02,1996,3,2,JPY,743.67,0.42,0.05,-2.38,한국무역보험공사_환율_20230718.csv
1996-03-04,1996,3,4,JPY,742.79,0.2,1.09,-1.73,한국무역보험공사_환율_20230718.csv
1996-03-05,1996,3,5,JPY,741.74,-0.29,0.83,-2.22,한국무역보험공사_환율_20230718.csv
1996-03-06,1996,3,6,JPY,741.23,-0.41,0.67,-2.33,한국무역보험공사_환율_20230718.csv
1996-03-07,1996,3,7,JPY,738.72,-1.03,0.44,-1.85,한국무역보험공사_환율_20230718.csv
1996-03-08,1996,3,8,JPY,738.59,-1.07,0.64,-1.95,한국무역보험공사_환율_20230718.csv
1996-03-09,1996,3,9,JPY,735.43,-1.18,0.68,-2.18,한국무역보험공사_환율_20230718.csv
1996-03-11,1996,3,11,JPY,732.49,-1.5,-0.51,-3.84,한국무역보험공사_환율_20230718.csv
1996-03-12,1996,3,12,JPY,738.97,-0.51,0.61,-2.63,한국무역보험공사_환율_20230718.csv
1996-03-13,1996,3,13,JPY,740.51,-0.17,0.7,-2.81,한국무역보험공사_환율_20230718.csv
1996-03-14,1996,3,14,JPY,741.49,0.04,0.64,-2.79,한국무역보험공사_환율_20230718.csv
1996-03-15,1996,3,15,JPY,740.16,0.19,-0.07,-2.27,한국무역보험공사_환율_20230718.csv
1996-03-16,1996,3,16,JPY,737.8,-0.11,-0.4,-2.44,한국무역보험공사_환율_20230718.csv
1996-03-18,1996,3,18,JPY,736.86,0.19,0.33,-2.5,한국무역보험공사_환율_20230718.csv
1996-03-19,1996,3,19,JPY,737.2,0.64,1.05,-2.84,한국무역보험공사_환율_20230718.csv
1996-03-20,1996,3,20,JPY,736.06,-0.39,0.84,-2.78,한국무역보험공사_환율_20230718.csv
1996-03-21,1996,3,21,JPY,735.36,-0.7,0.81,-2.69,한국무역보험공사_환율_20230718.csv
1996-03-22,1996,3,22,JPY,733.71,-1.05,0.68,-3.67,한국무역보험공사_환율_20230718.csv
1996-03-23,1996,3,23,JPY,733.75,-0.87,0.55,-3.46,한국무역보험공사_환율_20230718.csv
1996-03-25,1996,3,25,JPY,736.82,-0.13,0.53,-3.03,한국무역보험공사_환율_20230718.csv
1996-03-26,1996,3,26,JPY,736.3,-0.08,-0.09,-3.19,한국무역보험공사_환율_20230718.csv
1996-03-27,1996,3,27,JPY,735.46,-0.24,-0.73,-2.95,한국무역보험공사_환율_20230718.csv
1996-03-28,1996,3,28,JPY,733.75,-0.31,-0.23,-3.44,한국무역보험공사_환율_20230718.csv
1996-03-29,1996,3,29,JPY,736.47,0.15,-0.55,-3.13,한국무역보험공사_환율_20230718.csv
1996-03-30,1996,3,30,JPY,729.76,-0.54,-1.56,-4.06,한국무역보험공사_환율_20230718.csv
1996-04-01,1996,4,1,JPY,727.55,-0.84,-2.2,-4.4,한국무역보험공사_환율_20230718.csv
1996-04-02,1996,4,2,JPY,726.86,-1.35,-2.34,-4.03,한국무역보험공사_환율_20230718.csv
1996-04-03,1996,4,3,JPY,725.63,-1.45,-2.78,-4.19,한국무역보험공사_환율_20230718.csv
1996-04-04,1996,4,4,JPY,729.69,-0.78,-2.26,-3.92,한국무역보험공사_환율_20230718.csv
1996-04-06,1996,4,6,JPY,724.14,-1.31,-2.7,-4.24,한국무역보험공사_환율_20230718.csv
1996-04-08,1996,4,8,JPY,723.43,-1.77,-2.72,-4.4,한국무역보험공사_환율_20230718.csv
1996-04-09,1996,4,9,JPY,723.32,-0.88,-2.62,-4.79,한국무역보험공사_환율_20230718.csv
1996-04-10,1996,4,10,JPY,720.92,-0.91,-2.81,-4.6,한국무역보험공사_환율_20230718.csv
1996-04-12,1996,4,12,JPY,718.67,-1.13,-3.04,-5.11,한국무역보험공사_환율_20230718.csv
1996-04-13,1996,4,13,JPY,720.69,-0.68,-2.44,-4.93,한국무역보험공사_환율_20230718.csv
1996-04-15,1996,4,15,JPY,719.06,-1.46,-2.64,-4.79,한국무역보험공사_환율_20230718.csv
1996-04-16,1996,4,16,JPY,721.66,-0.34,-1.87,-4.12,한국무역보험공사_환율_20230718.csv
1996-04-17,1996,4,17,JPY,723.16,-0.04,-1.27,-4.12,한국무역보험공사_환율_20230718.csv
1996-04-18,1996,4,18,JPY,722.79,-0.07,-2.19,-3.74,한국무역보험공사_환율_20230718.csv
1996-04-19,1996,4,19,JPY,729.44,1.18,-1.49,-3.02,한국무역보험공사_환율_20230718.csv
1996-04-20,1996,4,20,JPY,725.76,0.99,-2.12,-3.13,한국무역보험공사_환율_20230718.csv
1996-04-22,1996,4,22,JPY,724.44,0.52,-2.12,-3.31,한국무역보험공사_환율_20230718.csv
1996-04-23,1996,4,23,JPY,729.65,1.47,-1.1,-2.1,한국무역보험공사_환율_20230718.csv
1996-04-24,1996,4,24,JPY,730.73,1.26,-0.83,-1.51,한국무역보험공사_환율_20230718.csv
1996-04-25,1996,4,25,JPY,731.02,1.09,-0.84,-2.11,한국무역보험공사_환율_20230718.csv
1996-04-26,1996,4,26,JPY,731.64,1.22,-0.6,-2.12,한국무역보험공사_환율_20230718.csv
1996-04-27,1996,4,27,JPY,737.4,1.09,0.28,-1.06,한국무역보험공사_환율_20230718.csv
1996-04-29,1996,4,29,JPY,739.15,1.84,0.74,-1.47,한국무역보험공사_환율_20230718.csv
1996-04-30,1996,4,30,JPY,742.15,2.44,1.14,-1.81,한국무역보험공사_환율_20230718.csv
1996-05-02,1996,5,2,JPY,739.51,1.35,0.37,-1.58,한국무역보험공사_환율_20230718.csv
1996-05-03,1996,5,3,JPY,745.06,1.96,1.19,-1.11,한국무역보험공사_환율_20230718.csv
1996-05-04,1996,5,4,JPY,740.64,1.32,0.7,-1.4,한국무역보험공사_환율_20230718.csv
1996-05-06,1996,5,6,JPY,741.59,1.36,1.07,-1.16,한국무역보험공사_환율_20230718.csv
1996-05-07,1996,5,7,JPY,741.93,0.61,0.74,-1.12,한국무역보험공사_환율_20230718.csv
1996-05-08,1996,5,8,JPY,738.68,-0.06,1.22,-1.21,한국무역보험공사_환율_20230718.csv
1996-05-09,1996,5,9,JPY,740.09,-0.28,1.72,-1.26,한국무역보험공사_환율_20230718.csv
1996-05-10,1996,5,10,JPY,743.27,0.51,2.26,-0.62,한국무역보험공사_환율_20230718.csv
1996-05-11,1996,5,11,JPY,737.74,-0.98,1.67,-1.59,한국무역보험공사_환율_20230718.csv
1996-05-13,1996,5,13,JPY,738.47,-0.29,1.2,-1.38,한국무역보험공사_환율_20230718.csv
1996-05-14,1996,5,14,JPY,740.79,-0.11,2.3,-0.66,한국무역보험공사_환율_20230718.csv
1996-05-15,1996,5,15,JPY,734.92,-0.94,1.59,-1.13,한국무역보험공사_환율_20230718.csv
1996-05-16,1996,5,16,JPY,727.94,-1.45,0.64,-0.93,한국무역보험공사_환율_20230718.csv
1996-05-17,1996,5,17,JPY,731.52,-1.16,1.47,-0.56,한국무역보험공사_환율_20230718.csv
1996-05-18,1996,5,18,JPY,729.9,-1.8,1.56,-0.87,한국무역보험공사_환율_20230718.csv
1996-05-20,1996,5,20,JPY,729.49,-1.12,1.22,-0.81,한국무역보험공사_환율_20230718.csv
1996-05-21,1996,5,21,JPY,728.44,-1.36,1.3,-0.74,한국무역보험공사_환율_20230718.csv
1996-05-22,1996,5,22,JPY,727.37,-1.81,0.79,-0.42,한국무역보험공사_환율_20230718.csv
1996-05-23,1996,5,23,JPY,729.81,-0.7,0.92,-0.87,한국무역보험공사_환율_20230718.csv
1996-05-25,1996,5,25,JPY,724.37,-0.49,0.22,-1.38,한국무역보험공사_환율_20230718.csv
1996-05-27,1996,5,27,JPY,725.05,-0.88,-0.6,-1.4,한국무역보험공사_환율_20230718.csv
1996-05-28,1996,5,28,JPY,723.79,-0.84,-0.27,-1.76,한국무역보험공사_환율_20230718.csv
1996-05-29,1996,5,29,JPY,722.74,-0.93,-0.23,-2.42,한국무역보험공사_환율_20230718.csv
1996-05-30,1996,5,30,JPY,728.74,0.04,-0.12,-1.62,한국무역보험공사_환율_20230718.csv
1996-05-31,1996,5,31,JPY,731.74,0.6,0.14,-0.37,한국무역보험공사_환율_20230718.csv
1996-06-01,1996,6,1,JPY,729.94,0.02,-0.15,0.05,한국무역보험공사_환율_20230718.csv
1996-06-03,1996,6,3,JPY,729.47,0.7,-0.3,-0.06,한국무역보험공사_환율_20230718.csv
1996-06-04,1996,6,4,JPY,724.72,-0.05,-1.72,-0.65,한국무역보험공사_환율_20230718.csv
1996-06-05,1996,6,5,JPY,723.31,-0.07,-2.14,-0.75,한국무역보험공사_환율_20230718.csv
1996-06-07,1996,6,7,JPY,719.93,-0.39,-2.99,-1.34,한국무역보험공사_환율_20230718.csv
1996-06-08,1996,6,8,JPY,720.11,-1.18,-2.62,-1.75,한국무역보험공사_환율_20230718.csv
1996-06-10,1996,6,10,JPY,718.96,-1.75,-3.5,-2.45,한국무역보험공사_환율_20230718.csv
1996-06-11,1996,6,11,JPY,723.26,-0.92,-2.35,-2.38,한국무역보험공사_환율_20230718.csv
1996-06-12,1996,6,12,JPY,722.68,-0.93,-2.55,-1.74,한국무역보험공사_환율_20230718.csv
1996-06-13,1996,6,13,JPY,729.51,0.66,-1.67,-1.49,한국무역보험공사_환율_20230718.csv
1996-06-14,1996,6,14,JPY,733.03,1.34,-0.76,-1.11,한국무역보험공사_환율_20230718.csv
1996-06-15,1996,6,15,JPY,729.82,1.37,-1.39,-1.9,한국무역보험공사_환율_20230718.csv
1996-06-17,1996,6,17,JPY,729.82,1.35,-1.81,-1.94,한국무역보험공사_환율_20230718.csv
1996-06-18,1996,6,18,JPY,730.8,1.65,-0.94,-2.09,한국무역보험공사_환율_20230718.csv
1996-06-19,1996,6,19,JPY,740.06,2.32,0.22,-0.87,한국무역보험공사_환율_20230718.csv
1996-06-20,1996,6,20,JPY,740.74,2.5,-0.01,-0.47,한국무역보험공사_환율_20230718.csv
1996-06-21,1996,6,21,JPY,748.15,2.56,1.8,0.6,한국무역보험공사_환율_20230718.csv
1996-06-22,1996,6,22,JPY,744.72,1.59,2.31,0.26,한국무역보험공사_환율_20230718.csv
1996-06-24,1996,6,24,JPY,746.19,2.24,2.01,0.6,한국무역보험공사_환율_20230718.csv
1996-06-25,1996,6,25,JPY,743.81,1.92,1.91,0.35,한국무역보험공사_환율_20230718.csv
1996-06-26,1996,6,26,JPY,744.72,1.9,2.09,0.81,한국무역보험공사_환율_20230718.csv
1996-06-27,1996,6,27,JPY,739.38,-0.09,1.5,0.11,한국무역보험공사_환율_20230718.csv
1996-06-28,1996,6,28,JPY,740.0,-0.1,1.74,0.62,한국무역보험공사_환율_20230718.csv
1996-06-29,1996,6,29,JPY,738.76,-1.26,1.23,0.86,한국무역보험공사_환율_20230718.csv
1996-07-01,1996,7,1,JPY,738.08,-0.89,1.89,-0.12,한국무역보험공사_환율_20230718.csv
1996-07-02,1996,7,2,JPY,737.85,-1.12,1.77,-0.36,한국무역보험공사_환율_20230718.csv
1996-07-03,1996,7,3,JPY,735.55,-1.11,1.62,-0.8,한국무역보험공사_환율_20230718.csv
1996-07-04,1996,7,4,JPY,734.17,-1.42,1.58,-0.81,한국무역보험공사_환율_20230718.csv
1996-07-05,1996,7,5,JPY,732.23,-0.97,0.48,-0.75,한국무역보험공사_환율_20230718.csv
1996-07-06,1996,7,6,JPY,733.57,-0.87,0.25,-0.45,한국무역보험공사_환율_20230718.csv
1996-07-08,1996,7,8,JPY,732.91,-0.79,0.41,-0.58,한국무역보험공사_환율_20230718.csv
1996-07-09,1996,7,9,JPY,734.15,-0.53,0.64,-0.26,한국무역보험공사_환율_20230718.csv
1996-07-10,1996,7,10,JPY,735.54,-0.31,1.49,0.02,한국무역보험공사_환율_20230718.csv
1996-07-11,1996,7,11,JPY,734.0,-0.21,1.48,0.04,한국무역보험공사_환율_20230718.csv
1996-07-12,1996,7,12,JPY,737.18,0.41,2.4,0.47,한국무역보험공사_환율_20230718.csv
1996-07-13,1996,7,13,JPY,733.17,0.13,1.81,-0.5,한국무역보험공사_환율_20230718.csv
1996-07-15,1996,7,15,JPY,734.96,0.19,2.23,-0.18,한국무역보험공사_환율_20230718.csv
1996-07-16,1996,7,16,JPY,739.17,0.85,2.2,0.5,한국무역보험공사_환율_20230718.csv
1996-07-18,1996,7,18,JPY,748.32,1.93,3.55,1.99,한국무역보험공사_환율_20230718.csv
1996-07-19,1996,7,19,JPY,748.92,1.82,2.66,1.69,한국무역보험공사_환율_20230718.csv
1996-07-20,1996,7,20,JPY,754.37,2.78,2.91,3.37,한국무역보험공사_환율_20230718.csv
1996-07-22,1996,7,22,JPY,753.01,2.15,3.18,3.5,한국무역보험공사_환율_20230718.csv
1996-07-23,1996,7,23,JPY,758.52,3.46,3.93,4.36,한국무역보험공사_환율_20230718.csv
1996-07-24,1996,7,24,JPY,754.71,2.69,3.27,4.01,한국무역보험공사_환율_20230718.csv
1996-07-25,1996,7,25,JPY,750.48,1.53,1.41,2.85,한국무역보험공사_환율_20230718.csv
1996-07-26,1996,7,26,JPY,753.19,0.65,1.68,4.01,한국무역보험공사_환율_20230718.csv
1996-07-27,1996,7,27,JPY,751.19,0.3,0.41,3.84,한국무역보험공사_환율_20230718.csv
1996-07-29,1996,7,29,JPY,750.74,-0.48,0.81,3.79,한국무역보험공사_환율_20230718.csv
1996-07-30,1996,7,30,JPY,753.1,0.01,0.93,4.46,한국무역보험공사_환율_20230718.csv
1996-07-31,1996,7,31,JPY,753.2,-0.7,1.26,4.8,한국무역보험공사_환율_20230718.csv
1996-08-01,1996,8,1,JPY,762.39,1.02,2.37,5.79,한국무역보험공사_환율_20230718.csv
1996-08-02,1996,8,2,JPY,759.27,1.17,2.69,5.59,한국무역보험공사_환율_20230718.csv
1996-08-03,1996,8,3,JPY,761.69,1.13,2.93,5.55,한국무역보험공사_환율_20230718.csv
1996-08-05,1996,8,5,JPY,761.44,1.36,3.07,5.29,한국무역보험공사_환율_20230718.csv
1996-08-06,1996,8,6,JPY,764.78,1.87,3.62,5.81,한국무역보험공사_환율_20230718.csv
1996-08-07,1996,8,7,JPY,762.32,1.22,3.32,4.51,한국무역보험공사_환율_20230718.csv
1996-08-08,1996,8,8,JPY,753.63,0.06,2.46,3.84,한국무역보험공사_환율_20230718.csv
1996-08-09,1996,8,9,JPY,752.32,-1.32,2.47,3.85,한국무역보험공사_환율_20230718.csv
1996-08-10,1996,8,10,JPY,752.04,-0.95,2.71,3.07,한국무역보험공사_환율_20230718.csv
1996-08-12,1996,8,12,JPY,753.19,-1.12,2.67,3.07,한국무역보험공사_환율_20230718.csv
1996-08-13,1996,8,13,JPY,756.53,-0.64,3.22,3.49,한국무역보험공사_환율_20230718.csv
1996-08-14,1996,8,14,JPY,757.36,-0.97,3.16,3.52,한국무역보험공사_환율_20230718.csv
1996-08-16,1996,8,16,JPY,763.03,0.09,3.74,3.48,한국무역보험공사_환율_20230718.csv
1996-08-17,1996,8,17,JPY,762.7,1.2,3.91,3.19,한국무역보험공사_환율_20230718.csv
1996-08-19,1996,8,19,JPY,762.95,1.41,3.5,2.8,한국무역보험공사_환율_20230718.csv
1996-08-20,1996,8,20,JPY,757.94,0.78,3.38,2.49,한국무역보험공사_환율_20230718.csv
1996-08-21,1996,8,21,JPY,756.35,0.42,2.91,1.52,한국무역보험공사_환율_20230718.csv
1996-08-22,1996,8,22,JPY,755.17,-0.18,2.16,1.96,한국무역보험공사_환율_20230718.csv
1996-08-23,1996,8,23,JPY,755.61,-0.23,0.97,1.89,한국무역보험공사_환율_20230718.csv
1996-08-24,1996,8,24,JPY,756.63,-0.84,1.03,1.98,한국무역보험공사_환율_20230718.csv
1996-08-26,1996,8,26,JPY,757.83,-0.64,0.46,2.59,한국무역보험공사_환율_20230718.csv
1996-08-27,1996,8,27,JPY,759.45,-0.46,0.86,2.62,한국무역보험공사_환율_20230718.csv
1996-08-28,1996,8,28,JPY,759.67,0.23,0.15,2.21,한국무역보험공사_환율_20230718.csv
1996-08-29,1996,8,29,JPY,755.41,-0.12,0.09,2.4,한국무역보험공사_환율_20230718.csv
1996-08-30,1996,8,30,JPY,755.37,0.03,0.65,2.29,한국무역보험공사_환율_20230718.csv
1996-08-31,1996,8,31,JPY,752.09,-0.47,-0.15,1.53,한국무역보험공사_환율_20230718.csv
1996-09-02,1996,9,2,JPY,752.57,-0.54,0.18,2.4,한국무역보험공사_환율_20230718.csv
1996-09-03,1996,9,3,JPY,750.62,-0.95,-0.02,3.12,한국무역보험공사_환율_20230718.csv
1996-09-04,1996,9,4,JPY,750.09,-1.23,-0.4,2.54,한국무역보험공사_환율_20230718.csv
1996-09-05,1996,9,5,JPY,752.67,-0.92,-0.07,3.12,한국무역보험공사_환율_20230718.csv
1996-09-06,1996,9,6,JPY,749.38,-0.8,-1.71,2.73,한국무역보험공사_환율_20230718.csv
1996-09-07,1996,9,7,JPY,749.87,-0.73,-1.24,2.94,한국무역보험공사_환율_20230718.csv
1996-09-09,1996,9,9,JPY,749.08,-0.4,-1.66,2.98,한국무역보험공사_환율_20230718.csv
1996-09-10,1996,9,10,JPY,749.93,-0.35,-1.51,2.76,한국무역보험공사_환율_20230718.csv
1996-09-11,1996,9,11,JPY,746.81,-0.51,-2.35,3.1,한국무역보험공사_환율_20230718.csv
1996-09-12,1996,9,12,JPY,745.0,-0.68,-2.27,2.75,한국무역보험공사_환율_20230718.csv
1996-09-13,1996,9,13,JPY,747.21,-0.73,-0.85,3.24,한국무역보험공사_환율_20230718.csv
1996-09-14,1996,9,14,JPY,744.78,-0.61,-1.0,3.05,한국무역보험공사_환율_20230718.csv
1996-09-16,1996,9,16,JPY,745.39,-0.6,-0.88,2.28,한국무역보험공사_환율_20230718.csv
1996-09-17,1996,9,17,JPY,751.27,0.29,-0.25,2.67,한국무역보험공사_환율_20230718.csv
1996-09-18,1996,9,18,JPY,750.85,0.12,-0.75,2.86,한국무역보험공사_환율_20230718.csv
1996-09-19,1996,9,19,JPY,758.91,1.62,0.2,4.04,한국무역보험공사_환율_20230718.csv
1996-09-20,1996,9,20,JPY,753.3,1.11,-1.28,3.94,한국무역보험공사_환율_20230718.csv
1996-09-21,1996,9,21,JPY,748.12,0.12,-1.91,3.43,한국무역보험공사_환율_20230718.csv
1996-09-23,1996,9,23,JPY,747.99,0.43,-1.96,3.9,한국무역보험공사_환율_20230718.csv
1996-09-24,1996,9,24,JPY,746.72,0.18,-1.48,3.7,한국무역보험공사_환율_20230718.csv
1996-09-25,1996,9,25,JPY,750.43,-0.11,-0.78,4.38,한국무역보험공사_환율_20230718.csv
1996-09-30,1996,9,30,JPY,740.15,-1.43,-1.99,2.34,한국무역보험공사_환율_20230718.csv
1996-10-01,1996,10,1,JPY,740.56,-2.42,-1.99,2.47,한국무역보험공사_환율_20230718.csv
1996-10-02,1996,10,2,JPY,737.37,-2.11,-2.55,1.08,한국무역보험공사_환율_20230718.csv
1996-10-04,1996,10,4,JPY,735.81,-1.65,-2.91,0.38,한국무역보험공사_환율_20230718.csv
1996-10-05,1996,10,5,JPY,737.15,-1.45,-2.94,1.0,한국무역보험공사_환율_20230718.csv
1996-10-07,1996,10,7,JPY,736.13,-1.42,-3.1,0.86,한국무역보험공사_환율_20230718.csv
1996-10-08,1996,10,8,JPY,743.9,-0.87,-1.52,1.79,한국무역보험공사_환율_20230718.csv
1996-10-09,1996,10,9,JPY,741.62,0.2,-1.82,0.21,한국무역보험공사_환율_20230718.csv
1996-10-10,1996,10,10,JPY,744.11,0.48,-1.06,0.45,한국무역보험공사_환율_20230718.csv
1996-10-11,1996,10,11,JPY,745.61,1.12,-0.92,-0.34,한국무역보험공사_환율_20230718.csv
1996-10-12,1996,10,12,JPY,742.9,0.96,-1.03,-0.24,한국무역보험공사_환율_20230718.csv
1996-10-14,1996,10,14,JPY,742.23,0.69,-1.05,-0.53,한국무역보험공사_환율_20230718.csv
1996-10-15,1996,10,15,JPY,742.28,0.84,-1.38,-0.21,한국무역보험공사_환율_20230718.csv
1996-10-16,1996,10,16,JPY,738.31,-0.75,-1.48,-0.86,한국무역보험공사_환율_20230718.csv
1996-10-17,1996,10,17,JPY,737.73,-0.52,-1.62,-0.22,한국무역보험공사_환율_20230718.csv
1996-10-18,1996,10,18,JPY,736.83,-0.98,-1.64,-0.43,한국무역보험공사_환율_20230718.csv
1996-10-19,1996,10,19,JPY,734.89,-1.44,-2.01,-0.52,한국무역보험공사_환율_20230718.csv
1996-10-21,1996,10,21,JPY,734.92,-1.07,-1.59,-0.43,한국무역보험공사_환율_20230718.csv
1996-10-22,1996,10,22,JPY,734.84,-1.0,-1.36,-0.41,한국무역보험공사_환율_20230718.csv
1996-10-23,1996,10,23,JPY,738.21,-0.55,-1.2,0.36,한국무역보험공사_환율_20230718.csv
1996-10-24,1996,10,24,JPY,732.42,-0.8,-1.66,-0.24,한국무역보험공사_환율_20230718.csv
1996-10-25,1996,10,25,JPY,732.98,-0.64,-1.66,0.1,한국무역보험공사_환율_20230718.csv
1996-10-26,1996,10,26,JPY,731.04,-0.79,-2.69,-0.34,한국무역보험공사_환율_20230718.csv
1996-10-28,1996,10,28,JPY,730.85,-0.55,-2.66,-0.28,한국무역보험공사_환율_20230718.csv
1996-10-29,1996,10,29,JPY,725.38,-1.3,-4.42,-1.19,한국무역보험공사_환율_20230718.csv
1996-10-30,1996,10,30,JPY,729.47,-0.73,-3.16,-0.83,한국무역보험공사_환율_20230718.csv
1996-10-31,1996,10,31,JPY,729.85,-1.13,-2.44,-0.57,한국무역보험공사_환율_20230718.csv
1996-11-01,1996,11,1,JPY,726.6,-0.79,-2.86,-1.44,한국무역보험공사_환율_20230718.csv
1996-11-02,1996,11,2,JPY,727.51,-0.75,-2.57,-0.77,한국무역보험공사_환율_20230718.csv
1996-11-04,1996,11,4,JPY,727.99,-0.42,-2.99,-0.95,한국무역보험공사_환율_20230718.csv
1996-11-05,1996,11,5,JPY,725.79,-0.69,-1.94,-1.81,한국무역보험공사_환율_20230718.csv
1996-11-06,1996,11,6,JPY,723.06,-0.32,-2.36,-3.38,한국무역보험공사_환율_20230718.csv
1996-11-07,1996,11,7,JPY,731.69,0.3,-0.77,-2.3,한국무역보험공사_환율_20230718.csv
1996-11-08,1996,11,8,JPY,738.32,1.16,0.34,-2.13,한국무역보험공사_환율_20230718.csv
1996-11-09,1996,11,9,JPY,742.45,2.18,0.72,-1.4,한국무역보험공사_환율_20230718.csv
1996-11-11,1996,11,11,JPY,744.28,2.31,1.11,-1.88,한국무역보험공사_환율_20230718.csv
1996-11-12,1996,11,12,JPY,746.16,2.5,0.3,-1.13,한국무역보험공사_환율_20230718.csv
1996-11-13,1996,11,13,JPY,741.35,2.14,-0.04,-1.22,한국무역보험공사_환율_20230718.csv
1996-11-14,1996,11,14,JPY,741.49,2.55,-0.35,-1.55,한국무역보험공사_환율_20230718.csv
1996-11-15,1996,11,15,JPY,744.59,1.76,-0.14,-0.88,한국무역보험공사_환율_20230718.csv
1996-11-16,1996,11,16,JPY,745.35,0.95,0.33,-0.72,한국무역보험공사_환율_20230718.csv
1996-11-18,1996,11,18,JPY,746.87,0.6,0.63,-0.83,한국무역보험공사_환율_20230718.csv
1996-11-19,1996,11,19,JPY,742.8,-0.2,0.07,-1.38,한국무역보험공사_환율_20230718.csv
1996-11-20,1996,11,20,JPY,742.27,-0.52,0.54,-2.64,한국무역보험공사_환율_20230718.csv
1996-11-21,1996,11,21,JPY,743.27,0.26,0.75,-2.11,한국무역보험공사_환율_20230718.csv
1996-11-22,1996,11,22,JPY,745.25,0.51,1.14,-2.16,한국무역보험공사_환율_20230718.csv
1996-11-23,1996,11,23,JPY,743.92,-0.09,1.23,-2.3,한국무역보험공사_환율_20230718.csv
1996-11-25,1996,11,25,JPY,743.05,-0.31,1.11,-2.84,한국무역보험공사_환율_20230718.csv
1996-11-26,1996,11,26,JPY,736.12,-1.44,0.17,-3.44,한국무역보험공사_환율_20230718.csv
1996-11-27,1996,11,27,JPY,737.84,-0.67,-0.05,-2.1,한국무역보험공사_환율_20230718.csv
1996-11-28,1996,11,28,JPY,733.32,-1.21,0.12,-2.53,한국무역보험공사_환율_20230718.csv
1996-11-29,1996,11,29,JPY,728.3,-2.01,-0.64,-3.16,한국무역보험공사_환율_20230718.csv
1996-11-30,1996,11,30,JPY,727.79,-2.34,-0.44,-3.37,한국무역보험공사_환율_20230718.csv
1996-12-02,1996,12,2,JPY,727.89,-2.15,-0.41,-3.79,한국무역보험공사_환율_20230718.csv
1996-12-03,1996,12,3,JPY,724.83,-2.45,-0.08,-4.3,한국무역보험공사_환율_20230718.csv
1996-12-04,1996,12,4,JPY,732.98,-0.43,0.48,-3.94,한국무역보험공사_환율_20230718.csv
1996-12-05,1996,12,5,JPY,737.29,-0.07,1.02,-3.33,한국무역보험공사_환율_20230718.csv
1996-12-06,1996,12,6,JPY,738.27,0.68,1.61,-3.23,한국무역보험공사_환율_20230718.csv
1996-12-07,1996,12,7,JPY,736.05,1.06,1.17,-2.89,한국무역보험공사_환율_20230718.csv
1996-12-09,1996,12,9,JPY,734.75,0.96,0.93,-2.86,한국무역보험공사_환율_20230718.csv
1996-12-10,1996,12,10,JPY,734.51,0.91,1.2,-2.74,한국무역보험공사_환율_20230718.csv
1996-12-11,1996,12,11,JPY,737.76,1.78,2.03,-2.36,한국무역보험공사_환율_20230718.csv
1996-12-12,1996,12,12,JPY,744.06,1.51,1.69,-1.66,한국무역보험공사_환율_20230718.csv
1996-12-13,1996,12,13,JPY,744.43,0.97,0.83,-1.77,한국무역보험공사_환율_20230718.csv
1996-12-14,1996,12,14,JPY,739.84,0.21,-0.35,-2.58,한국무역보험공사_환율_20230718.csv
1996-12-16,1996,12,16,JPY,740.36,0.59,-0.53,-2.54,한국무역보험공사_환율_20230718.csv
1996-12-17,1996,12,17,JPY,741.95,0.98,-0.56,-1.78,한국무역보험공사_환율_20230718.csv
1996-12-18,1996,12,18,JPY,741.84,1.0,0.07,-1.79,한국무역보험공사_환율_20230718.csv
1996-12-19,1996,12,19,JPY,743.68,0.8,0.3,-1.12,한국무역보험공사_환율_20230718.csv
1996-12-20,1996,12,20,JPY,739.2,-0.65,-0.72,-1.78,한국무역보험공사_환율_20230718.csv
1996-12-21,1996,12,21,JPY,738.2,-0.84,-0.96,-1.65,한국무역보험공사_환율_20230718.csv
1996-12-23,1996,12,23,JPY,738.69,-0.16,-1.1,-1.52,한국무역보험공사_환율_20230718.csv
1996-12-24,1996,12,24,JPY,739.64,-0.1,-0.43,-1.73,한국무역보험공사_환율_20230718.csv
1996-12-26,1996,12,26,JPY,735.48,-0.87,-0.91,-1.85,한국무역보험공사_환율_20230718.csv
1996-12-27,1996,12,27,JPY,734.4,-1.0,-1.19,-2.06,한국무역보험공사_환율_20230718.csv
1996-12-28,1996,12,28,JPY,731.74,-1.61,-1.81,-2.31,한국무역보험공사_환율_20230718.csv
1996-12-30,1996,12,30,JPY,728.77,-1.41,-2.04,-2.82,한국무역보험공사_환율_20230718.csv
1996-12-31,1996,12,31,JPY,726.51,-1.58,-2.23,-2.72,한국무역보험공사_환율_20230718.csv
1997-01-03,1997,1,3,JPY,730.15,-1.16,-0.81,-1.99,한국무역보험공사_환율_20230718.csv
1997-01-04,1997,1,4,JPY,724.4,-2.06,-1.82,-3.05,한국무역보험공사_환율_20230718.csv
1997-01-06,1997,1,6,JPY,721.03,-1.96,-1.68,-3.19,한국무역보험공사_환율_20230718.csv
1997-01-07,1997,1,7,JPY,730.08,-0.59,0.24,-2.05,한국무역보험공사_환율_20230718.csv
1997-01-08,1997,1,8,JPY,731.41,-0.05,0.5,-2.64,한국무역보험공사_환율_20230718.csv
1997-01-09,1997,1,9,JPY,730.01,0.17,0.29,-2.78,한국무역보험공사_환율_20230718.csv
1997-01-10,1997,1,10,JPY,727.44,0.13,0.36,-4.15,한국무역보험공사_환율_20230718.csv
1997-01-11,1997,1,11,JPY,729.21,-0.13,-0.51,-3.2,한국무역보험공사_환율_20230718.csv
1997-01-13,1997,1,13,JPY,728.93,0.63,-1.13,-2.57,한국무역보험공사_환율_20230718.csv
1997-01-14,1997,1,14,JPY,726.53,0.76,-1.59,-2.87,한국무역보험공사_환율_20230718.csv
1997-01-15,1997,1,15,JPY,724.27,-0.8,-1.6,-3.01,한국무역보험공사_환율_20230718.csv
1997-01-16,1997,1,16,JPY,727.28,-0.56,-1.02,-3.08,한국무역보험공사_환율_20230718.csv
1997-01-17,1997,1,17,JPY,727.97,-0.28,-0.89,-1.65,한국무역보험공사_환율_20230718.csv
1997-01-18,1997,1,18,JPY,723.46,-0.55,-1.94,-2.31,한국무역보험공사_환율_20230718.csv
1997-01-20,1997,1,20,JPY,723.31,-0.81,-2.79,-1.91,한국무역보험공사_환율_20230718.csv
1997-01-21,1997,1,21,JPY,719.09,-1.35,-3.4,-2.27,한국무역보험공사_환율_20230718.csv
1997-01-22,1997,1,22,JPY,720.9,-0.77,-2.56,-2.2,한국무역보험공사_환율_20230718.csv
1997-01-23,1997,1,23,JPY,718.22,-0.84,-2.99,-2.43,한국무역보험공사_환율_20230718.csv
1997-01-24,1997,1,24,JPY,719.76,-1.03,-2.99,-3.25,한국무역보험공사_환율_20230718.csv
1997-01-25,1997,1,25,JPY,718.33,-1.32,-3.17,-3.14,한국무역보험공사_환율_20230718.csv
1997-01-27,1997,1,27,JPY,716.56,-0.95,-3.65,-3.7,한국무역보험공사_환율_20230718.csv
1997-01-28,1997,1,28,JPY,714.14,-1.27,-3.39,-4.22,한국무역보험공사_환율_20230718.csv
1997-01-29,1997,1,29,JPY,703.11,-2.22,-4.75,-5.36,한국무역보험공사_환율_20230718.csv
1997-01-30,1997,1,30,JPY,701.43,-2.7,-5.04,-5.5,한국무역보험공사_환율_20230718.csv
1997-01-31,1997,1,31,JPY,707.91,-1.44,-4.29,-4.63,한국무역보험공사_환율_20230718.csv
1997-02-01,1997,2,1,JPY,711.96,-1.08,-3.2,-3.57,한국무역보험공사_환율_20230718.csv
1997-02-03,1997,2,3,JPY,714.17,-0.58,-2.75,-3.19,한국무역보험공사_환율_20230718.csv
1997-02-04,1997,2,4,JPY,711.37,-0.72,-2.78,-3.46,한국무역보험공사_환율_20230718.csv
1997-02-05,1997,2,5,JPY,708.19,-0.83,-2.82,-3.63,한국무역보험공사_환율_20230718.csv
1997-02-06,1997,2,6,JPY,705.23,0.3,-2.93,-4.04,한국무역보험공사_환율_20230718.csv
1997-02-10,1997,2,10,JPY,708.99,1.08,-2.9,-3.52,한국무역보험공사_환율_20230718.csv
1997-02-11,1997,2,11,JPY,705.79,-0.3,-2.57,-4.39,한국무역보험공사_환율_20230718.csv
1997-02-12,1997,2,12,JPY,702.46,-1.33,-2.58,-4.09,한국무역보험공사_환율_20230718.csv
1997-02-13,1997,2,13,JPY,699.15,-2.1,-4.24,-4.62,한국무역보험공사_환율_20230718.csv
1997-02-14,1997,2,14,JPY,702.01,-1.32,-4.02,-3.97,한국무역보험공사_환율_20230718.csv
1997-02-15,1997,2,15,JPY,703.66,-0.64,-3.61,-3.72,한국무역보험공사_환율_20230718.csv
1997-02-17,1997,2,17,JPY,702.39,-0.4,-3.44,-3.17,한국무역보험공사_환율_20230718.csv
1997-02-18,1997,2,18,JPY,707.3,-0.24,-3.0,-3.04,한국무역보험공사_환율_20230718.csv
1997-02-19,1997,2,19,JPY,697.16,-1.22,-4.36,-4.48,한국무역보험공사_환율_20230718.csv
1997-02-20,1997,2,20,JPY,686.44,-2.28,-5.52,-5.53,한국무역보험공사_환율_20230718.csv
1997-02-21,1997,2,21,JPY,697.23,-0.27,-3.73,-4.16,한국무역보험공사_환율_20230718.csv
1997-02-22,1997,2,22,JPY,695.09,-0.99,-4.43,-4.52,한국무역보험공사_환율_20230718.csv
1997-02-24,1997,2,24,JPY,694.53,-1.3,-4.59,-4.31,한국무역보험공사_환율_20230718.csv
1997-02-25,1997,2,25,JPY,707.92,0.79,-2.15,-2.09,한국무역보험공사_환율_20230718.csv
1997-02-26,1997,2,26,JPY,708.63,0.19,-2.03,-3.15,한국무역보험공사_환율_20230718.csv
1997-02-27,1997,2,27,JPY,707.47,1.48,-1.62,-4.18,한국무역보험공사_환율_20230718.csv
1997-02-28,1997,2,28,JPY,715.3,4.2,-0.78,-3.66,한국무역보험공사_환율_20230718.csv
1997-03-03,1997,3,3,JPY,719.87,3.25,0.23,-3.28,한국무역보험공사_환율_20230718.csv
1997-03-04,1997,3,4,JPY,712.54,2.51,-1.0,-4.51,한국무역보험공사_환율_20230718.csv
1997-03-05,1997,3,5,JPY,707.3,1.84,-1.54,-4.59,한국무역보험공사_환율_20230718.csv
1997-03-06,1997,3,6,JPY,717.3,1.33,0.1,-3.26,한국무역보험공사_환율_20230718.csv
1997-03-07,1997,3,7,JPY,717.03,1.19,0.4,-3.7,한국무역보험공사_환율_20230718.csv
1997-03-08,1997,3,8,JPY,713.26,0.82,1.44,-4.31,한국무역보험공사_환율_20230718.csv
1997-03-10,1997,3,10,JPY,712.41,-0.4,1.57,-4.61,한국무역보험공사_환율_20230718.csv
1997-03-11,1997,3,11,JPY,718.48,-0.19,1.49,-3.27,한국무역보험공사_환율_20230718.csv
1997-03-12,1997,3,12,JPY,719.54,0.98,1.06,-3.06,한국무역보험공사_환율_20230718.csv
1997-03-13,1997,3,13,JPY,718.04,1.52,0.54,-3.39,한국무역보험공사_환율_20230718.csv
1997-03-14,1997,3,14,JPY,712.33,-0.69,0.13,-4.42,한국무역보험공사_환율_20230718.csv
1997-03-15,1997,3,15,JPY,711.74,-0.74,0.5,-4.33,한국무역보험공사_환율_20230718.csv
1997-03-17,1997,3,17,JPY,711.45,-0.25,0.88,-4.25,한국무역보험공사_환율_20230718.csv
1997-03-18,1997,3,18,JPY,710.81,-0.22,0.26,-3.44,한국무역보험공사_환율_20230718.csv
1997-03-19,1997,3,19,JPY,719.93,0.2,2.0,-2.43,한국무역보험공사_환율_20230718.csv
1997-03-20,1997,3,20,JPY,720.49,0.13,2.57,-1.75,한국무역보험공사_환율_20230718.csv
1997-03-21,1997,3,21,JPY,714.6,-0.48,2.21,-1.88,한국무역보험공사_환율_20230718.csv
1997-03-22,1997,3,22,JPY,720.26,1.11,2.6,-1.03,한국무역보험공사_환율_20230718.csv
1997-03-24,1997,3,24,JPY,719.24,1.05,2.21,-1.19,한국무역보험공사_환율_20230718.csv
1997-03-25,1997,3,25,JPY,721.82,1.46,2.77,-0.42,한국무역보험공사_환율_20230718.csv
1997-03-26,1997,3,26,JPY,717.24,0.9,1.41,-2.15,한국무역보험공사_환율_20230718.csv
1997-03-27,1997,3,27,JPY,715.9,-0.56,2.69,-2.9,한국무역보험공사_환율_20230718.csv
1997-03-28,1997,3,28,JPY,722.97,0.34,5.32,-2.07,한국무역보험공사_환율_20230718.csv
1997-03-29,1997,3,29,JPY,722.91,1.16,3.68,-1.79,한국무역보험공사_환율_20230718.csv
1997-03-31,1997,3,31,JPY,723.18,0.41,4.04,-1.57,한국무역보험공사_환율_20230718.csv
1997-04-01,1997,4,1,JPY,720.29,0.15,3.71,-1.94,한국무역보험공사_환율_20230718.csv
1997-04-02,1997,4,2,JPY,732.04,1.42,3.41,-0.78,한국무역보험공사_환율_20230718.csv
1997-04-03,1997,4,3,JPY,729.34,1.69,2.92,-1.98,한국무역보험공사_환율_20230718.csv
1997-04-04,1997,4,4,JPY,730.34,2.02,3.23,-1.89,한국무역보험공사_환율_20230718.csv
1997-04-07,1997,4,7,JPY,717.46,-0.76,0.3,-3.02,한국무역보험공사_환율_20230718.csv
1997-04-08,1997,4,8,JPY,711.16,-1.63,-1.21,-3.94,한국무역보험공사_환율_20230718.csv
1997-04-09,1997,4,9,JPY,708.7,-2.0,-0.54,-4.48,한국무역보험공사_환율_20230718.csv
1997-04-10,1997,4,10,JPY,704.19,-2.24,-0.44,-5.08,한국무역보험공사_환율_20230718.csv
1997-04-11,1997,4,11,JPY,710.85,-2.89,-0.9,-4.41,한국무역보험공사_환율_20230718.csv
1997-04-12,1997,4,12,JPY,706.03,-3.2,-1.53,-4.49,한국무역보험공사_환율_20230718.csv
1997-04-14,1997,4,14,JPY,706.98,-3.2,-0.88,-4.23,한국무역보험공사_환율_20230718.csv
1997-04-15,1997,4,15,JPY,706.53,-1.52,-0.83,-4.35,한국무역보험공사_환율_20230718.csv
1997-04-16,1997,4,16,JPY,709.82,-0.19,-1.21,-4.03,한국무역보험공사_환율_20230718.csv
1997-04-17,1997,4,17,JPY,710.61,0.27,-1.24,-3.38,한국무역보험공사_환율_20230718.csv
1997-04-18,1997,4,18,JPY,709.61,0.77,-1.17,-3.38,한국무역보험공사_환율_20230718.csv
1997-04-19,1997,4,19,JPY,710.05,-0.11,-0.32,-2.96,한국무역보험공사_환율_20230718.csv
1997-04-21,1997,4,21,JPY,710.41,0.62,-0.19,-2.52,한국무역보험공사_환율_20230718.csv
1997-04-22,1997,4,22,JPY,712.37,0.76,0.13,-1.95,한국무역보험공사_환율_20230718.csv
1997-04-23,1997,4,23,JPY,706.33,-0.03,-0.63,-3.26,한국무역보험공사_환율_20230718.csv
1997-04-24,1997,4,24,JPY,707.85,-0.28,-1.68,-2.28,한국무역보험공사_환율_20230718.csv
1997-04-25,1997,4,25,JPY,707.25,-0.47,-1.84,-1.91,한국무역보험공사_환율_20230718.csv
1997-04-26,1997,4,26,JPY,707.01,-0.37,-1.06,-3.16,한국무역보험공사_환율_20230718.csv
1997-04-28,1997,4,28,JPY,703.11,-0.98,-2.38,-3.87,한국무역보험공사_환율_20230718.csv
1997-04-29,1997,4,29,JPY,703.88,-0.92,-2.14,-3.58,한국무역보험공사_환율_20230718.csv
1997-04-30,1997,4,30,JPY,702.72,-1.35,-2.65,-3.4,한국무역보험공사_환율_20230718.csv
1997-05-02,1997,5,2,JPY,704.43,-0.27,-1.79,-3.4,한국무역보험공사_환율_20230718.csv
1997-05-03,1997,5,3,JPY,704.36,-0.49,-1.61,-3.37,한국무역보험공사_환율_20230718.csv
1997-05-06,1997,5,6,JPY,703.53,-0.53,-2.69,-3.17,한국무역보험공사_환율_20230718.csv
1997-05-07,1997,5,7,JPY,713.43,0.91,-1.31,-1.5,한국무역보험공사_환율_20230718.csv
1997-05-08,1997,5,8,JPY,714.73,1.65,-1.17,-1.73,한국무역보험공사_환율_20230718.csv
1997-05-09,1997,5,9,JPY,723.97,2.85,0.51,-0.55,한국무역보험공사_환율_20230718.csv
1997-05-10,1997,5,10,JPY,741.95,5.58,1.35,2.56,한국무역보험공사_환율_20230718.csv
1997-05-12,1997,5,12,JPY,751.64,6.7,3.06,3.92,한국무역보험공사_환율_20230718.csv
1997-05-13,1997,5,13,JPY,749.69,6.44,2.65,4.26,한국무역보험공사_환율_20230718.csv
1997-05-15,1997,5,15,JPY,761.71,8.27,6.17,5.66,한국무역보험공사_환율_20230718.csv
1997-05-16,1997,5,16,JPY,765.11,7.24,7.59,6.53,한국무역보험공사_환율_20230718.csv
1997-05-17,1997,5,17,JPY,771.13,7.89,8.81,7.14,한국무역보험공사_환율_20230718.csv
1997-05-19,1997,5,19,JPY,772.94,6.76,9.76,7.6,한국무역보험공사_환율_20230718.csv
1997-05-20,1997,5,20,JPY,773.16,4.21,8.77,7.9,한국무역보험공사_환율_20230718.csv
1997-05-21,1997,5,21,JPY,788.07,4.85,11.62,10.35,한국무역보험공사_환율_20230718.csv
1997-05-22,1997,5,22,JPY,779.1,3.92,10.2,10.81,한국무역보험공사_환율_20230718.csv
1997-05-23,1997,5,23,JPY,770.11,1.1,9.0,9.79,한국무역보험공사_환율_20230718.csv
1997-05-24,1997,5,24,JPY,770.93,0.76,8.61,8.9,한국무역보험공사_환율_20230718.csv
1997-05-26,1997,5,26,JPY,769.63,-0.19,8.31,8.1,한국무역보험공사_환율_20230718.csv
1997-05-27,1997,5,27,JPY,764.9,-1.04,7.79,7.1,한국무역보험공사_환율_20230718.csv
1997-05-28,1997,5,28,JPY,764.7,-1.09,7.7,7.5,한국무역보험공사_환율_20230718.csv
1997-05-29,1997,5,29,JPY,772.31,-2.0,8.71,9.05,한국무역보험공사_환율_20230718.csv
1997-05-30,1997,5,30,JPY,765.49,-1.75,7.46,8.54,한국무역보험공사_환율_20230718.csv
1997-05-31,1997,5,31,JPY,767.14,-0.39,8.61,8.2,한국무역보험공사_환율_20230718.csv
1997-06-02,1997,6,2,JPY,768.46,-0.32,8.56,8.88,한국무역보험공사_환율_20230718.csv
1997-06-03,1997,6,3,JPY,763.05,-0.85,7.89,8.63,한국무역보험공사_환율_20230718.csv
1997-06-04,1997,6,4,JPY,768.43,0.46,8.69,9.91,한국무역보험공사_환율_20230718.csv
1997-06-05,1997,6,5,JPY,767.44,0.36,9.15,9.32,한국무역보험공사_환율_20230718.csv
1997-06-07,1997,6,7,JPY,778.89,0.85,10.66,10.69,한국무역보험공사_환율_20230718.csv
1997-06-09,1997,6,9,JPY,784.07,2.43,11.58,11.63,한국무역보험공사_환율_20230718.csv
1997-06-10,1997,6,10,JPY,791.81,3.22,12.4,11.95,한국무역보험공사_환율_20230718.csv
1997-06-11,1997,6,11,JPY,795.98,3.58,13.01,14.17,한국무역보험공사_환율_20230718.csv
1997-06-12,1997,6,12,JPY,799.1,4.72,13.58,16.41,한국무역보험공사_환율_20230718.csv
1997-06-13,1997,6,13,JPY,776.38,1.03,8.82,11.35,한국무역보험공사_환율_20230718.csv
1997-06-14,1997,6,14,JPY,774.66,0.94,8.38,11.45,한국무역보험공사_환율_20230718.csv
1997-06-16,1997,6,16,JPY,775.68,-0.41,7.14,11.68,한국무역보험공사_환율_20230718.csv
1997-06-17,1997,6,17,JPY,784.37,0.04,5.72,10.8,한국무역보험공사_환율_20230718.csv
1997-06-18,1997,6,18,JPY,783.86,-1.0,4.29,10.62,한국무역보험공사_환율_20230718.csv
1997-06-19,1997,6,19,JPY,783.54,-1.56,4.52,10.75,한국무역보험공사_환율_20230718.csv
1997-06-20,1997,6,20,JPY,776.23,-2.86,1.91,8.52,한국무역보험공사_환율_20230718.csv
1997-06-21,1997,6,21,JPY,773.53,-0.37,1.1,7.45,한국무역보험공사_환율_20230718.csv
1997-06-23,1997,6,23,JPY,771.31,-0.43,0.02,8.25,한국무역보험공사_환율_20230718.csv
1997-06-24,1997,6,24,JPY,774.46,-0.16,0.2,9.5,한국무역보험공사_환율_20230718.csv
1997-06-25,1997,6,25,JPY,773.76,-1.35,0.08,7.87,한국무역보험공사_환율_20230718.csv
1997-06-26,1997,6,26,JPY,777.15,-0.86,-1.39,8.38,한국무역보험공사_환율_20230718.csv
1997-06-27,1997,6,27,JPY,784.72,0.15,0.72,10.02,한국무역보험공사_환율_20230718.csv
1997-06-28,1997,6,28,JPY,774.75,-0.19,0.6,8.75,한국무역보험공사_환율_20230718.csv
1997-06-30,1997,6,30,JPY,775.29,0.23,0.57,7.91,한국무역보험공사_환율_20230718.csv
1997-07-01,1997,7,1,JPY,774.56,0.42,0.64,7.65,한국무역보험공사_환율_20230718.csv
1997-07-02,1997,7,2,JPY,773.54,-0.12,1.13,7.73,한국무역보험공사_환율_20230718.csv
1997-07-03,1997,7,3,JPY,774.65,0.12,1.3,8.75,한국무역보험공사_환율_20230718.csv
1997-07-04,1997,7,4,JPY,781.78,0.6,1.23,9.84,한국무역보험공사_환율_20230718.csv
1997-07-05,1997,7,5,JPY,779.94,-0.61,1.89,9.63,한국무역보험공사_환율_20230718.csv
1997-07-07,1997,7,7,JPY,781.07,0.82,1.82,9.88,한국무역보험공사_환율_20230718.csv
1997-07-08,1997,7,8,JPY,788.83,1.75,2.65,9.57,한국무역보험공사_환율_20230718.csv
1997-07-09,1997,7,9,JPY,785.26,1.38,2.91,8.99,한국무역보험공사_환율_20230718.csv
1997-07-10,1997,7,10,JPY,787.62,1.82,2.5,10.22,한국무역보험공사_환율_20230718.csv
1997-07-11,1997,7,11,JPY,784.99,1.33,2.29,8.99,한국무역보험공사_환율_20230718.csv
1997-07-12,1997,7,12,JPY,780.67,-0.14,0.23,8.54,한국무역보험공사_환율_20230718.csv
1997-07-14,1997,7,14,JPY,782.59,0.34,-0.19,8.42,한국무역보험공사_환율_20230718.csv
1997-07-15,1997,7,15,JPY,781.59,0.07,-1.29,8.97,한국무역보험공사_환율_20230718.csv
1997-07-16,1997,7,16,JPY,772.59,-2.06,-2.94,7.92,한국무역보험공사_환율_20230718.csv
1997-07-18,1997,7,18,JPY,769.52,-2.0,-3.7,6.44,한국무역보험공사_환율_20230718.csv
1997-07-19,1997,7,19,JPY,773.88,-1.74,-0.32,7.05,한국무역보험공사_환율_20230718.csv
1997-07-21,1997,7,21,JPY,774.21,-1.37,-0.06,7.06,한국무역보험공사_환율_20230718.csv
1997-07-22,1997,7,22,JPY,768.52,-1.56,-0.92,6.7,한국무역보험공사_환율_20230718.csv
1997-07-23,1997,7,23,JPY,774.43,-1.04,-1.27,5.79,한국무역보험공사_환율_20230718.csv
1997-07-24,1997,7,24,JPY,771.76,-1.26,-1.54,5.82,한국무역보험공사_환율_20230718.csv
1997-07-25,1997,7,25,JPY,769.5,-0.4,-1.79,5.36,한국무역보험공사_환율_20230718.csv
1997-07-26,1997,7,26,JPY,762.73,-0.88,-1.74,6.31,한국무역보험공사_환율_20230718.csv
1997-07-28,1997,7,28,JPY,759.93,-1.8,-1.76,6.86,한국무역보험공사_환율_20230718.csv
1997-07-29,1997,7,29,JPY,758.74,-2.0,-1.63,7.06,한국무역보험공사_환율_20230718.csv
1997-07-30,1997,7,30,JPY,754.4,-1.84,-2.59,7.13,한국무역보험공사_환율_20230718.csv
1997-07-31,1997,7,31,JPY,755.93,-2.39,-2.3,6.34,한국무역보험공사_환율_20230718.csv
1997-08-01,1997,8,1,JPY,750.94,-2.7,-3.37,6.36,한국무역보험공사_환율_20230718.csv
1997-08-02,1997,8,2,JPY,751.1,-2.39,-4.28,6.24,한국무역보험공사_환율_20230718.csv
1997-08-04,1997,8,4,JPY,748.88,-1.82,-3.34,5.99,한국무역보험공사_환율_20230718.csv
1997-08-05,1997,8,5,JPY,752.26,-1.01,-2.97,5.98,한국무역보험공사_환율_20230718.csv
1997-08-06,1997,8,6,JPY,745.39,-1.76,-3.77,4.89,한국무역보험공사_환율_20230718.csv
1997-08-07,1997,8,7,JPY,753.09,-0.17,-2.64,6.13,한국무역보험공사_환율_20230718.csv
1997-08-08,1997,8,8,JPY,753.86,-0.27,-2.68,6.17,한국무역보험공사_환율_20230718.csv
1997-08-09,1997,8,9,JPY,778.57,3.68,-0.41,9.59,한국무역보험공사_환율_20230718.csv
1997-08-11,1997,8,11,JPY,774.86,3.16,-0.65,8.77,한국무역보험공사_환율_20230718.csv
1997-08-12,1997,8,12,JPY,769.16,2.71,-1.52,8.9,한국무역보험공사_환율_20230718.csv
1997-08-13,1997,8,13,JPY,767.53,2.03,-2.7,8.43,한국무역보험공사_환율_20230718.csv
1997-08-14,1997,8,14,JPY,772.71,3.67,-1.6,9.26,한국무역보험공사_환율_20230718.csv
1997-08-16,1997,8,16,JPY,761.91,1.17,-3.26,7.77,한국무역보험공사_환율_20230718.csv
1997-08-18,1997,8,18,JPY,761.52,1.02,-2.99,8.31,한국무역보험공사_환율_20230718.csv
1997-08-19,1997,8,19,JPY,759.63,-2.43,-2.7,7.92,한국무역보험공사_환율_20230718.csv
1997-08-20,1997,8,20,JPY,759.9,-1.93,-2.9,8.14,한국무역보험공사_환율_20230718.csv
1997-08-21,1997,8,21,JPY,762.69,-0.84,-2.42,8.27,한국무역보험공사_환율_20230718.csv
1997-08-22,1997,8,22,JPY,766.18,-0.18,-0.83,8.78,한국무역보험공사_환율_20230718.csv
1997-08-23,1997,8,23,JPY,759.67,-1.69,-1.28,7.98,한국무역보험공사_환율_20230718.csv
1997-08-25,1997,8,25,JPY,761.47,-0.06,-1.6,6.73,한국무역보험공사_환율_20230718.csv
1997-08-26,1997,8,26,JPY,761.56,0.01,-1.63,6.55,한국무역보험공사_환율_20230718.csv
1997-08-27,1997,8,27,JPY,764.99,0.71,-0.46,5.67,한국무역보험공사_환율_20230718.csv
1997-08-28,1997,8,28,JPY,760.3,0.05,-1.82,2.47,한국무역보험공사_환율_20230718.csv
1997-08-29,1997,8,29,JPY,757.45,-0.69,-1.85,0.77,한국무역보험공사_환율_20230718.csv
1997-08-30,1997,8,30,JPY,746.69,-2.54,-2.96,-0.4,한국무역보험공사_환율_20230718.csv
1997-09-01,1997,9,1,JPY,746.69,-1.71,-2.1,-1.97,한국무역보험공사_환율_20230718.csv
1997-09-02,1997,9,2,JPY,749.6,-1.56,-1.36,-2.03,한국무역보험공사_환율_20230718.csv
1997-09-03,1997,9,3,JPY,744.8,-2.2,-1.84,-3.41,한국무역보험공사_환율_20230718.csv
1997-09-04,1997,9,4,JPY,749.35,-2.04,-0.67,-3.05,한국무역보험공사_환율_20230718.csv
1997-09-05,1997,9,5,JPY,747.69,-1.66,-1.09,-3.29,한국무역보험공사_환율_20230718.csv
1997-09-06,1997,9,6,JPY,748.99,-1.12,-0.26,-4.96,한국무역보험공사_환율_20230718.csv
1997-09-08,1997,9,8,JPY,748.59,0.25,-0.33,-3.92,한국무역보험공사_환율_20230718.csv
1997-09-09,1997,9,9,JPY,751.11,0.59,0.3,-2.47,한국무역보험공사_환율_20230718.csv
1997-09-10,1997,9,10,JPY,763.84,1.9,1.54,-0.92,한국무역보험공사_환율_20230718.csv
1997-09-11,1997,9,11,JPY,762.78,2.41,2.33,-0.89,한국무역보험공사_환율_20230718.csv
1997-09-12,1997,9,12,JPY,759.63,1.37,0.87,-0.69,한국무역보험공사_환율_20230718.csv
1997-09-13,1997,9,13,JPY,750.59,0.39,-0.43,-1.85,한국무역보험공사_환율_20230718.csv
1997-09-16,1997,9,16,JPY,746.09,-0.39,-4.17,-3.4,한국무역보험공사_환율_20230718.csv
1997-09-18,1997,9,18,JPY,752.89,0.57,-2.84,-1.65,한국무역보험공사_환율_20230718.csv
1997-09-19,1997,9,19,JPY,746.09,-0.67,-3.0,-2.74,한국무역보험공사_환율_20230718.csv
1997-09-20,1997,9,20,JPY,746.57,-2.26,-2.73,-2.85,한국무역보험공사_환율_20230718.csv
1997-09-22,1997,9,22,JPY,749.18,-1.78,-3.05,-1.82,한국무역보험공사_환율_20230718.csv
1997-09-23,1997,9,23,JPY,748.86,-1.42,-1.71,-2.55,한국무역보험공사_환율_20230718.csv
1997-09-24,1997,9,24,JPY,747.94,-0.35,-1.78,-2.54,한국무역보험공사_환율_20230718.csv
1997-09-25,1997,9,25,JPY,759.55,1.8,-0.01,-2.48,한국무역보험공사_환율_20230718.csv
1997-09-26,1997,9,26,JPY,754.93,0.27,-0.65,-3.72,한국무역보험공사_환율_20230718.csv
1997-09-27,1997,9,27,JPY,754.7,1.15,-1.05,-4.69,한국무역보험공사_환율_20230718.csv
1997-09-29,1997,9,29,JPY,753.93,0.99,-1.6,-5.28,한국무역보험공사_환율_20230718.csv
1997-09-30,1997,9,30,JPY,756.28,0.95,-0.45,-5.36,한국무역보험공사_환율_20230718.csv
1997-10-01,1997,10,1,JPY,757.39,1.14,-0.54,-2.45,한국무역보험공사_환율_20230718.csv
1997-10-02,1997,10,2,JPY,753.92,0.8,-1.0,-2.68,한국무역보험공사_환율_20230718.csv
1997-10-04,1997,10,4,JPY,747.82,-1.54,-2.24,-3.59,한국무역보험공사_환율_20230718.csv
1997-10-06,1997,10,6,JPY,750.06,-0.65,-1.35,-4.37,한국무역보험공사_환율_20230718.csv
1997-10-07,1997,10,7,JPY,750.11,-0.61,-0.97,-4.31,한국무역보험공사_환율_20230718.csv
1997-10-08,1997,10,8,JPY,747.94,-0.79,0.17,-4.54,한국무역보험공사_환율_20230718.csv
1997-10-09,1997,10,9,JPY,754.63,-0.22,1.06,-2.78,한국무역보험공사_환율_20230718.csv
1997-10-10,1997,10,10,JPY,754.98,-0.32,0.72,-2.4,한국무역보험공사_환율_20230718.csv
1997-10-11,1997,10,11,JPY,761.92,1.06,2.3,-1.22,한국무역보험공사_환율_20230718.csv
1997-10-13,1997,10,13,JPY,759.86,1.61,1.4,-1.89,한국무역보험공사_환율_20230718.csv
1997-10-14,1997,10,14,JPY,754.53,0.6,0.91,-2.49,한국무역보험공사_환율_20230718.csv
1997-10-15,1997,10,15,JPY,752.45,0.31,0.46,-3.18,한국무역보험공사_환율_20230718.csv
1997-10-16,1997,10,16,JPY,754.84,0.92,0.83,-3.81,한국무역보험공사_환율_20230718.csv
1997-10-17,1997,10,17,JPY,763.52,1.18,1.65,-1.45,한국무역보험공사_환율_20230718.csv
1997-10-18,1997,10,18,JPY,757.94,0.39,-0.77,-2.24,한국무역보험공사_환율_20230718.csv
1997-10-20,1997,10,20,JPY,758.38,-0.46,-0.58,-2.09,한국무역보험공사_환율_20230718.csv
1997-10-21,1997,10,21,JPY,758.63,-0.16,-0.13,-1.93,한국무역보험공사_환율_20230718.csv
1997-10-22,1997,10,22,JPY,763.51,1.19,1.72,-1.44,한국무역보험공사_환율_20230718.csv
1997-10-23,1997,10,23,JPY,762.82,1.38,2.24,-2.43,한국무역보험공사_환율_20230718.csv
1997-10-24,1997,10,24,JPY,754.02,-0.11,0.15,-3.32,한국무역보험공사_환율_20230718.csv
1997-10-25,1997,10,25,JPY,761.04,-0.32,2.0,-2.56,한국무역보험공사_환율_20230718.csv
1997-10-27,1997,10,27,JPY,759.89,0.26,1.78,-3.67,한국무역보험공사_환율_20230718.csv
1997-10-28,1997,10,28,JPY,769.12,1.42,2.66,-2.06,한국무역보험공사_환율_20230718.csv
1997-10-29,1997,10,29,JPY,781.47,3.01,4.35,-0.78,한국무역보험공사_환율_20230718.csv
1997-10-30,1997,10,30,JPY,798.26,4.55,6.73,1.69,한국무역보험공사_환율_20230718.csv
1997-10-31,1997,10,31,JPY,803.25,5.3,5.75,2.89,한국무역보험공사_환율_20230718.csv
1997-11-01,1997,11,1,JPY,801.16,6.25,6.12,2.37,한국무역보험공사_환율_20230718.csv
1997-11-03,1997,11,3,JPY,801.86,5.36,6.25,2.59,한국무역보험공사_환율_20230718.csv
1997-11-04,1997,11,4,JPY,794.97,4.62,5.44,2.9,한국무역보험공사_환율_20230718.csv
1997-11-05,1997,11,5,JPY,791.4,2.9,4.64,2.84,한국무역보험공사_환율_20230718.csv
1997-11-06,1997,11,6,JPY,785.75,0.55,3.74,1.53,한국무역보험공사_환율_20230718.csv
1997-11-07,1997,11,7,JPY,788.35,-1.24,4.57,1.83,한국무역보험공사_환율_20230718.csv
1997-11-08,1997,11,8,JPY,788.22,-1.87,5.4,2.56,한국무역보험공사_환율_20230718.csv
1997-11-10,1997,11,10,JPY,790.8,-1.29,5.43,2.11,한국무역보험공사_환율_20230718.csv
1997-11-11,1997,11,11,JPY,801.61,-0.03,6.87,3.87,한국무역보험공사_환율_20230718.csv
1997-11-12,1997,11,12,JPY,793.03,-0.24,6.03,3.06,한국무역보험공사_환율_20230718.csv
1997-11-13,1997,11,13,JPY,782.5,-1.12,3.69,2.59,한국무역보험공사_환율_20230718.csv
1997-11-14,1997,11,14,JPY,784.27,-0.19,3.88,3.2,한국무역보험공사_환율_20230718.csv
1997-11-15,1997,11,15,JPY,786.68,-0.21,3.25,3.68,한국무역보험공사_환율_20230718.csv
1997-11-17,1997,11,17,JPY,779.93,-1.05,2.64,3.38,한국무역보험공사_환율_20230718.csv
1997-11-18,1997,11,18,JPY,804.74,1.76,6.65,6.46,한국무역보험공사_환율_20230718.csv
1997-11-19,1997,11,19,JPY,820.04,2.3,8.98,9.2,한국무역보험공사_환율_20230718.csv
1997-11-20,1997,11,20,JPY,893.35,12.65,18.35,18.94,한국무역보험공사_환율_20230718.csv
1997-11-21,1997,11,21,JPY,903.43,15.45,18.32,20.64,한국무역보험공사_환율_20230718.csv
1997-11-22,1997,11,22,JPY,852.05,8.64,12.42,13.27,한국무역보험공사_환율_20230718.csv
1997-11-24,1997,11,24,JPY,850.0,8.05,12.08,14.03,한국무역보험공사_환율_20230718.csv
1997-11-25,1997,11,25,JPY,867.46,11.22,14.35,15.19,한국무역보험공사_환율_20230718.csv
1997-11-26,1997,11,26,JPY,879.51,9.29,15.19,16.67,한국무역보험공사_환율_20230718.csv
1997-11-27,1997,11,27,JPY,875.46,6.76,14.77,12.44,한국무역보험공사_환율_20230718.csv
1997-11-28,1997,11,28,JPY,876.72,-1.86,16.27,13.15,한국무역보험공사_환율_20230718.csv
1997-11-29,1997,11,29,JPY,910.11,0.74,19.59,18.33,한국무역보험공사_환율_20230718.csv
1997-12-01,1997,12,1,JPY,910.86,6.9,19.87,18.67,한국무역보험공사_환율_20230718.csv
1997-12-02,1997,12,2,JPY,911.94,7.29,18.57,18.02,한국무역보험공사_환율_20230718.csv
1997-12-03,1997,12,3,JPY,965.82,11.34,23.59,26.76,한국무역보험공사_환율_20230718.csv
1997-12-04,1997,12,4,JPY,971.09,10.41,21.65,27.52,한국무역보험공사_환율_20230718.csv
1997-12-05,1997,12,5,JPY,911.2,4.08,13.44,19.95,한국무역보험공사_환율_20230718.csv
1997-12-06,1997,12,6,JPY,936.5,6.82,16.89,23.24,한국무역보험공사_환율_20230718.csv
1997-12-08,1997,12,8,JPY,938.77,3.15,17.07,23.09,한국무역보험공사_환율_20230718.csv
1997-12-09,1997,12,9,JPY,1022.17,12.22,28.58,33.41,한국무역보험공사_환율_20230718.csv
1997-12-10,1997,12,10,JPY,1101.47,20.78,39.18,44.99,한국무역보험공사_환율_20230718.csv
1997-12-11,1997,12,11,JPY,1332.04,37.92,69.52,74.93,한국무역보험공사_환율_20230718.csv
1997-12-12,1997,12,12,JPY,1456.18,49.95,84.71,91.21,한국무역보험공사_환율_20230718.csv
1997-12-13,1997,12,13,JPY,1305.18,43.24,65.59,70.61,한국무역보험공사_환율_20230718.csv
1997-12-15,1997,12,15,JPY,1330.58,42.08,68.26,75.01,한국무역보험공사_환율_20230718.csv
1997-12-16,1997,12,16,JPY,1255.74,33.76,56.65,65.79,한국무역보험공사_환율_20230718.csv
1997-12-17,1997,12,17,JPY,1071.33,4.81,35.09,43.48,한국무역보험공사_환율_20230718.csv
1997-12-19,1997,12,19,JPY,1250.97,13.57,59.87,67.54,한국무역보험공사_환율_20230718.csv
1997-12-20,1997,12,20,JPY,1197.84,-10.07,52.73,59.8,한국무역보험공사_환율_20230718.csv
1997-12-22,1997,12,22,JPY,1251.93,-14.03,59.14,68.09,한국무역보험공사_환율_20230718.csv
1997-12-23,1997,12,23,JPY,1496.83,14.68,91.92,99.75,한국무역보험공사_환율_20230718.csv
1997-12-24,1997,12,24,JPY,1462.66,9.93,81.76,95.62,한국무역보험공사_환율_20230718.csv
1997-12-26,1997,12,26,JPY,1172.86,-6.6,43.02,56.59,한국무역보험공사_환율_20230718.csv
1997-12-27,1997,12,27,JPY,1142.42,6.64,27.88,52.61,한국무역보험공사_환율_20230718.csv
1997-12-29,1997,12,29,JPY,1164.62,-6.9,28.91,55.05,한국무역보험공사_환율_20230718.csv
1997-12-30,1997,12,30,JPY,1141.53,-4.7,33.97,49.45,한국무역보험공사_환율_20230718.csv
1997-12-31,1997,12,31,JPY,1329.8,6.22,56.45,74.34,한국무역보험공사_환율_20230718.csv
1998-01-03,1998,1,3,JPY,1280.33,-14.46,47.6,68.55,한국무역보험공사_환율_20230718.csv
1998-01-05,1998,1,5,JPY,1282.03,-12.35,45.77,70.8,한국무역보험공사_환율_20230718.csv
1998-01-06,1998,1,6,JPY,1287.5,9.77,47.07,72.57,한국무역보험공사_환율_20230718.csv
1998-01-07,1998,1,7,JPY,1333.33,16.71,52.08,77.09,한국무역보험공사_환율_20230718.csv
1998-01-08,1998,1,8,JPY,1330.66,14.26,46.21,78.35,한국무역보험공사_환율_20230718.csv
1998-01-09,1998,1,9,JPY,1349.43,18.21,48.15,80.75,한국무역보험공사_환율_20230718.csv
1998-01-10,1998,1,10,JPY,1367.34,2.82,49.94,82.51,한국무역보험공사_환율_20230718.csv
1998-01-12,1998,1,12,JPY,1364.55,6.58,41.28,82.22,한국무역보험공사_환율_20230718.csv
1998-01-13,1998,1,13,JPY,1311.4,2.29,35.04,75.33,한국무역보험공사_환율_20230718.csv
1998-01-14,1998,1,14,JPY,1336.91,3.84,46.72,76.01,한국무역보험공사_환율_20230718.csv
1998-01-15,1998,1,15,JPY,1263.45,-5.24,34.91,67.36,한국무역보험공사_환율_20230718.csv
1998-01-16,1998,1,16,JPY,1228.62,-7.67,30.88,62.8,한국무역보험공사_환율_20230718.csv
1998-01-17,1998,1,17,JPY,1254.61,-7.03,22.74,66.41,한국무역보험공사_환율_20230718.csv
1998-01-19,1998,1,19,JPY,1261.54,-7.74,14.53,66.81,한국무역보험공사_환율_20230718.csv
1998-01-20,1998,1,20,JPY,1223.76,-10.32,-8.13,61.58,한국무역보험공사_환율_20230718.csv
1998-01-21,1998,1,21,JPY,1278.81,-2.49,-12.18,69.62,한국무역보험공사_환율_20230718.csv
1998-01-22,1998,1,22,JPY,1348.33,0.85,3.31,80.3,한국무역보험공사_환율_20230718.csv
1998-01-23,1998,1,23,JPY,1370.31,8.46,2.99,82.69,한국무역보험공사_환율_20230718.csv
1998-01-24,1998,1,24,JPY,1372.32,11.7,9.28,82.95,한국무역보험공사_환율_20230718.csv
1998-01-26,1998,1,26,JPY,1356.36,8.11,26.61,81.35,한국무역보험공사_환율_20230718.csv
1998-01-30,1998,1,30,JPY,1257.86,-0.29,0.55,66.69,한국무역보험공사_환율_20230718.csv
1998-01-31,1998,1,31,JPY,1180.82,-3.51,-1.42,56.4,한국무역보험공사_환율_20230718.csv
1998-02-02,1998,2,2,JPY,1216.67,-4.86,-2.82,59.68,한국무역보험공사_환율_20230718.csv
1998-02-03,1998,2,3,JPY,1228.96,-8.85,-17.9,61.74,한국무역보험공사_환율_20230718.csv
1998-02-04,1998,2,4,JPY,1273.13,-7.09,-12.96,68.73,한국무역보험공사_환율_20230718.csv
1998-02-05,1998,2,5,JPY,1289.8,-6.01,9.97,71.41,한국무역보험공사_환율_20230718.csv
1998-02-06,1998,2,6,JPY,1296.11,-4.44,13.45,71.71,한국무역보험공사_환율_20230718.csv
1998-02-07,1998,2,7,JPY,1242.24,-1.24,6.66,62.7,한국무역보험공사_환율_20230718.csv
1998-02-09,1998,2,9,JPY,1262.71,6.94,10.62,66.6,한국무역보험공사_환율_20230718.csv
1998-02-10,1998,2,10,JPY,1248.63,2.63,-6.1,64.64,한국무역보험공사_환율_20230718.csv
1998-02-11,1998,2,11,JPY,1293.46,5.25,1.03,70.5,한국무역보험공사_환율_20230718.csv
1998-02-12,1998,2,12,JPY,1309.88,2.89,2.17,71.56,한국무역보험공사_환율_20230718.csv
1998-02-13,1998,2,13,JPY,1294.42,0.36,0.54,69.69,한국무역보험공사_환율_20230718.csv
1998-02-14,1998,2,14,JPY,1295.65,-0.04,-2.83,71.83,한국무역보험공사_환율_20230718.csv
1998-02-16,1998,2,16,JPY,1290.39,3.88,-3.03,69.56,한국무역보험공사_환율_20230718.csv
1998-02-17,1998,2,17,JPY,1332.12,5.5,-1.28,75.3,한국무역보험공사_환율_20230718.csv
1998-02-18,1998,2,18,JPY,1349.91,8.11,-1.27,75.51,한국무역보험공사_환율_20230718.csv
1998-02-19,1998,2,19,JPY,1350.29,4.39,-1.05,72.79,한국무역보험공사_환율_20230718.csv
1998-02-20,1998,2,20,JPY,1316.94,0.54,0.42,64.98,한국무역보험공사_환율_20230718.csv
1998-02-21,1998,2,21,JPY,1287.32,-0.55,-3.71,60.26,한국무역보험공사_환율_20230718.csv
1998-02-23,1998,2,23,JPY,1286.82,-0.68,1.85,60.62,한국무역보험공사_환율_20230718.csv
1998-02-24,1998,2,24,JPY,1294.92,0.35,5.4,61.49,한국무역보험공사_환율_20230718.csv
1998-02-25,1998,2,25,JPY,1295.19,-2.77,3.23,62.92,한국무역보험공사_환율_20230718.csv
1998-02-26,1998,2,26,JPY,1279.72,-5.2,1.44,61.7,한국무역보험공사_환율_20230718.csv
1998-02-27,1998,2,27,JPY,1293.24,-4.23,5.68,64.59,한국무역보험공사_환율_20230718.csv
1998-02-28,1998,2,28,JPY,1300.38,-1.26,1.69,64.95,한국무역보험공사_환율_20230718.csv
1998-03-02,1998,3,2,JPY,1268.33,-1.48,-5.93,60.91,한국무역보험공사_환율_20230718.csv
1998-03-03,1998,3,3,JPY,1229.75,-4.43,-10.26,55.51,한국무역보험공사_환율_20230718.csv
1998-03-04,1998,3,4,JPY,1227.4,-5.21,-10.56,53.12,한국무역보험공사_환율_20230718.csv
1998-03-05,1998,3,5,JPY,1236.37,-4.54,-8.85,55.9,한국무역보험공사_환율_20230718.csv
1998-03-06,1998,3,6,JPY,1269.6,-0.79,0.93,62.25,한국무역보험공사_환율_20230718.csv
1998-03-07,1998,3,7,JPY,1274.82,-1.42,7.96,62.55,한국무역보험공사_환율_20230718.csv
1998-03-09,1998,3,9,JPY,1280.13,-1.56,5.22,62.73,한국무역보험공사_환율_20230718.csv
1998-03-10,1998,3,10,JPY,1275.0,0.53,3.75,63.48,한국무역보험공사_환율_20230718.csv
1998-03-11,1998,3,11,JPY,1245.26,1.26,-2.19,54.74,한국무역보험공사_환율_20230718.csv
1998-03-12,1998,3,12,JPY,1223.84,-0.29,-5.11,49.24,한국무역보험공사_환율_20230718.csv
1998-03-13,1998,3,13,JPY,1193.4,-3.48,-7.92,33.59,한국무역보험공사_환율_20230718.csv
1998-03-14,1998,3,14,JPY,1185.12,-6.65,-4.6,31.18,한국무역보험공사_환율_20230718.csv
1998-03-16,1998,3,16,JPY,1177.05,-7.67,-6.78,38.14,한국무역보험공사_환율_20230718.csv
1998-03-17,1998,3,17,JPY,1117.47,-12.71,-10.5,31.47,한국무역보험공사_환율_20230718.csv
1998-03-18,1998,3,18,JPY,1128.65,-11.48,-12.74,30.11,한국무역보험공사_환율_20230718.csv
1998-03-19,1998,3,19,JPY,1139.69,-8.48,-12.99,29.58,한국무역보험공사_환율_20230718.csv
1998-03-20,1998,3,20,JPY,1138.62,-6.96,-12.04,30.06,한국무역보험공사_환율_20230718.csv
1998-03-21,1998,3,21,JPY,1104.55,-7.45,-14.75,25.99,한국무역보험공사_환율_20230718.csv
1998-03-23,1998,3,23,JPY,1097.22,-7.42,-14.97,20.56,한국무역보험공사_환율_20230718.csv
1998-03-24,1998,3,24,JPY,1054.69,-10.4,-20.83,15.79,한국무역보험공사_환율_20230718.csv
1998-03-25,1998,3,25,JPY,1059.83,-5.16,-21.49,16.22,한국무역보험공사_환율_20230718.csv
1998-03-26,1998,3,26,JPY,1069.95,-5.2,-20.76,10.78,한국무역보험공사_환율_20230718.csv
1998-03-27,1998,3,27,JPY,1080.92,-5.16,-17.92,11.31,한국무역보험공사_환율_20230718.csv
1998-03-28,1998,3,28,JPY,1054.45,-7.39,-18.09,15.72,한국무역보험공사_환율_20230718.csv
1998-03-30,1998,3,30,JPY,1059.79,-4.05,-17.64,13.16,한국무역보험공사_환율_20230718.csv
1998-03-31,1998,3,31,JPY,1044.74,-4.78,-19.32,11.29,한국무역보험공사_환율_20230718.csv
1998-04-01,1998,4,1,JPY,1041.41,-1.26,-19.59,1.88,한국무역보험공사_환율_20230718.csv
1998-04-02,1998,4,2,JPY,1050.71,-0.86,-17.9,-4.61,한국무역보험공사_환율_20230718.csv
1998-04-03,1998,4,3,JPY,1066.99,-0.28,-17.49,-19.9,한국무역보험공사_환율_20230718.csv
1998-04-04,1998,4,4,JPY,1068.62,-1.14,-17.82,-26.61,한국무역보험공사_환율_20230718.csv
1998-04-06,1998,4,6,JPY,1093.51,3.7,-13.78,-16.22,한국무역보험공사_환율_20230718.csv
1998-04-07,1998,4,7,JPY,1092.06,3.04,-11.2,-17.93,한국무역보험공사_환율_20230718.csv
1998-04-08,1998,4,8,JPY,1060.4,1.5,-13.61,-15.56,한국무역보험공사_환율_20230718.csv
1998-04-09,1998,4,9,JPY,1042.41,0.1,-15.69,-2.7,한국무역보험공사_환율_20230718.csv
1998-04-10,1998,4,10,JPY,1054.04,0.32,-16.98,-15.74,한국무역보험공사_환율_20230718.csv
1998-04-11,1998,4,11,JPY,1071.79,0.45,-15.93,-10.52,한국무역보험공사_환율_20230718.csv
1998-04-13,1998,4,13,JPY,1075.34,0.63,-16.0,-14.11,한국무역보험공사_환율_20230718.csv
1998-04-14,1998,4,14,JPY,1086.46,-0.64,-14.79,-27.42,한국무역보험공사_환율_20230718.csv
1998-04-15,1998,4,15,JPY,1094.04,0.18,-12.14,-25.2,한국무역보험공사_환율_20230718.csv
1998-04-16,1998,4,16,JPY,1075.24,1.4,-12.14,-8.32,한국무역보험공사_환율_20230718.csv
1998-04-17,1998,4,17,JPY,1061.06,1.79,-11.09,-7.12,한국무역보험공사_환율_20230718.csv
1998-04-18,1998,4,18,JPY,1048.03,-0.57,-11.57,-10.01,한국무역보험공사_환율_20230718.csv
1998-04-20,1998,4,20,JPY,1045.25,-2.48,-11.2,-8.43,한국무역보험공사_환율_20230718.csv
1998-04-21,1998,4,21,JPY,1053.34,-2.05,-5.74,-20.79,한국무역보험공사_환율_20230718.csv
1998-04-22,1998,4,22,JPY,1043.35,-3.97,-7.56,-18.51,한국무역보험공사_환율_20230718.csv
1998-04-23,1998,4,23,JPY,1052.42,-3.8,-7.66,-17.91,한국무역보험공사_환율_20230718.csv
1998-04-24,1998,4,24,JPY,1053.4,-2.03,-7.48,-18.18,한국무역보험공사_환율_20230718.csv
1998-04-25,1998,4,25,JPY,1041.14,-1.88,-5.74,-21.91,한국무역보험공사_환율_20230718.csv
1998-04-27,1998,4,27,JPY,1042.25,-0.55,-5.01,-21.67,한국무역보험공사_환율_20230718.csv
1998-04-28,1998,4,28,JPY,1026.73,-1.77,-2.65,-23.91,한국무역보험공사_환율_20230718.csv
1998-04-29,1998,4,29,JPY,1021.25,-3.05,-3.64,-25.31,한국무역보험공사_환율_20230718.csv
1998-04-30,1998,4,30,JPY,1001.51,-4.01,-6.4,-26.61,한국무역보험공사_환율_20230718.csv
1998-05-02,1998,5,2,JPY,1001.43,-4.85,-7.35,-23.64,한국무역보험공사_환율_20230718.csv
1998-05-04,1998,5,4,JPY,1001.09,-4.97,-5.06,-25.12,한국무역보험공사_환율_20230718.csv
1998-05-06,1998,5,6,JPY,1023.18,-1.73,-3.45,-19.02,한국무역보험공사_환율_20230718.csv
1998-05-07,1998,5,7,JPY,1013.6,-2.75,-2.98,-17.5,한국무역보험공사_환율_20230718.csv
1998-05-08,1998,5,8,JPY,1044.05,1.69,0.25,-16.78,한국무역보험공사_환율_20230718.csv
1998-05-09,1998,5,9,JPY,1048.69,2.69,-0.19,-16.87,한국무역보험공사_환율_20230718.csv
1998-05-11,1998,5,11,JPY,1045.35,4.38,-2.03,-14.58,한국무역보험공사_환율_20230718.csv
1998-05-12,1998,5,12,JPY,1046.62,4.51,-2.06,-18.16,한국무역보험공사_환율_20230718.csv
1998-05-13,1998,5,13,JPY,1044.98,4.38,-4.44,-22.5,한국무역보험공사_환율_20230718.csv
1998-05-14,1998,5,14,JPY,1044.13,2.05,-4.39,-23.8,한국무역보험공사_환율_20230718.csv
1998-05-15,1998,5,15,JPY,1054.71,4.06,-0.54,-23.14,한국무역보험공사_환율_20230718.csv
1998-05-16,1998,5,16,JPY,1066.12,2.11,2.27,-21.4,한국무역보험공사_환율_20230718.csv
1998-05-18,1998,5,18,JPY,1063.91,1.45,0.94,-15.42,한국무역보험공사_환율_20230718.csv
1998-05-19,1998,5,19,JPY,1061.16,1.51,-0.99,-10.13,한국무역보험공사_환율_20230718.csv
1998-05-20,1998,5,20,JPY,1064.76,1.73,-0.98,-12.49,한국무역보험공사_환율_20230718.csv
1998-05-21,1998,5,21,JPY,1022.66,-2.14,-5.87,-16.79,한국무역보험공사_환율_20230718.csv
1998-05-22,1998,5,22,JPY,1027.56,-1.59,-6.08,-19.29,한국무역보험공사_환율_20230718.csv
1998-05-23,1998,5,23,JPY,1016.05,-3.67,-5.5,-21.22,한국무역보험공사_환율_20230718.csv
1998-05-25,1998,5,25,JPY,1010.28,-5.24,-4.79,-22.05,한국무역보험공사_환율_20230718.csv
1998-05-26,1998,5,26,JPY,1009.22,-5.14,-3.7,-18.76,한국무역보험공사_환율_20230718.csv
1998-05-27,1998,5,27,JPY,1010.28,-4.79,-3.35,-19.99,한국무역보험공사_환율_20230718.csv
1998-05-28,1998,5,28,JPY,1021.77,-4.04,-3.0,-18.17,한국무역보험공사_환율_20230718.csv
1998-05-29,1998,5,29,JPY,1009.0,-1.34,-3.29,-21.99,한국무역보험공사_환율_20230718.csv
1998-05-30,1998,5,30,JPY,1016.61,-1.07,-3.4,-22.39,한국무역보험공사_환율_20230718.csv
1998-06-01,1998,6,1,JPY,1017.56,0.15,-3.4,-21.39,한국무역보험공사_환율_20230718.csv
1998-06-02,1998,6,2,JPY,1004.74,-0.55,-3.5,-22.45,한국무역보험공사_환율_20230718.csv
1998-06-03,1998,6,3,JPY,1012.37,0.31,-2.87,-21.55,한국무역보험공사_환율_20230718.csv
1998-06-05,1998,6,5,JPY,1004.0,-0.62,-2.21,-24.63,한국무역보험공사_환율_20230718.csv
1998-06-08,1998,6,8,JPY,995.15,-2.61,-2.56,-26.28,한국무역보험공사_환율_20230718.csv
1998-06-09,1998,6,9,JPY,995.5,-1.34,-0.6,-26.28,한국무역보험공사_환율_20230718.csv
1998-06-10,1998,6,10,JPY,995.52,-2.07,-0.59,-24.41,한국무역보험공사_환율_20230718.csv
1998-06-11,1998,6,11,JPY,984.13,-3.29,-1.69,-23.55,한국무역보험공사_환율_20230718.csv
1998-06-12,1998,6,12,JPY,971.43,-3.32,-5.06,-24.51,한국무역보험공사_환율_20230718.csv
1998-06-13,1998,6,13,JPY,967.9,-4.39,-4.51,-25.25,한국무역보험공사_환율_20230718.csv
1998-06-15,1998,6,15,JPY,967.89,-3.6,-7.29,-25.27,한국무역보험공사_환율_20230718.csv
1998-06-16,1998,6,16,JPY,981.12,-1.41,-6.44,-23.33,한국무역보험공사_환율_20230718.csv
1998-06-17,1998,6,17,JPY,984.35,-1.12,-5.84,-23.88,한국무역보험공사_환율_20230718.csv
1998-06-18,1998,6,18,JPY,1012.99,1.75,-3.21,-22.1,한국무역보험공사_환율_20230718.csv
1998-06-19,1998,6,19,JPY,1013.73,3.01,-2.99,-20.07,한국무역보험공사_환율_20230718.csv
1998-06-20,1998,6,20,JPY,1016.83,4.67,-2.61,-17.31,한국무역보험공사_환율_20230718.csv
1998-06-22,1998,6,22,JPY,1013.39,4.7,-3.92,-17.44,한국무역보험공사_환율_20230718.csv
1998-06-23,1998,6,23,JPY,1013.88,4.75,-4.9,-18.0,한국무역보험공사_환율_20230718.csv
1998-06-24,1998,6,24,JPY,994.97,1.41,-6.48,-21.63,한국무역보험공사_환율_20230718.csv
1998-06-25,1998,6,25,JPY,972.94,-1.16,-8.31,-23.68,한국무역보험공사_환율_20230718.csv
1998-06-26,1998,6,26,JPY,962.55,-4.98,-9.6,-24.81,한국무역보험공사_환율_20230718.csv
1998-06-27,1998,6,27,JPY,974.35,-3.88,-4.72,-23.58,한국무역보험공사_환율_20230718.csv
1998-06-29,1998,6,29,JPY,965.47,-5.05,-6.04,-22.47,한국무역보험공사_환율_20230718.csv
1998-06-30,1998,6,30,JPY,973.85,-3.9,-4.15,-20.43,한국무역보험공사_환율_20230718.csv
1998-07-01,1998,7,1,JPY,994.18,-1.94,-1.59,-16.69,한국무역보험공사_환율_20230718.csv
1998-07-02,1998,7,2,JPY,987.74,-0.73,-2.13,-16.65,한국무역보험공사_환율_20230718.csv
1998-07-03,1998,7,3,JPY,971.65,-0.13,-3.82,-17.45,한국무역보험공사_환율_20230718.csv
1998-07-04,1998,7,4,JPY,971.49,0.93,-4.92,-13.06,한국무역보험공사_환율_20230718.csv
1998-07-06,1998,7,6,JPY,968.67,-0.58,-4.0,-14.17,한국무역보험공사_환율_20230718.csv
1998-07-07,1998,7,7,JPY,963.32,-0.22,-5.24,-15.48,한국무역보험공사_환율_20230718.csv
1998-07-08,1998,7,8,JPY,971.84,-0.21,-4.49,-14.65,한국무역보험공사_환율_20230718.csv
1998-07-09,1998,7,9,JPY,954.99,-3.94,-4.95,-13.54,한국무역보험공사_환율_20230718.csv
1998-07-10,1998,7,10,JPY,934.35,-5.41,-7.71,-14.84,한국무역보험공사_환율_20230718.csv
1998-07-11,1998,7,11,JPY,929.44,-4.34,-7.43,-11.88,한국무역보험공사_환율_20230718.csv
1998-07-13,1998,7,13,JPY,911.04,-6.22,-8.45,-14.04,한국무역보험공사_환율_20230718.csv
1998-07-14,1998,7,14,JPY,920.48,-4.97,-7.54,-13.97,한국무역보험공사_환율_20230718.csv
1998-07-15,1998,7,15,JPY,922.57,-4.23,-7.33,-14.65,한국무역보험공사_환율_20230718.csv
1998-07-16,1998,7,16,JPY,908.03,-6.57,-7.73,-13.89,한국무역보험공사_환율_20230718.csv
1998-07-18,1998,7,18,JPY,917.54,-3.92,-5.55,-13.42,한국무역보험공사_환율_20230718.csv
1998-07-20,1998,7,20,JPY,920.67,-1.46,-4.88,-11.88,한국무역보험공사_환율_20230718.csv
1998-07-21,1998,7,21,JPY,924.65,-0.52,-4.47,-11.21,한국무역보험공사_환율_20230718.csv
1998-07-22,1998,7,22,JPY,919.74,0.95,-6.26,-12.46,한국무역보험공사_환율_20230718.csv
1998-07-23,1998,7,23,JPY,915.83,-0.51,-6.96,-14.17,한국무역보험공사_환율_20230718.csv
1998-07-24,1998,7,24,JPY,895.25,-2.96,-11.62,-16.22,한국무역보험공사_환율_20230718.csv
1998-07-25,1998,7,25,JPY,883.48,-2.7,-12.85,-19.21,한국무역보험공사_환율_20230718.csv
1998-07-27,1998,7,27,JPY,873.48,-4.8,-14.1,-20.02,한국무역보험공사_환율_20230718.csv
1998-07-28,1998,7,28,JPY,854.83,-7.15,-15.65,-19.39,한국무역보험공사_환율_20230718.csv
1998-07-29,1998,7,29,JPY,866.1,-6.33,-14.58,-16.91,한국무역보험공사_환율_20230718.csv
1998-07-30,1998,7,30,JPY,873.77,-5.0,-12.18,-17.1,한국무역보험공사_환율_20230718.csv
1998-07-31,1998,7,31,JPY,860.72,-6.02,-11.53,-19.69,한국무역보험공사_환율_20230718.csv
1998-08-01,1998,8,1,JPY,848.74,-5.2,-11.82,-21.07,한국무역보험공사_환율_20230718.csv
1998-08-03,1998,8,3,JPY,853.7,-3.37,-12.38,-21.42,한국무역보험공사_환율_20230718.csv
1998-08-04,1998,8,4,JPY,852.56,-2.4,-11.69,-22.07,한국무역보험공사_환율_20230718.csv
1998-08-05,1998,8,5,JPY,859.78,0.58,-11.71,-20.04,한국무역보험공사_환율_20230718.csv
1998-08-06,1998,8,6,JPY,872.89,0.78,-12.2,-17.73,한국무역보험공사_환율_20230718.csv
1998-08-07,1998,8,7,JPY,904.48,3.51,-8.43,-13.7,한국무역보험공사_환율_20230718.csv
1998-08-08,1998,8,8,JPY,909.96,5.72,-6.35,-12.94,한국무역보험공사_환율_20230718.csv
1998-08-10,1998,8,10,JPY,925.23,9.01,-4.76,-12.16,한국무역보험공사_환율_20230718.csv
1998-08-11,1998,8,11,JPY,909.09,6.49,-6.15,-12.87,한국무역보험공사_환율_20230718.csv
1998-08-12,1998,8,12,JPY,905.86,6.25,-5.96,-13.93,한국무역보험공사_환율_20230718.csv
1998-08-13,1998,8,13,JPY,910.75,5.93,-6.29,-13.54,한국무역보험공사_환율_20230718.csv
1998-08-14,1998,8,14,JPY,915.6,4.89,-4.12,-12.06,한국무역보험공사_환율_20230718.csv
1998-08-17,1998,8,17,JPY,905.9,0.16,-3.04,-13.08,한국무역보험공사_환율_20230718.csv
1998-08-18,1998,8,18,JPY,909.41,-0.06,-2.16,-11.43,한국무역보험공사_환율_20230718.csv
1998-08-19,1998,8,19,JPY,916.68,-0.92,0.62,-10.24,한국무역보험공사_환율_20230718.csv
1998-08-20,1998,8,20,JPY,906.43,-0.29,-1.53,-9.49,한국무역보험공사_환율_20230718.csv
1998-08-21,1998,8,21,JPY,908.32,0.27,-1.54,-9.3,한국무역보험공사_환율_20230718.csv
1998-08-22,1998,8,22,JPY,899.16,-1.27,-0.98,-10.18,한국무역보험공사_환율_20230718.csv
1998-08-24,1998,8,24,JPY,897.57,-1.97,-2.18,-12.28,한국무역보험공사_환율_20230718.csv
1998-08-25,1998,8,25,JPY,909.22,0.37,-1.24,-10.3,한국무역보험공사_환율_20230718.csv
1998-08-26,1998,8,26,JPY,904.65,-0.52,-2.16,-13.35,한국무역보험공사_환율_20230718.csv
1998-08-27,1998,8,27,JPY,909.79,-0.75,-1.08,-13.25,한국무역보험공사_환율_20230718.csv
1998-08-28,1998,8,28,JPY,931.43,2.76,1.7,-10.9,한국무역보험공사_환율_20230718.csv
1998-08-29,1998,8,29,JPY,939.41,3.42,4.93,-10.24,한국무역보험공사_환율_20230718.csv
1998-08-31,1998,8,31,JPY,941.53,4.71,6.57,-9.9,한국무역보험공사_환율_20230718.csv
1998-09-01,1998,9,1,JPY,969.73,8.04,11.02,-7.13,한국무역보험공사_환율_20230718.csv
1998-09-02,1998,9,2,JPY,984.7,8.3,15.19,-6.64,한국무역보험공사_환율_20230718.csv
1998-09-03,1998,9,3,JPY,972.15,7.46,12.24,-8.81,한국무역보험공사_환율_20230718.csv
1998-09-04,1998,9,4,JPY,997.83,9.68,14.2,-6.21,한국무역보험공사_환율_20230718.csv
1998-09-05,1998,9,5,JPY,998.05,7.15,15.96,-5.95,한국무역보험공사_환율_20230718.csv
1998-09-07,1998,9,7,JPY,1000.64,6.52,17.9,-6.02,한국무역보험공사_환율_20230718.csv
1998-09-08,1998,9,8,JPY,1020.13,8.35,19.5,-0.25,한국무역보험공사_환율_20230718.csv
1998-09-09,1998,9,9,JPY,1035.52,6.78,21.46,0.77,한국무역보험공사_환율_20230718.csv
1998-09-10,1998,9,10,JPY,1006.17,2.18,17.03,-0.97,한국무역보험공사_환율_20230718.csv
1998-09-11,1998,9,11,JPY,1022.66,5.2,17.16,1.23,한국무역보험공사_환율_20230718.csv
1998-09-12,1998,9,12,JPY,1045.67,4.79,15.61,3.61,한국무역보험공사_환율_20230718.csv
1998-09-14,1998,9,14,JPY,1042.79,4.48,14.6,3.22,한국무역보험공사_환율_20230718.csv
1998-09-15,1998,9,15,JPY,1044.27,4.36,12.87,2.2,한국무역보험공사_환율_20230718.csv
1998-09-16,1998,9,16,JPY,1034.05,1.36,13.75,2.48,한국무역보험공사_환율_20230718.csv
1998-09-17,1998,9,17,JPY,1027.89,-0.74,13.47,1.11,한국무역보험공사_환율_20230718.csv
1998-09-18,1998,9,18,JPY,1048.53,4.21,15.13,3.04,한국무역보험공사_환율_20230718.csv
1998-09-19,1998,9,19,JPY,1046.04,2.29,14.25,4.11,한국무역보험공사_환율_20230718.csv
1998-09-21,1998,9,21,JPY,1039.78,-0.56,14.78,2.71,한국무역보험공사_환율_20230718.csv
1998-09-22,1998,9,22,JPY,1034.3,-0.81,13.73,3.02,한국무역보험공사_환율_20230718.csv
1998-09-23,1998,9,23,JPY,1038.1,-0.59,13.25,4.32,한국무역보험공사_환율_20230718.csv
1998-09-24,1998,9,24,JPY,1035.71,0.16,14.26,4.04,한국무역보험공사_환율_20230718.csv
1998-09-25,1998,9,25,JPY,1035.7,0.76,14.02,4.04,한국무역보험공사_환율_20230718.csv
1998-09-26,1998,9,26,JPY,1018.36,-2.88,13.26,3.48,한국무역보험공사_환율_20230718.csv
1998-09-28,1998,9,28,JPY,1013.89,-3.07,12.96,4.37,한국무역보험공사_환율_20230718.csv
1998-09-29,1998,9,29,JPY,1016.56,-2.23,11.81,5.03,한국무역보험공사_환율_20230718.csv
1998-09-30,1998,9,30,JPY,1023.93,-1.0,13.19,5.79,한국무역보험공사_환율_20230718.csv
1998-10-01,1998,10,1,JPY,1016.06,-2.12,11.68,3.56,한국무역보험공사_환율_20230718.csv
1998-10-02,1998,10,2,JPY,1026.58,-0.88,10.22,4.29,한국무역보험공사_환율_20230718.csv
1998-10-07,1998,10,7,JPY,1069.42,3.26,13.84,5.57,한국무역보험공사_환율_20230718.csv
1998-10-08,1998,10,8,JPY,1128.05,10.77,19.81,11.28,한국무역보험공사_환율_20230718.csv
1998-10-09,1998,10,9,JPY,1147.55,13.18,18.34,12.86,한국무역보험공사_환율_20230718.csv
1998-10-10,1998,10,10,JPY,1141.39,12.28,15.91,12.63,한국무역보험공사_환율_20230718.csv
1998-10-12,1998,10,12,JPY,1133.69,10.72,16.62,11.82,한국무역보험공사_환율_20230718.csv
1998-10-13,1998,10,13,JPY,1118.79,10.11,12.12,12.44,한국무역보험공사_환율_20230718.csv
1998-10-14,1998,10,14,JPY,1132.0,10.27,13.42,16.35,한국무역보험공사_환율_20230718.csv
1998-10-15,1998,10,15,JPY,1140.4,6.64,13.97,18.48,한국무역보험공사_환율_20230718.csv
1998-10-16,1998,10,16,JPY,1155.23,2.41,13.24,18.56,한국무역보험공사_환율_20230718.csv
1998-10-17,1998,10,17,JPY,1147.35,-0.02,10.8,18.84,한국무역보험공사_환율_20230718.csv
1998-10-19,1998,10,19,JPY,1143.39,0.18,13.64,17.41,한국무역보험공사_환율_20230718.csv
1998-10-20,1998,10,20,JPY,1147.16,1.19,12.17,15.39,한국무역보험공사_환율_20230718.csv
1998-10-21,1998,10,21,JPY,1140.55,1.94,9.07,15.47,한국무역보험공사_환율_20230718.csv
1998-10-22,1998,10,22,JPY,1129.97,-0.18,8.36,16.29,한국무역보험공사_환율_20230718.csv
1998-10-23,1998,10,23,JPY,1125.2,-1.33,7.75,15.82,한국무역보험공사_환율_20230718.csv
1998-10-24,1998,10,24,JPY,1115.23,-3.46,7.85,15.13,한국무역보험공사_환율_20230718.csv
1998-10-26,1998,10,26,JPY,1110.86,-3.18,8.07,15.32,한국무역보험공사_환율_20230718.csv
1998-10-27,1998,10,27,JPY,1099.69,-3.82,4.88,13.16,한국무역보험공사_환율_20230718.csv
1998-10-28,1998,10,28,JPY,1114.74,-2.83,6.57,16.73,한국무역보험공사_환율_20230718.csv
1998-10-29,1998,10,29,JPY,1122.44,-1.59,7.95,20.13,한국무역보험공사_환율_20230718.csv
1998-10-30,1998,10,30,JPY,1125.32,-0.41,8.8,21.08,한국무역보험공사_환율_20230718.csv
1998-10-31,1998,10,31,JPY,1132.1,0.61,9.06,24.26,한국무역보험공사_환율_20230718.csv
1998-11-02,1998,11,2,JPY,1140.95,2.31,10.16,23.95,한국무역보험공사_환율_20230718.csv
1998-11-03,1998,11,3,JPY,1145.59,3.13,10.61,24.17,한국무역보험공사_환율_20230718.csv
1998-11-04,1998,11,4,JPY,1142.84,3.92,12.22,25.86,한국무역보험공사_환율_20230718.csv
1998-11-05,1998,11,5,JPY,1122.27,0.68,10.69,22.31,한국무역보험공사_환율_20230718.csv
1998-11-06,1998,11,6,JPY,1109.38,-1.16,9.13,20.5,한국무역보험공사_환율_20230718.csv
1998-11-07,1998,11,7,JPY,1104.16,-1.88,7.84,19.41,한국무역보험공사_환율_20230718.csv
1998-11-09,1998,11,9,JPY,1102.96,-2.57,8.55,19.92,한국무역보험공사_환율_20230718.csv
1998-11-10,1998,11,10,JPY,1080.98,-5.26,5.3,18.03,한국무역보험공사_환율_20230718.csv
1998-11-11,1998,11,11,JPY,1078.63,-5.85,0.86,20.48,한국무역보험공사_환율_20230718.csv
1998-11-12,1998,11,12,JPY,1081.48,-5.37,-4.13,22.41,한국무역보험공사_환율_20230718.csv
1998-11-13,1998,11,13,JPY,1076.84,-4.05,-6.16,23.28,한국무역보험공사_환율_20230718.csv
1998-11-14,1998,11,14,JPY,1122.27,1.16,-1.68,31.29,한국무역보험공사_환율_20230718.csv
1998-11-16,1998,11,16,JPY,1073.98,-2.73,-5.27,24.0,한국무역보험공사_환율_20230718.csv
1998-11-17,1998,11,17,JPY,1094.23,-0.79,-2.2,25.23,한국무역보험공사_환율_20230718.csv
1998-11-18,1998,11,18,JPY,1081.48,0.05,-4.46,25.65,한국무역보험공사_환율_20230718.csv
1998-11-19,1998,11,19,JPY,1064.29,-1.33,-6.67,25.4,한국무역보험공사_환율_20230718.csv
1998-11-20,1998,11,20,JPY,1075.72,-0.53,-6.88,26.01,한국무역보험공사_환율_20230718.csv
1998-11-21,1998,11,21,JPY,1057.14,-1.83,-7.86,24.0,한국무역보험공사_환율_20230718.csv
1998-11-23,1998,11,23,JPY,1054.73,-6.02,-7.75,22.67,한국무역보험공사_환율_20230718.csv
1998-11-24,1998,11,24,JPY,1029.07,-4.18,-10.29,17.89,한국무역보험공사_환율_20230718.csv
1998-11-25,1998,11,25,JPY,1030.56,-5.82,-9.64,13.94,한국무역보험공사_환율_20230718.csv
1998-11-26,1998,11,26,JPY,1029.76,-4.78,-8.87,13.17,한국무역보험공사_환율_20230718.csv
1998-11-27,1998,11,27,JPY,1017.37,-4.41,-9.58,9.96,한국무역보험공사_환율_20230718.csv
1998-11-28,1998,11,28,JPY,1010.81,-6.03,-9.36,11.19,한국무역보험공사_환율_20230718.csv
1998-11-30,1998,11,30,JPY,1009.05,-4.55,-9.16,11.39,한국무역보험공사_환율_20230718.csv
1998-12-01,1998,12,1,JPY,1016.74,-3.6,-7.54,11.64,한국무역보험공사_환율_20230718.csv
1998-12-02,1998,12,2,JPY,1019.08,-0.97,-8.58,11.3,한국무역보험공사_환율_20230718.csv
1998-12-03,1998,12,3,JPY,1031.86,0.13,-8.07,13.9,한국무역보험공사_환율_20230718.csv
1998-12-04,1998,12,4,JPY,1043.91,1.37,-7.23,14.79,한국무역보험공사_환율_20230718.csv
1998-12-05,1998,12,5,JPY,1023.25,0.58,-9.61,11.63,한국무역보험공사_환율_20230718.csv
1998-12-07,1998,12,7,JPY,1025.58,1.46,-10.11,13.14,한국무역보험공사_환율_20230718.csv
1998-12-08,1998,12,8,JPY,1003.7,-0.53,-12.39,10.5,한국무역보험공사_환율_20230718.csv
1998-12-09,1998,12,9,JPY,1021.66,0.48,-10.6,13.62,한국무역보험공사_환율_20230718.csv
1998-12-10,1998,12,10,JPY,1025.98,0.68,-8.58,14.31,한국무역보험공사_환율_20230718.csv
1998-12-11,1998,12,11,JPY,1029.53,-0.23,-7.2,13.23,한국무역보험공사_환율_20230718.csv
1998-12-12,1998,12,12,JPY,1037.0,-0.66,-6.08,14.63,한국무역보험공사_환율_20230718.csv
1998-12-14,1998,12,14,JPY,1036.46,1.29,-6.03,13.92,한국무역보험공사_환율_20230718.csv
1998-12-15,1998,12,15,JPY,1044.88,1.88,-3.34,12.18,한국무역보험공사_환율_20230718.csv
1998-12-16,1998,12,16,JPY,1036.4,3.26,-3.92,10.32,한국무역보험공사_환율_20230718.csv
1998-12-17,1998,12,17,JPY,1040.4,1.83,-3.8,10.5,한국무역보험공사_환율_20230718.csv
1998-12-18,1998,12,18,JPY,1042.47,1.61,-3.19,7.5,한국무역보험공사_환율_20230718.csv
1998-12-19,1998,12,19,JPY,1040.91,1.11,-7.25,5.71,한국무역보험공사_환율_20230718.csv
1998-12-21,1998,12,21,JPY,1047.0,0.96,-2.51,7.7,한국무역보험공사_환율_20230718.csv
1998-12-22,1998,12,22,JPY,1034.61,-0.18,-5.45,3.69,한국무역보험공사_환율_20230718.csv
1998-12-23,1998,12,23,JPY,1032.77,-1.16,-4.5,3.48,한국무역보험공사_환율_20230718.csv
1998-12-24,1998,12,24,JPY,1045.12,0.84,-1.8,4.45,한국무역보험공사_환율_20230718.csv
1998-12-26,1998,12,26,JPY,1038.73,-0.16,-3.44,1.82,한국무역보험공사_환율_20230718.csv
1998-12-28,1998,12,28,JPY,1037.83,-0.45,-1.83,0.22,한국무역보험공사_환율_20230718.csv
1998-12-29,1998,12,29,JPY,1044.37,0.33,-0.98,3.8,한국무역보험공사_환율_20230718.csv
1998-12-30,1998,12,30,JPY,1044.75,-0.21,1.52,2.16,한국무역보험공사_환율_20230718.csv
1998-12-31,1998,12,31,JPY,1053.47,1.82,2.22,0.75,한국무역보험공사_환율_20230718.csv
1999-01-02,1999,1,2,JPY,1056.08,2.26,2.56,1.27,한국무역보험공사_환율_20230718.csv
1999-01-04,1999,1,4,JPY,1059.45,1.37,4.14,1.45,한국무역보험공사_환율_20230718.csv
1999-01-05,1999,1,5,JPY,1060.99,2.14,4.96,2.61,한국무역보험공사_환율_20230718.csv
1999-01-06,1999,1,6,JPY,1041.02,0.31,3.17,1.28,한국무역보험공사_환율_20230718.csv
1999-01-07,1999,1,7,JPY,1026.29,-1.73,0.94,-2.12,한국무역보험공사_환율_20230718.csv
1999-01-08,1999,1,8,JPY,1040.46,-0.41,2.1,-0.53,한국무역보험공사_환율_20230718.csv
1999-01-09,1999,1,9,JPY,1053.38,-0.01,2.09,1.31,한국무역보험공사_환율_20230718.csv
1999-01-11,1999,1,11,JPY,1059.11,0.29,1.46,2.4,한국무역보험공사_환율_20230718.csv
1999-01-12,1999,1,12,JPY,1074.45,1.42,5.0,3.5,한국무역보험공사_환율_20230718.csv
1999-01-13,1999,1,13,JPY,1041.05,-1.88,1.51,0.52,한국무역보험공사_환율_20230718.csv
1999-01-14,1999,1,14,JPY,1035.49,-0.53,3.17,-0.02,한국무역보험공사_환율_20230718.csv
1999-01-15,1999,1,15,JPY,1043.83,1.71,2.17,2.5,한국무역보험공사_환율_20230718.csv
1999-01-16,1999,1,16,JPY,1040.48,0.0,1.41,2.62,한국무역보험공사_환율_20230718.csv
1999-01-18,1999,1,18,JPY,1038.52,-1.41,0.87,2.16,한국무역보험공사_환율_20230718.csv
1999-01-19,1999,1,19,JPY,1032.57,-2.51,-0.43,0.84,한국무역보험공사_환율_20230718.csv
1999-01-20,1999,1,20,JPY,1039.23,-3.28,0.27,2.28,한국무역보험공사_환율_20230718.csv
1999-01-21,1999,1,21,JPY,1038.97,-0.2,-0.57,1.21,한국무역보험공사_환율_20230718.csv
1999-01-22,1999,1,22,JPY,1031.27,-0.41,-0.49,-3.57,한국무역보험공사_환율_20230718.csv
1999-01-23,1999,1,23,JPY,1027.09,-1.6,-1.28,-8.95,한국무역보험공사_환율_20230718.csv
1999-01-25,1999,1,25,JPY,1024.4,-1.55,-1.73,-10.73,한국무역보험공사_환율_20230718.csv
1999-01-26,1999,1,26,JPY,1043.2,0.45,0.22,-8.6,한국무역보험공사_환율_20230718.csv
1999-01-27,1999,1,27,JPY,1033.93,0.13,-1.25,-8.8,한국무역보험공사_환율_20230718.csv
1999-01-28,1999,1,28,JPY,1017.66,-2.08,-1.64,-9.04,한국무역보험공사_환율_20230718.csv
1999-01-29,1999,1,29,JPY,1009.97,-2.79,-2.21,-10.78,한국무역보험공사_환율_20230718.csv
1999-01-30,1999,1,30,JPY,1010.53,-2.01,-3.31,-11.39,한국무역보험공사_환율_20230718.csv
1999-02-01,1999,2,1,JPY,1014.33,-1.24,-2.35,-12.2,한국무역보험공사_환율_20230718.csv
1999-02-02,1999,2,2,JPY,1021.03,-0.33,-1.62,-11.01,한국무역보험공사_환율_20230718.csv
1999-02-03,1999,2,3,JPY,1046.79,0.34,0.23,-8.45,한국무역보험공사_환율_20230718.csv
1999-02-04,1999,2,4,JPY,1034.0,0.01,-1.03,-9.86,한국무역보험공사_환율_20230718.csv
1999-02-05,1999,2,5,JPY,1044.91,2.68,-0.81,-8.39,한국무역보험공사_환율_20230718.csv
1999-02-06,1999,2,6,JPY,1034.3,2.41,-2.06,-8.47,한국무역보험공사_환율_20230718.csv
1999-02-08,1999,2,8,JPY,1036.17,2.54,-2.2,-7.91,한국무역보험공사_환율_20230718.csv
1999-02-09,1999,2,9,JPY,1025.1,1.06,-3.38,-8.08,한국무역보험공사_환율_20230718.csv
1999-02-10,1999,2,10,JPY,1032.89,1.16,-0.78,-7.02,한국무역보험공사_환율_20230718.csv
1999-02-11,1999,2,11,JPY,1031.37,-1.47,0.49,-6.21,한국무역보험공사_환율_20230718.csv
1999-02-12,1999,2,12,JPY,1026.35,-0.74,-1.36,-7.93,한국무역보험공사_환율_20230718.csv
1999-02-13,1999,2,13,JPY,1029.7,-1.46,-2.25,-8.26,한국무역보험공사_환율_20230718.csv
1999-02-18,1999,2,18,JPY,991.27,-4.16,-6.41,-11.91,한국무역보험공사_환율_20230718.csv
1999-02-19,1999,2,19,JPY,989.04,-4.55,-7.95,-12.64,한국무역보험공사_환율_20230718.csv
1999-02-20,1999,2,20,JPY,988.85,-3.54,-5.01,-13.33,한국무역보험공사_환율_20230718.csv
1999-02-22,1999,2,22,JPY,984.46,-4.69,-4.93,-14.07,한국무역보험공사_환율_20230718.csv
1999-02-23,1999,2,23,JPY,1006.11,-2.45,-3.61,-11.96,한국무역보험공사_환율_20230718.csv
1999-02-24,1999,2,24,JPY,1002.69,-2.31,-3.63,-10.66,한국무역보험공사_환율_20230718.csv
1999-02-25,1999,2,25,JPY,1000.45,-2.84,-3.67,-9.82,한국무역보험공사_환율_20230718.csv
1999-02-26,1999,2,26,JPY,1020.46,2.94,-1.17,-7.58,한국무역보험공사_환율_20230718.csv
1999-02-27,1999,2,27,JPY,1027.66,3.9,-1.11,-6.83,한국무역보험공사_환율_20230718.csv
1999-03-02,1999,3,2,JPY,1021.05,3.26,-1.72,-5.54,한국무역보험공사_환율_20230718.csv
1999-03-03,1999,3,3,JPY,1018.64,3.47,-1.22,-5.56,한국무역보험공사_환율_20230718.csv
1999-03-04,1999,3,4,JPY,1008.78,0.27,-1.78,-6.72,한국무역보험공사_환율_20230718.csv
1999-03-05,1999,3,5,JPY,1003.69,0.1,-2.02,-6.79,한국무역보험공사_환율_20230718.csv
1999-03-06,1999,3,6,JPY,1011.97,1.15,-2.99,-9.83,한국무역보험공사_환율_20230718.csv
1999-03-08,1999,3,8,JPY,1011.72,-0.86,-2.15,-5.8,한국무역보험공사_환율_20230718.csv
1999-03-09,1999,3,9,JPY,1019.36,-0.81,0.17,-6.84,한국무역보험공사_환율_20230718.csv
1999-03-10,1999,3,10,JPY,1021.31,0.03,1.12,-5.56,한국무역보험공사_환율_20230718.csv
1999-03-11,1999,3,11,JPY,1029.57,1.07,1.88,-3.26,한국무역보험공사_환율_20230718.csv
1999-03-12,1999,3,12,JPY,1030.83,2.19,1.63,-4.17,한국무역보험공사_환율_20230718.csv
1999-03-13,1999,3,13,JPY,1039.04,3.52,1.76,-1.71,한국무역보험공사_환율_20230718.csv
1999-03-15,1999,3,15,JPY,1035.25,2.3,-1.1,-1.85,한국무역보험공사_환율_20230718.csv
1999-03-16,1999,3,16,JPY,1045.2,3.31,1.08,1.57,한국무역보험공사_환율_20230718.csv
1999-03-17,1999,3,17,JPY,1047.31,2.74,0.23,1.63,한국무역보험공사_환율_20230718.csv
1999-03-18,1999,3,18,JPY,1037.37,1.57,0.3,0.74,한국무역보험공사_환율_20230718.csv
1999-03-19,1999,3,19,JPY,1041.44,1.15,0.51,2.37,한국무역보험공사_환율_20230718.csv
1999-03-20,1999,3,20,JPY,1042.0,1.08,1.65,3.09,한국무역보험공사_환율_20230718.csv
1999-03-22,1999,3,22,JPY,1042.93,0.37,0.97,3.36,한국무역보험공사_환율_20230718.csv
1999-03-23,1999,3,23,JPY,1042.93,0.74,1.12,2.58,한국무역보험공사_환율_20230718.csv
1999-03-24,1999,3,24,JPY,1034.78,-1.0,0.82,1.54,한국무역보험공사_환율_20230718.csv
1999-03-25,1999,3,25,JPY,1037.05,-0.98,0.71,0.5,한국무역보험공사_환율_20230718.csv
1999-03-26,1999,3,26,JPY,1035.21,-0.21,4.43,-0.83,한국무역보험공사_환율_20230718.csv
1999-03-27,1999,3,27,JPY,1016.96,-2.35,2.82,-0.61,한국무역보험공사_환율_20230718.csv
1999-03-29,1999,3,29,JPY,1016.2,-2.48,2.77,-0.91,한국무역보험공사_환율_20230718.csv
1999-03-30,1999,3,30,JPY,1019.9,-2.21,3.6,1.61,한국무역보험공사_환율_20230718.csv
1999-03-31,1999,3,31,JPY,1015.93,-2.59,0.98,-0.56,한국무역보험공사_환율_20230718.csv
1999-04-01,1999,4,1,JPY,1032.34,-0.24,2.96,0.62,한국무역보험공사_환율_20230718.csv
1999-04-02,1999,4,2,JPY,1015.43,-2.08,1.5,-1.37,한국무역보험공사_환율_20230718.csv
1999-04-03,1999,4,3,JPY,1014.37,-2.01,-0.6,-2.18,한국무역보험공사_환율_20230718.csv
1999-04-06,1999,4,6,JPY,1006.53,-1.03,-2.06,-2.89,한국무역보험공사_환율_20230718.csv
1999-04-07,1999,4,7,JPY,1015.12,-0.11,-0.58,-2.85,한국무역보험공사_환율_20230718.csv
1999-04-08,1999,4,8,JPY,1006.83,-1.28,-1.16,-2.85,한국무역보험공사_환율_20230718.csv
1999-04-09,1999,4,9,JPY,1007.45,-0.83,-0.13,-3.17,한국무역보험공사_환율_20230718.csv
1999-04-10,1999,4,10,JPY,1011.95,-1.98,0.82,-2.93,한국무역보험공사_환율_20230718.csv
1999-04-12,1999,4,12,JPY,1013.84,-0.16,0.18,-2.6,한국무역보험공사_환율_20230718.csv
1999-04-13,1999,4,13,JPY,1014.77,0.04,0.3,-3.08,한국무역보험공사_환율_20230718.csv
1999-04-14,1999,4,14,JPY,1021.81,1.52,0.24,-1.24,한국무역보험공사_환율_20230718.csv
1999-04-15,1999,4,15,JPY,1022.89,0.77,0.15,-0.96,한국무역보험공사_환율_20230718.csv
1999-04-16,1999,4,16,JPY,1021.99,1.51,-0.74,-2.21,한국무역보험공사_환율_20230718.csv
1999-04-17,1999,4,17,JPY,1034.34,2.67,0.34,-0.42,한국무역보험공사_환율_20230718.csv
1999-04-19,1999,4,19,JPY,1034.82,2.26,-0.41,-0.29,한국무역보험공사_환율_20230718.csv
1999-04-20,1999,4,20,JPY,1026.65,1.26,-0.83,-1.7,한국무역보험공사_환율_20230718.csv
1999-04-21,1999,4,21,JPY,1001.6,-1.3,-4.17,-4.13,한국무역보험공사_환율_20230718.csv
1999-04-22,1999,4,22,JPY,992.4,-2.88,-5.24,-5.8,한국무역보험공사_환율_20230718.csv
1999-04-23,1999,4,23,JPY,1000.13,-2.23,-3.59,-5.3,한국무역보험공사_환율_20230718.csv
1999-04-24,1999,4,24,JPY,997.4,-2.41,-4.23,-5.86,한국무역보험공사_환율_20230718.csv
1999-04-26,1999,4,26,JPY,999.92,-3.33,-4.04,-5.76,한국무역보험공사_환율_20230718.csv
1999-04-27,1999,4,27,JPY,993.71,-3.97,-4.72,-4.54,한국무역보험공사_환율_20230718.csv
1999-04-28,1999,4,28,JPY,984.61,-4.09,-5.59,-4.06,한국무역보험공사_환율_20230718.csv
1999-04-29,1999,4,29,JPY,990.14,-1.14,-4.31,-4.84,한국무역보험공사_환율_20230718.csv
1999-04-30,1999,4,30,JPY,985.67,-0.68,-4.95,-6.43,한국무역보험공사_환율_20230718.csv
1999-05-03,1999,5,3,JPY,990.26,-0.99,-4.34,-6.5,한국무역보험공사_환율_20230718.csv
1999-05-04,1999,5,4,JPY,988.69,-0.87,-2.78,-7.98,한국무역보험공사_환율_20230718.csv
1999-05-06,1999,5,6,JPY,994.39,-0.55,-2.15,-4.48,한국무역보험공사_환율_20230718.csv
1999-05-07,1999,5,7,JPY,996.47,0.28,-2.3,-3.77,한국무역보험공사_환율_20230718.csv
1999-05-08,1999,5,8,JPY,994.7,1.02,-2.09,-4.71,한국무역보험공사_환율_20230718.csv
1999-05-10,1999,5,10,JPY,993.51,0.34,-3.76,-4.51,한국무역보험공사_환율_20230718.csv
1999-05-11,1999,5,11,JPY,998.63,1.31,-1.65,-3.84,한국무역보험공사_환율_20230718.csv
1999-05-12,1999,5,12,JPY,992.31,0.21,-2.17,-3.9,한국무역보험공사_환율_20230718.csv
1999-05-13,1999,5,13,JPY,993.11,0.45,-1.33,-4.44,한국무역보험공사_환율_20230718.csv
1999-05-14,1999,5,14,JPY,991.25,-0.32,-2.35,-4.59,한국무역보험공사_환율_20230718.csv
1999-05-15,1999,5,15,JPY,983.51,-1.3,-2.32,-4.63,한국무역보험공사_환율_20230718.csv
1999-05-17,1999,5,17,JPY,982.23,-1.25,-2.5,-4.37,한국무역보험공사_환율_20230718.csv
1999-05-18,1999,5,18,JPY,979.8,-1.38,-3.18,-4.35,한국무역보험공사_환율_20230718.csv
1999-05-19,1999,5,19,JPY,973.67,-2.5,-3.96,-6.67,한국무역보험공사_환율_20230718.csv
1999-05-20,1999,5,20,JPY,965.75,-2.68,-4.83,-6.59,한국무역보험공사_환율_20230718.csv
1999-05-21,1999,5,21,JPY,961.78,-3.15,-5.87,-5.49,한국무역보험공사_환율_20230718.csv
1999-05-24,1999,5,24,JPY,959.32,-3.22,-6.21,-5.02,한국무역보험공사_환율_20230718.csv
1999-05-25,1999,5,25,JPY,968.52,-1.52,-5.23,-4.16,한국무역보험공사_환율_20230718.csv
1999-05-26,1999,5,26,JPY,969.91,-1.25,-6.23,-4.38,한국무역보험공사_환율_20230718.csv
1999-05-27,1999,5,27,JPY,972.06,-0.79,-6.06,-4.8,한국무역보험공사_환율_20230718.csv
1999-05-28,1999,5,28,JPY,987.65,1.44,-3.8,-5.65,한국무역보험공사_환율_20230718.csv
1999-05-29,1999,5,29,JPY,975.58,1.02,-2.6,-5.65,한국무역보험공사_환율_20230718.csv
1999-05-31,1999,5,31,JPY,974.57,1.33,-1.8,-6.73,한국무역보험공사_환율_20230718.csv
1999-06-01,1999,6,1,JPY,975.3,1.67,-2.48,-5.7,한국무역보험공사_환율_20230718.csv
1999-06-02,1999,6,2,JPY,984.79,1.68,-1.26,-4.96,한국무역보험공사_환율_20230718.csv
1999-06-03,1999,6,3,JPY,976.38,0.67,-2.35,-4.75,한국무역보험공사_환율_20230718.csv
1999-06-04,1999,6,4,JPY,974.53,0.25,-1.93,-5.65,한국무역보험공사_환율_20230718.csv
1999-06-05,1999,6,5,JPY,968.0,-1.99,-1.69,-6.14,한국무역보험공사_환율_20230718.csv
1999-06-07,1999,6,7,JPY,966.58,-0.92,-2.38,-5.82,한국무역보험공사_환율_20230718.csv
1999-06-08,1999,6,8,JPY,978.11,0.36,-0.77,-5.01,한국무역보험공사_환율_20230718.csv
1999-06-09,1999,6,9,JPY,989.61,1.47,-0.07,-0.17,한국무역보험공사_환율_20230718.csv
1999-06-10,1999,6,10,JPY,976.73,-0.82,-1.21,-1.24,한국무역보험공사_환율_20230718.csv
1999-06-11,1999,6,11,JPY,976.8,0.04,-1.77,-1.22,한국무역보험공사_환율_20230718.csv
1999-06-12,1999,6,12,JPY,990.25,1.61,-0.62,0.59,한국무역보험공사_환율_20230718.csv
1999-06-14,1999,6,14,JPY,989.66,2.24,-0.51,-1.64,한국무역보험공사_환율_20230718.csv
1999-06-15,1999,6,15,JPY,971.13,0.47,-2.25,-3.15,한국무역보험공사_환율_20230718.csv
1999-06-16,1999,6,16,JPY,968.95,-0.94,-2.97,-3.15,한국무역보험공사_환율_20230718.csv
1999-06-17,1999,6,17,JPY,967.31,-2.25,-2.52,-5.21,한국무역보험공사_환율_20230718.csv
1999-06-18,1999,6,18,JPY,975.73,-0.1,-1.75,-5.05,한국무역보험공사_환율_20230718.csv
1999-06-19,1999,6,19,JPY,968.56,-0.84,-2.29,-5.14,한국무역보험공사_환율_20230718.csv
1999-06-21,1999,6,21,JPY,965.95,-2.45,-1.79,-5.17,한국무역보험공사_환율_20230718.csv
1999-06-22,1999,6,22,JPY,952.86,-3.72,-2.99,-5.54,한국무역보험공사_환율_20230718.csv
1999-06-23,1999,6,23,JPY,953.67,-1.8,-2.67,-4.98,한국무역보험공사_환율_20230718.csv
1999-06-24,1999,6,24,JPY,953.11,-1.63,-2.11,-5.82,한국무역보험공사_환율_20230718.csv
1999-06-25,1999,6,25,JPY,951.46,-1.64,-1.48,-5.96,한국무역보험공사_환율_20230718.csv
1999-06-26,1999,6,26,JPY,950.53,-2.58,-1.17,-6.75,한국무역보험공사_환율_20230718.csv
1999-06-28,1999,6,28,JPY,949.2,-2.0,-1.05,-7.06,한국무역보험공사_환율_20230718.csv
1999-06-29,1999,6,29,JPY,948.76,-1.78,-2.04,-7.85,한국무역보험공사_환율_20230718.csv
1999-06-30,1999,6,30,JPY,954.97,0.22,-1.54,-7.36,한국무역보험공사_환율_20230718.csv
1999-07-01,1999,7,1,JPY,958.59,0.52,-1.39,-7.74,한국무역보험공사_환율_20230718.csv
1999-07-02,1999,7,2,JPY,959.65,0.69,-2.84,-7.3,한국무역보험공사_환율_20230718.csv
1999-07-03,1999,7,3,JPY,964.54,1.37,-1.13,-7.72,한국무역보험공사_환율_20230718.csv
1999-07-05,1999,7,5,JPY,964.7,1.49,-1.01,-7.89,한국무역보험공사_환율_20230718.csv
1999-07-06,1999,7,6,JPY,950.8,0.17,-2.51,-8.35,한국무역보험공사_환율_20230718.csv
1999-07-07,1999,7,7,JPY,954.96,0.65,-3.03,-8.3,한국무역보험공사_환율_20230718.csv
1999-07-08,1999,7,8,JPY,956.86,0.2,-2.0,-8.17,한국무역보험공사_환율_20230718.csv
1999-07-09,1999,7,9,JPY,960.59,0.21,-1.43,-7.9,한국무역보험공사_환율_20230718.csv
1999-07-10,1999,7,10,JPY,970.42,1.12,0.25,-6.95,한국무역보험공사_환율_20230718.csv
1999-07-12,1999,7,12,JPY,970.42,0.61,0.4,-6.22,한국무역보험공사_환율_20230718.csv
1999-07-13,1999,7,13,JPY,971.39,0.69,-0.69,-6.33,한국무역보험공사_환율_20230718.csv
1999-07-14,1999,7,14,JPY,969.76,1.99,-2.01,-6.32,한국무역보험공사_환율_20230718.csv
1999-07-15,1999,7,15,JPY,977.24,2.33,0.05,-3.91,한국무역보험공사_환율_20230718.csv
1999-07-16,1999,7,16,JPY,979.37,2.35,0.26,-3.62,한국무역보험공사_환율_20230718.csv
1999-07-19,1999,7,19,JPY,976.41,1.65,-1.4,-4.26,한국무역보험공사_환율_20230718.csv
1999-07-20,1999,7,20,JPY,1002.83,3.34,1.33,-1.29,한국무역보험공사_환율_20230718.csv
1999-07-21,1999,7,21,JPY,997.07,2.75,2.67,-3.42,한국무역보험공사_환율_20230718.csv
1999-07-22,1999,7,22,JPY,1011.92,4.17,4.43,-0.35,한국무역보험공사_환율_20230718.csv
1999-07-23,1999,7,23,JPY,1029.79,6.19,6.46,1.52,한국무역보험공사_환율_20230718.csv
1999-07-24,1999,7,24,JPY,1036.63,6.08,6.24,2.99,한국무역보험공사_환율_20230718.csv
1999-07-26,1999,7,26,JPY,1034.54,5.63,6.81,1.91,한국무역보험공사_환율_20230718.csv
1999-07-27,1999,7,27,JPY,1031.12,5.6,6.75,2.41,한국무역보험공사_환율_20230718.csv
1999-07-28,1999,7,28,JPY,1034.3,3.14,8.55,2.67,한국무역보험공사_환율_20230718.csv
1999-07-29,1999,7,29,JPY,1035.04,3.81,8.53,2.28,한국무역보험공사_환율_20230718.csv
1999-07-30,1999,7,30,JPY,1038.56,2.63,8.97,2.44,한국무역보험공사_환율_20230718.csv
1999-07-31,1999,7,31,JPY,1053.88,2.34,10.76,3.85,한국무역보험공사_환율_20230718.csv
1999-08-02,1999,8,2,JPY,1052.22,1.5,10.7,2.98,한국무역보험공사_환율_20230718.csv
1999-08-03,1999,8,3,JPY,1049.69,1.46,10.59,2.62,한국무역보험공사_환율_20230718.csv
1999-08-04,1999,8,4,JPY,1041.0,0.96,9.72,1.86,한국무역보험공사_환율_20230718.csv
1999-08-05,1999,8,5,JPY,1049.24,1.44,9.87,1.44,한국무역보험공사_환율_20230718.csv
1999-08-06,1999,8,6,JPY,1048.71,1.32,9.4,1.34,한국무역보험공사_환율_20230718.csv
1999-08-07,1999,8,7,JPY,1044.45,0.57,8.84,1.73,한국무역보험공사_환율_20230718.csv
1999-08-09,1999,8,9,JPY,1041.6,-1.17,7.99,3.99,한국무역보험공사_환율_20230718.csv
1999-08-10,1999,8,10,JPY,1039.18,-1.24,7.72,4.71,한국무역보험공사_환율_20230718.csv
1999-08-11,1999,8,11,JPY,1044.95,-0.45,9.9,4.48,한국무역보험공사_환율_20230718.csv
1999-08-12,1999,8,12,JPY,1037.47,-0.34,8.64,4.02,한국무역보험공사_환율_20230718.csv
1999-08-13,1999,8,13,JPY,1046.16,-0.29,9.33,4.62,한국무역보험공사_환율_20230718.csv
1999-08-14,1999,8,14,JPY,1042.47,-0.6,8.52,4.91,한국무역보험공사_환율_20230718.csv
1999-08-16,1999,8,16,JPY,1042.02,-0.23,7.38,5.83,한국무역보험공사_환율_20230718.csv
1999-08-17,1999,8,17,JPY,1052.05,1.0,8.41,6.25,한국무역보험공사_환율_20230718.csv
1999-08-18,1999,8,18,JPY,1055.41,1.56,8.65,7.08,한국무역보험공사_환율_20230718.csv
1999-08-19,1999,8,19,JPY,1074.36,2.81,10.79,8.49,한국무역보험공사_환율_20230718.csv
1999-08-20,1999,8,20,JPY,1074.73,3.59,9.98,8.7,한국무역보험공사_환율_20230718.csv
1999-08-21,1999,8,21,JPY,1078.28,3.07,10.1,8.44,한국무역보험공사_환율_20230718.csv
1999-08-23,1999,8,23,JPY,1080.41,3.64,10.65,8.42,한국무역보험공사_환율_20230718.csv
1999-08-24,1999,8,24,JPY,1072.07,2.88,6.9,7.78,한국무역보험공사_환율_20230718.csv
1999-08-25,1999,8,25,JPY,1084.4,3.07,8.76,9.15,한국무역보험공사_환율_20230718.csv
1999-08-26,1999,8,26,JPY,1075.17,1.87,6.25,7.66,한국무역보험공사_환율_20230718.csv
1999-08-27,1999,8,27,JPY,1064.73,-0.9,3.39,7.3,한국무역보험공사_환율_20230718.csv
1999-08-28,1999,8,28,JPY,1068.13,-0.61,3.04,7.55,한국무역보험공사_환율_20230718.csv
1999-08-30,1999,8,30,JPY,1065.6,-1.18,3.0,7.5,한국무역보험공사_환율_20230718.csv
1999-08-31,1999,8,31,JPY,1070.85,-0.88,3.85,8.88,한국무역보험공사_환율_20230718.csv
1999-09-01,1999,9,1,JPY,1079.45,0.69,4.37,9.9,한국무역보험공사_환율_20230718.csv
1999-09-02,1999,9,2,JPY,1084.79,0.04,4.81,10.72,한국무역보험공사_환율_20230718.csv
1999-09-03,1999,9,3,JPY,1086.51,1.05,4.62,11.59,한국무역보험공사_환율_20230718.csv
1999-09-04,1999,9,4,JPY,1085.23,1.93,2.97,12.37,한국무역보험공사_환율_20230718.csv
1999-09-06,1999,9,6,JPY,1088.5,1.91,3.45,13.18,한국무역보험공사_환율_20230718.csv
1999-09-07,1999,9,7,JPY,1089.38,2.23,3.78,13.56,한국무역보험공사_환율_20230718.csv
1999-09-08,1999,9,8,JPY,1076.31,0.51,3.39,11.13,한국무역보험공사_환율_20230718.csv
1999-09-09,1999,9,9,JPY,1089.04,0.89,3.79,12.28,한국무역보험공사_환율_20230718.csv
1999-09-10,1999,9,10,JPY,1104.82,1.85,5.35,13.66,한국무역보험공사_환율_20230718.csv
1999-09-11,1999,9,11,JPY,1095.27,0.81,4.87,10.9,한국무역보험공사_환율_20230718.csv
1999-09-13,1999,9,13,JPY,1092.01,0.62,4.84,11.93,한국무역보험공사_환율_20230718.csv
1999-09-14,1999,9,14,JPY,1116.03,2.53,7.4,14.52,한국무역보험공사_환율_20230718.csv
1999-09-15,1999,9,15,JPY,1123.57,3.14,7.52,15.2,한국무역보험공사_환율_20230718.csv
1999-09-16,1999,9,16,JPY,1137.48,5.68,9.64,15.5,한국무역보험공사_환율_20230718.csv
1999-09-17,1999,9,17,JPY,1138.83,4.57,8.86,16.64,한국무역보험공사_환율_20230718.csv
1999-09-18,1999,9,18,JPY,1124.28,1.76,7.85,15.37,한국무역보험공사_환율_20230718.csv
1999-09-20,1999,9,20,JPY,1116.15,1.91,7.11,15.3,한국무역보험공사_환율_20230718.csv
1999-09-21,1999,9,21,JPY,1129.66,3.45,7.38,16.87,한국무역보험공사_환율_20230718.csv
1999-09-22,1999,9,22,JPY,1142.71,2.39,8.27,16.83,한국무역보험공사_환율_20230718.csv
1999-09-27,1999,9,27,JPY,1144.69,1.88,6.55,15.67,한국무역보험공사_환율_20230718.csv
1999-09-28,1999,9,28,JPY,1140.78,0.29,6.15,16.8,한국무역보험공사_환율_20230718.csv
1999-09-29,1999,9,29,JPY,1140.86,0.18,5.8,16.8,한국무역보험공사_환율_20230718.csv
1999-09-30,1999,9,30,JPY,1137.17,1.15,5.25,14.84,한국무역보험공사_환율_20230718.csv
1999-10-01,1999,10,1,JPY,1145.39,2.62,6.84,15.74,한국무역보험공사_환율_20230718.csv
1999-10-02,1999,10,2,JPY,1156.51,2.38,6.65,19.09,한국무역보험공사_환율_20230718.csv
1999-10-04,1999,10,4,JPY,1159.49,1.47,7.84,19.66,한국무역보험공사_환율_20230718.csv
1999-10-05,1999,10,5,JPY,1143.11,-0.14,7.36,18.17,한국무역보험공사_환율_20230718.csv
1999-10-06,1999,10,6,JPY,1142.01,0.11,6.92,17.04,한국무역보험공사_환율_20230718.csv
1999-10-07,1999,10,7,JPY,1124.3,-1.45,5.51,16.08,한국무역보험공사_환율_20230718.csv
1999-10-08,1999,10,8,JPY,1122.7,-1.27,4.84,16.23,한국무역보험공사_환율_20230718.csv
1999-10-09,1999,10,9,JPY,1119.52,-2.26,3.71,17.49,한국무역보험공사_환율_20230718.csv
1999-10-11,1999,10,11,JPY,1119.62,-3.19,3.21,17.4,한국무역보험공사_환율_20230718.csv
1999-10-12,1999,10,12,JPY,1127.51,-2.76,3.77,18.3,한국무역보험공사_환율_20230718.csv
1999-10-13,1999,10,13,JPY,1134.91,-0.72,4.58,19.28,한국무역보험공사_환율_20230718.csv
1999-10-14,1999,10,14,JPY,1129.69,-1.08,3.78,18.85,한국무역보험공사_환율_20230718.csv
1999-10-15,1999,10,15,JPY,1122.94,-0.12,3.08,18.3,한국무역보험공사_환율_20230718.csv
1999-10-16,1999,10,16,JPY,1144.33,1.93,6.32,20.61,한국무역보험공사_환율_20230718.csv
1999-10-18,1999,10,18,JPY,1146.24,2.39,5.25,20.03,한국무역보험공사_환율_20230718.csv
1999-10-19,1999,10,19,JPY,1140.95,1.91,3.27,19.02,한국무역보험공사_환율_20230718.csv
1999-10-20,1999,10,20,JPY,1143.98,1.46,4.45,19.21,한국무역보험공사_환율_20230718.csv
1999-10-21,1999,10,21,JPY,1132.24,-0.24,3.68,17.39,한국무역보험공사_환율_20230718.csv
1999-10-22,1999,10,22,JPY,1134.21,0.4,1.63,17.57,한국무역보험공사_환율_20230718.csv
1999-10-23,1999,10,23,JPY,1140.47,1.56,1.5,19.95,한국무역보험공사_환율_20230718.csv
1999-10-25,1999,10,25,JPY,1139.28,-0.44,0.16,19.3,한국무역보험공사_환율_20230718.csv
1999-10-26,1999,10,26,JPY,1143.87,-0.21,0.44,19.54,한국무역보험공사_환율_20230718.csv
1999-10-27,1999,10,27,JPY,1149.5,0.75,2.24,19.67,한국무역보험공사_환율_20230718.csv
1999-10-28,1999,10,28,JPY,1151.34,0.64,3.15,18.64,한국무역보험공사_환율_20230718.csv
1999-10-29,1999,10,29,JPY,1142.1,0.87,1.1,17.69,한국무역보험공사_환율_20230718.csv
1999-10-30,1999,10,30,JPY,1152.89,1.65,0.89,18.68,한국무역보험공사_환율_20230718.csv
1999-11-01,1999,11,1,JPY,1153.05,1.1,0.73,18.9,한국무역보험공사_환율_20230718.csv
1999-11-02,1999,11,2,JPY,1148.58,0.82,0.68,17.53,한국무역보험공사_환율_20230718.csv
1999-11-03,1999,11,3,JPY,1148.88,0.44,0.7,17.31,한국무역보험공사_환율_20230718.csv
1999-11-04,1999,11,4,JPY,1137.78,-1.02,0.05,16.53,한국무역보험공사_환율_20230718.csv
1999-11-05,1999,11,5,JPY,1131.09,-1.76,-1.25,12.79,한국무역보험공사_환율_20230718.csv
1999-11-06,1999,11,6,JPY,1116.25,-2.26,-3.48,11.95,한국무역보험공사_환율_20230718.csv
1999-11-08,1999,11,8,JPY,1113.94,-3.38,-3.93,10.08,한국무역보험공사_환율_20230718.csv
1999-11-09,1999,11,9,JPY,1125.01,-2.43,-1.58,9.25,한국무역보험공사_환율_20230718.csv
1999-11-10,1999,11,10,JPY,1129.07,-1.7,-1.13,8.92,한국무역보험공사_환율_20230718.csv
1999-11-11,1999,11,11,JPY,1129.9,-1.65,0.5,9.22,한국무역보험공사_환율_20230718.csv
1999-11-12,1999,11,12,JPY,1120.36,-1.53,-0.21,8.65,한국무역보험공사_환율_20230718.csv
1999-11-13,1999,11,13,JPY,1110.09,-1.86,-0.84,7.33,한국무역보험공사_환율_20230718.csv
1999-11-15,1999,11,15,JPY,1110.67,-0.5,-0.8,7.31,한국무역보험공사_환율_20230718.csv
1999-11-16,1999,11,16,JPY,1121.79,0.7,-0.51,8.01,한국무역보험공사_환율_20230718.csv
1999-11-17,1999,11,17,JPY,1119.46,-0.49,-1.36,6.22,한국무역보험공사_환율_20230718.csv
1999-11-18,1999,11,18,JPY,1116.93,-1.08,-1.13,6.15,한국무역보험공사_환율_20230718.csv
1999-11-19,1999,11,19,JPY,1107.02,-2.02,-1.42,5.46,한국무역보험공사_환율_20230718.csv
1999-11-20,1999,11,20,JPY,1103.36,-1.52,-3.58,5.99,한국무역보험공사_환율_20230718.csv
1999-11-21,1999,11,21,JPY,1152.89,3.86,0.58,9.88,한국무역보험공사_환율_20230718.csv
1999-11-22,1999,11,22,JPY,1101.55,-0.82,-3.45,5.04,한국무역보험공사_환율_20230718.csv
1999-11-23,1999,11,23,JPY,1121.91,0.01,-1.93,7.42,한국무역보험공사_환율_20230718.csv
1999-11-24,1999,11,24,JPY,1122.73,0.29,-0.84,7.79,한국무역보험공사_환율_20230718.csv
1999-11-25,1999,11,25,JPY,1111.68,-0.47,-1.99,6.98,한국무역보험공사_환율_20230718.csv
1999-11-26,1999,11,26,JPY,1110.09,0.28,-2.66,6.23,한국무역보험공사_환율_20230718.csv
1999-11-27,1999,11,27,JPY,1138.62,3.2,-0.06,9.75,한국무역보험공사_환율_20230718.csv
1999-11-29,1999,11,29,JPY,1128.87,-2.08,-1.31,7.91,한국무역보험공사_환율_20230718.csv
1999-11-30,1999,11,30,JPY,1126.14,2.23,-2.03,8.03,한국무역보험공사_환율_20230718.csv
1999-12-01,1999,12,1,JPY,1134.93,1.16,-1.43,8.92,한국무역보험공사_환율_20230718.csv
1999-12-02,1999,12,2,JPY,1129.63,0.61,-1.09,7.37,한국무역보험공사_환율_20230718.csv
1999-12-03,1999,12,3,JPY,1122.85,1.0,-2.61,6.39,한국무역보험공사_환율_20230718.csv
1999-12-04,1999,12,4,JPY,1120.84,0.97,-2.79,4.33,한국무역보험공사_환율_20230718.csv
1999-12-06,1999,12,6,JPY,1118.12,-1.8,-2.65,4.04,한국무역보험공사_환율_20230718.csv
1999-12-07,1999,12,7,JPY,1120.74,-0.72,-2.45,3.94,한국무역보험공사_환율_20230718.csv
1999-12-08,1999,12,8,JPY,1113.76,-1.1,-2.11,3.09,한국무역보험공사_환율_20230718.csv
1999-12-09,1999,12,9,JPY,1098.03,-3.25,-2.92,2.42,한국무역보험공사_환율_20230718.csv
1999-12-10,1999,12,10,JPY,1101.97,-2.45,-1.28,1.62,한국무역보험공사_환율_20230718.csv
1999-12-11,1999,12,11,JPY,1107.65,-1.35,-0.56,3.02,한국무역보험공사_환율_20230718.csv
1999-12-13,1999,12,13,JPY,1105.81,-1.34,-1.71,3.86,한국무역보험공사_환율_20230718.csv
1999-12-14,1999,12,14,JPY,1094.45,-2.12,-3.07,2.46,한국무역보험공사_환율_20230718.csv
1999-12-15,1999,12,15,JPY,1095.15,-2.28,-3.08,2.77,한국무역보험공사_환율_20230718.csv
1999-12-16,1999,12,16,JPY,1096.0,-1.59,-2.17,2.35,한국무역보험공사_환율_20230718.csv
1999-12-17,1999,12,17,JPY,1100.05,0.18,-0.9,1.91,한국무역보험공사_환율_20230718.csv
1999-12-18,1999,12,18,JPY,1095.94,-0.55,-1.33,1.03,한국무역보험공사_환율_20230718.csv
1999-12-20,1999,12,20,JPY,1095.3,-1.11,-2.36,0.81,한국무역보험공사_환율_20230718.csv
1999-12-21,1999,12,21,JPY,1104.18,-0.15,-1.36,1.75,한국무역보험공사_환율_20230718.csv
1999-12-22,1999,12,22,JPY,1108.17,1.25,-0.78,1.81,한국무역보험공사_환율_20230718.csv
1999-12-23,1999,12,23,JPY,1114.4,1.76,0.67,2.3,한국무역보험공사_환율_20230718.csv
1999-12-24,1999,12,24,JPY,1107.69,1.07,0.39,2.92,한국무역보험공사_환율_20230718.csv
1999-12-27,1999,12,27,JPY,1100.53,0.04,-4.54,1.06,한국무역보험공사_환율_20230718.csv
1999-12-28,1999,12,28,JPY,1106.96,1.01,0.49,0.19,한국무역보험공사_환율_20230718.csv
1999-12-29,1999,12,29,JPY,1111.93,1.52,-0.89,1.52,한국무역보험공사_환율_20230718.csv
1999-12-30,1999,12,30,JPY,1121.84,1.6,-0.08,2.73,한국무역보험공사_환율_20230718.csv
1999-12-31,1999,12,31,JPY,1121.84,1.23,0.91,0.52,한국무역보험공사_환율_20230718.csv
2000-01-04,2000,1,4,JPY,1115.21,0.07,0.46,-0.74,한국무역보험공사_환율_20230718.csv
2000-01-05,2000,1,5,JPY,1090.68,-1.54,-4.21,-4.11,한국무역보험공사_환율_20230718.csv
2000-01-06,2000,1,6,JPY,1086.43,-1.28,-3.76,-4.6,한국무역보험공사_환율_20230718.csv
2000-01-07,2000,1,7,JPY,1082.28,-2.23,-3.89,-3.74,한국무역보험공사_환율_20230718.csv
2000-01-08,2000,1,8,JPY,1087.91,-2.16,-4.14,-2.53,한국무역보험공사_환율_20230718.csv
2000-01-10,2000,1,10,JPY,1089.93,-2.84,-3.51,-3.52,한국무역보험공사_환율_20230718.csv
2000-01-11,2000,1,11,JPY,1079.7,-3.76,-3.84,-5.51,한국무역보험공사_환율_20230718.csv
2000-01-12,2000,1,12,JPY,1073.84,-3.71,-4.19,-6.19,한국무역보험공사_환율_20230718.csv
2000-01-13,2000,1,13,JPY,1085.66,-0.46,-2.9,-4.83,한국무역보험공사_환율_20230718.csv
2000-01-14,2000,1,14,JPY,1071.33,-1.39,-4.41,-6.09,한국무역보험공사_환율_20230718.csv
2000-01-15,2000,1,15,JPY,1065.82,-1.52,-4.3,-6.27,한국무역보험공사_환율_20230718.csv
2000-01-17,2000,1,17,JPY,1066.82,-1.94,-2.84,-6.86,한국무역보험공사_환율_20230718.csv
2000-01-18,2000,1,18,JPY,1070.4,-1.79,-2.86,-7.45,한국무역보험공사_환율_20230718.csv
2000-01-19,2000,1,19,JPY,1064.27,-1.43,-3.92,-8.21,한국무역보험공사_환율_20230718.csv
2000-01-20,2000,1,20,JPY,1072.08,-0.16,-3.05,-6.21,한국무역보험공사_환율_20230718.csv
2000-01-21,2000,1,21,JPY,1073.68,-1.1,-1.9,-5.98,한국무역보험공사_환율_20230718.csv
2000-01-22,2000,1,22,JPY,1076.16,0.45,-1.73,-4.28,한국무역보험공사_환율_20230718.csv
2000-01-24,2000,1,24,JPY,1071.97,0.58,-2.19,-4.52,한국무역보험공사_환율_20230718.csv
2000-01-25,2000,1,25,JPY,1065.47,-0.13,-3.14,-4.83,한국무역보험공사_환율_20230718.csv
2000-01-26,2000,1,26,JPY,1062.97,-0.69,-3.01,-5.06,한국무역보험공사_환율_20230718.csv
2000-01-27,2000,1,27,JPY,1066.74,0.23,-2.61,-5.39,한국무역보험공사_환율_20230718.csv
2000-01-28,2000,1,28,JPY,1072.48,0.04,-2.87,-5.5,한국무역보험공사_환율_20230718.csv
2000-01-29,2000,1,29,JPY,1047.03,-2.48,-5.52,-7.32,한국무역보험공사_환율_20230718.csv
2000-01-31,2000,1,31,JPY,1049.67,-2.46,-5.81,-6.52,한국무역보험공사_환율_20230718.csv
2000-02-01,2000,2,1,JPY,1049.23,-2.12,-5.28,-8.31,한국무역보험공사_환율_20230718.csv
2000-02-02,2000,2,2,JPY,1043.6,-2.05,-5.17,-8.95,한국무역보험공사_환율_20230718.csv
2000-02-03,2000,2,3,JPY,1046.06,-1.59,-5.5,-8.32,한국무역보험공사_환율_20230718.csv
2000-02-07,2000,2,7,JPY,1052.68,-1.32,-5.33,-7.98,한국무역보험공사_환율_20230718.csv
2000-02-08,2000,2,8,JPY,1036.26,-3.38,-7.63,-8.48,한국무역보험공사_환율_20230718.csv
2000-02-09,2000,2,9,JPY,1033.09,-1.33,-7.91,-8.92,한국무역보험공사_환율_20230718.csv
2000-02-10,2000,2,10,JPY,1034.56,-1.44,-7.23,-9.29,한국무역보험공사_환율_20230718.csv
2000-02-11,2000,2,11,JPY,1026.65,-2.15,-5.87,-9.89,한국무역보험공사_환율_20230718.csv
2000-02-12,2000,2,12,JPY,1027.23,-1.57,-5.45,-10.2,한국무역보험공사_환율_20230718.csv
2000-02-14,2000,2,14,JPY,1025.53,-1.96,-5.24,-10.78,한국무역보험공사_환율_20230718.csv
2000-02-15,2000,2,15,JPY,1028.29,-2.32,-5.48,-10.69,한국무역보험공사_환율_20230718.csv
2000-02-16,2000,2,16,JPY,1033.17,-0.3,-5.21,-9.54,한국무역보험공사_환율_20230718.csv
2000-02-17,2000,2,17,JPY,1028.61,-0.43,-4.73,-10.78,한국무역보험공사_환율_20230718.csv
2000-02-18,2000,2,18,JPY,1021.19,-1.29,-4.9,-11.44,한국무역보험공사_환율_20230718.csv
2000-02-19,2000,2,19,JPY,1018.38,-0.81,-6.2,-11.34,한국무역보험공사_환율_20230718.csv
2000-02-21,2000,2,21,JPY,1021.42,-0.57,-4.66,-11.09,한국무역보험공사_환율_20230718.csv
2000-02-22,2000,2,22,JPY,1015.72,-0.96,-4.7,-10.73,한국무역보험공사_환율_20230718.csv
2000-02-23,2000,2,23,JPY,1025.21,-0.3,-3.9,-9.36,한국무역보험공사_환율_20230718.csv
2000-02-24,2000,2,24,JPY,1019.24,-1.35,-4.78,-8.69,한국무역보험공사_환율_20230718.csv
2000-02-25,2000,2,25,JPY,1022.81,-0.56,-3.9,-8.18,한국무역보험공사_환율_20230718.csv
2000-02-26,2000,2,26,JPY,1033.89,1.24,-3.56,-8.1,한국무역보험공사_환율_20230718.csv
2000-02-28,2000,2,28,JPY,1034.26,1.56,-3.67,-8.4,한국무역보험공사_환율_20230718.csv
2000-02-29,2000,2,29,JPY,1034.36,1.27,-3.88,-8.46,한국무역보험공사_환율_20230718.csv
2000-03-02,2000,3,2,JPY,1056.34,4.0,-1.46,-5.71,한국무역보험공사_환율_20230718.csv
2000-03-03,2000,3,3,JPY,1040.98,1.54,-2.3,-6.23,한국무역보험공사_환율_20230718.csv
2000-03-04,2000,3,4,JPY,1039.22,1.96,-2.23,-6.43,한국무역보험공사_환율_20230718.csv
2000-03-06,2000,3,6,JPY,1040.76,1.75,-2.44,-7.22,한국무역보험공사_환율_20230718.csv
2000-03-07,2000,3,7,JPY,1042.88,0.87,-2.76,-6.84,한국무역보험공사_환율_20230718.csv
2000-03-08,2000,3,8,JPY,1052.86,1.8,0.56,-5.74,한국무역보험공사_환율_20230718.csv
2000-03-09,2000,3,9,JPY,1044.92,1.02,-0.45,-5.61,한국무역보험공사_환율_20230718.csv
2000-03-10,2000,3,10,JPY,1050.74,-0.53,0.14,-4.77,한국무역보험공사_환율_20230718.csv
2000-03-11,2000,3,11,JPY,1053.34,1.19,0.93,-8.63,한국무역보험공사_환율_20230718.csv
2000-03-13,2000,3,13,JPY,1052.75,1.3,0.64,-4.43,한국무역보험공사_환율_20230718.csv
2000-03-14,2000,3,14,JPY,1061.61,2.0,0.85,-5.37,한국무역보험공사_환율_20230718.csv
2000-03-15,2000,3,15,JPY,1065.44,2.16,2.82,-5.1,한국무역보험공사_환율_20230718.csv
2000-03-16,2000,3,16,JPY,1058.46,0.53,2.46,-4.79,한국무역보험공사_환율_20230718.csv
2000-03-17,2000,3,17,JPY,1057.93,1.25,2.26,-4.7,한국무역보험공사_환율_20230718.csv
2000-03-18,2000,3,18,JPY,1048.15,-0.25,2.09,-7.95,한국무역보험공사_환율_20230718.csv
2000-03-20,2000,3,20,JPY,1045.94,-0.7,1.82,-7.35,한국무역보험공사_환율_20230718.csv
2000-03-21,2000,3,21,JPY,1051.34,-0.13,2.52,-6.64,한국무역보험공사_환율_20230718.csv
2000-03-22,2000,3,22,JPY,1047.41,-1.34,1.86,-7.71,한국무역보험공사_환율_20230718.csv
2000-03-23,2000,3,23,JPY,1041.34,-2.26,0.79,-7.82,한국무역보험공사_환율_20230718.csv
2000-03-24,2000,3,24,JPY,1035.67,-2.15,0.69,-7.76,한국무역보험공사_환율_20230718.csv
2000-03-25,2000,3,25,JPY,1036.46,-2.03,1.5,-7.53,한국무역보험공사_환율_20230718.csv
2000-03-27,2000,3,27,JPY,1038.4,-0.93,1.97,-7.13,한국무역보험공사_환율_20230718.csv
2000-03-28,2000,3,28,JPY,1040.73,-0.5,1.89,-7.14,한국무역보험공사_환율_20230718.csv
2000-03-29,2000,3,29,JPY,1049.39,-0.19,3.31,-5.78,한국무역보험공사_환율_20230718.csv
2000-03-30,2000,3,30,JPY,1050.72,0.32,2.49,-4.31,한국무역보험공사_환율_20230718.csv
2000-03-31,2000,3,31,JPY,1046.95,0.54,2.72,-4.99,한국무역보험공사_환율_20230718.csv
2000-04-01,2000,4,1,JPY,1077.1,4.0,5.31,-2.76,한국무역보험공사_환율_20230718.csv
2000-04-03,2000,4,3,JPY,1070.9,3.32,3.58,-3.16,한국무역보험공사_환율_20230718.csv
2000-04-04,2000,4,4,JPY,1057.88,1.88,2.28,-3.34,한국무역보험공사_환율_20230718.csv
2000-04-06,2000,4,6,JPY,1060.9,1.94,2.57,-3.13,한국무역보험공사_환율_20230718.csv
2000-04-07,2000,4,7,JPY,1062.63,1.26,0.6,-3.04,한국무역보험공사_환율_20230718.csv
2000-04-08,2000,4,8,JPY,1051.75,0.1,1.03,-4.39,한국무역보험공사_환율_20230718.csv
2000-04-10,2000,4,10,JPY,1053.25,0.6,1.35,-3.9,한국무역보험공사_환율_20230718.csv
2000-04-11,2000,4,11,JPY,1041.17,-3.34,0.04,-4.94,한국무역보험공사_환율_20230718.csv
2000-04-12,2000,4,12,JPY,1037.11,-3.16,-0.55,-6.07,한국무역보험공사_환율_20230718.csv
2000-04-14,2000,4,14,JPY,1049.08,-0.83,-0.36,-5.33,한국무역보험공사_환율_20230718.csv
2000-04-15,2000,4,15,JPY,1058.56,-0.22,1.31,-5.01,한국무역보험공사_환율_20230718.csv
2000-04-17,2000,4,17,JPY,1060.28,-0.22,0.91,-4.28,한국무역보험공사_환율_20230718.csv
2000-04-18,2000,4,18,JPY,1066.28,1.38,1.23,-3.11,한국무역보험공사_환율_20230718.csv
2000-04-19,2000,4,19,JPY,1060.95,0.73,0.78,-4.16,한국무역보험공사_환율_20230718.csv
2000-04-20,2000,4,20,JPY,1059.51,1.76,-0.2,-4.71,한국무역보험공사_환율_20230718.csv
2000-04-21,2000,4,21,JPY,1049.06,1.15,-1.54,-6.49,한국무역보험공사_환율_20230718.csv
2000-04-22,2000,4,22,JPY,1048.4,-0.06,-0.95,-6.55,한국무역보험공사_환율_20230718.csv
2000-04-24,2000,4,24,JPY,1047.85,-1.01,-0.95,-6.04,한국무역보험공사_환율_20230718.csv
2000-04-25,2000,4,25,JPY,1048.63,-1.1,0.05,-3.86,한국무역보험공사_환율_20230718.csv
2000-04-26,2000,4,26,JPY,1044.47,-2.05,-0.14,-3.86,한국무역보험공사_환율_20230718.csv
2000-04-27,2000,4,27,JPY,1044.28,-1.57,-0.67,-3.51,한국무역보험공사_환율_20230718.csv
2000-04-28,2000,4,28,JPY,1042.43,-1.61,-0.48,-4.18,한국무역보험공사_환율_20230718.csv
2000-04-29,2000,4,29,JPY,1026.34,-2.17,-1.44,-5.83,한국무역보험공사_환율_20230718.csv
2000-05-02,2000,5,2,JPY,1021.2,-2.59,-1.4,-5.42,한국무역보험공사_환율_20230718.csv
2000-05-03,2000,5,3,JPY,1023.74,-2.3,-1.23,-4.67,한국무역보험공사_환율_20230718.csv
2000-05-04,2000,5,4,JPY,1018.64,-2.86,-1.9,-6.17,한국무역보험공사_환율_20230718.csv
2000-05-06,2000,5,6,JPY,1023.49,-2.01,-1.66,-4.47,한국무역보험공사_환율_20230718.csv
2000-05-08,2000,5,8,JPY,1021.14,-2.22,-2.69,-4.19,한국무역보험공사_환율_20230718.csv
2000-05-09,2000,5,9,JPY,1016.58,-2.48,-3.25,-4.71,한국무역보험공사_환율_20230718.csv
2000-05-10,2000,5,10,JPY,1015.79,-1.03,-2.98,-5.1,한국무역보험공사_환율_20230718.csv
2000-05-12,2000,5,12,JPY,1026.27,0.5,-4.72,-3.57,한국무역보험공사_환율_20230718.csv
2000-05-13,2000,5,13,JPY,1025.08,0.13,-4.28,-4.38,한국무역보험공사_환율_20230718.csv
2000-05-15,2000,5,15,JPY,1022.15,0.34,-3.38,-4.8,한국무역보험공사_환율_20230718.csv
2000-05-16,2000,5,16,JPY,1020.38,-0.3,-3.82,-5.18,한국무역보험공사_환율_20230718.csv
2000-05-17,2000,5,17,JPY,1016.59,-0.45,-4.33,-5.17,한국무역보험공사_환율_20230718.csv
2000-05-18,2000,5,18,JPY,1025.1,0.84,-2.53,-3.79,한국무역보험공사_환율_20230718.csv
2000-05-19,2000,5,19,JPY,1027.74,1.18,-2.42,-3.31,한국무역보험공사_환율_20230718.csv
2000-05-20,2000,5,20,JPY,1050.12,2.32,0.86,-1.56,한국무역보험공사_환율_20230718.csv
2000-05-22,2000,5,22,JPY,1050.81,2.51,1.32,-2.02,한국무역보험공사_환율_20230718.csv
2000-05-23,2000,5,23,JPY,1050.29,2.75,0.12,0.31,한국무역보험공사_환율_20230718.csv
2000-05-24,2000,5,24,JPY,1064.16,4.29,0.53,1.38,한국무역보험공사_환율_20230718.csv
2000-05-25,2000,5,25,JPY,1056.39,3.92,-0.37,0.68,한국무역보험공사_환율_20230718.csv
2000-05-26,2000,5,26,JPY,1051.57,2.58,-1.38,0.76,한국무역보험공사_환율_20230718.csv
2000-05-27,2000,5,27,JPY,1059.45,3.09,-0.14,1.28,한국무역보험공사_환율_20230718.csv
2000-05-29,2000,5,29,JPY,1060.44,0.98,0.09,0.74,한국무역보험공사_환율_20230718.csv
2000-05-30,2000,5,30,JPY,1065.51,1.4,1.57,2.82,한국무역보험공사_환율_20230718.csv
2000-05-31,2000,5,31,JPY,1063.3,1.24,1.42,2.92,한국무역보험공사_환율_20230718.csv
2000-06-01,2000,6,1,JPY,1048.24,-1.5,0.04,1.32,한국무역보험공사_환율_20230718.csv
2000-06-02,2000,6,2,JPY,1042.75,-1.29,-0.56,1.57,한국무역보험공사_환율_20230718.csv
2000-06-03,2000,6,3,JPY,1042.21,-0.89,-0.22,1.46,한국무역보험공사_환율_20230718.csv
2000-06-05,2000,6,5,JPY,1042.89,-1.56,-0.13,1.69,한국무역보험공사_환율_20230718.csv
2000-06-07,2000,6,7,JPY,1057.63,-0.26,1.46,2.85,한국무역보험공사_환율_20230718.csv
2000-06-08,2000,6,8,JPY,1054.35,-1.05,2.73,2.05,한국무역보험공사_환율_20230718.csv
2000-06-09,2000,6,9,JPY,1050.92,-1.16,2.91,2.17,한국무역보험공사_환율_20230718.csv
2000-06-10,2000,6,10,JPY,1043.59,-0.44,1.94,2.19,한국무역보험공사_환율_20230718.csv
2000-06-12,2000,6,12,JPY,1043.3,0.05,2.42,2.45,한국무역보험공사_환율_20230718.csv
2000-06-13,2000,6,13,JPY,1041.24,-0.09,1.73,1.94,한국무역보험공사_환율_20230718.csv
2000-06-14,2000,6,14,JPY,1042.08,-0.08,2.05,2.6,한국무역보험공사_환율_20230718.csv
2000-06-15,2000,6,15,JPY,1047.63,-0.95,3.05,2.19,한국무역보험공사_환율_20230718.csv
2000-06-16,2000,6,16,JPY,1046.97,-0.7,3.07,2.72,한국무역보험공사_환율_20230718.csv
2000-06-17,2000,6,17,JPY,1049.34,-0.15,2.25,2.59,한국무역보험공사_환율_20230718.csv
2000-06-19,2000,6,19,JPY,1048.85,0.5,2.32,1.45,한국무역보험공사_환율_20230718.csv
2000-06-20,2000,6,20,JPY,1058.66,1.47,3.57,2.36,한국무역보험공사_환율_20230718.csv
2000-06-21,2000,6,21,JPY,1061.57,1.95,4.04,2.63,한국무역보험공사_환율_20230718.csv
2000-06-22,2000,6,22,JPY,1060.05,1.72,4.28,0.35,한국무역보험공사_환율_20230718.csv
2000-06-23,2000,6,23,JPY,1067.81,1.93,4.17,2.58,한국무역보험공사_환율_20230718.csv
2000-06-24,2000,6,24,JPY,1068.62,2.07,3.98,2.83,한국무역보험공사_환율_20230718.csv
2000-06-26,2000,6,26,JPY,1069.79,1.95,1.87,2.79,한국무역보험공사_환율_20230718.csv
2000-06-27,2000,6,27,JPY,1059.88,1.05,0.86,1.63,한국무역보험공사_환율_20230718.csv
2000-06-28,2000,6,28,JPY,1060.88,0.21,1.01,0.76,한국무역보험공사_환율_20230718.csv
2000-06-29,2000,6,29,JPY,1060.07,-0.14,-0.38,1.45,한국무역보험공사_환율_20230718.csv
2000-06-30,2000,6,30,JPY,1060.0,-0.0,0.34,0.88,한국무역보험공사_환율_20230718.csv
2000-07-01,2000,7,1,JPY,1052.56,-1.43,0.09,-0.07,한국무역보험공사_환율_20230718.csv
2000-07-03,2000,7,3,JPY,1051.77,-1.58,-0.72,-0.09,한국무역보험공사_환율_20230718.csv
2000-07-04,2000,7,4,JPY,1053.67,-1.51,-0.64,-0.75,한국무역보험공사_환율_20230718.csv
2000-07-05,2000,7,5,JPY,1051.71,-0.77,-1.3,-1.29,한국무역보험공사_환율_20230718.csv
2000-07-06,2000,7,6,JPY,1043.36,-1.65,-1.88,-1.43,한국무역보험공사_환율_20230718.csv
2000-07-07,2000,7,7,JPY,1043.26,-1.59,-0.48,-1.39,한국무역보험공사_환율_20230718.csv
2000-07-08,2000,7,8,JPY,1034.93,-2.37,-0.75,-1.26,한국무역보험공사_환율_20230718.csv
2000-07-10,2000,7,10,JPY,1035.7,-1.6,-0.62,-0.98,한국무역보험공사_환율_20230718.csv
2000-07-11,2000,7,11,JPY,1046.0,-0.55,0.3,-0.51,한국무역보험공사_환율_20230718.csv
2000-07-12,2000,7,12,JPY,1042.78,-1.03,-1.4,-0.44,한국무역보험공사_환율_20230718.csv
2000-07-13,2000,7,13,JPY,1031.44,-1.93,-2.17,-0.95,한국무역보험공사_환율_20230718.csv
2000-07-14,2000,7,14,JPY,1030.15,-1.27,-1.98,-0.53,한국무역보험공사_환율_20230718.csv
2000-07-15,2000,7,15,JPY,1031.43,-1.13,-1.17,-0.49,한국무역보험공사_환율_20230718.csv
2000-07-18,2000,7,18,JPY,1029.05,-0.57,-1.37,-0.9,한국무역보험공사_환율_20230718.csv
2000-07-19,2000,7,19,JPY,1029.54,-0.59,-1.12,-1.08,한국무역보험공사_환율_20230718.csv
2000-07-20,2000,7,20,JPY,1029.07,-1.62,-1.25,-1.94,한국무역보험공사_환율_20230718.csv
2000-07-21,2000,7,21,JPY,1034.03,-0.84,-1.3,-1.59,한국무역보험공사_환율_20230718.csv
2000-07-22,2000,7,22,JPY,1021.11,-1.0,-2.47,-2.47,한국무역보험공사_환율_20230718.csv
2000-07-24,2000,7,24,JPY,1021.44,-0.85,-2.66,-5.17,한국무역보험공사_환율_20230718.csv
2000-07-25,2000,7,25,JPY,1024.48,-0.67,-2.32,-4.33,한국무역보험공사_환율_20230718.csv
2000-07-26,2000,7,26,JPY,1022.89,-0.6,-3.38,-3.31,한국무역보험공사_환율_20230718.csv
2000-07-27,2000,7,27,JPY,1023.01,-0.63,-3.63,-3.57,한국무역보험공사_환율_20230718.csv
2000-07-28,2000,7,28,JPY,1020.14,-0.87,-3.76,-4.0,한국무역보험공사_환율_20230718.csv
2000-07-29,2000,7,29,JPY,1018.62,-1.49,-4.61,-3.15,한국무역보험공사_환율_20230718.csv
2000-07-31,2000,7,31,JPY,1018.38,-0.27,-4.7,-3.31,한국무역보험공사_환율_20230718.csv
2000-08-01,2000,8,1,JPY,1022.05,0.06,-4.46,-1.84,한국무역보험공사_환율_20230718.csv
2000-08-02,2000,8,2,JPY,1022.91,-0.15,-3.49,-1.37,한국무역보험공사_환율_20230718.csv
2000-08-03,2000,8,3,JPY,1025.79,0.28,-3.31,-2.22,한국무역보험공사_환율_20230718.csv
2000-08-04,2000,8,4,JPY,1030.74,0.76,-2.77,-2.63,한국무역보험공사_환율_20230718.csv
2000-08-05,2000,8,5,JPY,1026.98,0.67,-3.12,-3.14,한국무역보험공사_환율_20230718.csv
2000-08-07,2000,8,7,JPY,1026.37,0.76,-2.49,-3.74,한국무역보험공사_환율_20230718.csv
2000-08-08,2000,8,8,JPY,1022.63,0.42,-2.77,-3.61,한국무역보험공사_환율_20230718.csv
2000-08-09,2000,8,9,JPY,1028.45,0.63,-2.39,-2.93,한국무역보험공사_환율_20230718.csv
2000-08-10,2000,8,10,JPY,1031.51,0.84,-1.92,-1.67,한국무역보험공사_환율_20230718.csv
2000-08-11,2000,8,11,JPY,1026.11,0.03,-1.65,-2.13,한국무역보험공사_환율_20230718.csv
2000-08-12,2000,8,12,JPY,1026.33,-0.43,-1.62,-2.05,한국무역보험공사_환율_20230718.csv
2000-08-14,2000,8,14,JPY,1026.14,-0.08,-0.85,-2.14,한국무역보험공사_환율_20230718.csv
2000-08-16,2000,8,16,JPY,1023.41,-0.29,-1.19,-2.02,한국무역보험공사_환율_20230718.csv
2000-08-17,2000,8,17,JPY,1028.55,0.58,-1.67,-1.51,한국무역보험공사_환율_20230718.csv
2000-08-18,2000,8,18,JPY,1025.01,-0.33,-1.7,-1.67,한국무역보험공사_환율_20230718.csv
2000-08-19,2000,8,19,JPY,1028.32,-0.31,-0.3,0.19,한국무역보험공사_환율_20230718.csv
2000-08-21,2000,8,21,JPY,1030.94,0.47,0.08,0.95,한국무역보험공사_환율_20230718.csv
2000-08-22,2000,8,22,JPY,1026.15,-0.02,-0.51,0.24,한국무역보험공사_환율_20230718.csv
2000-08-23,2000,8,23,JPY,1028.9,0.27,-0.01,1.01,한국무역보험공사_환율_20230718.csv
2000-08-24,2000,8,24,JPY,1041.88,1.8,1.2,1.8,한국무역보험공사_환율_20230718.csv
2000-08-25,2000,8,25,JPY,1042.77,1.38,1.33,2.12,한국무역보험공사_환율_20230718.csv
2000-08-26,2000,8,26,JPY,1042.58,1.71,0.83,2.56,한국무역보험공사_환율_20230718.csv
2000-08-28,2000,8,28,JPY,1043.26,1.45,2.17,2.7,한국무역보험공사_환율_20230718.csv
2000-08-29,2000,8,29,JPY,1046.84,1.54,2.49,2.0,한국무역보험공사_환율_20230718.csv
2000-08-30,2000,8,30,JPY,1048.15,2.14,2.31,2.25,한국무역보험공사_환율_20230718.csv
2000-08-31,2000,8,31,JPY,1039.27,1.01,1.6,1.67,한국무역보험공사_환율_20230718.csv
2000-09-01,2000,9,1,JPY,1040.76,-0.11,1.74,2.0,한국무역보험공사_환율_20230718.csv
2000-09-02,2000,9,2,JPY,1044.64,0.18,2.4,2.76,한국무역보험공사_환율_20230718.csv
2000-09-04,2000,9,4,JPY,1046.42,0.37,2.73,2.08,한국무역보험공사_환율_20230718.csv
2000-09-05,2000,9,5,JPY,1043.04,-0.02,2.42,1.49,한국무역보험공사_환율_20230718.csv
2000-09-06,2000,9,6,JPY,1042.95,-0.37,2.04,-0.68,한국무역보험공사_환율_20230718.csv
2000-09-07,2000,9,7,JPY,1044.48,-0.35,2.11,-0.6,한국무역보험공사_환율_20230718.csv
2000-09-08,2000,9,8,JPY,1054.98,1.51,2.85,0.45,한국무역보험공사_환율_20230718.csv
2000-09-09,2000,9,9,JPY,1045.24,0.43,1.41,-1.78,한국무역보험공사_환율_20230718.csv
2000-09-14,2000,9,14,JPY,1036.94,-0.74,0.97,-1.84,한국무역보험공사_환율_20230718.csv
2000-09-15,2000,9,15,JPY,1035.52,-1.04,0.89,-1.53,한국무역보험공사_환율_20230718.csv
2000-09-16,2000,9,16,JPY,1043.5,0.04,2.04,-1.51,한국무역보험공사_환율_20230718.csv
2000-09-18,2000,9,18,JPY,1043.94,0.09,1.51,-1.56,한국무역보험공사_환율_20230718.csv
2000-09-19,2000,9,19,JPY,1057.97,1.29,2.57,-0.71,한국무역보험공사_환율_20230718.csv
2000-09-20,2000,9,20,JPY,1051.62,-0.32,2.49,-1.1,한국무역보험공사_환율_20230718.csv
2000-09-21,2000,9,21,JPY,1051.59,0.61,2.46,0.32,한국무역보험공사_환율_20230718.csv
2000-09-22,2000,9,22,JPY,1058.6,2.09,3.16,1.52,한국무역보험공사_환율_20230718.csv
2000-09-23,2000,9,23,JPY,1048.89,1.29,2.49,0.64,한국무역보험공사_환율_20230718.csv
2000-09-25,2000,9,25,JPY,1048.31,0.46,1.92,0.52,한국무역보험공사_환율_20230718.csv
2000-09-26,2000,9,26,JPY,1044.58,0.06,1.91,-1.23,한국무역보험공사_환율_20230718.csv
2000-09-27,2000,9,27,JPY,1043.83,-1.34,1.51,-1.0,한국무역보험공사_환율_20230718.csv
2000-09-28,2000,9,28,JPY,1039.06,-1.19,0.79,-1.13,한국무역보험공사_환율_20230718.csv
2000-09-29,2000,9,29,JPY,1033.76,-1.7,0.74,-0.94,한국무역보험공사_환율_20230718.csv
2000-09-30,2000,9,30,JPY,1030.88,-2.62,0.19,-1.19,한국무역보험공사_환율_20230718.csv
2000-10-02,2000,10,2,JPY,1029.74,-1.83,-1.17,-1.1,한국무역보험공사_환율_20230718.csv
2000-10-04,2000,10,4,JPY,1025.82,-2.15,-1.63,-1.56,한국무역보험공사_환율_20230718.csv
2000-10-05,2000,10,5,JPY,1027.77,-1.61,-1.42,-1.9,한국무역보험공사_환율_20230718.csv
2000-10-06,2000,10,6,JPY,1026.16,-1.69,-1.64,-1.99,한국무역보험공사_환율_20230718.csv
2000-10-07,2000,10,7,JPY,1025.91,-1.27,-2.0,-2.23,한국무역보험공사_환율_20230718.csv
2000-10-09,2000,10,9,JPY,1023.65,-0.98,-2.34,-2.4,한국무역보험공사_환율_20230718.csv
2000-10-10,2000,10,10,JPY,1025.82,-0.49,-1.29,-3.1,한국무역보험공사_환율_20230718.csv
2000-10-11,2000,10,11,JPY,1037.54,0.76,-0.31,-2.26,한국무역보험공사_환율_20230718.csv
2000-10-12,2000,10,12,JPY,1042.75,1.65,-0.18,-1.63,한국무역보험공사_환율_20230718.csv
2000-10-13,2000,10,13,JPY,1040.61,1.25,-0.56,-2.55,한국무역보험공사_환율_20230718.csv
2000-10-14,2000,10,14,JPY,1047.13,2.04,0.39,-2.01,한국무역보험공사_환율_20230718.csv
2000-10-16,2000,10,16,JPY,1048.78,2.23,0.56,-1.96,한국무역보험공사_환율_20230718.csv
2000-10-17,2000,10,17,JPY,1043.18,1.91,-0.12,-1.58,한국무역보험공사_환율_20230718.csv
2000-10-18,2000,10,18,JPY,1048.13,2.17,-0.65,-1.2,한국무역보험공사_환율_20230718.csv
2000-10-19,2000,10,19,JPY,1057.2,1.89,1.14,-0.27,한국무역보험공사_환율_20230718.csv
2000-10-20,2000,10,20,JPY,1052.81,0.96,1.53,-0.68,한국무역보험공사_환율_20230718.csv
2000-10-21,2000,10,21,JPY,1036.84,-0.36,0.13,-1.49,한국무역보험공사_환율_20230718.csv
2000-10-23,2000,10,23,JPY,1035.89,-1.07,-0.73,-1.51,한국무역보험공사_환율_20230718.csv
2000-10-24,2000,10,24,JPY,1046.77,-0.19,0.27,-0.65,한국무역보험공사_환율_20230718.csv
2000-10-25,2000,10,25,JPY,1053.25,0.97,-0.45,0.15,한국무역보험공사_환율_20230718.csv
2000-10-26,2000,10,26,JPY,1049.4,0.12,-0.21,0.58,한국무역보험공사_환율_20230718.csv
2000-10-27,2000,10,27,JPY,1052.84,-0.41,0.12,0.92,한국무역보험공사_환율_20230718.csv
2000-10-28,2000,10,28,JPY,1042.87,-0.94,-1.49,0.77,한국무역보험공사_환율_20230718.csv
2000-10-30,2000,10,30,JPY,1042.63,0.56,-0.6,0.67,한국무역보험공사_환율_20230718.csv
2000-10-31,2000,10,31,JPY,1042.65,0.65,-0.54,-0.32,한국무역보험공사_환율_20230718.csv
2000-11-01,2000,11,1,JPY,1048.06,0.12,0.33,0.51,한국무역보험공사_환율_20230718.csv
2000-11-02,2000,11,2,JPY,1049.06,-0.4,0.5,1.71,한국무역보험공사_환율_20230718.csv
2000-11-03,2000,11,3,JPY,1048.66,-0.07,0.92,1.8,한국무역보험공사_환율_20230718.csv
2000-11-04,2000,11,4,JPY,1058.31,0.52,2.37,2.61,한국무역보험공사_환율_20230718.csv
2000-11-06,2000,11,6,JPY,1056.33,1.29,2.47,2.65,한국무역보험공사_환율_20230718.csv
2000-11-07,2000,11,7,JPY,1054.01,1.09,2.36,2.38,한국무역보험공사_환율_20230718.csv
2000-11-08,2000,11,8,JPY,1058.8,1.55,3.21,2.89,한국무역보험공사_환율_20230718.csv
2000-11-09,2000,11,9,JPY,1060.32,1.17,3.17,2.54,한국무역보험공사_환율_20230718.csv
2000-11-10,2000,11,10,JPY,1055.26,0.59,2.84,3.34,한국무역보험공사_환율_20230718.csv
2000-11-11,2000,11,11,JPY,1049.46,0.08,2.3,2.74,한국무역보험공사_환율_20230718.csv
2000-11-13,2000,11,13,JPY,1048.88,-0.89,2.46,2.38,한국무역보험공사_환율_20230718.csv
2000-11-14,2000,11,14,JPY,1058.17,0.17,3.15,3.45,한국무역보험공사_환율_20230718.csv
2000-11-15,2000,11,15,JPY,1050.37,-0.35,1.24,2.67,한국무역보험공사_환율_20230718.csv
2000-11-16,2000,11,16,JPY,1043.21,-1.47,0.04,2.26,한국무역보험공사_환율_20230718.csv
2000-11-17,2000,11,17,JPY,1045.29,-1.42,0.45,2.62,한국무역보험공사_환율_20230718.csv
2000-11-18,2000,11,18,JPY,1047.78,-0.71,0.06,2.89,한국무역보험공사_환율_20230718.csv
2000-11-20,2000,11,20,JPY,1047.68,-0.17,-0.1,2.51,한국무역보험공사_환율_20230718.csv
2000-11-21,2000,11,21,JPY,1045.38,-0.33,0.21,2.2,한국무역보험공사_환율_20230718.csv
2000-11-22,2000,11,22,JPY,1060.01,0.17,1.13,3.34,한국무역보험공사_환율_20230718.csv
2000-11-23,2000,11,23,JPY,1058.79,0.8,0.15,2.72,한국무역보험공사_환율_20230718.csv
2000-11-24,2000,11,24,JPY,1073.61,2.91,1.98,4.54,한국무역보험공사_환율_20230718.csv
2000-11-25,2000,11,25,JPY,1073.76,2.72,3.56,4.62,한국무역보험공사_환율_20230718.csv
2000-11-27,2000,11,27,JPY,1072.6,2.37,3.54,4.89,한국무역보험공사_환율_20230718.csv
2000-11-28,2000,11,28,JPY,1073.44,2.46,2.55,4.37,한국무역보험공사_환율_20230718.csv
2000-11-29,2000,11,29,JPY,1075.71,2.9,2.13,4.28,한국무역보험공사_환율_20230718.csv
2000-11-30,2000,11,30,JPY,1073.46,1.27,2.29,4.61,한국무역보험공사_환율_20230718.csv
2000-12-01,2000,12,1,JPY,1097.32,3.64,4.22,6.92,한국무역보험공사_환율_20230718.csv
2000-12-02,2000,12,2,JPY,1088.94,1.43,4.42,6.12,한국무역보험공사_환율_20230718.csv
2000-12-04,2000,12,4,JPY,1088.06,1.33,4.36,6.32,한국무역보험공사_환율_20230718.csv
2000-12-05,2000,12,5,JPY,1090.08,1.63,4.55,5.98,한국무역보험공사_환율_20230718.csv
2000-12-06,2000,12,6,JPY,1090.85,1.62,4.08,6.42,한국무역보험공사_환율_20230718.csv
2000-12-07,2000,12,7,JPY,1083.3,0.71,3.26,5.35,한국무역보험공사_환율_20230718.csv
2000-12-08,2000,12,8,JPY,1089.24,1.47,3.87,5.66,한국무역보험공사_환율_20230718.csv
2000-12-09,2000,12,9,JPY,1071.99,-2.31,1.29,4.47,한국무역보험공사_환율_20230718.csv
2000-12-11,2000,12,11,JPY,1069.3,-1.8,1.23,3.93,한국무역보험공사_환율_20230718.csv
2000-12-12,2000,12,12,JPY,1070.53,-1.61,1.57,2.75,한국무역보험공사_환율_20230718.csv
2000-12-13,2000,12,13,JPY,1065.05,-2.3,0.59,2.14,한국무역보험공사_환율_20230718.csv
2000-12-14,2000,12,14,JPY,1065.63,-2.31,0.5,2.21,한국무역보험공사_환율_20230718.csv
2000-12-15,2000,12,15,JPY,1071.77,-1.06,1.56,2.73,한국무역보험공사_환율_20230718.csv
2000-12-16,2000,12,16,JPY,1070.45,-1.73,2.0,2.26,한국무역보험공사_환율_20230718.csv
2000-12-18,2000,12,18,JPY,1070.36,-0.15,2.05,2.12,한국무역보험공사_환율_20230718.csv
2000-12-19,2000,12,19,JPY,1074.49,0.49,1.54,3.39,한국무역보험공사_환율_20230718.csv
2000-12-20,2000,12,20,JPY,1071.24,0.07,1.99,2.93,한국무역보험공사_환율_20230718.csv
2000-12-21,2000,12,21,JPY,1076.29,1.06,3.17,3.03,한국무역보험공사_환율_20230718.csv
2000-12-22,2000,12,22,JPY,1092.02,2.48,4.47,4.36,한국무역보험공사_환율_20230718.csv
2000-12-23,2000,12,23,JPY,1091.32,1.82,4.16,4.63,한국무역보험공사_환율_20230718.csv
2000-12-26,2000,12,26,JPY,1089.73,1.8,4.01,4.49,한국무역보험공사_환율_20230718.csv
2000-12-27,2000,12,27,JPY,1099.03,2.68,5.13,5.22,한국무역보험공사_환율_20230718.csv
2000-12-28,2000,12,28,JPY,1108.59,3.17,4.58,5.08,한국무역보험공사_환율_20230718.csv
2000-12-29,2000,12,29,JPY,1093.16,2.05,3.25,4.58,한국무역보험공사_환율_20230718.csv
2000-12-30,2000,12,30,JPY,1101.52,2.34,2.6,6.23,한국무역보험공사_환율_20230718.csv
2001-01-02,2001,1,2,JPY,1099.07,0.65,2.36,6.14,한국무역보험공사_환율_20230718.csv
2001-01-03,2001,1,3,JPY,1108.07,1.53,3.31,6.19,한국무역보험공사_환율_20230718.csv
2001-01-04,2001,1,4,JPY,1128.53,3.56,5.13,8.1,한국무역보험공사_환율_20230718.csv
2001-01-05,2001,1,5,JPY,1078.01,-1.91,0.21,1.89,한국무역보험공사_환율_20230718.csv
2001-01-06,2001,1,6,JPY,1087.77,-1.88,1.33,3.44,한국무역보험공사_환율_20230718.csv
2001-01-08,2001,1,8,JPY,1088.71,-0.41,-0.78,3.53,한국무역보험공사_환율_20230718.csv
2001-01-09,2001,1,9,JPY,1088.67,-1.17,-0.02,2.84,한국무역보험공사_환율_20230718.csv
2001-01-10,2001,1,10,JPY,1074.67,-2.22,-1.23,2.46,한국무역보험공사_환율_20230718.csv
2001-01-11,2001,1,11,JPY,1083.57,-2.21,-0.6,3.36,한국무역보험공사_환율_20230718.csv
2001-01-12,2001,1,12,JPY,1082.41,-4.09,-0.77,3.62,한국무역보험공사_환율_20230718.csv
2001-01-13,2001,1,13,JPY,1081.64,0.34,-0.15,3.62,한국무역보험공사_환율_20230718.csv
2001-01-15,2001,1,15,JPY,1078.5,-0.85,-0.99,3.8,한국무역보험공사_환율_20230718.csv
2001-01-16,2001,1,16,JPY,1079.91,-0.81,0.74,4.46,한국무역보험공사_환율_20230718.csv
2001-01-17,2001,1,17,JPY,1091.06,0.22,2.03,5.84,한국무역보험공사_환율_20230718.csv
2001-01-18,2001,1,18,JPY,1071.25,-0.32,0.07,4.03,한국무역보험공사_환율_20230718.csv
2001-01-19,2001,1,19,JPY,1090.44,0.63,2.38,6.3,한국무역보험공사_환율_20230718.csv
2001-01-20,2001,1,20,JPY,1089.8,0.68,2.27,6.04,한국무역보험공사_환율_20230718.csv
2001-01-22,2001,1,22,JPY,1094.05,1.15,2.08,6.62,한국무역보험공사_환율_20230718.csv
2001-01-26,2001,1,26,JPY,1088.57,0.93,1.69,6.11,한국무역보험공사_환율_20230718.csv
2001-01-27,2001,1,27,JPY,1086.29,0.59,1.49,6.12,한국무역보험공사_환율_20230718.csv
2001-01-29,2001,1,29,JPY,1084.48,-0.6,0.93,5.72,한국무역보험공사_환율_20230718.csv
2001-01-30,2001,1,30,JPY,1096.17,2.33,2.33,5.65,한국무역보험공사_환율_20230718.csv
2001-01-31,2001,1,31,JPY,1093.78,0.31,1.63,4.89,한국무역보험공사_환율_20230718.csv
2001-02-01,2001,2,1,JPY,1081.22,-0.79,-0.99,3.9,한국무역보험공사_환율_20230718.csv
2001-02-02,2001,2,2,JPY,1090.41,-0.33,-0.08,4.13,한국무역보험공사_환율_20230718.csv
2001-02-03,2001,2,3,JPY,1082.4,-0.57,-0.67,3.21,한국무역보험공사_환율_20230718.csv
2001-02-05,2001,2,5,JPY,1081.79,-0.41,-1.57,3.7,한국무역보험공사_환율_20230718.csv
2001-02-06,2001,2,6,JPY,1096.58,1.12,-1.08,4.62,한국무역보험공사_환율_20230718.csv
2001-02-07,2001,2,7,JPY,1095.71,-0.04,0.23,3.64,한국무역보험공사_환율_20230718.csv
2001-02-08,2001,2,8,JPY,1087.54,-0.57,-1.27,3.3,한국무역보험공사_환율_20230718.csv
2001-02-09,2001,2,9,JPY,1086.63,0.5,-1.13,4.8,한국무역보험공사_환율_20230718.csv
2001-02-10,2001,2,10,JPY,1072.72,-1.62,-3.19,3.56,한국무역보험공사_환율_20230718.csv
2001-02-12,2001,2,12,JPY,1073.68,-0.81,-4.86,2.57,한국무역보험공사_환율_20230718.csv
2001-02-13,2001,2,13,JPY,1077.22,-0.42,-0.07,2.28,한국무역보험공사_환율_20230718.csv
2001-02-14,2001,2,14,JPY,1076.15,-1.86,-1.07,2.55,한국무역보험공사_환율_20230718.csv
2001-02-15,2001,2,15,JPY,1077.08,-1.7,-1.07,2.3,한국무역보험공사_환율_20230718.csv
2001-02-16,2001,2,16,JPY,1078.59,-0.82,-0.93,3.43,한국무역보험공사_환율_20230718.csv
2001-02-17,2001,2,17,JPY,1074.09,-1.15,-0.05,3.02,한국무역보험공사_환율_20230718.csv
2001-02-19,2001,2,19,JPY,1070.71,-0.19,-1.19,2.69,한국무역보험공사_환율_20230718.csv
2001-02-20,2001,2,20,JPY,1075.63,0.18,-0.63,2.63,한국무역보험공사_환율_20230718.csv
2001-02-21,2001,2,21,JPY,1075.33,-0.18,-0.58,2.5,한국무역보험공사_환율_20230718.csv
2001-02-22,2001,2,22,JPY,1061.73,-1.34,-1.55,1.25,한국무역보험공사_환율_20230718.csv
2001-02-23,2001,2,23,JPY,1062.87,-1.32,-1.58,0.43,한국무역보험공사_환율_20230718.csv
2001-02-24,2001,2,24,JPY,1076.88,-0.16,-1.3,1.95,한국무역보험공사_환율_20230718.csv
2001-02-26,2001,2,26,JPY,1074.75,0.06,0.33,1.97,한국무역보험공사_환율_20230718.csv
2001-02-27,2001,2,27,JPY,1070.98,0.03,-1.78,1.15,한국무역보험공사_환율_20230718.csv
2001-02-28,2001,2,28,JPY,1071.48,-0.39,-1.68,1.05,한국무역보험공사_환율_20230718.csv
2001-03-02,2001,3,2,JPY,1063.7,-1.08,-2.77,0.8,한국무역보험공사_환율_20230718.csv
2001-03-03,2001,3,3,JPY,1059.38,-0.22,-2.68,0.95,한국무역보험공사_환율_20230718.csv
2001-03-05,2001,3,5,JPY,1056.98,-0.55,-2.7,0.77,한국무역보험공사_환율_20230718.csv
2001-03-06,2001,3,6,JPY,1069.49,-0.69,-1.38,1.07,한국무역보험공사_환율_20230718.csv
2001-03-07,2001,3,7,JPY,1066.81,-0.74,-2.68,1.57,한국무역보험공사_환율_20230718.csv
2001-03-08,2001,3,8,JPY,1061.62,-0.87,-2.94,1.76,한국무역보험공사_환율_20230718.csv
2001-03-09,2001,3,9,JPY,1064.29,-0.67,-1.57,1.82,한국무역보험공사_환율_20230718.csv
2001-03-10,2001,3,10,JPY,1059.98,-0.35,-2.79,1.16,한국무역보험공사_환율_20230718.csv
2001-03-12,2001,3,12,JPY,1059.01,-0.03,-2.16,1.08,한국무역보험공사_환율_20230718.csv
2001-03-13,2001,3,13,JPY,1060.5,0.33,-1.97,1.45,한국무역보험공사_환율_20230718.csv
2001-03-14,2001,3,14,JPY,1068.67,-0.08,-2.55,0.82,한국무역보험공사_환율_20230718.csv
2001-03-15,2001,3,15,JPY,1054.76,-1.13,-3.74,-0.38,한국무역보험공사_환율_20230718.csv
2001-03-16,2001,3,16,JPY,1054.26,-0.69,-3.06,-1.8,한국무역보험공사_환율_20230718.csv
2001-03-17,2001,3,17,JPY,1050.68,-1.28,-3.31,-2.15,한국무역보험공사_환율_20230718.csv
2001-03-19,2001,3,19,JPY,1049.36,-1.0,-2.18,-2.17,한국무역보험공사_환율_20230718.csv
2001-03-20,2001,3,20,JPY,1057.16,-0.17,-1.54,-1.52,한국무역보험공사_환율_20230718.csv
2001-03-21,2001,3,21,JPY,1060.96,0.04,-1.51,-1.37,한국무역보험공사_환율_20230718.csv
2001-03-22,2001,3,22,JPY,1058.02,-1.0,-1.68,-1.44,한국무역보험공사_환율_20230718.csv
2001-03-23,2001,3,23,JPY,1062.04,0.69,-1.4,-3.22,한국무역보험공사_환율_20230718.csv
2001-03-24,2001,3,24,JPY,1070.08,1.5,-0.79,-1.73,한국무역보험공사_환율_20230718.csv
2001-03-26,2001,3,26,JPY,1066.09,1.47,-0.74,-2.02,한국무역보험공사_환율_20230718.csv
2001-03-27,2001,3,27,JPY,1072.35,2.19,0.15,-1.63,한국무역보험공사_환율_20230718.csv
2001-03-28,2001,3,28,JPY,1072.86,1.49,-0.26,-1.65,한국무역보험공사_환율_20230718.csv
2001-03-29,2001,3,29,JPY,1065.96,0.47,-0.87,-1.6,한국무역보험공사_환율_20230718.csv
2001-03-30,2001,3,30,JPY,1064.27,0.59,0.24,-2.29,한국무역보험공사_환율_20230718.csv
2001-03-31,2001,3,31,JPY,1052.72,-0.88,-0.95,-1.8,한국무역보험공사_환율_20230718.csv
2001-04-01,2001,4,1,JPY,1064.67,-0.51,-1.13,-0.43,한국무역보험공사_환율_20230718.csv
2001-04-02,2001,4,2,JPY,1050.22,-1.49,-2.28,-1.9,한국무역보험공사_환율_20230718.csv
2001-04-03,2001,4,3,JPY,1059.01,-1.24,-1.12,-0.57,한국무역보험공사_환율_20230718.csv
2001-04-04,2001,4,4,JPY,1071.18,-0.16,-0.03,0.52,한국무역보험공사_환율_20230718.csv
2001-04-06,2001,4,6,JPY,1089.7,2.23,2.44,1.67,한국무역보험공사_환율_20230718.csv
2001-04-07,2001,4,7,JPY,1087.36,2.17,2.64,1.58,한국무역보험공사_환율_20230718.csv
2001-04-09,2001,4,9,JPY,1083.81,2.95,2.54,1.26,한국무역보험공사_환율_20230718.csv
2001-04-10,2001,4,10,JPY,1070.25,0.52,0.07,-0.39,한국무역보험공사_환율_20230718.csv
2001-04-11,2001,4,11,JPY,1077.15,2.56,0.97,0.55,한국무역보험공사_환율_20230718.csv
2001-04-12,2001,4,12,JPY,1059.44,0.04,-0.21,-1.57,한국무역보험공사_환율_20230718.csv
2001-04-13,2001,4,13,JPY,1071.26,0.01,0.65,-1.9,한국무역보험공사_환율_20230718.csv
2001-04-14,2001,4,14,JPY,1066.09,-2.17,0.58,-2.31,한국무역보험공사_환율_20230718.csv
2001-04-16,2001,4,16,JPY,1061.21,-2.4,0.21,-2.62,한국무역보험공사_환율_20230718.csv
2001-04-17,2001,4,17,JPY,1068.57,-1.41,0.76,-2.77,한국무역보험공사_환율_20230718.csv
2001-04-18,2001,4,18,JPY,1072.53,0.21,0.36,-3.25,한국무역보험공사_환율_20230718.csv
2001-04-19,2001,4,19,JPY,1075.04,-0.2,1.92,-1.66,한국무역보험공사_환율_20230718.csv
2001-04-20,2001,4,20,JPY,1070.79,1.07,1.57,-2.79,한국무역보험공사_환율_20230718.csv
2001-04-21,2001,4,21,JPY,1069.0,-0.21,1.74,-2.74,한국무역보험공사_환율_20230718.csv
2001-04-23,2001,4,23,JPY,1077.97,1.11,2.73,-2.72,한국무역보험공사_환율_20230718.csv
2001-04-24,2001,4,24,JPY,1084.12,2.16,2.55,-3.94,한국무역보험공사_환율_20230718.csv
2001-04-25,2001,4,25,JPY,1069.94,0.13,0.85,-0.75,한국무역보험공사_환율_20230718.csv
2001-04-26,2001,4,26,JPY,1072.94,0.04,1.41,-1.36,한국무역보험공사_환율_20230718.csv
2001-04-27,2001,4,27,JPY,1060.82,-1.32,-0.11,-2.56,한국무역보험공사_환율_20230718.csv
2001-04-28,2001,4,28,JPY,1067.96,-0.26,-0.2,-1.9,한국무역보험공사_환율_20230718.csv
2001-04-30,2001,4,30,JPY,1067.7,-0.12,0.15,-0.65,한국무역보험공사_환율_20230718.csv
2001-05-02,2001,5,2,JPY,1082.69,0.44,0.96,-0.08,한국무역보험공사_환율_20230718.csv
2001-05-03,2001,5,3,JPY,1073.04,-1.02,0.02,-0.87,한국무역보험공사_환율_20230718.csv
2001-05-04,2001,5,4,JPY,1067.32,-0.24,0.13,-1.32,한국무역보험공사_환율_20230718.csv
2001-05-07,2001,5,7,JPY,1065.16,-0.73,0.08,-1.24,한국무역보험공사_환율_20230718.csv
2001-05-08,2001,5,8,JPY,1077.27,1.55,2.33,-0.24,한국무역보험공사_환율_20230718.csv
2001-05-09,2001,5,9,JPY,1069.1,0.11,0.42,-2.01,한국무역보험공사_환율_20230718.csv
2001-05-10,2001,5,10,JPY,1066.43,-0.12,1.54,-0.45,한국무역보험공사_환율_20230718.csv
2001-05-11,2001,5,11,JPY,1066.11,-1.53,0.67,-2.23,한국무역보험공사_환율_20230718.csv
2001-05-12,2001,5,12,JPY,1062.18,-1.01,-0.84,-2.53,한국무역보험공사_환율_20230718.csv
2001-05-14,2001,5,14,JPY,1061.62,-0.53,-2.58,-2.96,한국무역보험공사_환율_20230718.csv
2001-05-15,2001,5,15,JPY,1053.38,-1.11,-3.12,-3.23,한국무역보험공사_환율_20230718.csv
2001-05-16,2001,5,16,JPY,1058.79,-1.72,-2.31,-2.53,한국무역보험공사_환율_20230718.csv
2001-05-17,2001,5,17,JPY,1060.09,-0.84,-0.95,-2.25,한국무역보험공사_환율_20230718.csv
2001-05-18,2001,5,18,JPY,1061.88,-0.43,-1.42,-3.13,한국무역보험공사_환율_20230718.csv
2001-05-19,2001,5,19,JPY,1051.81,-1.34,-0.72,-3.84,한국무역보험공사_환율_20230718.csv
2001-05-21,2001,5,21,JPY,1051.13,-1.04,-1.88,-2.78,한국무역보험공사_환율_20230718.csv
2001-05-22,2001,5,22,JPY,1062.29,0.06,-0.36,-2.58,한국무역보험공사_환율_20230718.csv
2001-05-23,2001,5,23,JPY,1054.78,0.13,-0.61,-2.55,한국무역보험공사_환율_20230718.csv
2001-05-24,2001,5,24,JPY,1069.94,1.05,0.13,-1.1,한국무역보험공사_환율_20230718.csv
2001-05-25,2001,5,25,JPY,1064.67,0.43,-0.73,-2.91,한국무역보험공사_환율_20230718.csv
2001-05-26,2001,5,26,JPY,1067.79,0.56,-0.67,-2.55,한국무역보험공사_환율_20230718.csv
2001-05-28,2001,5,28,JPY,1068.5,1.59,-0.21,-1.75,한국무역보험공사_환율_20230718.csv
2001-05-29,2001,5,29,JPY,1068.46,1.65,-0.05,-1.67,한국무역보험공사_환율_20230718.csv
2001-05-30,2001,5,30,JPY,1076.62,1.35,-0.13,0.36,한국무역보험공사_환율_20230718.csv
2001-05-31,2001,5,31,JPY,1073.39,1.76,-0.99,-0.03,한국무역보험공사_환율_20230718.csv
2001-06-01,2001,6,1,JPY,1079.31,0.88,0.88,0.19,한국무역보험공사_환율_20230718.csv
2001-06-02,2001,6,2,JPY,1075.45,1.01,0.23,-0.07,한국무역보험공사_환율_20230718.csv
2001-06-04,2001,6,4,JPY,1074.59,0.64,1.3,-0.23,한국무역보험공사_환율_20230718.csv
2001-06-05,2001,6,5,JPY,1079.45,1.02,1.08,0.08,한국무역보험공사_환율_20230718.csv
2001-06-07,2001,6,7,JPY,1070.25,0.17,0.24,-0.36,한국무역보험공사_환율_20230718.csv
2001-06-08,2001,6,8,JPY,1070.18,-0.6,-1.16,-0.05,한국무역보험공사_환율_20230718.csv
2001-06-09,2001,6,9,JPY,1063.52,-0.92,-0.89,-1.13,한국무역보험공사_환율_20230718.csv
2001-06-11,2001,6,11,JPY,1063.35,-1.48,-0.37,-1.11,한국무역보험공사_환율_20230718.csv
2001-06-12,2001,6,12,JPY,1057.44,-1.67,-0.72,-0.4,한국무역보험공사_환율_20230718.csv
2001-06-13,2001,6,13,JPY,1060.71,-1.29,-1.54,-0.2,한국무역보험공사_환율_20230718.csv
2001-06-14,2001,6,14,JPY,1058.71,-1.92,-0.97,-1.69,한국무역보험공사_환율_20230718.csv
2001-06-15,2001,6,15,JPY,1064.09,-0.58,-0.22,-0.99,한국무역보험공사_환율_20230718.csv
2001-06-16,2001,6,16,JPY,1050.83,-1.81,-1.43,-1.88,한국무역보험공사_환율_20230718.csv
2001-06-18,2001,6,18,JPY,1050.32,-1.24,-1.12,-1.97,한국무역보험공사_환율_20230718.csv
2001-06-19,2001,6,19,JPY,1054.22,-0.86,-0.7,-0.89,한국무역보험공사_환율_20230718.csv
2001-06-20,2001,6,20,JPY,1060.1,0.25,0.64,0.07,한국무역보험공사_환율_20230718.csv
2001-06-21,2001,6,21,JPY,1048.34,-1.17,-0.99,-0.82,한국무역보험공사_환율_20230718.csv
2001-06-22,2001,6,22,JPY,1044.61,-1.33,-1.46,-2.33,한국무역보험공사_환율_20230718.csv
2001-06-23,2001,6,23,JPY,1048.06,-1.51,-1.3,-1.76,한국무역보험공사_환율_20230718.csv
2001-06-25,2001,6,25,JPY,1048.22,-0.25,-0.34,-1.26,한국무역보험공사_환율_20230718.csv
2001-06-26,2001,6,26,JPY,1051.66,0.13,0.05,-1.19,한국무역보험공사_환율_20230718.csv
2001-06-27,2001,6,27,JPY,1048.98,-0.5,-1.25,-1.04,한국무역보험공사_환율_20230718.csv
2001-06-28,2001,6,28,JPY,1045.7,-1.36,-0.86,-1.26,한국무역보험공사_환율_20230718.csv
2001-06-29,2001,6,29,JPY,1043.51,-0.46,-2.47,-1.6,한국무역보험공사_환율_20230718.csv
2001-06-30,2001,6,30,JPY,1043.31,-0.12,-2.01,-2.37,한국무역보험공사_환율_20230718.csv
2001-07-02,2001,7,2,JPY,1042.85,-0.5,-2.34,-1.13,한국무역보험공사_환율_20230718.csv
2001-07-03,2001,7,3,JPY,1049.77,0.15,-1.75,-0.43,한국무역보험공사_환율_20230718.csv
2001-07-04,2001,7,4,JPY,1040.65,-1.05,-2.6,-0.95,한국무역보험공사_환율_20230718.csv
2001-07-05,2001,7,5,JPY,1040.9,-0.77,-3.32,-0.81,한국무역보험공사_환율_20230718.csv
2001-07-06,2001,7,6,JPY,1030.76,-1.43,-3.97,-2.5,한국무역보험공사_환율_20230718.csv
2001-07-07,2001,7,7,JPY,1028.01,-1.49,-4.75,-3.11,한국무역보험공사_환율_20230718.csv
2001-07-09,2001,7,9,JPY,1028.75,-1.4,-4.34,-2.77,한국무역보험공사_환율_20230718.csv
2001-07-10,2001,7,10,JPY,1034.76,-0.78,-3.71,-2.57,한국무역보험공사_환율_20230718.csv
2001-07-11,2001,7,11,JPY,1035.96,-1.32,-4.03,-3.19,한국무역보험공사_환율_20230718.csv
2001-07-12,2001,7,12,JPY,1052.11,1.1,-1.69,-1.31,한국무역보험공사_환율_20230718.csv
2001-07-13,2001,7,13,JPY,1053.77,1.24,-1.53,-1.73,한국무역보험공사_환율_20230718.csv
2001-07-14,2001,7,14,JPY,1044.04,1.29,-1.83,-2.69,한국무역보험공사_환율_20230718.csv
2001-07-16,2001,7,16,JPY,1044.45,1.6,-1.78,-2.02,한국무역보험공사_환율_20230718.csv
2001-07-18,2001,7,18,JPY,1050.41,2.11,-0.66,-1.3,한국무역보험공사_환율_20230718.csv
2001-07-19,2001,7,19,JPY,1055.51,2.01,-0.49,0.27,한국무역보험공사_환율_20230718.csv
2001-07-20,2001,7,20,JPY,1058.31,2.16,-0.04,-0.6,한국무역보험공사_환율_20230718.csv
2001-07-21,2001,7,21,JPY,1060.78,0.82,-0.31,1.01,한국무역보험공사_환율_20230718.csv
2001-07-23,2001,7,23,JPY,1057.34,0.34,0.62,-0.16,한국무역보험공사_환율_20230718.csv
2001-07-24,2001,7,24,JPY,1052.14,0.78,0.17,-1.78,한국무역보험공사_환율_20230718.csv
2001-07-25,2001,7,25,JPY,1055.59,1.07,0.13,-3.13,한국무역보험공사_환율_20230718.csv
2001-07-26,2001,7,26,JPY,1058.65,0.78,-0.14,-2.64,한국무역보험공사_환율_20230718.csv
2001-07-27,2001,7,27,JPY,1051.9,-0.34,0.34,-2.94,한국무역보험공사_환율_20230718.csv
2001-07-28,2001,7,28,JPY,1053.27,-0.48,0.83,-1.59,한국무역보험공사_환율_20230718.csv
2001-07-30,2001,7,30,JPY,1054.38,-0.6,0.6,-2.11,한국무역보험공사_환율_20230718.csv
2001-07-31,2001,7,31,JPY,1039.46,-1.69,-0.84,-1.89,한국무역보험공사_환율_20230718.csv
2001-08-01,2001,8,1,JPY,1042.54,-0.91,-0.87,-2.68,한국무역보험공사_환율_20230718.csv
2001-08-02,2001,8,2,JPY,1043.54,-1.14,-0.52,-2.12,한국무역보험공사_환율_20230718.csv
2001-08-03,2001,8,3,JPY,1042.42,-1.53,-0.31,-1.77,한국무역보험공사_환율_20230718.csv
2001-08-04,2001,8,4,JPY,1037.92,-1.33,-0.54,-2.87,한국무역보험공사_환율_20230718.csv
2001-08-06,2001,8,6,JPY,1037.0,-1.54,-0.6,-3.31,한국무역보험공사_환율_20230718.csv
2001-08-07,2001,8,7,JPY,1039.56,-1.41,-0.32,-3.3,한국무역보험공사_환율_20230718.csv
2001-08-08,2001,8,8,JPY,1043.36,0.38,-0.61,-2.56,한국무역보험공사_환율_20230718.csv
2001-08-09,2001,8,9,JPY,1040.76,-0.17,0.01,-2.64,한국무역보험공사_환율_20230718.csv
2001-08-10,2001,8,10,JPY,1055.59,1.15,1.41,-2.08,한국무역보험공사_환율_20230718.csv
2001-08-11,2001,8,11,JPY,1050.94,0.82,1.96,-3.06,한국무역보험공사_환율_20230718.csv
2001-08-13,2001,8,13,JPY,1049.3,1.1,2.07,-1.93,한국무역보험공사_환율_20230718.csv
2001-08-14,2001,8,14,JPY,1049.46,1.2,2.01,-2.19,한국무역보험공사_환율_20230718.csv
2001-08-16,2001,8,16,JPY,1074.05,3.32,3.8,1.25,한국무역보험공사_환율_20230718.csv
2001-08-17,2001,8,17,JPY,1063.82,1.96,2.69,-0.39,한국무역보험공사_환율_20230718.csv
2001-08-18,2001,8,18,JPY,1067.45,2.56,1.46,-0.02,한국무역보험공사_환율_20230718.csv
2001-08-20,2001,8,20,JPY,1066.61,1.04,1.22,-1.49,한국무역보험공사_환율_20230718.csv
2001-08-21,2001,8,21,JPY,1065.76,1.41,2.08,-0.68,한국무역보험공사_환율_20230718.csv
2001-08-22,2001,8,22,JPY,1072.96,2.25,2.73,0.53,한국무역보험공사_환율_20230718.csv
2001-08-23,2001,8,23,JPY,1064.72,1.45,1.36,-0.04,한국무역보험공사_환율_20230718.csv
2001-08-24,2001,8,24,JPY,1070.7,-0.31,1.44,-0.61,한국무역보험공사_환율_20230718.csv
2001-08-25,2001,8,25,JPY,1067.89,0.38,0.91,-0.11,한국무역보험공사_환율_20230718.csv
2001-08-27,2001,8,27,JPY,1065.09,-0.22,0.41,-0.13,한국무역보험공사_환율_20230718.csv
2001-08-28,2001,8,28,JPY,1068.9,0.21,1.09,0.26,한국무역보험공사_환율_20230718.csv
2001-08-29,2001,8,29,JPY,1066.43,0.06,1.36,0.4,한국무역보험공사_환율_20230718.csv
2001-08-30,2001,8,30,JPY,1066.43,-0.61,1.03,0.45,한국무역보험공사_환율_20230718.csv
2001-08-31,2001,8,31,JPY,1074.53,0.92,1.5,2.01,한국무역보험공사_환율_20230718.csv
2001-09-01,2001,9,1,JPY,1078.85,0.76,2.56,1.89,한국무역보험공사_환율_20230718.csv
2001-09-03,2001,9,3,JPY,1076.04,0.76,2.16,1.5,한국무역보험공사_환율_20230718.csv
2001-09-04,2001,9,4,JPY,1077.98,1.21,2.24,1.52,한국무역보험공사_환율_20230718.csv
2001-09-05,2001,9,5,JPY,1072.19,0.31,3.15,1.94,한국무역보험공사_환율_20230718.csv
2001-09-06,2001,9,6,JPY,1061.92,-0.42,1.86,1.03,한국무역보험공사_환율_20230718.csv
2001-09-07,2001,9,7,JPY,1064.67,-0.17,2.02,0.22,한국무역보험공사_환율_20230718.csv
2001-09-08,2001,9,8,JPY,1071.21,-0.31,2.76,1.56,한국무역보험공사_환율_20230718.csv
2001-09-10,2001,9,10,JPY,1071.21,-0.71,3.21,0.12,한국무역보험공사_환율_20230718.csv
2001-09-11,2001,9,11,JPY,1064.03,-1.12,2.61,-0.06,한국무역보험공사_환율_20230718.csv
2001-09-12,2001,9,12,JPY,1083.85,0.54,4.26,1.5,한국무역보험공사_환율_20230718.csv
2001-09-13,2001,9,13,JPY,1074.4,0.21,2.98,0.55,한국무역보험공사_환율_20230718.csv
2001-09-14,2001,9,14,JPY,1085.49,2.22,4.3,1.59,한국무역보험공사_환율_20230718.csv
2001-09-15,2001,9,15,JPY,1106.21,3.9,4.8,2.75,한국무역보험공사_환율_20230718.csv
2001-09-17,2001,9,17,JPY,1102.45,2.92,4.9,2.71,한국무역보험공사_환율_20230718.csv
2001-09-18,2001,9,18,JPY,1100.46,2.73,4.88,1.96,한국무역보험공사_환율_20230718.csv
2001-09-19,2001,9,19,JPY,1106.3,3.97,5.42,2.87,한국무역보험공사_환율_20230718.csv
2001-09-20,2001,9,20,JPY,1101.9,1.67,2.59,2.54,한국무역보험공사_환율_20230718.csv
2001-09-21,2001,9,21,JPY,1114.52,3.73,4.77,3.25,한국무역보험공사_환율_20230718.csv
2001-09-22,2001,9,22,JPY,1112.25,2.47,4.2,3.92,한국무역보험공사_환율_20230718.csv
2001-09-24,2001,9,24,JPY,1110.4,0.38,4.11,3.76,한국무역보험공사_환율_20230718.csv
2001-09-25,2001,9,25,JPY,1111.38,0.81,4.28,4.5,한국무역보험공사_환율_20230718.csv
2001-09-26,2001,9,26,JPY,1111.39,0.99,3.58,4.52,한국무역보험공사_환율_20230718.csv
2001-09-27,2001,9,27,JPY,1108.08,0.16,4.07,4.79,한국무역보험공사_환율_20230718.csv
2001-09-28,2001,9,28,JPY,1090.98,-0.99,1.89,2.85,한국무역보험공사_환율_20230718.csv
2001-09-29,2001,9,29,JPY,1095.39,-1.72,2.58,3.46,한국무역보험공사_환율_20230718.csv
2001-10-04,2001,10,4,JPY,1084.9,-2.46,1.86,1.96,한국무역보험공사_환율_20230718.csv
2001-10-05,2001,10,5,JPY,1090.83,-1.76,2.05,3.81,한국무역보험공사_환율_20230718.csv
2001-10-06,2001,10,6,JPY,1089.54,-1.97,2.17,3.73,한국무역보험공사_환율_20230718.csv
2001-10-08,2001,10,8,JPY,1093.04,-1.65,2.5,3.68,한국무역보험공사_환율_20230718.csv
2001-10-09,2001,10,9,JPY,1094.53,-1.22,1.86,3.25,한국무역보험공사_환율_20230718.csv
2001-10-10,2001,10,10,JPY,1087.28,-0.34,0.78,3.71,한국무역보험공사_환율_20230718.csv
2001-10-11,2001,10,11,JPY,1086.38,-0.82,0.96,4.0,한국무역보험공사_환율_20230718.csv
2001-10-12,2001,10,12,JPY,1073.15,-1.08,-0.45,2.39,한국무역보험공사_환율_20230718.csv
2001-10-13,2001,10,13,JPY,1072.44,-1.69,0.02,2.31,한국무역보험공사_환율_20230718.csv
2001-10-15,2001,10,15,JPY,1073.99,-1.43,1.14,2.12,한국무역보험공사_환율_20230718.csv
2001-10-16,2001,10,16,JPY,1073.18,-1.82,0.8,2.31,한국무역보험공사_환율_20230718.csv
2001-10-17,2001,10,17,JPY,1067.72,-2.45,-0.33,2.11,한국무역보험공사_환율_20230718.csv
2001-10-18,2001,10,18,JPY,1073.42,-1.27,0.21,2.87,한국무역보험공사_환율_20230718.csv
2001-10-19,2001,10,19,JPY,1071.96,-1.33,0.75,2.75,한국무역보험공사_환율_20230718.csv
2001-10-20,2001,10,20,JPY,1073.77,0.06,-0.93,2.96,한국무역보험공사_환율_20230718.csv
2001-10-22,2001,10,22,JPY,1071.96,-0.04,-0.23,2.11,한국무역보험공사_환율_20230718.csv
2001-10-23,2001,10,23,JPY,1065.02,-0.84,-1.89,2.34,한국무역보험공사_환율_20230718.csv
2001-10-24,2001,10,24,JPY,1064.26,-0.83,-3.79,2.24,한국무역보험공사_환율_20230718.csv
2001-10-25,2001,10,25,JPY,1057.92,-0.92,-4.04,2.63,한국무역보험공사_환율_20230718.csv
2001-10-26,2001,10,26,JPY,1054.46,-1.77,-4.18,2.57,한국무역보험공사_환율_20230718.csv
2001-10-27,2001,10,27,JPY,1055.89,-1.5,-4.56,2.64,한국무역보험공사_환율_20230718.csv
2001-10-29,2001,10,29,JPY,1056.11,-1.64,-4.16,2.06,한국무역보험공사_환율_20230718.csv
2001-10-30,2001,10,30,JPY,1061.48,-0.98,-4.76,2.46,한국무역보험공사_환율_20230718.csv
2001-10-31,2001,10,31,JPY,1061.29,-0.35,-4.58,0.87,한국무역보험공사_환율_20230718.csv
2001-11-01,2001,11,1,JPY,1059.21,-0.47,-4.61,0.52,한국무역보험공사_환율_20230718.csv
2001-11-02,2001,11,2,JPY,1062.65,0.45,-4.38,1.78,한국무역보험공사_환율_20230718.csv
2001-11-03,2001,11,3,JPY,1065.58,1.05,-4.12,2.02,한국무역보험공사_환율_20230718.csv
2001-11-05,2001,11,5,JPY,1065.63,0.92,-3.83,1.45,한국무역보험공사_환율_20230718.csv
2001-11-06,2001,11,6,JPY,1065.38,0.88,-2.35,0.94,한국무역보험공사_환율_20230718.csv
2001-11-07,2001,11,7,JPY,1069.18,0.73,-2.39,1.03,한국무역보험공사_환율_20230718.csv
2001-11-08,2001,11,8,JPY,1067.11,0.55,-1.64,0.6,한국무역보험공사_환율_20230718.csv
2001-11-09,2001,11,9,JPY,1073.3,1.33,-1.61,1.51,한국무역보험공사_환율_20230718.csv
2001-11-10,2001,11,10,JPY,1065.38,0.26,-2.22,1.26,한국무역보험공사_환율_20230718.csv
2001-11-12,2001,11,12,JPY,1065.42,-0.02,-2.53,0.93,한국무역보험공사_환율_20230718.csv
2001-11-13,2001,11,13,JPY,1065.81,0.02,-2.62,0.68,한국무역보험공사_환율_20230718.csv
2001-11-14,2001,11,14,JPY,1058.56,-0.64,-2.64,0.63,한국무역보험공사_환율_20230718.csv
2001-11-15,2001,11,15,JPY,1057.23,-1.12,-2.68,0.38,한국무역보험공사_환율_20230718.csv
2001-11-16,2001,11,16,JPY,1048.33,-1.76,-2.31,-0.57,한국무역보험공사_환율_20230718.csv
2001-11-17,2001,11,17,JPY,1044.18,-2.71,-2.64,0.45,한국무역보험공사_환율_20230718.csv
2001-11-19,2001,11,19,JPY,1043.71,-2.03,-2.82,0.11,한국무역보험공사_환율_20230718.csv
2001-11-20,2001,11,20,JPY,1042.55,-2.15,-2.85,-0.09,한국무역보험공사_환율_20230718.csv
2001-11-21,2001,11,21,JPY,1046.28,-1.83,-2.01,0.37,한국무역보험공사_환율_20230718.csv
2001-11-22,2001,11,22,JPY,1039.55,-1.8,-3.16,0.16,한국무역보험공사_환율_20230718.csv
2001-11-23,2001,11,23,JPY,1031.33,-2.45,-3.79,-0.55,한국무역보험공사_환율_20230718.csv
2001-11-24,2001,11,24,JPY,1025.9,-2.14,-4.46,-1.31,한국무역보험공사_환율_20230718.csv
2001-11-26,2001,11,26,JPY,1025.11,-1.83,-4.37,-1.75,한국무역보험공사_환율_20230718.csv
2001-11-27,2001,11,27,JPY,1020.84,-2.19,-4.15,-1.91,한국무역보험공사_환율_20230718.csv
2001-11-28,2001,11,28,JPY,1021.19,-2.05,-4.05,-3.26,한국무역보험공사_환율_20230718.csv
2001-11-29,2001,11,29,JPY,1030.98,-1.46,-2.55,-1.9,한국무역보험공사_환율_20230718.csv
2001-11-30,2001,11,30,JPY,1027.96,-1.11,-2.51,-2.03,한국무역보험공사_환율_20230718.csv
2001-12-01,2001,12,1,JPY,1028.6,-0.26,-2.58,-1.99,한국무역보험공사_환율_20230718.csv
2001-12-03,2001,12,3,JPY,1029.56,0.36,-2.51,-4.14,한국무역보험공사_환율_20230718.csv
2001-12-04,2001,12,4,JPY,1024.02,-0.11,-3.53,-3.74,한국무역보험공사_환율_20230718.csv
2001-12-05,2001,12,5,JPY,1024.61,0.37,-3.46,-4.01,한국무역보험공사_환율_20230718.csv
2001-12-06,2001,12,6,JPY,1023.1,0.19,-3.41,-4.08,한국무역보험공사_환율_20230718.csv
2001-12-07,2001,12,7,JPY,1017.73,-1.29,-4.23,-4.51,한국무역보험공사_환율_20230718.csv
2001-12-08,2001,12,8,JPY,1014.18,-1.34,-4.82,-5.48,한국무역보험공사_환율_20230718.csv
2001-12-10,2001,12,10,JPY,1013.77,-1.44,-4.87,-4.79,한국무역보험공사_환율_20230718.csv
2001-12-11,2001,12,11,JPY,1016.76,-1.24,-4.56,-5.04,한국무역보험공사_환율_20230718.csv
2001-12-12,2001,12,12,JPY,1016.56,-0.73,-4.92,-4.81,한국무역보험공사_환율_20230718.csv
2001-12-13,2001,12,13,JPY,1011.83,-1.25,-5.18,-5.0,한국무역보험공사_환율_20230718.csv
2001-12-14,2001,12,14,JPY,1010.15,-1.27,-5.88,-5.5,한국무역보험공사_환율_20230718.csv
2001-12-15,2001,12,15,JPY,1006.13,-1.14,-5.56,-5.65,한국무역보험공사_환율_20230718.csv
2001-12-17,2001,12,17,JPY,1006.6,-0.75,-5.52,-5.61,한국무역보험공사_환율_20230718.csv
2001-12-18,2001,12,18,JPY,1012.18,-0.16,-5.03,-5.8,한국무역보험공사_환율_20230718.csv
2001-12-19,2001,12,19,JPY,1006.97,-0.96,-4.87,-6.66,한국무역보험공사_환율_20230718.csv
2001-12-20,2001,12,20,JPY,1006.19,-1.02,-4.83,-6.49,한국무역보험공사_환율_20230718.csv
2001-12-21,2001,12,21,JPY,1005.49,-0.63,-4.09,-6.72,한국무역보험공사_환율_20230718.csv
2001-12-22,2001,12,22,JPY,1012.28,0.21,-3.06,-5.59,한국무역보험공사_환율_20230718.csv
2001-12-24,2001,12,24,JPY,1010.91,0.48,-3.14,-4.8,한국무역보험공사_환율_20230718.csv
2001-12-26,2001,12,26,JPY,1000.0,-0.66,-4.08,-6.07,한국무역보험공사_환율_20230718.csv
2001-12-27,2001,12,27,JPY,1004.46,-0.76,-4.0,-6.23,한국무역보험공사_환율_20230718.csv
2001-12-28,2001,12,28,JPY,1004.85,-0.21,-3.34,-6.19,한국무역보험공사_환율_20230718.csv
2001-12-29,2001,12,29,JPY,1011.6,0.54,-1.91,-4.93,한국무역보험공사_환율_20230718.csv
2001-12-31,2001,12,31,JPY,1009.4,0.39,-1.61,-6.87,한국무역보험공사_환율_20230718.csv
2002-01-02,2002,1,2,JPY,997.38,-1.47,-2.71,-7.17,한국무역보험공사_환율_20230718.csv
2002-01-03,2002,1,3,JPY,999.21,-1.16,-2.12,-7.95,한국무역보험공사_환율_20230718.csv
2002-01-04,2002,1,4,JPY,999.58,-0.04,-2.12,-9.64,한국무역보험공사_환율_20230718.csv
2002-01-05,2002,1,5,JPY,998.85,-0.56,-3.12,-9.4,한국무역보험공사_환율_20230718.csv
2002-01-07,2002,1,7,JPY,1000.15,-0.47,-2.71,-9.12,한국무역보험공사_환율_20230718.csv
2002-01-08,2002,1,8,JPY,993.25,-1.81,-3.44,-10.22,한국무역보험공사_환율_20230718.csv
2002-01-09,2002,1,9,JPY,984.96,-2.42,-4.33,-10.61,한국무역보험공사_환율_20230718.csv
2002-01-10,2002,1,10,JPY,987.86,-0.95,-3.53,-11.36,한국무역보험공사_환율_20230718.csv
2002-01-11,2002,1,11,JPY,994.59,-0.46,-2.93,-10.58,한국무역보험공사_환율_20230718.csv
2002-01-12,2002,1,12,JPY,992.66,-0.69,-2.98,-10.6,한국무역보험공사_환율_20230718.csv
2002-01-14,2002,1,14,JPY,993.67,-0.52,-2.36,-10.59,한국무역보험공사_환율_20230718.csv
2002-01-15,2002,1,15,JPY,996.35,-0.38,-1.76,-10.35,한국무역보험공사_환율_20230718.csv
2002-01-16,2002,1,16,JPY,1003.51,1.03,-1.01,-9.44,한국무역보험공사_환율_20230718.csv
2002-01-17,2002,1,17,JPY,996.86,1.21,-1.96,-8.63,한국무역보험공사_환율_20230718.csv
2002-01-18,2002,1,18,JPY,996.38,0.86,-1.99,-9.04,한국무역보험공사_환율_20230718.csv
2002-01-19,2002,1,19,JPY,995.85,0.13,-1.58,-8.21,한국무역보험공사_환율_20230718.csv
2002-01-21,2002,1,21,JPY,995.48,0.28,-1.45,-8.74,한국무역보험공사_환율_20230718.csv
2002-01-22,2002,1,22,JPY,993.27,-0.04,-1.28,-8.84,한국무역보험공사_환율_20230718.csv
2002-01-23,2002,1,23,JPY,991.59,-0.48,-1.49,-9.28,한국무역보험공사_환율_20230718.csv
2002-01-24,2002,1,24,JPY,990.67,-1.28,-2.13,-9.49,한국무역보험공사_환율_20230718.csv
2002-01-25,2002,1,25,JPY,987.58,-0.93,-1.93,-9.17,한국무역보험공사_환율_20230718.csv
2002-01-26,2002,1,26,JPY,988.62,-0.78,-1.75,-9.0,한국무역보험공사_환율_20230718.csv
2002-01-28,2002,1,28,JPY,985.21,-1.07,-2.02,-8.19,한국무역보험공사_환율_20230718.csv
2002-01-29,2002,1,29,JPY,990.08,-0.54,-2.19,-7.68,한국무역보험공사_환율_20230718.csv
2002-01-30,2002,1,30,JPY,985.35,-0.8,-2.53,-8.25,한국무역보험공사_환율_20230718.csv
2002-01-31,2002,1,31,JPY,989.65,-0.2,-1.03,-7.78,한국무역보험공사_환율_20230718.csv
2002-02-01,2002,2,1,JPY,970.45,-2.04,-3.39,-9.11,한국무역보험공사_환율_20230718.csv
2002-02-02,2002,2,2,JPY,992.33,0.48,-1.25,-7.55,한국무역보험공사_환율_20230718.csv
2002-02-04,2002,2,4,JPY,992.44,0.39,-1.89,-7.42,한국무역보험공사_환율_20230718.csv
2002-02-05,2002,2,5,JPY,994.62,0.96,-1.46,-7.37,한국무역보험공사_환율_20230718.csv
2002-02-06,2002,2,6,JPY,982.07,-0.81,-1.54,-8.39,한국무역보험공사_환율_20230718.csv
2002-02-07,2002,2,7,JPY,985.9,0.06,-1.33,-7.43,한국무역보험공사_환율_20230718.csv
2002-02-08,2002,2,8,JPY,984.44,-0.53,-1.51,-7.5,한국무역보험공사_환율_20230718.csv
2002-02-09,2002,2,9,JPY,979.54,0.94,-1.93,-7.41,한국무역보험공사_환율_20230718.csv
2002-02-14,2002,2,14,JPY,990.5,-0.18,-0.96,-6.07,한국무역보험공사_환율_20230718.csv
2002-02-15,2002,2,15,JPY,997.5,0.51,0.43,-5.53,한국무역보험공사_환율_20230718.csv
2002-02-16,2002,2,16,JPY,992.01,-0.26,0.72,-6.07,한국무역보험공사_환율_20230718.csv
2002-02-18,2002,2,18,JPY,991.56,0.97,0.37,-6.59,한국무역보험공사_환율_20230718.csv
2002-02-19,2002,2,19,JPY,991.9,0.61,-0.27,-6.54,한국무역보험공사_환율_20230718.csv
2002-02-20,2002,2,20,JPY,988.65,0.43,-0.4,-6.66,한국무역보험공사_환율_20230718.csv
2002-02-21,2002,2,21,JPY,987.11,0.77,-0.66,-7.11,한국무역보험공사_환율_20230718.csv
2002-02-22,2002,2,22,JPY,984.21,-0.64,-1.22,-7.64,한국무역보험공사_환율_20230718.csv
2002-02-23,2002,2,23,JPY,986.12,-1.14,-1.73,-7.46,한국무역보험공사_환율_20230718.csv
2002-02-25,2002,2,25,JPY,985.87,-0.62,-1.1,-7.46,한국무역보험공사_환율_20230718.csv
2002-02-26,2002,2,26,JPY,988.6,-0.3,-0.78,-7.54,한국무역보험공사_환율_20230718.csv
2002-02-27,2002,2,27,JPY,983.8,-0.82,-1.21,-7.81,한국무역보험공사_환율_20230718.csv
2002-02-28,2002,2,28,JPY,988.35,-0.03,-0.72,-7.91,한국무역보험공사_환율_20230718.csv
2002-03-02,2002,3,2,JPY,994.23,0.72,0.1,-6.68,한국무역보험공사_환율_20230718.csv
2002-03-04,2002,3,4,JPY,993.3,0.92,0.17,-6.77,한국무역보험공사_환율_20230718.csv
2002-03-05,2002,3,5,JPY,998.75,1.28,0.82,-6.29,한국무역보험공사_환율_20230718.csv
2002-03-06,2002,3,6,JPY,994.59,0.88,0.71,-6.04,한국무역보험공사_환율_20230718.csv
2002-03-07,2002,3,7,JPY,1006.7,1.83,1.83,-4.78,한국무역보험공사_환율_20230718.csv
2002-03-08,2002,3,8,JPY,1026.7,4.36,4.21,-2.06,한국무역보험공사_환율_20230718.csv
2002-03-09,2002,3,9,JPY,1019.21,3.12,2.94,-2.39,한국무역보험공사_환율_20230718.csv
2002-03-11,2002,3,11,JPY,1020.52,2.64,3.57,-2.22,한국무역보험공사_환율_20230718.csv
2002-03-12,2002,3,12,JPY,1027.63,3.46,3.84,-1.43,한국무역보험공사_환율_20230718.csv
2002-03-13,2002,3,13,JPY,1022.12,2.34,5.32,-2.31,한국무역보험공사_환율_20230718.csv
2002-03-14,2002,3,14,JPY,1019.77,2.53,2.77,-1.9,한국무역보험공사_환율_20230718.csv
2002-03-15,2002,3,15,JPY,1023.76,1.69,3.16,-0.73,한국무역보험공사_환율_20230718.csv
2002-03-16,2002,3,16,JPY,1024.4,-0.22,2.99,-0.15,한국무역보험공사_환율_20230718.csv
2002-03-18,2002,3,18,JPY,1022.38,0.31,4.1,-0.27,한국무역보험공사_환율_20230718.csv
2002-03-19,2002,3,19,JPY,1008.84,-1.14,2.33,-1.18,한국무역보험공사_환율_20230718.csv
2002-03-20,2002,3,20,JPY,1003.78,-2.32,1.96,-1.7,한국무역보험공사_환율_20230718.csv
2002-03-21,2002,3,21,JPY,1010.05,-1.18,3.11,-2.03,한국무역보험공사_환율_20230718.csv
2002-03-22,2002,3,22,JPY,1004.7,-1.48,1.43,-2.26,한국무역보험공사_환율_20230718.csv
2002-03-23,2002,3,23,JPY,999.77,-2.34,0.23,-2.8,한국무역보험공사_환율_20230718.csv
2002-03-25,2002,3,25,JPY,1000.34,-2.35,0.84,-2.84,한국무역보험공사_환율_20230718.csv
2002-03-26,2002,3,26,JPY,997.64,-2.42,0.61,-2.58,한국무역보험공사_환율_20230718.csv
2002-03-27,2002,3,27,JPY,999.92,-0.88,0.81,-2.41,한국무역보험공사_환율_20230718.csv
2002-03-28,2002,3,28,JPY,1000.75,-0.3,1.22,-2.18,한국무역보험공사_환율_20230718.csv
2002-03-29,2002,3,29,JPY,999.4,-1.05,1.25,-1.8,한국무역보험공사_환율_20230718.csv
2002-03-30,2002,3,30,JPY,998.95,-0.57,1.5,-1.5,한국무역보험공사_환율_20230718.csv
2002-04-01,2002,4,1,JPY,996.58,-0.32,1.06,-1.7,한국무역보험공사_환율_20230718.csv
2002-04-02,2002,4,2,JPY,994.48,-0.59,0.87,-2.19,한국무역보험공사_환율_20230718.csv
2002-04-03,2002,4,3,JPY,997.97,0.03,0.95,-1.83,한국무역보험공사_환율_20230718.csv
2002-04-04,2002,4,4,JPY,1000.75,0.08,1.72,-1.1,한국무역보험공사_환율_20230718.csv
2002-04-06,2002,4,6,JPY,1010.1,0.93,2.2,-0.0,한국무역보험공사_환율_20230718.csv
2002-04-08,2002,4,8,JPY,1009.87,1.05,1.57,0.37,한국무역보험공사_환율_20230718.csv
2002-04-09,2002,4,9,JPY,1010.0,1.11,1.68,0.34,한국무역보험공사_환율_20230718.csv
2002-04-10,2002,4,10,JPY,1016.71,2.02,1.8,0.45,한국무역보험공사_환율_20230718.csv
2002-04-11,2002,4,11,JPY,1015.55,2.12,2.11,0.85,한국무역보험공사_환율_20230718.csv
2002-04-12,2002,4,12,JPY,1011.6,1.37,0.49,0.54,한국무역보험공사_환율_20230718.csv
2002-04-13,2002,4,13,JPY,1009.17,0.84,-1.71,0.37,한국무역보험공사_환율_20230718.csv
2002-04-15,2002,4,15,JPY,1008.25,-0.18,-1.08,-0.4,한국무역보험공사_환율_20230718.csv
2002-04-16,2002,4,16,JPY,1006.47,-0.34,-1.38,-0.44,한국무역보험공사_환율_20230718.csv
2002-04-17,2002,4,17,JPY,1011.78,0.18,-1.54,1.18,한국무역보험공사_환율_20230718.csv
2002-04-18,2002,4,18,JPY,1010.29,-0.63,-1.16,0.58,한국무역보험공사_환율_20230718.csv
2002-04-19,2002,4,19,JPY,1011.66,-0.38,-0.8,0.68,한국무역보험공사_환율_20230718.csv
2002-04-20,2002,4,20,JPY,1005.52,-0.6,-1.78,-0.6,한국무역보험공사_환율_20230718.csv
2002-04-22,2002,4,22,JPY,1004.64,-0.45,-1.93,-0.47,한국무역보험공사_환율_20230718.csv
2002-04-23,2002,4,23,JPY,1005.88,-0.24,-1.61,0.85,한국무역보험공사_환율_20230718.csv
2002-04-24,2002,4,24,JPY,1003.19,-0.33,-0.56,0.4,한국무역보험공사_환율_20230718.csv
2002-04-25,2002,4,25,JPY,1009.88,-0.19,0.61,1.03,한국무역보험공사_환율_20230718.csv
2002-04-26,2002,4,26,JPY,1009.59,-0.07,-0.05,1.08,한국무역보험공사_환율_20230718.csv
2002-04-27,2002,4,27,JPY,1015.17,0.35,1.04,1.5,한국무역보험공사_환율_20230718.csv
2002-04-29,2002,4,29,JPY,1015.73,1.02,1.6,2.26,한국무역보험공사_환율_20230718.csv
2002-04-30,2002,4,30,JPY,1008.31,0.37,0.8,2.37,한국무역보험공사_환율_20230718.csv
2002-05-02,2002,5,2,JPY,1016.7,1.08,1.91,2.92,한국무역보험공사_환율_20230718.csv
2002-05-03,2002,5,3,JPY,1007.16,0.4,0.72,1.26,한국무역보험공사_환율_20230718.csv
2002-05-04,2002,5,4,JPY,1014.49,0.46,1.37,2.2,한국무역보험공사_환율_20230718.csv
2002-05-06,2002,5,6,JPY,1014.69,0.51,1.53,2.12,한국무역보험공사_환율_20230718.csv
2002-05-07,2002,5,7,JPY,1006.8,-0.82,0.79,1.05,한국무역보험공사_환율_20230718.csv
2002-05-08,2002,5,8,JPY,998.09,-1.74,0.15,-0.54,한국무역보험공사_환율_20230718.csv
2002-05-09,2002,5,9,JPY,994.61,-1.36,0.01,-0.23,한국무역보험공사_환율_20230718.csv
2002-05-10,2002,5,10,JPY,1000.51,-1.59,0.25,0.41,한국무역보험공사_환율_20230718.csv
2002-05-11,2002,5,11,JPY,1003.06,-0.41,0.23,0.72,한국무역보험공사_환율_20230718.csv
2002-05-13,2002,5,13,JPY,1002.98,-1.13,-0.7,0.75,한국무역보험공사_환율_20230718.csv
2002-05-14,2002,5,14,JPY,997.89,-1.66,-1.19,0.47,한국무역보험공사_환율_20230718.csv
2002-05-15,2002,5,15,JPY,994.86,-1.19,-1.5,0.33,한국무역보험공사_환율_20230718.csv
2002-05-16,2002,5,16,JPY,1001.57,0.35,-1.49,1.1,한국무역보험공사_환율_20230718.csv
2002-05-17,2002,5,17,JPY,994.06,-0.06,-2.12,0.66,한국무역보험공사_환율_20230718.csv
2002-05-18,2002,5,18,JPY,1005.72,0.52,-0.58,1.73,한국무역보험공사_환율_20230718.csv
2002-05-20,2002,5,20,JPY,1003.37,0.03,-0.57,1.84,한국무역보험공사_환율_20230718.csv
2002-05-21,2002,5,21,JPY,999.2,-0.38,-0.9,0.92,한국무역보험공사_환율_20230718.csv
2002-05-22,2002,5,22,JPY,1011.15,1.33,0.46,2.62,한국무역보험공사_환율_20230718.csv
2002-05-23,2002,5,23,JPY,1001.41,0.66,-1.02,1.19,한국무역보험공사_환율_20230718.csv
2002-05-24,2002,5,24,JPY,998.36,-0.32,-1.18,2.88,한국무역보험공사_환율_20230718.csv
2002-05-25,2002,5,25,JPY,1000.88,0.69,-1.07,0.86,한국무역보험공사_환율_20230718.csv
2002-05-27,2002,5,27,JPY,999.4,-0.63,-0.61,0.7,한국무역보험공사_환율_20230718.csv
2002-05-28,2002,5,28,JPY,991.63,-1.17,-1.29,-0.3,한국무역보험공사_환율_20230718.csv
2002-05-29,2002,5,29,JPY,988.63,-1.06,-1.71,0.67,한국무역보험공사_환율_20230718.csv
2002-05-30,2002,5,30,JPY,994.81,-1.62,-0.84,0.9,한국무역보험공사_환율_20230718.csv
2002-05-31,2002,5,31,JPY,998.5,-0.29,-1.13,1.43,한국무역보험공사_환율_20230718.csv
2002-06-01,2002,6,1,JPY,986.72,-1.17,-2.27,0.73,한국무역보험공사_환율_20230718.csv
2002-06-03,2002,6,3,JPY,986.33,-1.45,-2.84,-0.42,한국무역보험공사_환율_20230718.csv
2002-06-04,2002,6,4,JPY,993.69,-0.57,-2.17,-0.38,한국무역보험공사_환율_20230718.csv
2002-06-05,2002,6,5,JPY,984.57,-0.71,-2.35,-0.75,한국무역보험공사_환율_20230718.csv
2002-06-07,2002,6,7,JPY,984.57,-0.41,-3.16,-0.7,한국무역보험공사_환율_20230718.csv
2002-06-08,2002,6,8,JPY,987.38,-0.75,-1.96,-0.46,한국무역보험공사_환율_20230718.csv
2002-06-10,2002,6,10,JPY,985.72,-1.28,-2.84,-0.3,한국무역보험공사_환율_20230718.csv
2002-06-11,2002,6,11,JPY,985.41,-0.13,-2.89,-0.17,한국무역보험공사_환율_20230718.csv
2002-06-12,2002,6,12,JPY,979.96,-0.65,-2.67,-0.43,한국무역보험공사_환율_20230718.csv
2002-06-14,2002,6,14,JPY,984.05,-0.97,-1.41,-0.21,한국무역보험공사_환율_20230718.csv
2002-06-15,2002,6,15,JPY,991.79,0.73,-0.28,0.6,한국무역보험공사_환율_20230718.csv
2002-06-17,2002,6,17,JPY,990.51,0.6,-1.0,0.19,한국무역보험공사_환율_20230718.csv
2002-06-18,2002,6,18,JPY,994.89,0.76,-0.81,1.13,한국무역보험공사_환율_20230718.csv
2002-06-19,2002,6,19,JPY,992.55,0.69,-1.04,0.42,한국무역보험공사_환율_20230718.csv
2002-06-20,2002,6,20,JPY,992.1,0.68,-0.58,-0.21,한국무역보험공사_환율_20230718.csv
2002-06-21,2002,6,21,JPY,992.72,1.3,-0.22,-0.06,한국무역보험공사_환율_20230718.csv
2002-06-22,2002,6,22,JPY,1007.6,2.39,0.6,0.89,한국무역보험공사_환율_20230718.csv
2002-06-24,2002,6,24,JPY,1003.04,1.13,0.9,0.85,한국무역보험공사_환율_20230718.csv
2002-06-25,2002,6,25,JPY,996.67,0.62,-0.9,-1.0,한국무역보험공사_환율_20230718.csv
2002-06-26,2002,6,26,JPY,1002.6,0.77,-0.08,-2.35,한국무역보험공사_환율_20230718.csv
2002-06-27,2002,6,27,JPY,1006.88,1.44,0.77,-1.21,한국무역보험공사_환율_20230718.csv
2002-06-28,2002,6,28,JPY,1007.57,1.56,-0.35,-1.27,한국무역보험공사_환율_20230718.csv
2002-06-29,2002,6,29,JPY,1004.51,1.19,0.31,-2.25,한국무역보험공사_환율_20230718.csv
2002-07-02,2002,7,2,JPY,1003.84,-0.37,0.55,-1.79,한국무역보험공사_환율_20230718.csv
2002-07-03,2002,7,3,JPY,1002.46,-0.06,0.16,-1.7,한국무역보험공사_환율_20230718.csv
2002-07-04,2002,7,4,JPY,1005.09,0.84,0.57,-1.82,한국무역보험공사_환율_20230718.csv
2002-07-05,2002,7,5,JPY,1000.0,-0.26,0.84,-2.38,한국무역보험공사_환율_20230718.csv
2002-07-06,2002,7,6,JPY,999.5,-0.73,1.1,-2.24,한국무역보험공사_환율_20230718.csv
2002-07-08,2002,7,8,JPY,1000.25,-0.73,0.55,-0.85,한국무역보험공사_환율_20230718.csv
2002-07-09,2002,7,9,JPY,1007.41,0.29,0.89,0.36,한국무역보험공사_환율_20230718.csv
2002-07-10,2002,7,10,JPY,1004.06,0.02,1.76,-0.59,한국무역보험공사_환율_20230718.csv
2002-07-11,2002,7,11,JPY,1001.82,-0.06,1.57,-0.29,한국무역보험공사_환율_20230718.csv
2002-07-12,2002,7,12,JPY,1005.51,0.04,1.19,0.57,한국무역보험공사_환율_20230718.csv
2002-07-13,2002,7,13,JPY,1010.25,1.03,2.61,0.99,한국무역보험공사_환율_20230718.csv
2002-07-15,2002,7,15,JPY,1012.62,1.31,2.85,1.5,한국무역보험공사_환율_20230718.csv
2002-07-16,2002,7,16,JPY,1013.29,1.3,2.62,1.34,한국무역보험공사_환율_20230718.csv
2002-07-18,2002,7,18,JPY,1007.95,0.05,2.26,0.72,한국무역보험공사_환율_20230718.csv
2002-07-19,2002,7,19,JPY,1006.26,0.22,2.12,0.69,한국무역보험공사_환율_20230718.csv
2002-07-20,2002,7,20,JPY,1008.97,0.71,2.96,1.0,한국무역보험공사_환율_20230718.csv
2002-07-22,2002,7,22,JPY,1011.09,0.55,2.75,1.46,한국무역보험공사_환율_20230718.csv
2002-07-23,2002,7,23,JPY,999.79,-1.04,0.81,0.53,한국무역보험공사_환율_20230718.csv
2002-07-24,2002,7,24,JPY,997.95,-1.45,0.75,-0.0,한국무역보험공사_환율_20230718.csv
2002-07-25,2002,7,25,JPY,1005.01,-0.82,1.02,0.43,한국무역보험공사_환율_20230718.csv
2002-07-26,2002,7,26,JPY,1003.48,-0.44,1.1,-0.66,한국무역보험공사_환율_20230718.csv
2002-07-27,2002,7,27,JPY,1011.95,0.57,2.0,0.21,한국무역보험공사_환율_20230718.csv
2002-07-29,2002,7,29,JPY,993.27,-1.56,0.06,-1.66,한국무역보험공사_환율_20230718.csv
2002-07-30,2002,7,30,JPY,1005.06,-0.6,-0.25,-1.15,한국무역보험공사_환율_20230718.csv
2002-07-31,2002,7,31,JPY,994.35,-0.54,-0.87,-2.09,한국무역보험공사_환율_20230718.csv
2002-08-01,2002,8,1,JPY,994.82,-0.31,-0.19,-1.66,한국무역보험공사_환율_20230718.csv
2002-08-02,2002,8,2,JPY,992.65,-1.23,-0.99,-1.64,한국무역보험공사_환율_20230718.csv
2002-08-03,2002,8,3,JPY,994.95,-0.85,-1.18,-1.32,한국무역보험공사_환율_20230718.csv
2002-08-05,2002,8,5,JPY,993.9,-1.78,-1.36,-1.25,한국무역보험공사_환율_20230718.csv
2002-08-06,2002,8,6,JPY,992.44,-0.08,-1.2,-1.91,한국무역보험공사_환율_20230718.csv
2002-08-07,2002,8,7,JPY,999.05,-0.6,-0.48,-1.11,한국무역보험공사_환율_20230718.csv
2002-08-08,2002,8,8,JPY,1005.46,1.12,0.3,-0.61,한국무역보험공사_환율_20230718.csv
2002-08-09,2002,8,9,JPY,994.5,-0.03,-1.05,-1.1,한국무역보험공사_환율_20230718.csv
2002-08-10,2002,8,10,JPY,999.58,0.7,-0.04,-0.5,한국무역보험공사_환율_20230718.csv
2002-08-12,2002,8,12,JPY,1008.4,1.35,0.89,0.25,한국무역보험공사_환율_20230718.csv
2002-08-13,2002,8,13,JPY,1008.45,1.46,0.82,0.52,한국무역보험공사_환율_20230718.csv
2002-08-14,2002,8,14,JPY,1011.67,1.94,0.42,0.18,한국무역보험공사_환율_20230718.csv
2002-08-16,2002,8,16,JPY,1012.9,1.39,0.88,0.33,한국무역보험공사_환율_20230718.csv
2002-08-17,2002,8,17,JPY,1010.54,0.51,0.87,-0.46,한국무역보험공사_환율_20230718.csv
2002-08-19,2002,8,19,JPY,1009.59,1.52,0.41,-0.6,한국무역보험공사_환율_20230718.csv
2002-08-20,2002,8,20,JPY,1005.53,0.6,-0.47,-0.28,한국무역보험공사_환율_20230718.csv
2002-08-21,2002,8,21,JPY,1008.26,-0.01,-0.43,-0.83,한국무역보험공사_환율_20230718.csv
2002-08-22,2002,8,22,JPY,1004.3,-0.41,-0.89,-0.28,한국무역보험공사_환율_20230718.csv
2002-08-23,2002,8,23,JPY,996.12,-1.54,-1.17,-1.81,한국무역보험공사_환율_20230718.csv
2002-08-24,2002,8,24,JPY,1003.01,-0.98,-0.32,-1.15,한국무역보험공사_환율_20230718.csv
2002-08-26,2002,8,26,JPY,1006.66,-0.38,-0.23,-0.01,한국무역보험공사_환율_20230718.csv
2002-08-27,2002,8,27,JPY,1002.67,-0.69,-0.83,0.46,한국무역보험공사_환율_20230718.csv
2002-08-28,2002,8,28,JPY,1015.43,0.98,1.56,2.09,한국무역보험공사_환율_20230718.csv
2002-08-29,2002,8,29,JPY,1007.06,-0.12,0.91,0.65,한국무역보험공사_환율_20230718.csv
2002-08-30,2002,8,30,JPY,1018.73,1.44,1.37,1.56,한국무역보험공사_환율_20230718.csv
2002-08-31,2002,8,31,JPY,1013.75,1.77,1.02,1.07,한국무역보험공사_환율_20230718.csv
2002-09-02,2002,9,2,JPY,1013.68,1.06,0.17,1.58,한국무역보험공사_환율_20230718.csv
2002-09-03,2002,9,3,JPY,1020.89,1.41,2.78,2.62,한국무역보험공사_환율_20230718.csv
2002-09-04,2002,9,4,JPY,1025.16,2.24,2.0,2.36,한국무역보험공사_환율_20230718.csv
2002-09-05,2002,9,5,JPY,1013.18,-0.22,1.89,1.92,한국무역보험공사_환율_20230718.csv
2002-09-06,2002,9,6,JPY,1009.43,0.24,1.47,0.37,한국무역보험공사_환율_20230718.csv
2002-09-07,2002,9,7,JPY,1009.45,-0.91,1.69,0.61,한국무역보험공사_환율_20230718.csv
2002-09-09,2002,9,9,JPY,1007.72,-0.59,1.28,0.85,한국무역보험공사_환율_20230718.csv
2002-09-10,2002,9,10,JPY,1004.58,-0.9,1.07,-0.65,한국무역보험공사_환율_20230718.csv
2002-09-11,2002,9,11,JPY,1000.17,-2.03,0.78,-0.12,한국무역보험공사_환율_20230718.csv
2002-09-12,2002,9,12,JPY,1000.54,-2.4,0.15,0.22,한국무역보험공사_환율_20230718.csv
2002-09-13,2002,9,13,JPY,1002.96,-1.01,-0.25,0.21,한국무역보험공사_환율_20230718.csv
2002-09-14,2002,9,14,JPY,995.97,-1.33,0.15,-0.34,한국무역보험공사_환율_20230718.csv
2002-09-16,2002,9,16,JPY,986.98,-2.23,-1.26,-0.47,한국무역보험공사_환율_20230718.csv
2002-09-17,2002,9,17,JPY,996.81,-1.08,-1.15,0.83,한국무역보험공사_환율_20230718.csv
2002-09-18,2002,9,18,JPY,999.1,-0.55,-0.93,0.43,한국무역보험공사_환율_20230718.csv
2002-09-19,2002,9,19,JPY,998.72,-0.14,-1.28,0.02,한국무역보험공사_환율_20230718.csv
2002-09-23,2002,9,23,JPY,980.28,-2.02,-3.22,-0.65,한국무역보험공사_환율_20230718.csv
2002-09-24,2002,9,24,JPY,985.99,-1.69,-2.43,-0.03,한국무역보험공사_환율_20230718.csv
2002-09-25,2002,9,25,JPY,994.36,-0.16,-1.51,0.07,한국무역보험공사_환율_20230718.csv
2002-09-26,2002,9,26,JPY,998.08,1.12,-0.74,1.37,한국무역보험공사_환율_20230718.csv
2002-09-27,2002,9,27,JPY,1004.38,0.76,-0.38,2.01,한국무역보험공사_환율_20230718.csv
2002-09-28,2002,9,28,JPY,1001.79,0.27,-0.25,1.46,한국무역보험공사_환율_20230718.csv
2002-09-30,2002,9,30,JPY,998.37,-0.04,0.23,1.28,한국무역보험공사_환율_20230718.csv
2002-10-01,2002,10,1,JPY,1007.75,2.8,0.47,2.27,한국무역보험공사_환율_20230718.csv
2002-10-02,2002,10,2,JPY,1001.34,1.56,-0.53,2.18,한국무역보험공사_환율_20230718.csv
2002-10-04,2002,10,4,JPY,1004.94,1.06,0.23,2.12,한국무역보험공사_환율_20230718.csv
2002-10-05,2002,10,5,JPY,1000.81,0.27,-1.44,0.91,한국무역보험공사_환율_20230718.csv
2002-10-07,2002,10,7,JPY,999.19,-0.52,-0.78,0.88,한국무역보험공사_환율_20230718.csv
2002-10-08,2002,10,8,JPY,995.61,-0.62,-2.27,0.07,한국무역보험공사_환율_20230718.csv
2002-10-09,2002,10,9,JPY,1002.38,0.4,-1.12,0.99,한국무역보험공사_환율_20230718.csv
2002-10-10,2002,10,10,JPY,1010.59,0.28,-0.3,1.86,한국무역보험공사_환율_20230718.csv
2002-10-11,2002,10,11,JPY,1014.86,1.35,-0.59,2.23,한국무역보험공사_환율_20230718.csv
2002-10-12,2002,10,12,JPY,1016.36,1.14,-0.86,0.87,한국무역보험공사_환율_20230718.csv
2002-10-14,2002,10,14,JPY,1016.65,1.58,0.34,1.36,한국무역보험공사_환율_20230718.csv
2002-10-15,2002,10,15,JPY,1013.23,1.41,0.38,1.66,한국무역보험공사_환율_20230718.csv
2002-10-16,2002,10,16,JPY,1011.86,1.63,0.24,0.92,한국무역보험공사_환율_20230718.csv
2002-10-17,2002,10,17,JPY,1009.59,0.72,0.19,0.27,한국무역보험공사_환율_20230718.csv
2002-10-18,2002,10,18,JPY,994.69,-1.57,-0.98,-1.28,한국무역보험공사_환율_20230718.csv
2002-10-19,2002,10,19,JPY,995.54,-1.9,-0.46,-0.89,한국무역보험공사_환율_20230718.csv
2002-10-21,2002,10,21,JPY,989.25,-2.67,-1.13,-1.45,한국무역보험공사_환율_20230718.csv
2002-10-22,2002,10,22,JPY,996.6,-1.97,-0.63,-0.58,한국무역보험공사_환율_20230718.csv
2002-10-23,2002,10,23,JPY,992.61,-2.04,-0.34,-1.24,한국무역보험공사_환율_20230718.csv
2002-10-24,2002,10,24,JPY,993.3,-1.83,0.64,-0.67,한국무역보험공사_환율_20230718.csv
2002-10-25,2002,10,25,JPY,986.94,-2.24,-0.99,-1.26,한국무역보험공사_환율_20230718.csv
2002-10-26,2002,10,26,JPY,991.47,-0.32,-0.76,-0.88,한국무역보험공사_환율_20230718.csv
2002-10-28,2002,10,28,JPY,990.46,-0.51,-0.83,-1.68,한국무역보험공사_환율_20230718.csv
2002-10-29,2002,10,29,JPY,998.18,0.9,1.83,-0.59,한국무역보험공사_환율_20230718.csv
2002-10-30,2002,10,30,JPY,997.48,0.09,1.17,-0.43,한국무역보험공사_환율_20230718.csv
2002-10-31,2002,10,31,JPY,1003.54,1.1,0.92,-0.2,한국무역보험공사_환율_20230718.csv
2002-11-01,2002,11,1,JPY,999.92,0.67,0.18,-1.02,한국무역보험공사_환율_20230718.csv
2002-11-02,2002,11,2,JPY,1002.62,1.59,-0.18,-0.99,한국무역보험공사_환율_20230718.csv
2002-11-04,2002,11,4,JPY,1001.84,1.05,0.0,-1.13,한국무역보험공사_환율_20230718.csv
2002-11-05,2002,11,5,JPY,998.08,0.77,-0.03,-0.98,한국무역보험공사_환율_20230718.csv
2002-11-06,2002,11,6,JPY,996.19,-0.2,-1.15,-1.0,한국무역보험공사_환율_20230718.csv
2002-11-07,2002,11,7,JPY,1003.29,0.58,0.19,-0.56,한국무역보험공사_환율_20230718.csv
2002-11-08,2002,11,8,JPY,1004.58,0.1,-0.04,-0.64,한국무역보험공사_환율_20230718.csv
2002-11-09,2002,11,9,JPY,1001.84,0.19,0.1,0.21,한국무역보험공사_환율_20230718.csv
2002-11-11,2002,11,11,JPY,1009.51,0.69,1.03,1.16,한국무역보험공사_환율_20230718.csv
2002-11-12,2002,11,12,JPY,1001.21,-0.06,0.56,-0.38,한국무역보험공사_환율_20230718.csv
2002-11-13,2002,11,13,JPY,1005.64,0.76,0.33,0.22,한국무역보험공사_환율_20230718.csv
2002-11-14,2002,11,14,JPY,1001.62,0.55,-0.89,-1.02,한국무역보험공사_환율_20230718.csv
2002-11-15,2002,11,15,JPY,1001.62,-0.17,-1.3,0.84,한국무역보험공사_환율_20230718.csv
2002-11-16,2002,11,16,JPY,1002.32,-0.22,-1.38,-0.27,한국무역보험공사_환율_20230718.csv
2002-11-18,2002,11,18,JPY,1003.36,0.15,-1.31,0.91,한국무역보험공사_환율_20230718.csv
2002-11-19,2002,11,19,JPY,996.65,-1.27,-1.64,0.18,한국무역보험공사_환율_20230718.csv
2002-11-20,2002,11,20,JPY,989.24,-1.2,-2.24,-0.34,한국무역보험공사_환율_20230718.csv
2002-11-21,2002,11,21,JPY,991.28,-1.43,-1.81,-0.37,한국무역보험공사_환율_20230718.csv
2002-11-22,2002,11,22,JPY,989.93,-1.17,-0.48,-0.4,한국무역보험공사_환율_20230718.csv
2002-11-23,2002,11,23,JPY,987.89,-1.37,-0.77,-0.46,한국무역보험공사_환율_20230718.csv
2002-11-25,2002,11,25,JPY,985.62,-1.67,-0.37,-1.34,한국무역보험공사_환율_20230718.csv
2002-11-26,2002,11,26,JPY,993.94,-0.94,-0.27,-1.15,한국무역보험공사_환율_20230718.csv
2002-11-27,2002,11,27,JPY,991.73,-0.49,-0.09,-0.28,한국무역보험공사_환율_20230718.csv
2002-11-28,2002,11,28,JPY,983.95,-0.53,-0.94,-1.56,한국무역보험공사_환율_20230718.csv
2002-11-29,2002,11,29,JPY,988.18,-0.31,0.13,-2.01,한국무역보험공사_환율_20230718.csv
2002-11-30,2002,11,30,JPY,985.81,-0.42,-0.57,-2.25,한국무역보험공사_환율_20230718.csv
2002-12-02,2002,12,2,JPY,984.8,-0.31,-0.57,-2.66,한국무역보험공사_환율_20230718.csv
2002-12-03,2002,12,3,JPY,973.21,-1.26,-2.5,-3.92,한국무역보험공사_환율_20230718.csv
2002-12-04,2002,12,4,JPY,979.36,-1.47,-1.82,-3.09,한국무역보험공사_환율_20230718.csv
2002-12-05,2002,12,5,JPY,977.54,-1.43,-2.59,-3.17,한국무역보험공사_환율_20230718.csv
2002-12-06,2002,12,6,JPY,980.63,-0.34,-1.93,-2.48,한국무역보험공사_환율_20230718.csv
2002-12-07,2002,12,7,JPY,981.88,-0.64,-2.07,-2.62,한국무역보험공사_환율_20230718.csv
2002-12-09,2002,12,9,JPY,996.15,1.05,-0.57,-0.81,한국무역보험공사_환율_20230718.csv
2002-12-10,2002,12,10,JPY,982.85,-0.2,-1.53,-1.33,한국무역보험공사_환율_20230718.csv
2002-12-11,2002,12,11,JPY,981.28,0.83,-1.5,-2.17,한국무역보험공사_환율_20230718.csv
2002-12-12,2002,12,12,JPY,982.98,0.37,-2.02,-2.35,한국무역보험공사_환율_20230718.csv
2002-12-13,2002,12,13,JPY,988.3,1.1,-1.62,-1.43,한국무역보험공사_환율_20230718.csv
2002-12-14,2002,12,14,JPY,995.85,1.55,-0.6,-1.93,한국무역보험공사_환율_20230718.csv
2002-12-16,2002,12,16,JPY,1001.7,2.02,-0.77,-0.53,한국무역보험공사_환율_20230718.csv
2002-12-17,2002,12,17,JPY,990.16,-0.6,-1.1,-2.8,한국무역보험공사_환율_20230718.csv
2002-12-18,2002,12,18,JPY,987.42,0.46,-1.81,-2.6,한국무역보험공사_환율_20230718.csv
2002-12-20,2002,12,20,JPY,995.36,1.43,-0.62,-1.81,한국무역보험공사_환율_20230718.csv
2002-12-21,2002,12,21,JPY,999.34,1.66,-0.23,-2.11,한국무역보험공사_환율_20230718.csv
2002-12-23,2002,12,23,JPY,998.96,1.08,-0.34,-2.56,한국무역보험공사_환율_20230718.csv
2002-12-24,2002,12,24,JPY,998.88,0.3,-0.45,-1.41,한국무역보험공사_환율_20230718.csv
2002-12-26,2002,12,26,JPY,998.13,-0.36,0.15,-1.12,한국무역보험공사_환율_20230718.csv
2002-12-27,2002,12,27,JPY,1000.12,1.01,1.1,-0.92,한국무역보험공사_환율_20230718.csv
2002-12-28,2002,12,28,JPY,998.92,1.16,0.77,-0.87,한국무역보험공사_환율_20230718.csv
2002-12-30,2002,12,30,JPY,998.54,0.32,0.87,-0.6,한국무역보험공사_환율_20230718.csv
2002-12-31,2002,12,31,JPY,1012.87,1.35,2.53,1.27,한국무역보험공사_환율_20230718.csv
2003-01-02,2003,1,2,JPY,999.66,0.07,1.42,-0.09,한국무역보험공사_환율_20230718.csv
2003-01-03,2003,1,3,JPY,991.22,-0.77,-0.27,-1.17,한국무역보험공사_환율_20230718.csv
2003-01-04,2003,1,4,JPY,1000.59,0.25,0.89,0.46,한국무역보험공사_환율_20230718.csv
2003-01-06,2003,1,6,JPY,998.96,-0.12,1.53,1.21,한국무역보험공사_환율_20230718.csv
2003-01-07,2003,1,7,JPY,999.2,0.03,1.12,0.24,한국무역보험공사_환율_20230718.csv
2003-01-08,2003,1,8,JPY,986.91,-1.16,0.11,-1.22,한국무역보험공사_환율_20230718.csv
2003-01-09,2003,1,9,JPY,997.78,-1.49,1.32,-0.09,한국무역보험공사_환율_20230718.csv
2003-01-10,2003,1,10,JPY,988.31,-1.14,1.55,0.82,한국무역보험공사_환율_20230718.csv
2003-01-11,2003,1,11,JPY,986.33,-0.49,0.71,0.03,한국무역보험공사_환율_20230718.csv
2003-01-13,2003,1,13,JPY,990.48,-1.01,1.32,-0.39,한국무역보험공사_환율_20230718.csv
2003-01-14,2003,1,14,JPY,989.62,-0.93,0.92,-0.85,한국무역보험공사_환율_20230718.csv
2003-01-15,2003,1,15,JPY,996.06,-0.31,1.44,-0.83,한국무역보험공사_환율_20230718.csv
2003-01-16,2003,1,16,JPY,993.78,0.7,-0.24,-0.8,한국무역보험공사_환율_20230718.csv
2003-01-17,2003,1,17,JPY,995.88,-0.19,1.33,-0.25,한국무역보험공사_환율_20230718.csv
2003-01-18,2003,1,18,JPY,994.22,0.6,1.32,-1.34,한국무역보험공사_환율_20230718.csv
2003-01-20,2003,1,20,JPY,994.7,0.85,1.19,-0.66,한국무역보험공사_환율_20230718.csv
2003-01-21,2003,1,21,JPY,994.71,0.43,0.65,-1.02,한국무역보험공사_환율_20230718.csv
2003-01-22,2003,1,22,JPY,995.98,0.64,0.01,-0.48,한국무역보험공사_환율_20230718.csv
2003-01-23,2003,1,23,JPY,992.91,-0.32,-0.88,-0.63,한국무역보험공사_환율_20230718.csv
2003-01-24,2003,1,24,JPY,997.5,0.37,0.74,0.19,한국무역보험공사_환율_20230718.csv
2003-01-25,2003,1,25,JPY,992.78,-0.31,0.54,-0.96,한국무역보험공사_환율_20230718.csv
2003-01-27,2003,1,27,JPY,994.44,0.02,-0.09,-1.6,한국무역보험공사_환율_20230718.csv
2003-01-28,2003,1,28,JPY,987.6,-0.71,-1.17,-2.69,한국무역보험공사_환율_20230718.csv
2003-01-29,2003,1,29,JPY,986.15,-0.86,-1.28,-2.97,한국무역보험공사_환율_20230718.csv
2003-01-30,2003,1,30,JPY,987.06,-0.9,-1.18,-2.91,한국무역보험공사_환율_20230718.csv
2003-02-03,2003,2,3,JPY,976.6,-1.64,-2.16,-3.62,한국무역보험공사_환율_20230718.csv
2003-02-04,2003,2,4,JPY,979.01,-1.85,-2.11,-3.25,한국무역보험공사_환율_20230718.csv
2003-02-05,2003,2,5,JPY,985.26,-0.76,-1.37,-2.41,한국무역보험공사_환율_20230718.csv
2003-02-06,2003,2,6,JPY,976.83,-1.77,-2.17,-1.8,한국무역보험공사_환율_20230718.csv
2003-02-07,2003,2,7,JPY,981.69,-0.6,-3.08,-1.39,한국무역보험공사_환율_20230718.csv
2003-02-08,2003,2,8,JPY,990.02,0.39,-0.96,0.08,한국무역보험공사_환율_20230718.csv
2003-02-10,2003,2,10,JPY,979.78,-0.74,-1.15,-1.69,한국무역보험공사_환율_20230718.csv
2003-02-11,2003,2,11,JPY,983.71,0.73,-1.69,-0.9,한국무역보험공사_환율_20230718.csv
2003-02-12,2003,2,12,JPY,998.02,1.94,-0.09,0.48,한국무역보험공사_환율_20230718.csv
2003-02-13,2003,2,13,JPY,991.31,0.61,-0.79,0.44,한국무역보험공사_환율_20230718.csv
2003-02-14,2003,2,14,JPY,997.18,2.08,1.04,0.58,한국무역보험공사_환율_20230718.csv
2003-02-15,2003,2,15,JPY,998.92,1.76,0.11,0.85,한국무역보험공사_환율_20230718.csv
2003-02-17,2003,2,17,JPY,997.55,0.76,0.93,-0.06,한국무역보험공사_환율_20230718.csv
2003-02-18,2003,2,18,JPY,1004.54,2.53,1.85,0.71,한국무역보험공사_환율_20230718.csv
2003-02-19,2003,2,19,JPY,1010.21,2.69,1.99,0.66,한국무역보험공사_환율_20230718.csv
2003-02-20,2003,2,20,JPY,1009.73,1.17,2.03,0.98,한국무역보험공사_환율_20230718.csv
2003-02-21,2003,2,21,JPY,1010.69,1.95,1.47,0.8,한국무역보험공사_환율_20230718.csv
2003-02-22,2003,2,22,JPY,1006.32,0.92,1.26,0.45,한국무역보험공사_환율_20230718.csv
2003-02-24,2003,2,24,JPY,1005.85,0.69,1.0,0.78,한국무역보험공사_환율_20230718.csv
2003-02-25,2003,2,25,JPY,1010.68,1.32,1.66,1.45,한국무역보험공사_환율_20230718.csv
2003-02-26,2003,2,26,JPY,1014.26,0.97,1.97,1.09,한국무역보험공사_환율_20230718.csv
2003-02-27,2003,2,27,JPY,1014.13,0.39,1.95,0.95,한국무역보험공사_환율_20230718.csv
2003-02-28,2003,2,28,JPY,1008.54,-0.12,1.26,0.67,한국무역보험공사_환율_20230718.csv
2003-03-03,2003,3,3,JPY,1006.89,-0.38,1.41,-0.26,한국무역보험공사_환율_20230718.csv
2003-03-04,2003,3,4,JPY,1015.0,0.86,1.75,1.38,한국무역보험공사_환율_20230718.csv
2003-03-05,2003,3,5,JPY,1018.39,1.25,2.58,1.27,한국무역보험공사_환율_20230718.csv
2003-03-06,2003,3,6,JPY,1019.06,0.83,2.48,1.74,한국무역보험공사_환율_20230718.csv
2003-03-07,2003,3,7,JPY,1029.97,1.55,4.29,2.83,한국무역보험공사_환율_20230718.csv
2003-03-08,2003,3,8,JPY,1045.67,3.11,6.04,4.32,한국무역보험공사_환율_20230718.csv
2003-03-10,2003,3,10,JPY,1040.45,3.16,5.41,3.7,한국무역보험공사_환율_20230718.csv
2003-03-11,2003,3,11,JPY,1051.73,4.45,7.69,5.53,한국무역보험공사_환율_20230718.csv
2003-03-12,2003,3,12,JPY,1055.88,4.03,7.85,6.74,한국무역보험공사_환율_20230718.csv
2003-03-13,2003,3,13,JPY,1053.25,3.42,6.9,6.25,한국무역보험공사_환율_20230718.csv
2003-03-14,2003,3,14,JPY,1051.44,3.18,7.64,6.21,한국무역보험공사_환율_20230718.csv
2003-03-15,2003,3,15,JPY,1050.52,2.0,7.01,6.34,한국무역보험공사_환율_20230718.csv
2003-03-17,2003,3,17,JPY,1051.38,0.55,6.2,6.67,한국무역보험공사_환율_20230718.csv
2003-03-18,2003,3,18,JPY,1045.25,0.46,6.68,5.16,한국무역보험공사_환율_20230718.csv
2003-03-19,2003,3,19,JPY,1053.76,0.19,7.12,6.25,한국무역보험공사_환율_20230718.csv
2003-03-20,2003,3,20,JPY,1046.03,-0.93,4.81,6.31,한국무역보험공사_환율_20230718.csv
2003-03-21,2003,3,21,JPY,1042.36,-1.03,5.15,5.48,한국무역보험공사_환율_20230718.csv
2003-03-22,2003,3,22,JPY,1030.23,-2.02,3.31,4.51,한국무역보험공사_환율_20230718.csv
2003-03-24,2003,3,24,JPY,1032.73,-1.69,3.38,4.87,한국무역보험공사_환율_20230718.csv
2003-03-25,2003,3,25,JPY,1036.97,-1.37,3.95,6.55,한국무역보험공사_환율_20230718.csv
2003-03-26,2003,3,26,JPY,1038.98,-0.6,3.43,6.09,한국무역보험공사_환율_20230718.csv
2003-03-27,2003,3,27,JPY,1037.64,-1.53,2.72,6.15,한국무역보험공사_환율_20230718.csv
2003-03-28,2003,3,28,JPY,1037.56,-0.81,2.76,5.81,한국무역보험공사_환율_20230718.csv
2003-03-29,2003,3,29,JPY,1048.2,0.56,3.71,6.75,한국무역보험공사_환율_20230718.csv
2003-03-31,2003,3,31,JPY,1044.65,1.4,3.81,4.87,한국무역보험공사_환율_20230718.csv
2003-04-01,2003,4,1,JPY,1064.97,3.12,5.88,8.36,한국무역보험공사_환율_20230718.csv
2003-04-02,2003,4,2,JPY,1064.0,2.61,5.28,8.43,한국무역보험공사_환율_20230718.csv
2003-04-03,2003,4,3,JPY,1053.56,1.4,3.87,7.18,한국무역보험공사_환율_20230718.csv
2003-04-04,2003,4,4,JPY,1051.75,1.36,3.71,6.42,한국무역보험공사_환율_20230718.csv
2003-04-07,2003,4,7,JPY,1045.94,0.81,3.71,5.03,한국무역보험공사_환율_20230718.csv
2003-04-08,2003,4,8,JPY,1048.16,-0.0,4.1,4.64,한국무역보험공사_환율_20230718.csv
2003-04-09,2003,4,9,JPY,1047.89,0.31,3.24,5.83,한국무역보험공사_환율_20230718.csv
2003-04-10,2003,4,10,JPY,1042.98,-2.06,2.41,5.63,한국무역보험공사_환율_20230718.csv
2003-04-11,2003,4,11,JPY,1036.71,-2.56,1.73,4.15,한국무역보험공사_환율_20230718.csv
2003-04-12,2003,4,12,JPY,1020.9,-3.1,-0.88,2.16,한국무역보험공사_환율_20230718.csv
2003-04-14,2003,4,14,JPY,1016.2,-3.38,-2.82,1.73,한국무역보험공사_환율_20230718.csv
2003-04-15,2003,4,15,JPY,1016.99,-2.77,-2.25,1.81,한국무역보험공사_환율_20230718.csv
2003-04-16,2003,4,16,JPY,1011.26,-3.52,-3.85,1.32,한국무역보험공사_환율_20230718.csv
2003-04-17,2003,4,17,JPY,1017.52,-2.9,-3.63,1.74,한국무역보험공사_환율_20230718.csv
2003-04-18,2003,4,18,JPY,1010.74,-3.09,-4.04,1.18,한국무역보험공사_환율_20230718.csv
2003-04-19,2003,4,19,JPY,1004.51,-3.11,-4.46,0.6,한국무역보험공사_환율_20230718.csv
2003-04-21,2003,4,21,JPY,1006.81,-1.38,-4.16,-0.6,한국무역보험공사_환율_20230718.csv
2003-04-22,2003,4,22,JPY,1000.04,-1.59,-4.88,0.04,한국무역보험공사_환율_20230718.csv
2003-04-23,2003,4,23,JPY,1015.65,-0.13,-2.83,2.46,한국무역보험공사_환율_20230718.csv
2003-04-24,2003,4,24,JPY,1011.32,0.01,-4.03,1.07,한국무역보험공사_환율_20230718.csv
2003-04-25,2003,4,25,JPY,1019.33,0.18,-2.55,2.04,한국무역보험공사_환율_20230718.csv
2003-04-26,2003,4,26,JPY,1026.17,1.53,-1.55,2.7,한국무역보험공사_환율_20230718.csv
2003-04-28,2003,4,28,JPY,1025.63,2.1,-0.45,3.92,한국무역보험공사_환율_20230718.csv
2003-04-29,2003,4,29,JPY,1020.71,1.38,-1.16,2.3,한국무역보험공사_환율_20230718.csv
2003-04-30,2003,4,30,JPY,1014.0,1.4,-2.22,2.6,한국무역보험공사_환율_20230718.csv
2003-05-02,2003,5,2,JPY,1024.86,0.91,-1.36,3.91,한국무역보험공사_환율_20230718.csv
2003-05-03,2003,5,3,JPY,1024.86,1.34,-1.23,3.47,한국무역보험공사_환율_20230718.csv
2003-05-06,2003,5,6,JPY,1022.15,0.28,-1.49,3.29,한국무역보험공사_환율_20230718.csv
2003-05-07,2003,5,7,JPY,1025.03,-0.11,-2.21,2.91,한국무역보험공사_환율_20230718.csv
2003-05-09,2003,5,9,JPY,1022.07,-0.35,-2.16,2.85,한국무역보험공사_환율_20230718.csv
2003-05-10,2003,5,10,JPY,1021.97,0.12,-4.04,2.62,한국무역보험공사_환율_20230718.csv
2003-05-12,2003,5,12,JPY,1025.77,1.16,-3.59,3.17,한국무역보험공사_환율_20230718.csv
2003-05-13,2003,5,13,JPY,1020.87,-0.39,-3.1,2.63,한국무역보험공사_환율_20230718.csv
2003-05-14,2003,5,14,JPY,1027.27,0.24,-2.33,3.27,한국무역보험공사_환율_20230718.csv
2003-05-15,2003,5,15,JPY,1033.68,1.13,-1.17,3.79,한국무역보험공사_환율_20230718.csv
2003-05-16,2003,5,16,JPY,1025.88,0.08,-2.13,3.32,한국무역보험공사_환율_20230718.csv
2003-05-17,2003,5,17,JPY,1033.25,1.09,-1.4,3.58,한국무역보험공사_환율_20230718.csv
2003-05-19,2003,5,19,JPY,1035.94,1.37,-0.67,4.35,한국무역보험공사_환율_20230718.csv
2003-05-20,2003,5,20,JPY,1019.0,-0.66,-1.71,2.47,한국무역보험공사_환율_20230718.csv
2003-05-21,2003,5,21,JPY,1027.55,0.65,0.65,4.05,한국무역보험공사_환율_20230718.csv
2003-05-22,2003,5,22,JPY,1014.75,-1.22,-0.14,2.9,한국무역보험공사_환율_20230718.csv
2003-05-23,2003,5,23,JPY,1020.15,-1.31,0.31,3.35,한국무역보험공사_환율_20230718.csv
2003-05-24,2003,5,24,JPY,1020.44,-0.53,0.91,4.49,한국무역보험공사_환율_20230718.csv
2003-05-26,2003,5,26,JPY,1020.65,-1.22,0.31,4.25,한국무역보험공사_환율_20230718.csv
2003-05-27,2003,5,27,JPY,1021.25,-1.42,1.04,3.65,한국무역보험공사_환율_20230718.csv
2003-05-28,2003,5,28,JPY,1023.07,0.4,1.85,4.73,한국무역보험공사_환율_20230718.csv
2003-05-29,2003,5,29,JPY,1012.44,-1.47,0.56,3.13,한국무역보험공사_환율_20230718.csv
2003-05-30,2003,5,30,JPY,1020.94,0.61,2.09,3.12,한국무역보험공사_환율_20230718.csv
2003-05-31,2003,5,31,JPY,1013.92,-0.61,-0.17,3.48,한국무역보험공사_환율_20230718.csv
2003-06-02,2003,6,2,JPY,1009.25,-1.1,-0.2,2.6,한국무역보험공사_환율_20230718.csv
2003-06-03,2003,6,3,JPY,1017.48,-0.31,-0.18,1.95,한국무역보험공사_환율_20230718.csv
2003-06-04,2003,6,4,JPY,1008.09,-1.29,-1.76,1.69,한국무역보험공사_환율_20230718.csv
2003-06-05,2003,6,5,JPY,1011.07,-1.17,-1.42,1.39,한국무역보험공사_환율_20230718.csv
2003-06-07,2003,6,7,JPY,1012.91,0.05,-0.76,1.4,한국무역보험공사_환율_20230718.csv
2003-06-09,2003,6,9,JPY,1011.07,-0.97,-0.29,1.36,한국무역보험공사_환율_20230718.csv
2003-06-10,2003,6,10,JPY,1015.87,0.19,-0.88,1.13,한국무역보험공사_환율_20230718.csv
2003-06-11,2003,6,11,JPY,1013.54,0.43,-1.1,0.33,한국무역보험공사_환율_20230718.csv
2003-06-12,2003,6,12,JPY,1013.55,-0.39,-0.84,0.38,한국무역보험공사_환율_20230718.csv
2003-06-13,2003,6,13,JPY,1015.0,0.69,-0.98,0.43,한국무역보험공사_환율_20230718.csv
2003-06-14,2003,6,14,JPY,1014.99,0.39,-0.69,0.86,한국무역보험공사_환율_20230718.csv
2003-06-16,2003,6,16,JPY,1016.36,0.34,-0.55,1.04,한국무역보험공사_환율_20230718.csv
2003-06-17,2003,6,17,JPY,1012.07,0.1,-1.34,0.14,한국무역보험공사_환율_20230718.csv
2003-06-18,2003,6,18,JPY,1005.63,-1.01,-1.49,-0.85,한국무역보험공사_환율_20230718.csv
2003-06-19,2003,6,19,JPY,1003.18,-1.02,-2.35,-1.08,한국무역보험공사_환율_20230718.csv
2003-06-20,2003,6,20,JPY,1000.46,-1.29,-3.21,-0.8,한국무역보험공사_환율_20230718.csv
2003-06-21,2003,6,21,JPY,1005.14,-0.97,-2.02,-0.17,한국무역보험공사_환율_20230718.csv
2003-06-23,2003,6,23,JPY,1005.36,-0.95,-2.7,-0.95,한국무역보험공사_환율_20230718.csv
2003-06-24,2003,6,24,JPY,1012.37,-0.39,-2.28,-0.59,한국무역보험공사_환율_20230718.csv
2003-06-25,2003,6,25,JPY,1008.52,-0.35,-1.03,-1.03,한국무역보험공사_환율_20230718.csv
2003-06-26,2003,6,26,JPY,1006.22,0.06,-2.08,-2.31,한국무역보험공사_환율_20230718.csv
2003-06-27,2003,6,27,JPY,993.76,-0.94,-2.07,-4.96,한국무역보험공사_환율_20230718.csv
2003-06-28,2003,6,28,JPY,998.16,-0.23,-2.16,-4.06,한국무역보험공사_환율_20230718.csv
2003-06-30,2003,6,30,JPY,996.41,-0.87,-2.35,-5.26,한국무역보험공사_환율_20230718.csv
2003-07-01,2003,7,1,JPY,998.79,-0.65,-2.14,-5.41,한국무역보험공사_환율_20230718.csv
2003-07-02,2003,7,2,JPY,998.53,-1.37,-2.22,-5.2,한국무역보험공사_환율_20230718.csv
2003-07-03,2003,7,3,JPY,1005.08,-0.34,-1.76,-4.41,한국무역보험공사_환율_20230718.csv
2003-07-04,2003,7,4,JPY,1002.83,-0.34,-0.95,-4.54,한국무역보험공사_환율_20230718.csv
2003-07-05,2003,7,5,JPY,1000.0,0.63,-2.05,-4.89,한국무역보험공사_환율_20230718.csv
2003-07-07,2003,7,7,JPY,1000.8,0.26,-1.29,-4.25,한국무역보험공사_환율_20230718.csv
2003-07-08,2003,7,8,JPY,998.6,0.22,-1.06,-5.23,한국무역보험공사_환율_20230718.csv
2003-07-09,2003,7,9,JPY,997.12,-0.17,-2.0,-4.68,한국무역보험공사_환율_20230718.csv
2003-07-10,2003,7,10,JPY,1001.36,0.28,-0.67,-3.93,한국무역보험공사_환율_20230718.csv
2003-07-11,2003,7,11,JPY,1001.32,-0.37,-0.96,-2.81,한국무역보험공사_환율_20230718.csv
2003-07-12,2003,7,12,JPY,999.49,-0.33,-1.32,-3.22,한국무역보험공사_환율_20230718.csv
2003-07-14,2003,7,14,JPY,1001.57,0.16,-0.94,-3.41,한국무역보험공사_환율_20230718.csv
2003-07-15,2003,7,15,JPY,1000.04,-0.08,-1.56,-3.75,한국무역보험공사_환율_20230718.csv
2003-07-16,2003,7,16,JPY,993.28,-0.53,-2.0,-4.28,한국무역보험공사_환율_20230718.csv
2003-07-18,2003,7,18,JPY,992.38,-0.48,-2.09,-4.35,한국무역보험공사_환율_20230718.csv
2003-07-19,2003,7,19,JPY,995.95,-0.54,-1.88,-4.98,한국무역보험공사_환율_20230718.csv
2003-07-21,2003,7,21,JPY,999.37,-0.19,-1.54,-4.33,한국무역보험공사_환율_20230718.csv
2003-07-22,2003,7,22,JPY,993.56,-0.59,-2.24,-6.71,한국무역보험공사_환율_20230718.csv
2003-07-23,2003,7,23,JPY,992.32,-0.92,-1.95,-6.74,한국무역보험공사_환율_20230718.csv
2003-07-24,2003,7,24,JPY,995.16,-0.49,-1.04,-5.54,한국무역보험공사_환율_20230718.csv
2003-07-25,2003,7,25,JPY,990.48,-0.28,-1.27,-5.83,한국무역보험공사_환율_20230718.csv
2003-07-26,2003,7,26,JPY,993.68,0.13,-0.68,-5.0,한국무역보험공사_환율_20230718.csv
2003-07-28,2003,7,28,JPY,992.98,-0.3,-1.21,-5.26,한국무역보험공사_환율_20230718.csv
2003-07-29,2003,7,29,JPY,986.49,-1.29,-1.88,-5.86,한국무역보험공사_환율_20230718.csv
2003-07-30,2003,7,30,JPY,983.86,-0.98,-2.82,-5.67,한국무역보험공사_환율_20230718.csv
2003-07-31,2003,7,31,JPY,980.92,-1.15,-2.74,-5.38,한국무역보험공사_환율_20230718.csv
2003-08-01,2003,8,1,JPY,979.14,-1.61,-2.69,-4.09,한국무역보험공사_환율_20230718.csv
2003-08-02,2003,8,2,JPY,982.77,-0.78,-1.11,-3.29,한국무역보험공사_환율_20230718.csv
2003-08-04,2003,8,4,JPY,983.05,-1.07,-1.51,-3.34,한국무역보험공사_환율_20230718.csv
2003-08-05,2003,8,5,JPY,981.84,-1.12,-1.46,-2.91,한국무역보험공사_환율_20230718.csv
2003-08-06,2003,8,6,JPY,989.45,0.3,-0.94,-2.76,한국무역보험공사_환율_20230718.csv
2003-08-07,2003,8,7,JPY,986.89,0.31,-1.17,-2.36,한국무역보험공사_환율_20230718.csv
2003-08-08,2003,8,8,JPY,994.67,1.4,-1.04,-0.98,한국무역보험공사_환율_20230718.csv
2003-08-09,2003,8,9,JPY,991.27,1.24,-1.15,-1.54,한국무역보험공사_환율_20230718.csv
2003-08-11,2003,8,11,JPY,992.28,0.97,-0.77,-0.78,한국무역보험공사_환율_20230718.csv
2003-08-12,2003,8,12,JPY,995.57,1.27,-0.52,-1.98,한국무역보험공사_환율_20230718.csv
2003-08-13,2003,8,13,JPY,993.63,1.2,-0.5,-1.75,한국무역보험공사_환율_20230718.csv
2003-08-14,2003,8,14,JPY,988.89,-0.06,-0.83,-2.99,한국무역보험공사_환율_20230718.csv
2003-08-16,2003,8,16,JPY,988.89,0.2,-1.25,-3.63,한국무역보험공사_환율_20230718.csv
2003-08-18,2003,8,18,JPY,989.3,-0.54,-1.2,-3.54,한국무역보험공사_환율_20230718.csv
2003-08-19,2003,8,19,JPY,985.29,-0.6,-1.42,-3.47,한국무역보험공사_환율_20230718.csv
2003-08-20,2003,8,20,JPY,993.47,0.12,-0.81,-2.02,한국무역보험공사_환율_20230718.csv
2003-08-21,2003,8,21,JPY,995.68,0.01,-0.44,-2.85,한국무역보험공사_환율_20230718.csv
2003-08-22,2003,8,22,JPY,996.22,0.26,0.3,-2.79,한국무역보험공사_환율_20230718.csv
2003-08-23,2003,8,23,JPY,990.47,0.16,-0.19,-3.1,한국무역보험공사_환율_20230718.csv
2003-08-25,2003,8,25,JPY,996.3,0.75,0.04,-2.8,한국무역보험공사_환율_20230718.csv
2003-08-26,2003,8,26,JPY,997.57,0.84,-0.18,-2.4,한국무역보험공사_환율_20230718.csv
2003-08-27,2003,8,27,JPY,997.4,1.23,0.39,-2.4,한국무역보험공사_환율_20230718.csv
2003-08-28,2003,8,28,JPY,999.79,0.64,0.75,-2.53,한국무역보험공사_환율_20230718.csv
2003-08-29,2003,8,29,JPY,1005.33,0.97,1.02,-1.52,한국무역보험공사_환율_20230718.csv
2003-08-30,2003,8,30,JPY,1005.56,0.94,1.52,-2.11,한국무역보험공사_환율_20230718.csv
2003-09-01,2003,9,1,JPY,1010.76,2.05,1.72,-2.22,한국무역보험공사_환율_20230718.csv
2003-09-02,2003,9,2,JPY,1009.23,1.3,1.64,-1.62,한국무역보험공사_환율_20230718.csv
2003-09-03,2003,9,3,JPY,1009.78,1.22,2.36,-2.27,한국무역보험공사_환율_20230718.csv
2003-09-04,2003,9,4,JPY,1014.19,1.68,3.08,-2.1,한국무역보험공사_환율_20230718.csv
2003-09-05,2003,9,5,JPY,1003.98,0.42,2.35,-1.47,한국무역보험공사_환율_20230718.csv
2003-09-06,2003,9,6,JPY,1003.42,-0.19,2.48,-2.35,한국무역보험공사_환율_20230718.csv
2003-09-08,2003,9,8,JPY,995.88,-0.96,1.33,-1.86,한국무역보험공사_환율_20230718.csv
2003-09-09,2003,9,9,JPY,1005.62,-0.51,2.3,-1.42,한국무역보험공사_환율_20230718.csv
2003-09-13,2003,9,13,JPY,1005.62,-0.36,2.42,-1.45,한국무역보험공사_환율_20230718.csv
2003-09-15,2003,9,15,JPY,997.57,-1.21,0.82,-2.26,한국무역보험공사_환율_20230718.csv
2003-09-16,2003,9,16,JPY,999.28,-1.47,1.26,-2.15,한국무역보험공사_환율_20230718.csv
2003-09-17,2003,9,17,JPY,1008.57,0.46,1.4,-1.42,한국무역보험공사_환율_20230718.csv
2003-09-18,2003,9,18,JPY,1007.96,0.45,1.68,-0.44,한국무역보험공사_환율_20230718.csv
2003-09-19,2003,9,19,JPY,1014.83,1.9,2.27,-0.6,한국무역보험공사_환율_20230718.csv
2003-09-20,2003,9,20,JPY,1019.19,1.35,2.37,0.52,한국무역보험공사_환율_20230718.csv
2003-09-22,2003,9,22,JPY,1042.04,3.62,4.87,3.25,한국무역보험공사_환율_20230718.csv
2003-09-23,2003,9,23,JPY,1028.02,3.05,3.96,1.04,한국무역보험공사_환율_20230718.csv
2003-09-24,2003,9,24,JPY,1025.16,2.59,3.67,1.69,한국무역보험공사_환율_20230718.csv
2003-09-25,2003,9,25,JPY,1029.8,2.1,4.09,1.85,한국무역보험공사_환율_20230718.csv
2003-09-26,2003,9,26,JPY,1026.9,1.88,4.22,1.38,한국무역보험공사_환율_20230718.csv
2003-09-27,2003,9,27,JPY,1030.27,1.52,3.7,1.9,한국무역보험공사_환율_20230718.csv
2003-09-29,2003,9,29,JPY,1031.51,1.21,3.6,1.54,한국무역보험공사_환율_20230718.csv
2003-09-30,2003,9,30,JPY,1028.94,-1.26,3.28,1.52,한국무역보험공사_환율_20230718.csv
2003-10-01,2003,10,1,JPY,1034.21,0.6,4.42,2.04,한국무역보험공사_환율_20230718.csv
2003-10-02,2003,10,2,JPY,1037.69,1.22,4.15,2.24,한국무역보험공사_환율_20230718.csv
2003-10-04,2003,10,4,JPY,1037.69,0.77,4.02,2.24,한국무역보험공사_환율_20230718.csv
2003-10-06,2003,10,6,JPY,1036.63,0.95,3.93,1.99,한국무역보험공사_환율_20230718.csv
2003-10-07,2003,10,7,JPY,1037.33,0.69,3.75,2.5,한국무역보험공사_환율_20230718.csv
2003-10-08,2003,10,8,JPY,1049.16,1.71,4.36,4.33,한국무역보험공사_환율_20230718.csv
2003-10-09,2003,10,9,JPY,1048.98,1.95,4.32,4.57,한국무역보험공사_환율_20230718.csv
2003-10-10,2003,10,10,JPY,1052.99,1.82,4.18,5.25,한국무역보험공사_환율_20230718.csv
2003-10-11,2003,10,11,JPY,1052.99,1.47,4.34,4.76,한국무역보험공사_환율_20230718.csv
2003-10-13,2003,10,13,JPY,1058.77,2.03,4.85,5.31,한국무역보험공사_환율_20230718.csv
2003-10-14,2003,10,14,JPY,1051.3,1.42,3.66,3.85,한국무역보험공사_환율_20230718.csv
2003-10-15,2003,10,15,JPY,1064.55,2.62,6.03,5.56,한국무역보험공사_환율_20230718.csv
2003-10-16,2003,10,16,JPY,1066.38,1.64,6.27,5.98,한국무역보험공사_환율_20230718.csv
2003-10-17,2003,10,17,JPY,1073.23,2.31,7.77,8.0,한국무역보험공사_환율_20230718.csv
2003-10-18,2003,10,18,JPY,1075.9,2.18,6.99,7.79,한국무역보험공사_환율_20230718.csv
2003-10-20,2003,10,20,JPY,1077.67,2.34,7.16,8.16,한국무역보험공사_환율_20230718.csv
2003-10-21,2003,10,21,JPY,1065.07,0.6,6.77,6.64,한국무역보험공사_환율_20230718.csv
2003-10-22,2003,10,22,JPY,1076.2,2.37,7.7,7.78,한국무역보험공사_환율_20230718.csv
2003-10-23,2003,10,23,JPY,1085.16,1.94,7.59,7.97,한국무역보험공사_환율_20230718.csv
2003-10-24,2003,10,24,JPY,1077.03,1.0,6.85,7.4,한국무역보험공사_환율_20230718.csv
2003-10-25,2003,10,25,JPY,1086.26,1.21,7.04,8.63,한국무역보험공사_환율_20230718.csv
2003-10-27,2003,10,27,JPY,1088.44,1.17,6.79,8.76,한국무역보험공사_환율_20230718.csv
2003-10-28,2003,10,28,JPY,1091.88,1.32,4.78,9.34,한국무역보험공사_환율_20230718.csv
2003-10-29,2003,10,29,JPY,1093.87,2.7,6.41,9.7,한국무역보험공사_환율_20230718.csv
2003-10-30,2003,10,30,JPY,1091.5,1.42,6.47,9.0,한국무역보험공사_환율_20230718.csv
2003-10-31,2003,10,31,JPY,1083.52,-0.15,5.22,8.21,한국무역보험공사_환율_20230718.csv
2003-11-01,2003,11,1,JPY,1078.11,0.1,4.99,7.87,한국무역보험공사_환율_20230718.csv
2003-11-03,2003,11,3,JPY,1077.5,-0.81,4.58,7.58,한국무역보험공사_환율_20230718.csv
2003-11-04,2003,11,4,JPY,1069.04,-1.78,3.64,6.9,한국무역보험공사_환율_20230718.csv
2003-11-05,2003,11,5,JPY,1081.39,-0.96,5.1,8.87,한국무역보험공사_환율_20230718.csv
2003-11-06,2003,11,6,JPY,1076.87,-1.55,4.12,8.51,한국무역보험공사_환율_20230718.csv
2003-11-07,2003,11,7,JPY,1072.47,-1.74,3.35,7.68,한국무역보험공사_환율_20230718.csv
2003-11-08,2003,11,8,JPY,1076.78,-0.62,3.77,7.75,한국무역보험공사_환율_20230718.csv
2003-11-10,2003,11,10,JPY,1077.46,-0.06,3.94,8.44,한국무역보험공사_환율_20230718.csv
2003-11-11,2003,11,11,JPY,1080.18,0.25,4.13,8.85,한국무역보험공사_환율_20230718.csv
2003-11-12,2003,11,12,JPY,1080.7,1.09,3.01,8.6,한국무역보험공사_환율_20230718.csv
2003-11-13,2003,11,13,JPY,1079.76,-0.15,2.93,9.01,한국무역보험공사_환율_20230718.csv
2003-11-14,2003,11,14,JPY,1084.74,0.73,3.02,9.16,한국무역보험공사_환율_20230718.csv
2003-11-15,2003,11,15,JPY,1083.98,1.07,2.94,9.16,한국무역보험공사_환율_20230718.csv
2003-11-17,2003,11,17,JPY,1081.69,0.46,2.16,9.65,한국무역보험공사_환율_20230718.csv
2003-11-18,2003,11,18,JPY,1081.06,0.33,2.83,9.88,한국무역보험공사_환율_20230718.csv
2003-11-19,2003,11,19,JPY,1092.3,1.12,2.61,11.35,한국무역보험공사_환율_20230718.csv
2003-11-20,2003,11,20,JPY,1079.39,-0.12,1.22,10.24,한국무역보험공사_환율_20230718.csv
2003-11-21,2003,11,21,JPY,1087.76,0.74,1.35,10.68,한국무역보험공사_환율_20230718.csv
2003-11-22,2003,11,22,JPY,1099.56,1.37,2.2,11.85,한국무역보험공사_환율_20230718.csv
2003-11-24,2003,11,24,JPY,1097.85,1.28,1.87,11.82,한국무역보험공사_환율_20230718.csv
2003-11-25,2003,11,25,JPY,1099.75,1.67,3.26,11.15,한국무역보험공사_환율_20230718.csv
2003-11-26,2003,11,26,JPY,1099.75,1.73,2.19,11.44,한국무역보험공사_환율_20230718.csv
2003-11-27,2003,11,27,JPY,1103.02,0.98,1.65,10.89,한국무역보험공사_환율_20230718.csv
2003-11-28,2003,11,28,JPY,1100.73,1.98,2.2,11.04,한국무역보험공사_환율_20230718.csv
2003-11-29,2003,11,29,JPY,1098.04,0.95,1.08,10.66,한국무역보험공사_환율_20230718.csv
2003-12-01,2003,12,1,JPY,1095.73,-0.35,0.67,10.06,한국무역보험공사_환율_20230718.csv
2003-12-02,2003,12,2,JPY,1100.6,0.25,0.8,10.77,한국무역보험공사_환율_20230718.csv
2003-12-03,2003,12,3,JPY,1100.34,0.05,0.59,11.27,한국무역보험공사_환율_20230718.csv
2003-12-04,2003,12,4,JPY,1102.13,0.22,0.97,11.45,한국무역보험공사_환율_20230718.csv
2003-12-05,2003,12,5,JPY,1101.03,-0.18,1.62,11.29,한국무역보험공사_환율_20230718.csv
2003-12-06,2003,12,6,JPY,1105.85,0.47,2.57,12.24,한국무역보험공사_환율_20230718.csv
2003-12-08,2003,12,8,JPY,1109.68,1.06,2.99,11.7,한국무역보험공사_환율_20230718.csv
2003-12-09,2003,12,9,JPY,1106.03,0.94,3.46,11.08,한국무역보험공사_환율_20230718.csv
2003-12-10,2003,12,10,JPY,1108.97,0.76,2.55,11.32,한국무역보험공사_환율_20230718.csv
2003-12-11,2003,12,11,JPY,1092.93,-0.67,1.49,10.34,한국무역보험공사_환율_20230718.csv
2003-12-12,2003,12,12,JPY,1100.27,-0.17,2.59,10.44,한국무역보험공사_환율_20230718.csv
2003-12-13,2003,12,13,JPY,1098.94,-0.19,2.06,10.16,한국무역보험공사_환율_20230718.csv
2003-12-15,2003,12,15,JPY,1096.14,-0.88,1.73,9.9,한국무역보험공사_환율_20230718.csv
2003-12-16,2003,12,16,JPY,1099.41,-0.93,1.78,9.96,한국무역보험공사_환율_20230718.csv
2003-12-17,2003,12,17,JPY,1104.69,-0.12,2.22,9.88,한국무역보험공사_환율_20230718.csv
2003-12-18,2003,12,18,JPY,1106.64,-0.21,2.49,10.05,한국무역보험공사_환율_20230718.csv
2003-12-19,2003,12,19,JPY,1105.07,1.11,1.87,9.33,한국무역보험공사_환율_20230718.csv
2003-12-20,2003,12,20,JPY,1107.51,0.66,2.17,9.74,한국무역보험공사_환율_20230718.csv
2003-12-22,2003,12,22,JPY,1103.68,0.43,2.03,9.3,한국무역보험공사_환율_20230718.csv
2003-12-23,2003,12,23,JPY,1109.81,1.25,2.66,9.43,한국무역보험공사_환율_20230718.csv
2003-12-24,2003,12,24,JPY,1113.67,1.3,1.96,10.93,한국무역보험공사_환율_20230718.csv
2003-12-26,2003,12,26,JPY,1117.9,1.2,3.57,11.41,한국무역보험공사_환율_20230718.csv
2003-12-27,2003,12,27,JPY,1115.35,0.79,2.54,12.0,한국무역보험공사_환율_20230718.csv
2003-12-29,2003,12,29,JPY,1117.82,1.15,1.66,11.16,한국무역보험공사_환율_20230718.csv
2003-12-30,2003,12,30,JPY,1121.04,1.22,2.11,11.48,한국무역보험공사_환율_20230718.csv
2003-12-31,2003,12,31,JPY,1119.6,1.44,1.8,12.23,한국무역보험공사_환율_20230718.csv
2004-01-02,2004,1,2,JPY,1112.89,0.28,1.19,11.37,한국무역보험공사_환율_20230718.csv
2004-01-03,2004,1,3,JPY,1117.03,0.3,1.27,10.75,한국무역보험공사_환율_20230718.csv
2004-01-05,2004,1,5,JPY,1117.76,-0.01,1.55,10.89,한국무역보험공사_환율_20230718.csv
2004-01-06,2004,1,6,JPY,1122.81,0.67,2.26,10.64,한국무역보험공사_환율_20230718.csv
2004-01-07,2004,1,7,JPY,1118.39,0.05,2.07,9.73,한국무역보험공사_환율_20230718.csv
2004-01-08,2004,1,8,JPY,1117.92,-0.28,1.57,7.28,한국무역보험공사_환율_20230718.csv
2004-01-09,2004,1,9,JPY,1114.38,-0.47,1.28,8.4,한국무역보험공사_환율_20230718.csv
2004-01-10,2004,1,10,JPY,1103.46,-0.85,0.12,7.64,한국무역보험공사_환율_20230718.csv
2004-01-12,2004,1,12,JPY,1109.4,-0.68,0.76,7.73,한국무역보험공사_환율_20230718.csv
2004-01-13,2004,1,13,JPY,1105.64,-1.08,-0.02,7.67,한국무역보험공사_환율_20230718.csv
2004-01-14,2004,1,14,JPY,1110.34,-1.11,0.06,7.77,한국무역보험공사_환율_20230718.csv
2004-01-15,2004,1,15,JPY,1110.31,-0.72,0.39,7.64,한국무역보험공사_환율_20230718.csv
2004-01-16,2004,1,16,JPY,1116.97,-0.08,0.72,8.56,한국무역보험공사_환율_20230718.csv
2004-01-17,2004,1,17,JPY,1116.97,0.23,2.2,8.0,한국무역보험공사_환율_20230718.csv
2004-01-19,2004,1,19,JPY,1112.3,0.8,1.09,7.19,한국무역보험공사_환율_20230718.csv
2004-01-20,2004,1,20,JPY,1105.19,-0.38,0.57,6.5,한국무역보험공사_환율_20230718.csv
2004-01-26,2004,1,26,JPY,1116.53,0.98,1.86,7.71,한국무역보험공사_환율_20230718.csv
2004-01-27,2004,1,27,JPY,1111.05,0.06,1.06,7.11,한국무역보험공사_환율_20230718.csv
2004-01-28,2004,1,28,JPY,1114.51,0.38,0.89,6.23,한국무역보험공사_환율_20230718.csv
2004-01-29,2004,1,29,JPY,1103.95,-1.17,-0.24,5.24,한국무역보험공사_환율_20230718.csv
2004-01-30,2004,1,30,JPY,1107.85,-0.82,0.25,5.21,한국무역보험공사_환율_20230718.csv
2004-02-02,2004,2,2,JPY,1111.81,-0.04,0.39,5.59,한국무역보험공사_환율_20230718.csv
2004-02-03,2004,2,3,JPY,1108.98,0.34,0.48,4.74,한국무역보험공사_환율_20230718.csv
2004-02-04,2004,2,4,JPY,1105.98,-0.94,-0.35,5.2,한국무역보험공사_환율_20230718.csv
2004-02-05,2004,2,5,JPY,1108.02,-0.27,-0.51,4.08,한국무역보험공사_환율_20230718.csv
2004-02-06,2004,2,6,JPY,1103.89,-0.95,-1.25,3.52,한국무역보험공사_환율_20230718.csv
2004-02-09,2004,2,9,JPY,1105.37,0.13,-0.89,2.99,한국무역보험공사_환율_20230718.csv
2004-02-10,2004,2,10,JPY,1103.87,-0.36,-1.25,2.6,한국무역보험공사_환율_20230718.csv
2004-02-11,2004,2,11,JPY,1101.02,-0.97,-1.79,2.17,한국무역보험공사_환율_20230718.csv
2004-02-12,2004,2,12,JPY,1101.47,-0.68,-1.62,3.42,한국무역보험공사_환율_20230718.csv
2004-02-13,2004,2,13,JPY,1101.7,-0.39,-1.01,2.37,한국무역보험공사_환율_20230718.csv
2004-02-16,2004,2,16,JPY,1100.28,-0.7,-1.5,1.39,한국무역보험공사_환율_20230718.csv
2004-02-17,2004,2,17,JPY,1098.36,-0.5,-1.74,1.98,한국무역보험공사_환율_20230718.csv
2004-02-18,2004,2,18,JPY,1096.31,-0.82,-2.36,0.93,한국무역보험공사_환율_20230718.csv
2004-02-19,2004,2,19,JPY,1082.76,-1.91,-3.19,-0.52,한국무역보험공사_환율_20230718.csv
2004-02-20,2004,2,20,JPY,1085.75,-1.39,-2.88,-0.56,한국무역보험공사_환율_20230718.csv
2004-02-23,2004,2,23,JPY,1071.29,-2.74,-3.87,-2.06,한국무역보험공사_환율_20230718.csv
2004-02-24,2004,2,24,JPY,1091.35,-0.94,-1.1,-0.01,한국무역보험공사_환율_20230718.csv
2004-02-25,2004,2,25,JPY,1087.36,-1.17,-1.99,0.35,한국무역보험공사_환율_20230718.csv
2004-02-26,2004,2,26,JPY,1075.04,-2.12,-2.77,-0.28,한국무역보험공사_환율_20230718.csv
2004-02-27,2004,2,27,JPY,1072.46,-2.18,-3.41,-0.47,한국무역보험공사_환율_20230718.csv
2004-03-02,2004,3,2,JPY,1079.51,-0.3,-2.77,0.98,한국무역보험공사_환율_20230718.csv
2004-03-03,2004,3,3,JPY,1064.36,-1.97,-4.71,-1.57,한국무역보험공사_환율_20230718.csv
2004-03-04,2004,3,4,JPY,1070.72,-0.05,-4.14,-0.57,한국무역보험공사_환율_20230718.csv
2004-03-05,2004,3,5,JPY,1053.91,-3.43,-5.25,-1.73,한국무역보험공사_환율_20230718.csv
2004-03-08,2004,3,8,JPY,1047.03,-3.71,-5.26,-2.76,한국무역보험공사_환율_20230718.csv
2004-03-09,2004,3,9,JPY,1054.13,-1.95,-5.59,-2.17,한국무역보험공사_환율_20230718.csv
2004-03-10,2004,3,10,JPY,1050.57,-2.04,-5.44,-2.74,한국무역보험공사_환율_20230718.csv
2004-03-11,2004,3,11,JPY,1056.09,-2.17,-5.24,-2.28,한국무역보험공사_환율_20230718.csv
2004-03-12,2004,3,12,JPY,1054.26,-0.95,-4.5,-2.36,한국무역보험공사_환율_20230718.csv
2004-03-15,2004,3,15,JPY,1060.98,-0.91,-4.23,-2.19,한국무역보험공사_환율_20230718.csv
2004-03-16,2004,3,16,JPY,1066.94,1.24,-4.04,-1.57,한국무역보험공사_환율_20230718.csv
2004-03-17,2004,3,17,JPY,1076.22,2.79,-2.95,-0.51,한국무역보험공사_환율_20230718.csv
2004-03-18,2004,3,18,JPY,1077.07,2.18,-2.61,-0.37,한국무역보험공사_환율_20230718.csv
2004-03-19,2004,3,19,JPY,1085.16,3.29,-2.06,-0.65,한국무역보험공사_환율_20230718.csv
2004-03-22,2004,3,22,JPY,1084.07,2.65,-1.8,0.43,한국무역보험공사_환율_20230718.csv
2004-03-23,2004,3,23,JPY,1085.01,2.92,-1.84,-0.25,한국무역보험공사_환율_20230718.csv
2004-03-24,2004,3,24,JPY,1084.07,2.18,-1.79,-1.41,한국무역보험공사_환율_20230718.csv
2004-03-25,2004,3,25,JPY,1086.54,1.84,-1.32,-1.03,한국무역보험공사_환율_20230718.csv
2004-03-26,2004,3,26,JPY,1088.33,1.13,-1.19,-1.04,한국무역보험공사_환율_20230718.csv
2004-03-29,2004,3,29,JPY,1097.14,1.86,-0.41,-0.24,한국무역보험공사_환율_20230718.csv
2004-03-30,2004,3,30,JPY,1095.14,0.92,-0.47,-0.71,한국무역보험공사_환율_20230718.csv
2004-03-31,2004,3,31,JPY,1090.0,0.55,-0.76,-0.97,한국무역보험공사_환율_20230718.csv
2004-04-01,2004,4,1,JPY,1104.02,1.75,0.7,0.54,한국무역보험공사_환율_20230718.csv
2004-04-02,2004,4,2,JPY,1100.93,1.56,1.68,0.47,한국무역보험공사_환율_20230718.csv
2004-04-06,2004,4,6,JPY,1086.7,0.01,0.09,-1.26,한국무역보험공사_환율_20230718.csv
2004-04-07,2004,4,7,JPY,1084.98,-0.31,1.28,-1.4,한국무역보험공사_환율_20230718.csv
2004-04-08,2004,4,8,JPY,1086.71,-0.95,-0.43,-1.4,한국무역보험공사_환율_20230718.csv
2004-04-09,2004,4,9,JPY,1071.24,-2.18,-1.48,-2.71,한국무역보험공사_환율_20230718.csv
2004-04-12,2004,4,12,JPY,1074.24,-1.45,-0.07,-2.86,한국무역보험공사_환율_20230718.csv
2004-04-13,2004,4,13,JPY,1084.04,-1.81,1.08,-2.31,한국무역보험공사_환율_20230718.csv
2004-04-14,2004,4,14,JPY,1066.33,-3.14,-1.22,-3.59,한국무역보험공사_환율_20230718.csv
2004-04-16,2004,4,16,JPY,1061.84,-2.29,-0.24,-4.25,한국무역보험공사_환율_20230718.csv
2004-04-19,2004,4,19,JPY,1076.2,-0.81,0.51,-1.53,한국무역보험공사_환율_20230718.csv
2004-04-20,2004,4,20,JPY,1064.96,-2.0,1.05,-3.21,한국무역보험공사_환율_20230718.csv
2004-04-21,2004,4,21,JPY,1059.51,-1.09,1.19,-3.59,한국무역보험공사_환율_20230718.csv
2004-04-22,2004,4,22,JPY,1055.8,-1.72,0.16,-3.68,한국무역보험공사_환율_20230718.csv
2004-04-23,2004,4,23,JPY,1058.91,-2.32,0.79,-3.68,한국무역보험공사_환율_20230718.csv
2004-04-26,2004,4,26,JPY,1061.91,-0.41,0.55,-3.87,한국무역보험공사_환율_20230718.csv
2004-04-27,2004,4,27,JPY,1063.25,0.13,0.85,-3.92,한국무역보험공사_환율_20230718.csv
2004-04-28,2004,4,28,JPY,1051.87,-2.26,-0.86,-4.81,한국무역보험공사_환율_20230718.csv
2004-04-29,2004,4,29,JPY,1049.06,-1.49,-1.68,-5.28,한국무역보험공사_환율_20230718.csv
2004-04-30,2004,4,30,JPY,1062.08,0.24,-1.31,-3.77,한국무역보험공사_환율_20230718.csv
2004-05-03,2004,5,3,JPY,1064.88,0.86,-1.13,-4.05,한국무역보험공사_환율_20230718.csv
2004-05-04,2004,5,4,JPY,1064.1,0.49,-1.94,-4.45,한국무역보험공사_환율_20230718.csv
2004-05-06,2004,5,6,JPY,1073.78,1.12,-0.95,-3.95,한국무역보험공사_환율_20230718.csv
2004-05-07,2004,5,7,JPY,1062.69,-0.05,-2.06,-4.72,한국무역보험공사_환율_20230718.csv
2004-05-10,2004,5,10,JPY,1042.07,-0.93,-3.87,-6.78,한국무역보험공사_환율_20230718.csv
2004-05-11,2004,5,11,JPY,1041.09,-0.76,-4.18,-7.13,한국무역보험공사_환율_20230718.csv
2004-05-12,2004,5,12,JPY,1051.45,-1.0,-3.39,-6.09,한국무역보험공사_환율_20230718.csv
2004-05-13,2004,5,13,JPY,1046.38,-1.74,-4.63,-5.98,한국무역보험공사_환율_20230718.csv
2004-05-14,2004,5,14,JPY,1033.07,-2.92,-5.67,-7.52,한국무역보험공사_환율_20230718.csv
2004-05-17,2004,5,17,JPY,1037.88,-3.34,-4.78,-7.15,한국무역보험공사_환율_20230718.csv
2004-05-18,2004,5,18,JPY,1034.24,-2.68,-6.32,-7.89,한국무역보험공사_환율_20230718.csv
2004-05-19,2004,5,19,JPY,1039.41,-0.26,-5.59,-7.06,한국무역보험공사_환율_20230718.csv
2004-05-20,2004,5,20,JPY,1042.07,0.09,-4.11,-6.78,한국무역보험공사_환율_20230718.csv
2004-05-21,2004,5,21,JPY,1043.69,-0.74,-3.81,-6.34,한국무역보험공사_환율_20230718.csv
2004-05-24,2004,5,24,JPY,1046.82,0.04,-3.67,-5.13,한국무역보험공사_환율_20230718.csv
2004-05-25,2004,5,25,JPY,1039.55,0.63,-2.96,-6.3,한국무역보험공사_환율_20230718.csv
2004-05-27,2004,5,27,JPY,1053.01,1.46,-1.98,-4.76,한국무역보험공사_환율_20230718.csv
2004-05-28,2004,5,28,JPY,1055.94,2.1,-2.59,-4.9,한국무역보험공사_환율_20230718.csv
2004-05-31,2004,5,31,JPY,1056.17,1.61,-0.95,-4.88,한국무역보험공사_환율_20230718.csv
2004-06-01,2004,6,1,JPY,1062.53,1.96,0.06,-4.87,한국무역보험공사_환율_20230718.csv
2004-06-02,2004,6,2,JPY,1050.22,0.63,-2.41,-5.98,한국무역보험공사_환율_20230718.csv
2004-06-03,2004,6,3,JPY,1059.13,1.18,-0.55,-4.78,한국무역보험공사_환율_20230718.csv
2004-06-04,2004,6,4,JPY,1046.63,0.68,-1.22,-5.3,한국무역보험공사_환율_20230718.csv
2004-06-07,2004,6,7,JPY,1050.77,-0.21,-0.48,-5.89,한국무역보험공사_환율_20230718.csv
2004-06-08,2004,6,8,JPY,1057.53,0.15,-0.13,-4.82,한국무역보험공사_환율_20230718.csv
2004-06-09,2004,6,9,JPY,1057.53,0.13,-0.41,-5.11,한국무역보험공사_환율_20230718.csv
2004-06-10,2004,6,10,JPY,1045.31,-1.62,-1.69,-5.31,한국무역보험공사_환율_20230718.csv
2004-06-11,2004,6,11,JPY,1060.9,1.02,0.86,-4.24,한국무역보험공사_환율_20230718.csv
2004-06-14,2004,6,14,JPY,1050.66,-0.8,0.15,-5.5,한국무역보험공사_환율_20230718.csv
2004-06-15,2004,6,15,JPY,1047.13,0.05,-1.41,-5.58,한국무역보험공사_환율_20230718.csv
2004-06-16,2004,6,16,JPY,1062.85,1.15,-0.19,-3.9,한국무역보험공사_환율_20230718.csv
2004-06-17,2004,6,17,JPY,1051.15,-0.6,-1.22,-5.13,한국무역보험공사_환율_20230718.csv
2004-06-18,2004,6,18,JPY,1055.81,-0.16,-1.67,-4.36,한국무역보험공사_환율_20230718.csv
2004-06-21,2004,6,21,JPY,1065.35,1.92,0.25,-3.62,한국무역보험공사_환율_20230718.csv
2004-06-22,2004,6,22,JPY,1063.21,0.22,2.03,-3.68,한국무역보험공사_환율_20230718.csv
2004-06-23,2004,6,23,JPY,1060.48,0.93,1.86,-3.68,한국무역보험공사_환율_20230718.csv
2004-06-24,2004,6,24,JPY,1072.72,2.44,2.02,-2.61,한국무역보험공사_환율_20230718.csv
2004-06-25,2004,6,25,JPY,1078.02,1.43,3.02,-2.15,한국무역보험공사_환율_20230718.csv
2004-06-28,2004,6,28,JPY,1070.95,1.88,3.67,-2.67,한국무역보험공사_환율_20230718.csv
2004-06-29,2004,6,29,JPY,1065.46,0.91,2.66,-3.0,한국무역보험공사_환율_20230718.csv
2004-06-30,2004,6,30,JPY,1064.03,-0.12,2.88,-2.94,한국무역보험공사_환율_20230718.csv
2004-07-01,2004,7,1,JPY,1059.43,-0.36,1.93,-2.15,한국무역보험공사_환율_20230718.csv
2004-07-02,2004,7,2,JPY,1064.07,0.34,2.11,-2.0,한국무역보험공사_환율_20230718.csv
2004-07-05,2004,7,5,JPY,1065.99,-0.63,2.14,-0.49,한국무역보험공사_환율_20230718.csv
2004-07-06,2004,7,6,JPY,1056.69,-1.98,0.94,-3.18,한국무역보험공사_환율_20230718.csv
2004-07-07,2004,7,7,JPY,1055.24,-1.47,1.51,-2.95,한국무역보험공사_환율_20230718.csv
2004-07-08,2004,7,8,JPY,1063.07,-0.22,0.96,-1.11,한국무역보험공사_환율_20230718.csv
2004-07-09,2004,7,9,JPY,1056.54,-0.7,0.06,-1.48,한국무역보험공사_환율_20230718.csv
2004-07-12,2004,7,12,JPY,1069.27,0.93,1.24,-0.95,한국무역보험공사_환율_20230718.csv
2004-07-13,2004,7,13,JPY,1059.27,-0.45,-0.31,-0.48,한국무역보험공사_환율_20230718.csv
2004-07-14,2004,7,14,JPY,1059.97,-0.56,0.93,-1.0,한국무역보험공사_환율_20230718.csv
2004-07-15,2004,7,15,JPY,1054.08,-0.25,-0.48,0.02,한국무역보험공사_환율_20230718.csv
2004-07-16,2004,7,16,JPY,1055.81,0.05,0.88,0.84,한국무역보험공사_환율_20230718.csv
2004-07-19,2004,7,19,JPY,1072.82,0.92,2.1,1.77,한국무역보험공사_환율_20230718.csv
2004-07-20,2004,7,20,JPY,1068.94,1.17,1.08,1.75,한국무역보험공사_환율_20230718.csv
2004-07-21,2004,7,21,JPY,1070.27,0.09,1.2,1.34,한국무역보험공사_환율_20230718.csv
2004-07-22,2004,7,22,JPY,1054.64,-0.44,0.89,0.04,한국무역보험공사_환율_20230718.csv
2004-07-23,2004,7,23,JPY,1061.74,0.17,0.08,0.07,한국무역보험공사_환율_20230718.csv
2004-07-26,2004,7,26,JPY,1057.38,0.31,0.64,-0.9,한국무역보험공사_환율_20230718.csv
2004-07-27,2004,7,27,JPY,1057.39,0.15,0.98,-1.75,한국무역보험공사_환율_20230718.csv
2004-07-28,2004,7,28,JPY,1049.79,-2.15,-1.23,-2.53,한국무역보험공사_환율_20230718.csv
2004-07-29,2004,7,29,JPY,1045.04,-2.24,-0.58,-3.7,한국무역보험공사_환율_20230718.csv
2004-07-30,2004,7,30,JPY,1041.59,-2.68,-1.35,-3.92,한국무역보험공사_환율_20230718.csv
2004-08-02,2004,8,2,JPY,1053.66,-0.09,-1.1,-2.89,한국무역보험공사_환율_20230718.csv
2004-08-03,2004,8,3,JPY,1052.04,-0.91,-1.05,-2.95,한국무역보험공사_환율_20230718.csv
2004-08-04,2004,8,4,JPY,1051.38,-0.57,-0.86,-3.24,한국무역보험공사_환율_20230718.csv
2004-08-05,2004,8,5,JPY,1049.59,-0.74,-2.16,-3.56,한국무역보험공사_환율_20230718.csv
2004-08-06,2004,8,6,JPY,1042.11,-0.73,-3.33,-5.02,한국무역보험공사_환율_20230718.csv
2004-08-09,2004,8,9,JPY,1054.59,0.91,-1.53,-3.7,한국무역보험공사_환율_20230718.csv
2004-08-10,2004,8,10,JPY,1045.59,0.38,-1.86,-4.07,한국무역보험공사_환율_20230718.csv
2004-08-11,2004,8,11,JPY,1038.78,-1.41,-2.37,-5.91,한국무역보험공사_환율_20230718.csv
2004-08-12,2004,8,12,JPY,1044.88,-0.68,-1.37,-5.09,한국무역보험공사_환율_20230718.csv
2004-08-13,2004,8,13,JPY,1045.14,-0.59,-1.78,-3.82,한국무역보험공사_환율_20230718.csv
2004-08-16,2004,8,16,JPY,1050.67,0.1,-1.44,-3.16,한국무역보험공사_환율_20230718.csv
2004-08-17,2004,8,17,JPY,1048.22,0.59,-0.8,-3.54,한국무역보험공사_환율_20230718.csv
2004-08-18,2004,8,18,JPY,1052.78,-0.17,-0.23,-1.72,한국무역보험공사_환율_20230718.csv
2004-08-19,2004,8,19,JPY,1057.98,1.18,-0.48,-1.51,한국무역보험공사_환율_20230718.csv
2004-08-20,2004,8,20,JPY,1056.92,1.75,0.04,-2.5,한국무역보험공사_환율_20230718.csv
2004-08-23,2004,8,23,JPY,1057.04,1.16,-1.14,-0.87,한국무역보험공사_환율_20230718.csv
2004-08-24,2004,8,24,JPY,1049.29,0.4,-0.94,-1.18,한국무역보험공사_환율_20230718.csv
2004-08-25,2004,8,25,JPY,1052.55,0.18,-0.7,-2.2,한국무역보험공사_환율_20230718.csv
2004-08-26,2004,8,26,JPY,1050.93,0.26,-0.3,-1.32,한국무역보험공사_환율_20230718.csv
2004-08-27,2004,8,27,JPY,1053.94,0.11,-0.18,-0.53,한국무역보험공사_환율_20230718.csv
2004-08-30,2004,8,30,JPY,1050.6,-0.7,-2.07,-0.49,한국무역보험공사_환율_20230718.csv
2004-08-31,2004,8,31,JPY,1048.48,-0.8,-1.91,-0.98,한국무역보험공사_환율_20230718.csv
2004-09-01,2004,9,1,JPY,1058.34,0.12,-1.11,-0.34,한국무역보험공사_환율_20230718.csv
2004-09-02,2004,9,2,JPY,1052.62,0.32,-0.19,-1.0,한국무역보험공사_환율_20230718.csv
2004-09-03,2004,9,3,JPY,1051.93,-0.06,-0.92,0.01,한국무역보험공사_환율_20230718.csv
2004-09-06,2004,9,6,JPY,1039.5,-1.09,-1.69,-0.91,한국무역보험공사_환율_20230718.csv
2004-09-07,2004,9,7,JPY,1047.24,-0.64,-0.96,-1.4,한국무역보험공사_환율_20230718.csv
2004-09-08,2004,9,8,JPY,1052.77,0.21,0.28,-1.14,한국무역보험공사_환율_20230718.csv
2004-09-09,2004,9,9,JPY,1052.23,0.36,0.69,-1.12,한국무역보험공사_환율_20230718.csv
2004-09-10,2004,9,10,JPY,1048.03,-0.97,0.62,-2.4,한국무역보험공사_환율_20230718.csv
2004-09-13,2004,9,13,JPY,1047.3,-0.51,-0.6,-1.45,한국무역보험공사_환율_20230718.csv
2004-09-14,2004,9,14,JPY,1040.58,-1.08,-1.09,-0.14,한국무역보험공사_환율_20230718.csv
2004-09-15,2004,9,15,JPY,1045.31,0.56,-0.58,0.41,한국무역보험공사_환율_20230718.csv
2004-09-16,2004,9,16,JPY,1040.13,-0.68,-0.9,-1.08,한국무역보험공사_환율_20230718.csv
2004-09-17,2004,9,17,JPY,1045.32,-0.71,0.31,-0.1,한국무역보험공사_환율_20230718.csv
2004-09-20,2004,9,20,JPY,1040.75,-1.09,-1.31,0.74,한국무역보험공사_환율_20230718.csv
2004-09-21,2004,9,21,JPY,1043.24,-0.46,-0.22,0.52,한국무역보험공사_환율_20230718.csv
2004-09-22,2004,9,22,JPY,1043.53,-0.36,0.46,0.9,한국무역보험공사_환율_20230718.csv
2004-09-23,2004,9,23,JPY,1035.13,-0.52,-0.93,-0.41,한국무역보험공사_환율_20230718.csv
2004-09-24,2004,9,24,JPY,1036.17,-0.87,-0.86,-0.57,한국무역보험공사_환율_20230718.csv
2004-09-30,2004,9,30,JPY,1033.45,-0.64,-1.64,-0.98,한국무역보험공사_환율_20230718.csv
2004-10-01,2004,10,1,JPY,1047.1,0.17,-0.11,0.03,한국무역보험공사_환율_20230718.csv
2004-10-04,2004,10,4,JPY,1036.71,-0.39,-1.53,-0.27,한국무역보험공사_환율_20230718.csv
2004-10-05,2004,10,5,JPY,1036.7,-0.63,-2.01,-1.55,한국무역보험공사_환율_20230718.csv
2004-10-06,2004,10,6,JPY,1033.34,-0.98,-2.23,-2.14,한국무역보험공사_환율_20230718.csv
2004-10-07,2004,10,7,JPY,1033.65,-0.14,-2.21,-2.13,한국무역보험공사_환율_20230718.csv
2004-10-08,2004,10,8,JPY,1035.93,-0.02,-1.27,-2.5,한국무역보험공사_환율_20230718.csv
2004-10-11,2004,10,11,JPY,1049.71,1.57,-0.27,-0.05,한국무역보험공사_환율_20230718.csv
2004-10-12,2004,10,12,JPY,1047.77,0.06,-0.3,-1.07,한국무역보험공사_환율_20230718.csv
2004-10-13,2004,10,13,JPY,1047.13,1.01,-0.65,0.05,한국무역보험공사_환율_20230718.csv
2004-10-14,2004,10,14,JPY,1044.52,0.75,-0.58,-0.59,한국무역보험공사_환율_20230718.csv
2004-10-15,2004,10,15,JPY,1047.04,1.33,-0.14,-0.99,한국무역보험공사_환율_20230718.csv
2004-10-18,2004,10,18,JPY,1048.28,1.42,-0.95,-0.87,한국무역보험공사_환율_20230718.csv
2004-10-19,2004,10,19,JPY,1045.85,0.96,-0.64,0.05,한국무역보험공사_환율_20230718.csv
2004-10-20,2004,10,20,JPY,1056.09,0.61,0.4,-0.45,한국무역보험공사_환율_20230718.csv
2004-10-21,2004,10,21,JPY,1054.78,0.67,1.47,0.39,한국무역보험공사_환율_20230718.csv
2004-10-22,2004,10,22,JPY,1062.38,1.46,1.45,1.46,한국무역보험공사_환율_20230718.csv
2004-10-25,2004,10,25,JPY,1065.2,1.98,1.18,0.22,한국무역보험공사_환율_20230718.csv
2004-10-26,2004,10,26,JPY,1064.97,1.71,1.21,1.31,한국무역보험공사_환율_20230718.csv
2004-10-27,2004,10,27,JPY,1063.17,1.42,1.44,0.7,한국무역보험공사_환율_20230718.csv
2004-10-28,2004,10,28,JPY,1060.2,1.37,1.23,-0.48,한국무역보험공사_환율_20230718.csv
2004-10-29,2004,10,29,JPY,1059.22,0.3,1.79,-0.38,한국무역보험공사_환율_20230718.csv
2004-11-01,2004,11,1,JPY,1061.18,0.61,1.52,0.07,한국무역보험공사_환율_20230718.csv
2004-11-02,2004,11,2,JPY,1048.76,-1.28,0.83,-2.23,한국무역보험공사_환율_20230718.csv
2004-11-03,2004,11,3,JPY,1053.3,-1.12,0.76,-2.29,한국무역보험공사_환율_20230718.csv
2004-11-04,2004,11,4,JPY,1052.55,-1.17,1.13,-1.72,한국무역보험공사_환율_20230718.csv
2004-11-05,2004,11,5,JPY,1050.96,-1.15,0.74,-1.36,한국무역보험공사_환율_20230718.csv
2004-11-08,2004,11,8,JPY,1054.18,-0.57,1.02,-0.93,한국무역보험공사_환율_20230718.csv
2004-11-09,2004,11,9,JPY,1047.9,-1.07,1.23,-1.09,한국무역보험공사_환율_20230718.csv
2004-11-10,2004,11,10,JPY,1044.94,-1.53,0.85,-1.8,한국무역보험공사_환율_20230718.csv
2004-11-11,2004,11,11,JPY,1036.3,-1.19,0.28,-2.79,한국무역보험공사_환율_20230718.csv
2004-11-12,2004,11,12,JPY,1044.95,-0.79,-0.21,-1.11,한국무역보험공사_환율_20230718.csv
2004-11-15,2004,11,15,JPY,1049.79,-0.26,1.26,-0.52,한국무역보험공사_환율_20230718.csv
2004-11-16,2004,11,16,JPY,1041.25,-0.92,0.44,-2.05,한국무역보험공사_환율_20230718.csv
2004-11-17,2004,11,17,JPY,1037.84,-1.55,0.44,-1.77,한국무역보험공사_환율_20230718.csv
2004-11-18,2004,11,18,JPY,1045.59,-0.22,1.16,-2.21,한국무역보험공사_환율_20230718.csv
2004-11-19,2004,11,19,JPY,1025.6,-1.85,-1.0,-3.18,한국무역보험공사_환율_20230718.csv
2004-11-22,2004,11,22,JPY,1035.31,-0.1,-1.37,-2.33,한국무역보험공사_환율_20230718.csv
2004-11-23,2004,11,23,JPY,1031.27,-1.31,-1.57,-2.16,한국무역보험공사_환율_20230718.csv
2004-11-24,2004,11,24,JPY,1029.75,-1.91,-1.66,-2.47,한국무역보험공사_환율_20230718.csv
2004-11-25,2004,11,25,JPY,1035.42,-0.56,-0.87,-3.49,한국무역보험공사_환율_20230718.csv
2004-11-26,2004,11,26,JPY,1034.94,-0.28,-1.16,-3.18,한국무역보험공사_환율_20230718.csv
2004-11-29,2004,11,29,JPY,1021.67,-2.29,-2.54,-4.54,한국무역보험공사_환율_20230718.csv
2004-11-30,2004,11,30,JPY,1018.32,-0.71,-2.63,-3.44,한국무역보험공사_환율_20230718.csv
2004-12-01,2004,12,1,JPY,1018.17,-1.66,-3.59,-4.1,한국무역보험공사_환율_20230718.csv
2004-12-02,2004,12,2,JPY,1020.22,-1.07,-3.28,-3.51,한국무역보험공사_환율_20230718.csv
2004-12-03,2004,12,3,JPY,1010.62,-1.86,-4.87,-4.42,한국무역보험공사_환율_20230718.csv
2004-12-06,2004,12,6,JPY,1024.36,-1.07,-3.83,-2.42,한국무역보험공사_환율_20230718.csv
2004-12-07,2004,12,7,JPY,1005.08,-2.89,-5.62,-3.82,한국무역보험공사_환율_20230718.csv
2004-12-08,2004,12,8,JPY,1013.37,-0.81,-4.68,-2.71,한국무역보험공사_환율_20230718.csv
2004-12-09,2004,12,9,JPY,1012.95,-0.53,-4.46,-3.86,한국무역보험공사_환율_20230718.csv
2004-12-10,2004,12,10,JPY,1009.99,-0.8,-4.65,-4.0,한국무역보험공사_환율_20230718.csv
2004-12-13,2004,12,13,JPY,1006.96,-1.3,-5.11,-4.22,한국무역보험공사_환율_20230718.csv
2004-12-14,2004,12,14,JPY,1013.85,0.32,-3.33,-3.41,한국무역보험공사_환율_20230718.csv
2004-12-15,2004,12,15,JPY,1000.95,-2.29,-4.97,-3.95,한국무역보험공사_환율_20230718.csv
2004-12-16,2004,12,16,JPY,1016.87,1.17,-3.39,-3.58,한국무역보험공사_환율_20230718.csv
2004-12-17,2004,12,17,JPY,1008.84,-0.45,-4.01,-3.51,한국무역보험공사_환율_20230718.csv
2004-12-20,2004,12,20,JPY,1016.61,0.36,-3.56,-2.13,한국무역보험공사_환율_20230718.csv
2004-12-21,2004,12,21,JPY,1016.13,0.61,-3.03,-2.75,한국무역보험공사_환율_20230718.csv
2004-12-22,2004,12,22,JPY,1010.58,0.36,-3.29,-3.31,한국무역보험공사_환율_20230718.csv
2004-12-23,2004,12,23,JPY,1013.53,-0.03,-2.2,-3.53,한국무역보험공사_환율_20230718.csv
2004-12-24,2004,12,24,JPY,1014.23,1.33,-2.94,-3.24,한국무역보험공사_환율_20230718.csv
2004-12-27,2004,12,27,JPY,1008.34,-0.84,-3.95,-4.22,한국무역보험공사_환율_20230718.csv
2004-12-28,2004,12,28,JPY,1016.84,0.79,-2.34,-3.89,한국무역보험공사_환율_20230718.csv
2004-12-29,2004,12,29,JPY,1011.3,-0.52,-2.56,-4.32,한국무역보험공사_환율_20230718.csv
2004-12-30,2004,12,30,JPY,1004.91,-1.1,-3.89,-4.93,한국무역보험공사_환율_20230718.csv
2004-12-31,2004,12,31,JPY,1012.07,0.15,-1.32,-3.55,한국무역보험공사_환율_20230718.csv
2005-01-03,2005,1,3,JPY,1009.01,-0.45,-2.54,-4.14,한국무역보험공사_환율_20230718.csv
2005-01-04,2005,1,4,JPY,1007.97,-0.62,-2.26,-4.09,한국무역보험공사_환율_20230718.csv
2005-01-05,2005,1,5,JPY,995.21,-1.3,-3.35,-5.57,한국무역보험공사_환율_20230718.csv
2005-01-06,2005,1,6,JPY,1006.39,-1.03,-2.8,-4.21,한국무역보험공사_환율_20230718.csv
2005-01-07,2005,1,7,JPY,999.09,-1.21,-3.46,-4.71,한국무역보험공사_환율_20230718.csv
2005-01-10,2005,1,10,JPY,1004.44,-0.05,-1.69,-5.09,한국무역보험공사_환율_20230718.csv
2005-01-11,2005,1,11,JPY,1010.8,-0.13,-0.74,-3.97,한국무역보험공사_환율_20230718.csv
2005-01-12,2005,1,12,JPY,1010.78,0.18,-0.73,-3.91,한국무역보험공사_환율_20230718.csv
2005-01-13,2005,1,13,JPY,1016.35,0.83,-0.38,-2.23,한국무역보험공사_환율_20230718.csv
2005-01-14,2005,1,14,JPY,1011.76,1.66,0.11,-3.39,한국무역보험공사_환율_20230718.csv
2005-01-17,2005,1,17,JPY,1017.69,1.12,-0.65,-3.33,한국무역보험공사_환율_20230718.csv
2005-01-18,2005,1,18,JPY,1012.26,1.32,0.71,-3.8,한국무역보험공사_환율_20230718.csv
2005-01-19,2005,1,19,JPY,1014.33,0.98,0.09,-3.22,한국무역보험공사_환율_20230718.csv
2005-01-20,2005,1,20,JPY,1004.42,-0.63,-0.84,-4.09,한국무역보험공사_환율_20230718.csv
2005-01-21,2005,1,21,JPY,997.63,-1.3,-1.22,-4.13,한국무역보험공사_환율_20230718.csv
2005-01-24,2005,1,24,JPY,1009.39,-0.68,0.24,-3.44,한국무역보험공사_환율_20230718.csv
2005-01-25,2005,1,25,JPY,1007.55,-0.42,-0.62,-3.13,한국무역보험공사_환율_20230718.csv
2005-01-26,2005,1,26,JPY,992.11,-2.51,-0.88,-5.09,한국무역보험공사_환율_20230718.csv
2005-01-27,2005,1,27,JPY,1002.08,-1.01,-1.45,-3.72,한국무역보험공사_환율_20230718.csv
2005-01-28,2005,1,28,JPY,1000.15,-1.4,-0.86,-4.13,한국무역보험공사_환율_20230718.csv
2005-01-31,2005,1,31,JPY,990.06,-1.43,-2.61,-5.12,한국무역보험공사_환율_20230718.csv
2005-02-01,2005,2,1,JPY,990.49,-0.72,-2.52,-4.31,한국무역보험공사_환율_20230718.csv
2005-02-02,2005,2,2,JPY,990.89,-1.83,-1.95,-4.37,한국무역보험공사_환율_20230718.csv
2005-02-03,2005,2,3,JPY,990.12,-1.73,-2.31,-4.19,한국무역보험공사_환율_20230718.csv
2005-02-04,2005,2,4,JPY,983.73,-0.84,-3.01,-6.05,한국무역보험공사_환율_20230718.csv
2005-02-07,2005,2,7,JPY,981.45,-2.06,-2.67,-5.33,한국무역보험공사_환율_20230718.csv
2005-02-11,2005,2,11,JPY,969.91,-3.02,-4.62,-6.44,한국무역보험공사_환율_20230718.csv
2005-02-14,2005,2,14,JPY,981.28,-0.89,-2.97,-5.04,한국무역보험공사_환율_20230718.csv
2005-02-15,2005,2,15,JPY,977.25,-1.34,-2.75,-5.46,한국무역보험공사_환율_20230718.csv
2005-02-16,2005,2,16,JPY,982.35,-0.86,-2.94,-5.17,한국무역보험공사_환율_20230718.csv
2005-02-17,2005,2,17,JPY,973.15,-1.71,-3.55,-7.29,한국무역보험공사_환율_20230718.csv
2005-02-18,2005,2,18,JPY,972.32,-1.16,-3.54,-7.2,한국무역보험공사_환율_20230718.csv
2005-02-21,2005,2,21,JPY,969.14,-1.25,-2.62,-7.45,한국무역보험공사_환율_20230718.csv
2005-02-22,2005,2,22,JPY,971.03,0.12,-3.51,-7.04,한국무역보험공사_환율_20230718.csv
2005-02-23,2005,2,23,JPY,974.98,-0.64,-2.41,-6.88,한국무역보험공사_환율_20230718.csv
2005-02-24,2005,2,24,JPY,954.43,-2.34,-4.98,-8.95,한국무역보험공사_환율_20230718.csv
2005-02-25,2005,2,25,JPY,952.25,-3.06,-5.79,-8.95,한국무역보험공사_환율_20230718.csv
2005-02-28,2005,2,28,JPY,957.59,-1.6,-5.26,-9.33,한국무역보험공사_환율_20230718.csv
2005-03-02,2005,3,2,JPY,962.5,-1.01,-5.3,-8.75,한국무역보험공사_환율_20230718.csv
2005-03-03,2005,3,3,JPY,960.92,-0.85,-5.02,-9.55,한국무역보험공사_환율_20230718.csv
2005-03-04,2005,3,4,JPY,955.62,-1.59,-6.1,-10.29,한국무역보험공사_환율_20230718.csv
2005-03-07,2005,3,7,JPY,962.33,-1.3,-4.93,-9.64,한국무역보험공사_환율_20230718.csv
2005-03-08,2005,3,8,JPY,955.81,0.14,-5.77,-10.1,한국무역보험공사_환율_20230718.csv
2005-03-09,2005,3,9,JPY,960.09,0.82,-4.41,-9.44,한국무역보험공사_환율_20230718.csv
2005-03-10,2005,3,10,JPY,963.51,0.62,-3.42,-9.04,한국무역보험공사_환율_20230718.csv
2005-03-11,2005,3,11,JPY,959.95,-0.26,-4.9,-9.54,한국무역보험공사_환율_20230718.csv
2005-03-14,2005,3,14,JPY,963.37,0.25,-4.38,-8.14,한국무역보험공사_환율_20230718.csv
2005-03-15,2005,3,15,JPY,952.69,-0.31,-3.97,-9.55,한국무역보험공사_환율_20230718.csv
2005-03-16,2005,3,16,JPY,959.59,-0.28,-4.24,-8.83,한국무역보험공사_환율_20230718.csv
2005-03-17,2005,3,17,JPY,963.11,0.76,-3.7,-8.36,한국무역보험공사_환율_20230718.csv
2005-03-18,2005,3,18,JPY,959.2,-0.09,-3.12,-9.01,한국무역보험공사_환율_20230718.csv
2005-03-21,2005,3,21,JPY,957.19,-0.66,-3.36,-8.66,한국무역보험공사_환율_20230718.csv
2005-03-22,2005,3,22,JPY,957.2,-0.29,-3.4,-8.4,한국무역보험공사_환율_20230718.csv
2005-03-23,2005,3,23,JPY,958.7,-0.48,-3.17,-7.49,한국무역보험공사_환율_20230718.csv
2005-03-24,2005,3,24,JPY,954.47,0.19,-2.97,-8.66,한국무역보험공사_환율_20230718.csv
2005-03-25,2005,3,25,JPY,951.19,-0.88,-3.08,-9.39,한국무역보험공사_환율_20230718.csv
2005-03-28,2005,3,28,JPY,951.63,-1.19,-1.88,-8.61,한국무역보험공사_환율_20230718.csv
2005-03-29,2005,3,29,JPY,947.29,-1.24,-3.46,-8.72,한국무역보험공사_환율_20230718.csv
2005-03-30,2005,3,30,JPY,948.13,-0.95,-2.98,-9.32,한국무역보험공사_환율_20230718.csv
2005-03-31,2005,3,31,JPY,952.53,-0.49,-3.04,-7.12,한국무역보험공사_환율_20230718.csv
2005-04-01,2005,4,1,JPY,949.56,-0.95,-2.42,-8.28,한국무역보험공사_환율_20230718.csv
2005-04-04,2005,4,4,JPY,941.15,-1.4,-3.21,-8.74,한국무역보험공사_환율_20230718.csv
2005-04-06,2005,4,6,JPY,933.48,-1.86,-3.68,-9.35,한국무역보험공사_환율_20230718.csv
2005-04-07,2005,4,7,JPY,933.62,-1.89,-3.85,-9.83,한국무역보험공사_환율_20230718.csv
2005-04-08,2005,4,8,JPY,934.09,-1.39,-4.19,-9.74,한국무역보험공사_환율_20230718.csv
2005-04-11,2005,4,11,JPY,934.95,-1.39,-2.04,-8.49,한국무역보험공사_환율_20230718.csv
2005-04-12,2005,4,12,JPY,941.26,-1.18,-1.15,-7.57,한국무역보험공사_환율_20230718.csv
2005-04-13,2005,4,13,JPY,938.99,-1.11,-1.94,-7.78,한국무역보험공사_환율_20230718.csv
2005-04-14,2005,4,14,JPY,943.4,0.24,-1.98,-7.53,한국무역보험공사_환율_20230718.csv
2005-04-15,2005,4,15,JPY,936.53,0.33,-2.54,-7.33,한국무역보험공사_환율_20230718.csv
2005-04-18,2005,4,18,JPY,950.31,1.79,-0.56,-7.23,한국무역보험공사_환율_20230718.csv
2005-04-19,2005,4,19,JPY,950.85,1.79,-1.19,-5.4,한국무역보험공사_환율_20230718.csv
2005-04-20,2005,4,20,JPY,949.28,1.53,-0.68,-6.32,한국무역보험공사_환율_20230718.csv
2005-04-21,2005,4,21,JPY,944.2,0.31,-1.66,-6.79,한국무역보험공사_환율_20230718.csv
2005-04-22,2005,4,22,JPY,942.3,0.35,-2.2,-6.7,한국무역보험공사_환율_20230718.csv
2005-04-25,2005,4,25,JPY,951.13,0.82,-0.92,-5.54,한국무역보험공사_환율_20230718.csv
2005-04-26,2005,4,26,JPY,945.38,0.94,-1.87,-6.75,한국무역보험공사_환율_20230718.csv
2005-04-27,2005,4,27,JPY,940.46,-1.04,-1.28,-6.04,한국무역보험공사_환율_20230718.csv
2005-04-28,2005,4,28,JPY,946.06,-0.5,-1.41,-6.96,한국무역보험공사_환율_20230718.csv
2005-04-29,2005,4,29,JPY,944.73,-0.48,-1.91,-6.35,한국무역보험공사_환율_20230718.csv
2005-05-02,2005,5,2,JPY,951.87,0.81,-0.76,-6.37,한국무역보험공사_환율_20230718.csv
2005-05-03,2005,5,3,JPY,951.33,0.96,-0.61,-6.38,한국무역보험공사_환율_20230718.csv
2005-05-04,2005,5,4,JPY,954.46,0.35,-0.29,-5.55,한국무역보험공사_환율_20230718.csv
2005-05-06,2005,5,6,JPY,955.87,1.11,-0.3,-5.69,한국무역보험공사_환율_20230718.csv
2005-05-09,2005,5,9,JPY,949.51,0.96,-0.52,-6.38,한국무역보험공사_환율_20230718.csv
2005-05-10,2005,5,10,JPY,947.36,0.14,-0.4,-6.05,한국무역보험공사_환율_20230718.csv
2005-05-11,2005,5,11,JPY,949.07,0.46,-0.27,-6.66,한국무역보험공사_환율_20230718.csv
2005-05-12,2005,5,12,JPY,944.66,-0.76,-0.28,-6.59,한국무역보험공사_환율_20230718.csv
2005-05-13,2005,5,13,JPY,936.3,-1.58,-1.25,-6.83,한국무역보험공사_환율_20230718.csv
2005-05-16,2005,5,16,JPY,932.43,-2.31,-2.11,-7.87,한국무역보험공사_환율_20230718.csv
2005-05-17,2005,5,17,JPY,942.4,-1.41,-0.75,-6.6,한국무역보험공사_환율_20230718.csv
2005-05-18,2005,5,18,JPY,935.83,-1.44,-0.57,-7.16,한국무역보험공사_환율_20230718.csv
2005-05-19,2005,5,19,JPY,940.17,-0.76,0.72,-5.53,한국무역보험공사_환율_20230718.csv
2005-05-20,2005,5,20,JPY,931.57,-1.84,-0.22,-7.43,한국무역보험공사_환율_20230718.csv
2005-05-23,2005,5,23,JPY,928.98,-1.66,-0.55,-7.02,한국무역보험공사_환율_20230718.csv
2005-05-24,2005,5,24,JPY,934.13,-0.23,-0.09,-7.0,한국무역보험공사_환율_20230718.csv
2005-05-25,2005,5,25,JPY,931.28,-0.12,-1.06,-7.87,한국무역보험공사_환율_20230718.csv
2005-05-26,2005,5,26,JPY,928.48,-1.48,-1.12,-8.14,한국무역보험공사_환율_20230718.csv
2005-05-27,2005,5,27,JPY,926.96,-0.95,-1.74,-8.8,한국무역보험공사_환율_20230718.csv
2005-05-30,2005,5,30,JPY,925.89,-1.52,-1.14,-8.49,한국무역보험공사_환율_20230718.csv
2005-05-31,2005,5,31,JPY,928.37,-0.34,-2.31,-8.78,한국무역보험공사_환율_20230718.csv
2005-06-01,2005,6,1,JPY,927.8,-0.13,-2.42,-8.34,한국무역보험공사_환율_20230718.csv
2005-06-02,2005,6,2,JPY,930.61,-0.38,-1.97,-8.25,한국무역보험공사_환율_20230718.csv
2005-06-03,2005,6,3,JPY,936.57,0.57,-0.81,-6.76,한국무역보험공사_환율_20230718.csv
2005-06-07,2005,6,7,JPY,943.95,1.67,0.18,-5.38,한국무역보험공사_환율_20230718.csv
2005-06-08,2005,6,8,JPY,942.53,1.68,-0.9,-6.62,한국무역보험공사_환율_20230718.csv
2005-06-09,2005,6,9,JPY,937.67,1.27,-0.82,-6.94,한국무역보험공사_환율_20230718.csv
2005-06-10,2005,6,10,JPY,934.46,0.66,-0.64,-5.81,한국무역보험공사_환율_20230718.csv
2005-06-13,2005,6,13,JPY,926.06,-0.19,-2.11,-7.59,한국무역보험공사_환율_20230718.csv
2005-06-14,2005,6,14,JPY,921.66,-0.96,-2.44,-7.85,한국무역보험공사_환율_20230718.csv
2005-06-15,2005,6,15,JPY,927.86,-0.93,-2.52,-6.28,한국무역보험공사_환율_20230718.csv
2005-06-16,2005,6,16,JPY,929.29,-1.55,-2.32,-6.18,한국무역보험공사_환율_20230718.csv
2005-06-17,2005,6,17,JPY,928.62,-1.48,-2.71,-6.28,한국무역보험공사_환율_20230718.csv
2005-06-20,2005,6,20,JPY,928.5,-0.98,-2.86,-6.22,한국무역보험공사_환율_20230718.csv
2005-06-21,2005,6,21,JPY,921.78,-1.36,-2.92,-6.3,한국무역보험공사_환율_20230718.csv
2005-06-22,2005,6,22,JPY,932.85,0.73,-1.53,-4.95,한국무역보험공사_환율_20230718.csv
2005-06-23,2005,6,23,JPY,928.22,0.71,-2.2,-4.3,한국무역보험공사_환율_20230718.csv
2005-06-24,2005,6,24,JPY,926.57,-0.14,-1.91,-5.58,한국무역보험공사_환율_20230718.csv
2005-06-27,2005,6,27,JPY,927.15,-0.23,-0.98,-5.13,한국무역보험공사_환율_20230718.csv
2005-06-28,2005,6,28,JPY,926.52,-0.23,-0.63,-5.68,한국무역보험공사_환율_20230718.csv
2005-06-29,2005,6,29,JPY,925.02,-0.37,-1.84,-4.95,한국무역보험공사_환율_20230718.csv
2005-06-30,2005,6,30,JPY,927.27,0.6,-0.91,-4.63,한국무역보험공사_환율_20230718.csv
2005-07-01,2005,7,1,JPY,928.48,-0.47,-1.24,-4.2,한국무역보험공사_환율_20230718.csv
2005-07-04,2005,7,4,JPY,922.22,-0.65,-1.0,-5.03,한국무역보험공사_환율_20230718.csv
2005-07-05,2005,7,5,JPY,931.9,0.58,0.31,-4.42,한국무역보험공사_환율_20230718.csv
2005-07-06,2005,7,6,JPY,935.92,0.95,0.19,-1.94,한국무역보험공사_환율_20230718.csv
2005-07-07,2005,7,7,JPY,935.64,0.98,0.47,-1.74,한국무역보험공사_환율_20230718.csv
2005-07-08,2005,7,8,JPY,939.44,1.56,1.18,-1.9,한국무역보험공사_환율_20230718.csv
2005-07-11,2005,7,11,JPY,940.18,1.39,1.43,-2.32,한국무역보험공사_환율_20230718.csv
2005-07-12,2005,7,12,JPY,935.95,0.8,1.09,-2.6,한국무역보험공사_환율_20230718.csv
2005-07-13,2005,7,13,JPY,937.23,1.63,0.95,-1.92,한국무역보험공사_환율_20230718.csv
2005-07-14,2005,7,14,JPY,925.9,-0.64,-0.2,-3.79,한국무역보험공사_환율_20230718.csv
2005-07-15,2005,7,15,JPY,923.45,-1.33,-0.77,-3.39,한국무역보험공사_환율_20230718.csv
2005-07-18,2005,7,18,JPY,924.7,-1.17,-1.27,-3.69,한국무역보험공사_환율_20230718.csv
2005-07-19,2005,7,19,JPY,927.23,-1.3,-1.77,-3.77,한국무역보험공사_환율_20230718.csv
2005-07-20,2005,7,20,JPY,919.78,-2.17,-2.41,-4.18,한국무역보험공사_환율_20230718.csv
2005-07-21,2005,7,21,JPY,924.11,-1.27,-1.45,-4.08,한국무역보험공사_환율_20230718.csv
2005-07-22,2005,7,22,JPY,938.57,0.14,0.44,-1.48,한국무역보험공사_환율_20230718.csv
2005-07-25,2005,7,25,JPY,916.69,-0.99,-1.01,-4.47,한국무역보험공사_환율_20230718.csv
2005-07-26,2005,7,26,JPY,916.84,-0.72,-0.52,-4.8,한국무역보험공사_환율_20230718.csv
2005-07-27,2005,7,27,JPY,912.13,-1.36,-1.7,-4.91,한국무역보험공사_환율_20230718.csv
2005-07-28,2005,7,28,JPY,919.28,-0.86,-1.08,-3.96,한국무역보험공사_환율_20230718.csv
2005-07-29,2005,7,29,JPY,915.79,-0.43,-1.38,-4.33,한국무역보험공사_환율_20230718.csv
2005-08-01,2005,8,1,JPY,909.59,-1.57,-2.04,-5.12,한국무역보험공사_환율_20230718.csv
2005-08-02,2005,8,2,JPY,915.23,-2.49,-0.71,-4.11,한국무역보험공사_환율_20230718.csv
2005-08-03,2005,8,3,JPY,916.92,0.03,-1.71,-3.6,한국무역보험공사_환율_20230718.csv
2005-08-04,2005,8,4,JPY,916.18,-0.07,-1.3,-3.73,한국무역보험공사_환율_20230718.csv
2005-08-05,2005,8,5,JPY,909.12,-0.33,-1.88,-4.03,한국무역보험공사_환율_20230718.csv
2005-08-08,2005,8,8,JPY,902.73,-1.8,-2.63,-4.79,한국무역보험공사_환율_20230718.csv
2005-08-09,2005,8,9,JPY,909.03,-0.74,-1.89,-4.57,한국무역보험공사_환율_20230718.csv
2005-08-10,2005,8,10,JPY,907.47,-0.23,-1.9,-4.43,한국무역보험공사_환율_20230718.csv
2005-08-11,2005,8,11,JPY,917.51,0.25,-1.05,-2.51,한국무역보험공사_환율_20230718.csv
2005-08-12,2005,8,12,JPY,924.07,0.78,-0.47,-1.01,한국무역보험공사_환율_20230718.csv
2005-08-16,2005,8,16,JPY,927.27,1.21,0.55,-0.68,한국무역보험공사_환율_20230718.csv
2005-08-17,2005,8,17,JPY,927.25,1.99,-0.5,-0.73,한국무역보험공사_환율_20230718.csv
2005-08-18,2005,8,18,JPY,927.35,2.73,-0.92,-0.81,한국무역보험공사_환율_20230718.csv
2005-08-19,2005,8,19,JPY,921.68,1.39,-1.49,-2.08,한국무역보험공사_환율_20230718.csv
2005-08-22,2005,8,22,JPY,925.65,2.0,-1.47,-1.42,한국무역보험공사_환율_20230718.csv
2005-08-23,2005,8,23,JPY,934.77,1.88,-0.58,-0.91,한국무역보험공사_환율_20230718.csv
2005-08-24,2005,8,24,JPY,933.54,1.02,-0.26,-0.32,한국무역보험공사_환율_20230718.csv
2005-08-25,2005,8,25,JPY,931.18,0.42,-0.65,-2.01,한국무역보험공사_환율_20230718.csv
2005-08-26,2005,8,26,JPY,931.2,0.43,0.57,-2.07,한국무역보험공사_환율_20230718.csv
2005-08-29,2005,8,29,JPY,935.29,0.86,1.28,-1.47,한국무역보험공사_환율_20230718.csv
2005-08-30,2005,8,30,JPY,931.28,1.04,0.71,-1.37,한국무역보험공사_환율_20230718.csv
2005-08-31,2005,8,31,JPY,925.62,-0.0,-0.17,-1.77,한국무역보험공사_환율_20230718.csv
2005-09-01,2005,9,1,JPY,937.6,0.3,1.94,-1.42,한국무역보험공사_환율_20230718.csv
2005-09-02,2005,9,2,JPY,942.66,0.98,2.01,-0.29,한국무역보험공사_환율_20230718.csv
2005-09-05,2005,9,5,JPY,938.04,0.74,-0.06,-0.26,한국무역보험공사_환율_20230718.csv
2005-09-06,2005,9,6,JPY,936.42,0.56,2.15,-1.02,한국무역보험공사_환율_20230718.csv
2005-09-07,2005,9,7,JPY,934.54,-0.08,1.93,-1.08,한국무역보험공사_환율_20230718.csv
2005-09-08,2005,9,8,JPY,930.38,-0.1,2.0,-2.26,한국무역보험공사_환율_20230718.csv
2005-09-09,2005,9,9,JPY,928.19,0.28,0.97,-2.43,한국무역보험공사_환율_20230718.csv
2005-09-12,2005,9,12,JPY,940.79,0.34,2.73,-1.43,한국무역보험공사_환율_20230718.csv
2005-09-13,2005,9,13,JPY,929.12,-1.44,2.15,-2.8,한국무역보험공사_환율_20230718.csv
2005-09-14,2005,9,14,JPY,926.92,-1.19,1.28,-2.38,한국무역보험공사_환율_20230718.csv
2005-09-15,2005,9,15,JPY,927.79,-0.92,1.19,-2.07,한국무역보험공사_환율_20230718.csv
2005-09-16,2005,9,16,JPY,926.38,-0.87,1.11,-2.39,한국무역보험공사_환율_20230718.csv
2005-09-20,2005,9,20,JPY,920.9,-1.02,1.3,-2.52,한국무역보험공사_환율_20230718.csv
2005-09-21,2005,9,21,JPY,918.94,-1.0,1.8,-1.85,한국무역보험공사_환율_20230718.csv
2005-09-22,2005,9,22,JPY,925.74,-1.6,1.84,-0.72,한국무역보험공사_환율_20230718.csv
2005-09-23,2005,9,23,JPY,920.31,-0.95,1.41,-2.34,한국무역보험공사_환율_20230718.csv
2005-09-26,2005,9,26,JPY,916.13,-1.16,-0.15,-2.11,한국무역보험공사_환율_20230718.csv
2005-09-27,2005,9,27,JPY,921.37,-0.69,-0.29,-2.0,한국무역보험공사_환율_20230718.csv
2005-09-28,2005,9,28,JPY,912.28,-1.52,-1.62,-2.07,한국무역보험공사_환율_20230718.csv
2005-09-29,2005,9,29,JPY,919.0,-0.21,-0.89,-1.07,한국무역보험공사_환율_20230718.csv
2005-09-30,2005,9,30,JPY,915.87,-0.33,-1.24,-1.95,한국무역보험공사_환율_20230718.csv
2005-10-04,2005,10,4,JPY,910.5,-1.65,-1.21,-2.23,한국무역보험공사_환율_20230718.csv
2005-10-05,2005,10,5,JPY,912.5,-0.85,-1.42,-1.72,한국무역보험공사_환율_20230718.csv
2005-10-06,2005,10,6,JPY,912.32,-0.42,-2.4,-1.58,한국무역보험공사_환율_20230718.csv
2005-10-07,2005,10,7,JPY,917.45,-0.43,-1.72,-0.91,한국무역보험공사_환율_20230718.csv
2005-10-10,2005,10,10,JPY,911.63,-0.07,-2.1,-1.8,한국무역보험공사_환율_20230718.csv
2005-10-11,2005,10,11,JPY,909.08,-1.08,-2.38,-2.02,한국무역보험공사_환율_20230718.csv
2005-10-12,2005,10,12,JPY,907.9,-0.87,-2.93,-2.44,한국무역보험공사_환율_20230718.csv
2005-10-13,2005,10,13,JPY,912.36,0.2,-2.03,-2.58,한국무역보험공사_환율_20230718.csv
2005-10-14,2005,10,14,JPY,913.69,0.13,-1.29,-3.21,한국무역보험공사_환율_20230718.csv
2005-10-17,2005,10,17,JPY,915.47,0.35,-2.36,-2.87,한국무역보험공사_환율_20230718.csv
2005-10-18,2005,10,18,JPY,907.44,-1.09,-3.74,-3.22,한국무역보험공사_환율_20230718.csv
2005-10-19,2005,10,19,JPY,907.33,-0.47,-3.27,-2.9,한국무역보험공사_환율_20230718.csv
2005-10-20,2005,10,20,JPY,912.05,0.33,-2.6,-1.51,한국무역보험공사_환율_20230718.csv
2005-10-21,2005,10,21,JPY,914.1,0.68,-2.19,-0.82,한국무역보험공사_환율_20230718.csv
2005-10-24,2005,10,24,JPY,910.53,-0.2,-2.13,-1.87,한국무역보험공사_환율_20230718.csv
2005-10-25,2005,10,25,JPY,917.41,0.41,-1.16,-1.28,한국무역보험공사_환율_20230718.csv
2005-10-26,2005,10,26,JPY,915.56,0.01,-2.68,-1.41,한국무역보험공사_환율_20230718.csv
2005-10-27,2005,10,27,JPY,903.25,-0.46,-2.78,-2.72,한국무역보험공사_환율_20230718.csv
2005-10-28,2005,10,28,JPY,906.06,-0.14,-2.25,-1.71,한국무역보험공사_환율_20230718.csv
2005-10-31,2005,10,31,JPY,900.39,-1.28,-2.95,-3.48,한국무역보험공사_환율_20230718.csv
2005-11-01,2005,11,1,JPY,894.15,-2.18,-3.48,-3.67,한국무역보험공사_환율_20230718.csv
2005-11-02,2005,11,2,JPY,893.23,-1.9,-3.0,-3.6,한국무역보험공사_환율_20230718.csv
2005-11-03,2005,11,3,JPY,892.25,-2.74,-2.9,-3.76,한국무역보험공사_환율_20230718.csv
2005-11-04,2005,11,4,JPY,888.54,-2.95,-4.02,-4.1,한국무역보험공사_환율_20230718.csv
2005-11-07,2005,11,7,JPY,885.6,-1.95,-3.77,-4.26,한국무역보험공사_환율_20230718.csv
2005-11-08,2005,11,8,JPY,892.6,-1.49,-2.57,-3.74,한국무역보험공사_환율_20230718.csv
2005-11-09,2005,11,9,JPY,892.94,-0.83,-3.09,-3.83,한국무역보험공사_환율_20230718.csv
2005-11-10,2005,11,10,JPY,889.46,-0.52,-2.5,-3.55,한국무역보험공사_환율_20230718.csv
2005-11-11,2005,11,11,JPY,886.16,-0.79,-3.57,-4.91,한국무역보험공사_환율_20230718.csv
2005-11-14,2005,11,14,JPY,883.85,-0.94,-3.5,-5.56,한국무역보험공사_환율_20230718.csv
2005-11-15,2005,11,15,JPY,876.38,-1.37,-3.75,-6.33,한국무역보험공사_환율_20230718.csv
2005-11-16,2005,11,16,JPY,871.16,-1.63,-4.53,-7.27,한국무역보험공사_환율_20230718.csv
2005-11-17,2005,11,17,JPY,868.73,-2.67,-4.78,-7.6,한국무역보험공사_환율_20230718.csv
2005-11-18,2005,11,18,JPY,871.47,-2.4,-5.01,-6.89,한국무역보험공사_환율_20230718.csv
2005-11-21,2005,11,21,JPY,869.12,-2.29,-4.66,-7.27,한국무역보험공사_환율_20230718.csv
2005-11-22,2005,11,22,JPY,871.99,-1.6,-4.08,-5.82,한국무역보험공사_환율_20230718.csv
2005-11-23,2005,11,23,JPY,878.18,-0.64,-3.27,-4.9,한국무역보험공사_환율_20230718.csv
2005-11-24,2005,11,24,JPY,874.07,-0.26,-4.2,-5.48,한국무역보험공사_환율_20230718.csv
2005-11-25,2005,11,25,JPY,872.09,0.11,-4.55,-5.95,한국무역보험공사_환율_20230718.csv
2005-11-28,2005,11,28,JPY,869.65,0.11,-5.01,-5.45,한국무역보험공사_환율_20230718.csv
2005-11-29,2005,11,29,JPY,875.03,0.41,-3.57,-5.31,한국무역보험공사_환율_20230718.csv
2005-11-30,2005,11,30,JPY,865.35,-0.43,-4.63,-7.8,한국무역보험공사_환율_20230718.csv
2005-12-01,2005,12,1,JPY,864.32,-0.88,-5.23,-5.71,한국무역보험공사_환율_20230718.csv
2005-12-02,2005,12,2,JPY,858.17,-2.28,-6.12,-6.4,한국무역보험공사_환율_20230718.csv
2005-12-05,2005,12,5,JPY,856.35,-2.03,-5.95,-6.12,한국무역보험공사_환율_20230718.csv
2005-12-06,2005,12,6,JPY,858.16,-1.6,-6.46,-6.65,한국무역보험공사_환율_20230718.csv
2005-12-07,2005,12,7,JPY,856.82,-1.48,-6.42,-6.44,한국무역보험공사_환율_20230718.csv
2005-12-08,2005,12,8,JPY,854.96,-2.29,-5.35,-6.01,한국무역보험공사_환율_20230718.csv
2005-12-09,2005,12,9,JPY,859.05,-0.73,-5.19,-6.14,한국무역보험공사_환율_20230718.csv
2005-12-12,2005,12,12,JPY,855.58,-1.01,-4.98,-6.69,한국무역보험공사_환율_20230718.csv
2005-12-13,2005,12,13,JPY,862.81,0.54,-3.51,-5.83,한국무역보험공사_환율_20230718.csv
2005-12-14,2005,12,14,JPY,857.88,0.18,-3.96,-5.64,한국무역보험공사_환율_20230718.csv
2005-12-15,2005,12,15,JPY,867.14,1.05,-2.81,-3.94,한국무역보험공사_환율_20230718.csv
2005-12-16,2005,12,16,JPY,871.16,1.67,-1.96,-4.17,한국무역보험공사_환율_20230718.csv
2005-12-19,2005,12,19,JPY,879.57,2.88,-0.68,-3.07,한국무역보험공사_환율_20230718.csv
2005-12-20,2005,12,20,JPY,874.9,1.85,-1.98,-4.64,한국무역보험공사_환율_20230718.csv
2005-12-21,2005,12,21,JPY,866.85,1.32,-2.92,-6.19,한국무역보험공사_환율_20230718.csv
2005-12-22,2005,12,22,JPY,867.52,0.55,-2.47,-6.44,한국무역보험공사_환율_20230718.csv
2005-12-23,2005,12,23,JPY,872.56,1.71,-1.53,-5.9,한국무역보험공사_환율_20230718.csv
2005-12-26,2005,12,26,JPY,871.33,0.48,-1.42,-6.04,한국무역보험공사_환율_20230718.csv
2005-12-27,2005,12,27,JPY,869.18,-0.23,-0.82,-5.7,한국무역보험공사_환율_20230718.csv
2005-12-28,2005,12,28,JPY,861.85,-2.01,-1.07,-6.89,한국무역보험공사_환율_20230718.csv
2005-12-29,2005,12,29,JPY,859.57,-1.75,-1.05,-8.04,한국무역보험공사_환율_20230718.csv
2005-12-30,2005,12,30,JPY,859.9,-0.8,-1.33,-7.89,한국무역보험공사_환율_20230718.csv
2006-01-02,2006,1,2,JPY,860.04,-0.86,-1.04,-7.64,한국무역보험공사_환율_20230718.csv
2006-01-03,2006,1,3,JPY,856.34,-1.86,-1.79,-8.04,한국무역보험공사_환율_20230718.csv
2006-01-04,2006,1,4,JPY,864.85,-0.74,-1.52,-7.53,한국무역보험공사_환율_20230718.csv
2006-01-05,2006,1,5,JPY,859.51,-1.11,-1.67,-7.71,한국무역보험공사_환율_20230718.csv
2006-01-06,2006,1,6,JPY,856.84,-0.58,-1.75,-7.43,한국무역보험공사_환율_20230718.csv
2006-01-09,2006,1,9,JPY,866.7,0.83,-0.34,-7.56,한국무역보험공사_환율_20230718.csv
2006-01-10,2006,1,10,JPY,854.57,-0.62,-2.34,-9.34,한국무역보험공사_환율_20230718.csv
2006-01-11,2006,1,11,JPY,857.6,-0.28,-0.9,-8.58,한국무역보험공사_환율_20230718.csv
2006-01-12,2006,1,12,JPY,861.73,0.63,-0.3,-7.98,한국무역보험공사_환율_20230718.csv
2006-01-13,2006,1,13,JPY,851.73,-1.52,-0.75,-8.86,한국무역보험공사_환율_20230718.csv
2006-01-16,2006,1,16,JPY,861.38,0.22,0.59,-7.42,한국무역보험공사_환율_20230718.csv
2006-01-17,2006,1,17,JPY,853.27,-0.42,-0.57,-8.07,한국무역보험공사_환율_20230718.csv
2006-01-18,2006,1,18,JPY,856.21,-1.21,-0.07,-8.99,한국무역보험공사_환율_20230718.csv
2006-01-19,2006,1,19,JPY,860.7,0.72,0.67,-7.36,한국무역보험공사_환율_20230718.csv
2006-01-20,2006,1,20,JPY,853.95,-0.43,-0.59,-7.87,한국무역보험공사_환율_20230718.csv
2006-01-23,2006,1,23,JPY,857.23,-0.52,0.19,-7.61,한국무역보험공사_환율_20230718.csv
2006-01-24,2006,1,24,JPY,856.87,0.6,-0.69,-7.5,한국무역보험공사_환율_20230718.csv
2006-01-25,2006,1,25,JPY,850.85,-1.22,-0.82,-7.61,한국무역보험공사_환율_20230718.csv
2006-01-26,2006,1,26,JPY,843.94,-1.09,-2.68,-8.16,한국무역보험공사_환율_20230718.csv
2006-01-27,2006,1,27,JPY,831.55,-2.88,-4.55,-10.17,한국무역보험공사_환율_20230718.csv
2006-01-31,2006,1,31,JPY,824.94,-4.15,-6.21,-10.36,한국무역보험공사_환율_20230718.csv
2006-02-01,2006,2,1,JPY,825.57,-3.32,-5.64,-9.89,한국무역보험공사_환율_20230718.csv
2006-02-02,2006,2,2,JPY,814.04,-5.04,-6.09,-11.65,한국무역보험공사_환율_20230718.csv
2006-02-03,2006,2,3,JPY,818.0,-4.54,-5.71,-10.33,한국무역보험공사_환율_20230718.csv
2006-02-06,2006,2,6,JPY,816.93,-3.99,-6.38,-11.11,한국무역보험공사_환율_20230718.csv
2006-02-07,2006,2,7,JPY,811.95,-3.79,-6.81,-11.35,한국무역보험공사_환율_20230718.csv
2006-02-08,2006,2,8,JPY,822.4,-1.1,-5.38,-9.68,한국무역보험공사_환율_20230718.csv
2006-02-09,2006,2,9,JPY,818.25,-0.81,-5.06,-10.33,한국무역보험공사_환율_20230718.csv
2006-02-10,2006,2,10,JPY,817.75,-0.95,-4.87,-10.37,한국무역보험공사_환율_20230718.csv
2006-02-13,2006,2,13,JPY,823.9,1.21,-4.19,-10.2,한국무역보험공사_환율_20230718.csv
2006-02-14,2006,2,14,JPY,828.34,1.26,-3.69,-9.14,한국무역보험공사_환율_20230718.csv
2006-02-15,2006,2,15,JPY,828.32,1.39,-3.27,-8.88,한국무역보험공사_환율_20230718.csv
2006-02-16,2006,2,16,JPY,826.13,1.75,-4.48,-9.01,한국무역보험공사_환율_20230718.csv
2006-02-17,2006,2,17,JPY,829.78,0.9,-3.46,-9.05,한국무역보험공사_환율_20230718.csv
2006-02-20,2006,2,20,JPY,823.94,0.7,-3.84,-9.82,한국무역보험공사_환율_20230718.csv
2006-02-21,2006,2,21,JPY,817.95,0.02,-5.62,-10.65,한국무역보험공사_환율_20230718.csv
2006-02-22,2006,2,22,JPY,814.74,-1.11,-4.66,-10.22,한국무역보험공사_환율_20230718.csv
2006-02-23,2006,2,23,JPY,821.8,-0.79,-4.17,-9.43,한국무역보험공사_환율_20230718.csv
2006-02-24,2006,2,24,JPY,830.71,0.29,-3.6,-8.92,한국무역보험공사_환율_20230718.csv
2006-02-27,2006,2,27,JPY,823.9,-0.27,-3.27,-9.87,한국무역보험공사_환율_20230718.csv
2006-02-28,2006,2,28,JPY,833.8,0.48,-3.2,-8.43,한국무역보험공사_환율_20230718.csv
2006-03-02,2006,3,2,JPY,836.65,1.54,-1.95,-8.8,한국무역보험공사_환율_20230718.csv
2006-03-03,2006,3,3,JPY,836.65,2.29,-2.28,-8.62,한국무역보험공사_환율_20230718.csv
2006-03-06,2006,3,6,JPY,833.01,2.24,-3.22,-7.78,한국무역보험공사_환율_20230718.csv
2006-03-07,2006,3,7,JPY,827.57,0.7,-3.09,-8.66,한국무역보험공사_환율_20230718.csv
2006-03-08,2006,3,8,JPY,829.43,-0.15,-3.24,-7.88,한국무역보험공사_환율_20230718.csv
2006-03-09,2006,3,9,JPY,832.23,1.01,-2.88,-6.93,한국무역보험공사_환율_20230718.csv
2006-03-10,2006,3,10,JPY,829.98,-0.46,-2.45,-7.08,한국무역보험공사_환율_20230718.csv
2006-03-13,2006,3,13,JPY,826.17,-1.25,-2.11,-7.41,한국무역보험공사_환율_20230718.csv
2006-03-14,2006,3,14,JPY,827.45,-1.1,-0.49,-6.88,한국무역보험공사_환율_20230718.csv
2006-03-15,2006,3,15,JPY,831.31,-0.2,0.77,-6.13,한국무역보험공사_환율_20230718.csv
2006-03-16,2006,3,16,JPY,829.85,0.28,0.52,-7.03,한국무역보험공사_환율_20230718.csv
2006-03-17,2006,3,17,JPY,833.14,0.45,2.35,-6.7,한국무역보험공사_환율_20230718.csv
2006-03-20,2006,3,20,JPY,837.45,0.63,2.38,-5.85,한국무역보험공사_환율_20230718.csv
2006-03-21,2006,3,21,JPY,832.88,0.35,1.95,-6.01,한국무역보험공사_환율_20230718.csv
2006-03-22,2006,3,22,JPY,826.15,-0.0,1.75,-6.53,한국무역보험공사_환율_20230718.csv
2006-03-23,2006,3,23,JPY,830.31,0.35,0.96,-5.26,한국무역보험공사_환율_20230718.csv
2006-03-24,2006,3,24,JPY,825.97,-0.64,0.94,-5.19,한국무역보험공사_환율_20230718.csv
2006-03-27,2006,3,27,JPY,834.16,0.52,2.01,-3.98,한국무역보험공사_환율_20230718.csv
2006-03-28,2006,3,28,JPY,837.09,0.47,1.6,-3.95,한국무역보험공사_환율_20230718.csv
2006-03-29,2006,3,29,JPY,827.86,-1.15,-0.06,-4.75,한국무역보험공사_환율_20230718.csv
2006-03-30,2006,3,30,JPY,830.62,-0.27,0.28,-4.74,한국무역보험공사_환율_20230718.csv
2006-03-31,2006,3,31,JPY,831.72,0.67,0.68,-5.29,한국무역보험공사_환율_20230718.csv
2006-04-03,2006,4,3,JPY,827.92,-0.29,-0.22,-5.28,한국무역보험공사_환율_20230718.csv
2006-04-04,2006,4,4,JPY,824.76,-0.15,0.1,-5.43,한국무역보험공사_환율_20230718.csv
2006-04-05,2006,4,5,JPY,822.21,-1.43,0.52,-5.46,한국무역보험공사_환율_20230718.csv
2006-04-06,2006,4,6,JPY,816.42,-2.47,0.21,-6.7,한국무역보험공사_환율_20230718.csv
2006-04-07,2006,4,7,JPY,810.23,-2.13,-1.41,-6.37,한국무역보험공사_환율_20230718.csv
2006-04-10,2006,4,10,JPY,805.96,-2.97,-2.98,-6.75,한국무역보험공사_환율_20230718.csv
2006-04-11,2006,4,11,JPY,804.34,-3.29,-2.37,-6.27,한국무역보험공사_환율_20230718.csv
2006-04-12,2006,4,12,JPY,807.7,-2.44,-3.13,-5.68,한국무역보험공사_환율_20230718.csv
2006-04-13,2006,4,13,JPY,806.92,-2.16,-3.55,-5.97,한국무역보험공사_환율_20230718.csv
2006-04-14,2006,4,14,JPY,809.34,-1.57,-3.26,-5.54,한국무역보험공사_환율_20230718.csv
2006-04-17,2006,4,17,JPY,811.44,-0.61,-2.59,-5.09,한국무역보험공사_환율_20230718.csv
2006-04-18,2006,4,18,JPY,810.78,0.07,-2.03,-5.62,한국무역보험공사_환율_20230718.csv
2006-04-19,2006,4,19,JPY,814.63,1.08,-1.78,-4.79,한국무역보험공사_환율_20230718.csv
2006-04-20,2006,4,20,JPY,807.0,0.33,-3.03,-6.47,한국무역보험공사_환율_20230718.csv
2006-04-21,2006,4,21,JPY,806.83,-0.11,-2.79,-5.95,한국무역보험공사_환율_20230718.csv
2006-04-24,2006,4,24,JPY,817.54,1.32,-1.04,-5.72,한국무역보험공사_환율_20230718.csv
2006-04-25,2006,4,25,JPY,820.14,1.33,-0.88,-5.86,한국무역보험공사_환율_20230718.csv
2006-04-26,2006,4,26,JPY,819.35,0.97,-1.44,-6.85,한국무역보험공사_환율_20230718.csv
2006-04-27,2006,4,27,JPY,824.94,1.75,-0.59,-5.71,한국무역보험공사_환율_20230718.csv
2006-04-28,2006,4,28,JPY,828.29,1.68,-0.58,-4.45,한국무역보험공사_환율_20230718.csv
2006-05-02,2006,5,2,JPY,830.56,2.92,-0.82,-4.26,한국무역보험공사_환율_20230718.csv
2006-05-03,2006,5,3,JPY,831.08,3.01,-0.22,-4.75,한국무역보험공사_환율_20230718.csv
2006-05-04,2006,5,4,JPY,822.14,0.56,-0.49,-5.65,한국무역보험공사_환율_20230718.csv
2006-05-08,2006,5,8,JPY,837.77,2.15,0.9,-3.61,한국무역보험공사_환율_20230718.csv
2006-05-09,2006,5,9,JPY,832.8,1.64,0.83,-3.37,한국무역보험공사_환율_20230718.csv
2006-05-10,2006,5,10,JPY,840.59,1.9,0.77,-2.21,한국무역보험공사_환율_20230718.csv
2006-05-11,2006,5,11,JPY,840.47,1.47,0.4,-2.26,한국무역보험공사_환율_20230718.csv
2006-05-12,2006,5,12,JPY,846.7,1.94,2.28,-1.55,한국무역보험공사_환율_20230718.csv
2006-05-15,2006,5,15,JPY,851.95,2.51,2.57,-0.51,한국무역보험공사_환율_20230718.csv
2006-05-16,2006,5,16,JPY,850.63,3.47,2.27,-1.64,한국무역보험공사_환율_20230718.csv
2006-05-17,2006,5,17,JPY,862.71,2.98,4.2,0.37,한국무역보험공사_환율_20230718.csv
2006-05-18,2006,5,18,JPY,845.56,1.53,2.52,-1.32,한국무역보험공사_환율_20230718.csv
2006-05-19,2006,5,19,JPY,852.55,1.42,3.69,-1.63,한국무역보험공사_환율_20230718.csv
2006-05-22,2006,5,22,JPY,845.27,0.57,3.53,-1.09,한국무역보험공사_환율_20230718.csv
2006-05-23,2006,5,23,JPY,851.53,0.57,5.1,-0.71,한국무역보험공사_환율_20230718.csv
2006-05-24,2006,5,24,JPY,843.87,-0.95,4.7,-2.07,한국무역보험공사_환율_20230718.csv
2006-05-25,2006,5,25,JPY,841.48,-1.08,4.62,-1.2,한국무역보험공사_환율_20230718.csv
2006-05-26,2006,5,26,JPY,849.05,-1.58,5.12,-1.43,한국무역보험공사_환율_20230718.csv
2006-05-29,2006,5,29,JPY,841.27,-0.51,4.26,-1.41,한국무역보험공사_환율_20230718.csv
2006-05-30,2006,5,30,JPY,842.21,-1.21,4.06,-1.64,한국무역보험공사_환율_20230718.csv
2006-06-01,2006,6,1,JPY,841.41,-0.46,3.69,-2.24,한국무역보험공사_환율_20230718.csv
2006-06-02,2006,6,2,JPY,841.68,-1.16,3.81,-1.44,한국무역보험공사_환율_20230718.csv
2006-06-05,2006,6,5,JPY,847.82,0.47,4.07,-1.1,한국무역보험공사_환율_20230718.csv
2006-06-07,2006,6,7,JPY,833.89,-0.9,3.33,-2.68,한국무역보험공사_환율_20230718.csv
2006-06-08,2006,6,8,JPY,835.79,-1.56,3.59,-1.77,한국무역보험공사_환율_20230718.csv
2006-06-09,2006,6,9,JPY,835.03,-0.74,2.14,-1.06,한국무역보험공사_환율_20230718.csv
2006-06-12,2006,6,12,JPY,835.39,-0.81,1.86,0.46,한국무역보험공사_환율_20230718.csv
2006-06-13,2006,6,13,JPY,836.12,-0.63,2.05,1.36,한국무역보험공사_환율_20230718.csv
2006-06-14,2006,6,14,JPY,833.54,-0.97,1.04,0.97,한국무역보험공사_환율_20230718.csv
2006-06-15,2006,6,15,JPY,837.34,-1.24,1.09,2.86,한국무역보험공사_환율_20230718.csv
2006-06-16,2006,6,16,JPY,835.82,0.23,0.63,2.18,한국무역보험공사_환율_20230718.csv
2006-06-19,2006,6,19,JPY,828.23,-0.9,-0.34,1.38,한국무역보험공사_환율_20230718.csv
2006-06-20,2006,6,20,JPY,833.0,-0.24,1.32,2.59,한국무역보험공사_환율_20230718.csv
2006-06-21,2006,6,21,JPY,836.66,0.15,-0.13,1.73,한국무역보험공사_환율_20230718.csv
2006-06-22,2006,6,22,JPY,831.61,-0.54,-0.14,1.63,한국무역보험공사_환율_20230718.csv
2006-06-23,2006,6,23,JPY,821.43,-1.45,-2.28,0.45,한국무역보험공사_환율_20230718.csv
2006-06-26,2006,6,26,JPY,823.31,-1.68,-2.04,-0.07,한국무역보험공사_환율_20230718.csv
2006-06-27,2006,6,27,JPY,825.34,-1.25,-2.52,-0.36,한국무역보험공사_환율_20230718.csv
2006-06-28,2006,6,28,JPY,823.11,-0.62,-3.39,-0.63,한국무역보험공사_환율_20230718.csv
2006-06-29,2006,6,29,JPY,822.96,-1.21,-3.25,-0.38,한국무역보험공사_환율_20230718.csv
2006-06-30,2006,6,30,JPY,834.03,-0.31,-3.32,0.51,한국무역보험공사_환율_20230718.csv
2006-07-03,2006,7,3,JPY,833.38,0.21,-1.44,1.15,한국무역보험공사_환율_20230718.csv
2006-07-04,2006,7,4,JPY,823.23,0.22,-3.44,0.65,한국무역보험공사_환율_20230718.csv
2006-07-05,2006,7,5,JPY,818.09,-0.63,-3.22,0.41,한국무역보험공사_환율_20230718.csv
2006-07-06,2006,7,6,JPY,818.54,-0.82,-3.87,-0.4,한국무역보험공사_환율_20230718.csv
2006-07-07,2006,7,7,JPY,824.32,0.15,-2.32,-0.77,한국무역보험공사_환율_20230718.csv
2006-07-10,2006,7,10,JPY,830.74,0.95,-1.28,0.83,한국무역보험공사_환율_20230718.csv
2006-07-11,2006,7,11,JPY,824.15,-1.18,-2.93,-1.16,한국무역보험공사_환율_20230718.csv
2006-07-12,2006,7,12,JPY,826.37,-0.84,-1.77,-1.23,한국무역보험공사_환율_20230718.csv
2006-07-13,2006,7,13,JPY,822.33,-0.11,-2.36,-1.71,한국무역보험공사_환율_20230718.csv
2006-07-14,2006,7,14,JPY,823.63,0.68,-2.11,-1.13,한국무역보험공사_환율_20230718.csv
2006-07-18,2006,7,18,JPY,814.06,-0.55,-3.28,-1.63,한국무역보험공사_환율_20230718.csv
2006-07-19,2006,7,19,JPY,815.99,-1.01,-3.75,-1.62,한국무역보험공사_환율_20230718.csv
2006-07-20,2006,7,20,JPY,820.34,-1.25,-1.62,-1.43,한국무역보험공사_환율_20230718.csv
2006-07-21,2006,7,21,JPY,813.22,-1.33,-2.7,-2.02,한국무역보험공사_환율_20230718.csv
2006-07-24,2006,7,24,JPY,819.67,-0.81,-1.84,-0.79,한국무역보험공사_환율_20230718.csv
2006-07-25,2006,7,25,JPY,814.59,-0.94,-2.49,-1.55,한국무역보험공사_환율_20230718.csv
2006-07-26,2006,7,26,JPY,812.91,-1.3,-2.78,-2.21,한국무역보험공사_환율_20230718.csv
2006-07-27,2006,7,27,JPY,819.71,0.69,-1.66,-1.22,한국무역보험공사_환율_20230718.csv
2006-07-28,2006,7,28,JPY,822.27,0.77,-1.8,-1.3,한국무역보험공사_환율_20230718.csv
2006-07-31,2006,7,31,JPY,830.23,1.21,-0.67,-0.86,한국무역보험공사_환율_20230718.csv
2006-08-01,2006,8,1,JPY,833.01,2.43,0.58,0.02,한국무역보험공사_환율_20230718.csv
2006-08-02,2006,8,2,JPY,835.14,1.89,0.26,1.09,한국무역보험공사_환율_20230718.csv
2006-08-03,2006,8,3,JPY,837.43,2.8,0.09,0.86,한국무역보험공사_환율_20230718.csv
2006-08-04,2006,8,4,JPY,839.02,3.21,0.89,1.58,한국무역보험공사_환율_20230718.csv
2006-08-07,2006,8,7,JPY,844.67,3.04,2.83,1.26,한국무역보험공사_환율_20230718.csv
2006-08-08,2006,8,8,JPY,835.29,1.58,1.46,-0.22,한국무역보험공사_환율_20230718.csv
2006-08-09,2006,8,9,JPY,833.68,0.42,1.01,0.7,한국무역보험공사_환율_20230718.csv
2006-08-10,2006,8,10,JPY,834.95,0.23,1.44,0.52,한국무역보험공사_환율_20230718.csv
2006-08-11,2006,8,11,JPY,831.53,-0.43,1.04,-0.02,한국무역보험공사_환율_20230718.csv
2006-08-14,2006,8,14,JPY,824.87,-1.5,-1.1,-0.37,한국무역보험공사_환율_20230718.csv
2006-08-16,2006,8,16,JPY,832.28,-0.8,-0.13,0.91,한국무역보험공사_환율_20230718.csv
2006-08-17,2006,8,17,JPY,832.87,-1.4,1.17,1.3,한국무역보험공사_환율_20230718.csv
2006-08-18,2006,8,18,JPY,829.3,-0.72,1.37,1.58,한국무역보험공사_환율_20230718.csv
2006-08-21,2006,8,21,JPY,830.95,-0.33,1.52,2.56,한국무역보험공사_환율_20230718.csv
2006-08-22,2006,8,22,JPY,825.42,-1.14,0.13,2.41,한국무역보험공사_환율_20230718.csv
2006-08-23,2006,8,23,JPY,821.76,-1.17,-1.08,2.17,한국무역보험공사_환율_20230718.csv
2006-08-24,2006,8,24,JPY,822.21,-0.32,-0.24,1.8,한국무역보험공사_환율_20230718.csv
2006-08-25,2006,8,25,JPY,822.77,-1.14,-0.44,1.96,한국무역보험공사_환율_20230718.csv
2006-08-28,2006,8,28,JPY,819.22,-1.64,-0.38,1.22,한국무역보험공사_환율_20230718.csv
2006-08-29,2006,8,29,JPY,822.84,-0.78,-0.1,1.4,한국무역보험공사_환율_20230718.csv
2006-08-30,2006,8,30,JPY,824.04,-0.83,1.23,1.64,한국무역보험공사_환율_20230718.csv
2006-08-31,2006,8,31,JPY,820.28,-0.62,0.53,0.69,한국무역보험공사_환율_20230718.csv
2006-09-01,2006,9,1,JPY,819.1,-0.32,-0.15,1.5,한국무역보험공사_환율_20230718.csv
2006-09-04,2006,9,4,JPY,821.56,-0.08,1.03,1.83,한국무역보험공사_환율_20230718.csv
2006-09-05,2006,9,5,JPY,825.09,0.28,0.66,0.92,한국무역보험공사_환율_20230718.csv
2006-09-06,2006,9,6,JPY,823.39,0.51,1.08,0.4,한국무역보험공사_환율_20230718.csv
2006-09-07,2006,9,7,JPY,820.74,-0.26,0.96,0.17,한국무역보험공사_환율_20230718.csv
2006-09-08,2006,9,8,JPY,821.6,-0.3,0.23,-0.4,한국무역보험공사_환율_20230718.csv
2006-09-11,2006,9,11,JPY,816.9,-0.41,-0.65,-1.38,한국무역보험공사_환율_20230718.csv
2006-09-12,2006,9,12,JPY,813.95,-0.63,-1.96,-2.0,한국무역보험공사_환율_20230718.csv
2006-09-13,2006,9,13,JPY,814.21,-0.89,-2.26,-2.03,한국무역보험공사_환율_20230718.csv
2006-09-14,2006,9,14,JPY,816.75,-1.01,-2.2,-0.66,한국무역보험공사_환율_20230718.csv
2006-09-15,2006,9,15,JPY,813.2,-1.24,-2.89,-2.93,한국무역보험공사_환율_20230718.csv
2006-09-18,2006,9,18,JPY,811.98,-1.07,-3.22,-2.5,한국무역보험공사_환율_20230718.csv
2006-09-19,2006,9,19,JPY,812.9,-1.06,-3.76,-3.29,한국무역보험공사_환율_20230718.csv
2006-09-20,2006,9,20,JPY,811.58,-0.65,-2.84,-3.44,한국무역보험공사_환율_20230718.csv
2006-09-21,2006,9,21,JPY,810.61,-0.41,-2.77,-4.26,한국무역보험공사_환율_20230718.csv
2006-09-22,2006,9,22,JPY,813.19,-0.13,-2.61,-4.55,한국무역보험공사_환율_20230718.csv
2006-09-25,2006,9,25,JPY,810.23,-0.8,-2.56,-4.75,한국무역보험공사_환율_20230718.csv
2006-09-26,2006,9,26,JPY,810.81,-0.29,-1.7,-6.02,한국무역보험공사_환율_20230718.csv
2006-09-27,2006,9,27,JPY,805.95,-0.74,-3.16,-4.68,한국무역보험공사_환율_20230718.csv
2006-09-28,2006,9,28,JPY,803.92,-1.1,-3.48,-5.7,한국무역보험공사_환율_20230718.csv
2006-09-29,2006,9,29,JPY,802.21,-1.15,-3.27,-5.09,한국무역보험공사_환율_20230718.csv
2006-10-02,2006,10,2,JPY,800.17,-1.29,-3.7,-6.03,한국무역보험공사_환율_20230718.csv
2006-10-04,2006,10,4,JPY,802.2,-1.35,-2.81,-4.94,한국무역보험공사_환율_20230718.csv
2006-10-09,2006,10,9,JPY,797.04,-1.63,-3.01,-5.28,한국무역보험공사_환율_20230718.csv
2006-10-10,2006,10,10,JPY,805.0,-0.72,-2.09,-5.19,한국무역보험공사_환율_20230718.csv
2006-10-11,2006,10,11,JPY,801.97,-0.49,-2.53,-4.67,한국무역보험공사_환율_20230718.csv
2006-10-12,2006,10,12,JPY,802.5,-0.18,-2.04,-4.71,한국무역보험공사_환율_20230718.csv
2006-10-13,2006,10,13,JPY,803.92,0.21,-2.3,-4.46,한국무역보험공사_환율_20230718.csv
2006-10-16,2006,10,16,JPY,796.98,-0.4,-3.28,-5.31,한국무역보험공사_환율_20230718.csv
2006-10-17,2006,10,17,JPY,802.99,0.1,-2.11,-5.29,한국무역보험공사_환율_20230718.csv
2006-10-18,2006,10,18,JPY,804.74,0.97,-1.75,-3.5,한국무역보험공사_환율_20230718.csv
2006-10-19,2006,10,19,JPY,802.08,-0.36,-2.37,-4.03,한국무역보험공사_환율_20230718.csv
2006-10-20,2006,10,20,JPY,809.22,0.9,-1.92,-3.09,한국무역보험공사_환율_20230718.csv
2006-10-23,2006,10,23,JPY,807.32,0.6,-1.95,-3.36,한국무역보험공사_환율_20230718.csv
2006-10-24,2006,10,24,JPY,803.4,-0.06,-2.11,-3.91,한국무역보험공사_환율_20230718.csv
2006-10-25,2006,10,25,JPY,803.84,0.86,-2.16,-3.56,한국무역보험공사_환율_20230718.csv
2006-10-26,2006,10,26,JPY,803.8,0.1,-1.6,-4.01,한국무역보험공사_환율_20230718.csv
2006-10-27,2006,10,27,JPY,803.61,-0.14,-1.27,-3.85,한국무역보험공사_환율_20230718.csv
2006-10-30,2006,10,30,JPY,805.61,0.44,-1.06,-2.73,한국무역보험공사_환율_20230718.csv
2006-10-31,2006,10,31,JPY,803.47,-0.71,-1.63,-3.55,한국무역보험공사_환율_20230718.csv
2006-11-01,2006,11,1,JPY,808.2,0.11,-0.61,-3.4,한국무역보험공사_환율_20230718.csv
2006-11-02,2006,11,2,JPY,801.37,-0.25,-1.31,-3.64,한국무역보험공사_환율_20230718.csv
2006-11-03,2006,11,3,JPY,801.11,-0.34,-1.45,-2.47,한국무역보험공사_환율_20230718.csv
2006-11-06,2006,11,6,JPY,794.86,-1.11,-2.06,-3.46,한국무역보험공사_환율_20230718.csv
2006-11-07,2006,11,7,JPY,796.14,-0.93,-1.79,-3.54,한국무역보험공사_환율_20230718.csv
2006-11-08,2006,11,8,JPY,799.68,-0.74,-1.66,-2.85,한국무역보험공사_환율_20230718.csv
2006-11-09,2006,11,9,JPY,794.09,-1.17,-1.99,-3.51,한국무역보험공사_환율_20230718.csv
2006-11-10,2006,11,10,JPY,795.13,-1.62,-1.93,-4.66,한국무역보험공사_환율_20230718.csv
2006-11-13,2006,11,13,JPY,795.78,-0.7,-1.26,-4.51,한국무역보험공사_환율_20230718.csv
2006-11-14,2006,11,14,JPY,790.24,-1.36,-1.7,-4.01,한국무역보험공사_환율_20230718.csv
2006-11-15,2006,11,15,JPY,797.43,0.32,-0.6,-2.53,한국무역보험공사_환율_20230718.csv
2006-11-16,2006,11,16,JPY,796.73,0.07,-0.43,-2.66,한국무역보험공사_환율_20230718.csv
2006-11-17,2006,11,17,JPY,794.86,-0.6,-0.91,-3.57,한국무역보험공사_환율_20230718.csv
2006-11-20,2006,11,20,JPY,796.49,0.3,-0.07,-4.12,한국무역보험공사_환율_20230718.csv
2006-11-21,2006,11,21,JPY,791.72,-0.43,-1.65,-3.93,한국무역보험공사_환율_20230718.csv
2006-11-22,2006,11,22,JPY,794.26,-0.19,-0.96,-3.89,한국무역보험공사_환율_20230718.csv
2006-11-23,2006,11,23,JPY,800.38,1.28,-0.26,-2.67,한국무역보험공사_환율_20230718.csv
2006-11-24,2006,11,24,JPY,800.14,0.34,-0.47,-2.85,한국무역보험공사_환율_20230718.csv
2006-11-27,2006,11,27,JPY,807.38,1.34,1.3,-0.82,한국무역보험공사_환율_20230718.csv
2006-11-28,2006,11,28,JPY,800.83,0.75,-0.27,-1.86,한국무역보험공사_환율_20230718.csv
2006-11-29,2006,11,29,JPY,800.91,0.55,-0.48,-2.37,한국무역보험공사_환율_20230718.csv
2006-11-30,2006,11,30,JPY,798.99,0.92,-0.39,-1.75,한국무역보험공사_환율_20230718.csv
2006-12-01,2006,12,1,JPY,804.29,1.26,-0.61,-1.88,한국무역보험공사_환율_20230718.csv
2006-12-04,2006,12,4,JPY,805.97,0.7,-0.17,-1.06,한국무역보험공사_환율_20230718.csv
2006-12-05,2006,12,5,JPY,804.11,0.5,0.09,-1.08,한국무역보험공사_환율_20230718.csv
2006-12-06,2006,12,6,JPY,806.12,-0.16,0.28,-1.66,한국무역보험공사_환율_20230718.csv
2006-12-07,2006,12,7,JPY,797.99,-0.35,-0.72,-2.95,한국무역보험공사_환율_20230718.csv
2006-12-08,2006,12,8,JPY,796.22,-0.59,-0.92,-4.1,한국무역보험공사_환율_20230718.csv
2006-12-11,2006,12,11,JPY,791.62,-0.92,-1.74,-4.97,한국무역보험공사_환율_20230718.csv
2006-12-12,2006,12,12,JPY,792.94,-1.41,-1.31,-5.05,한국무역보험공사_환율_20230718.csv
2006-12-13,2006,12,13,JPY,791.54,-1.79,-2.06,-5.48,한국무역보험공사_환율_20230718.csv
2006-12-14,2006,12,14,JPY,785.29,-2.34,-2.01,-6.4,한국무역보험공사_환율_20230718.csv
2006-12-15,2006,12,15,JPY,783.47,-2.81,-2.2,-7.25,한국무역보험공사_환율_20230718.csv
2006-12-18,2006,12,18,JPY,781.15,-2.11,-1.72,-6.48,한국무역보험공사_환율_20230718.csv
2006-12-19,2006,12,19,JPY,782.16,-1.77,-1.76,-6.18,한국무역보험공사_환율_20230718.csv
2006-12-20,2006,12,20,JPY,787.5,-0.52,-1.52,-5.68,한국무역보험공사_환율_20230718.csv
2006-12-21,2006,12,21,JPY,783.28,-1.22,-1.36,-5.8,한국무역보험공사_환율_20230718.csv
2006-12-22,2006,12,22,JPY,783.39,-1.03,-1.48,-5.03,한국무역보험공사_환율_20230718.csv
2006-12-26,2006,12,26,JPY,781.46,-0.49,-1.8,-6.11,한국무역보험공사_환율_20230718.csv
2006-12-27,2006,12,27,JPY,780.58,-0.37,-1.22,-6.28,한국무역보험공사_환율_20230718.csv
2006-12-28,2006,12,28,JPY,783.76,0.33,-1.71,-5.49,한국무역보험공사_환율_20230718.csv
2006-12-29,2006,12,29,JPY,781.83,-0.04,-1.87,-5.91,한국무역보험공사_환율_20230718.csv
2007-01-02,2007,1,2,JPY,781.54,-0.76,-1.68,-5.32,한국무역보험공사_환율_20230718.csv
2007-01-03,2007,1,3,JPY,779.26,-0.51,-2.16,-5.17,한국무역보험공사_환율_20230718.csv
2007-01-04,2007,1,4,JPY,775.73,-0.98,-2.02,-5.65,한국무역보험공사_환율_20230718.csv
2007-01-05,2007,1,5,JPY,782.98,0.19,-1.42,-4.84,한국무역보험공사_환율_20230718.csv
2007-01-08,2007,1,8,JPY,785.91,0.68,-1.81,-4.07,한국무역보험공사_환율_20230718.csv
2007-01-09,2007,1,9,JPY,788.94,0.66,-1.4,-4.12,한국무역보험공사_환율_20230718.csv
2007-01-10,2007,1,10,JPY,784.95,0.4,-2.78,-4.74,한국무역보험공사_환율_20230718.csv
2007-01-11,2007,1,11,JPY,785.56,0.51,-1.91,-4.23,한국무역보험공사_환율_20230718.csv
2007-01-12,2007,1,12,JPY,779.66,0.05,-2.65,-4.82,한국무역보험공사_환율_20230718.csv
2007-01-15,2007,1,15,JPY,781.44,0.74,-2.2,-4.88,한국무역보험공사_환율_20230718.csv
2007-01-16,2007,1,16,JPY,779.02,-0.51,-3.14,-5.58,한국무역보험공사_환율_20230718.csv
2007-01-17,2007,1,17,JPY,775.44,-1.33,-3.79,-5.82,한국무역보험공사_환율_20230718.csv
2007-01-18,2007,1,18,JPY,776.93,-1.52,-3.38,-5.34,한국무역보험공사_환율_20230718.csv
2007-01-19,2007,1,19,JPY,772.63,-1.57,-4.15,-5.96,한국무역보험공사_환율_20230718.csv
2007-01-22,2007,1,22,JPY,773.34,-1.56,-3.09,-5.33,한국무역보험공사_환율_20230718.csv
2007-01-23,2007,1,23,JPY,771.39,-1.06,-3.12,-5.23,한국무역보험공사_환율_20230718.csv
2007-01-24,2007,1,24,JPY,773.8,-0.98,-2.25,-4.96,한국무역보험공사_환율_20230718.csv
2007-01-25,2007,1,25,JPY,774.44,-0.59,-2.33,-5.18,한국무역보험공사_환율_20230718.csv
2007-01-26,2007,1,26,JPY,772.17,-0.42,-2.45,-5.05,한국무역보험공사_환율_20230718.csv
2007-01-29,2007,1,29,JPY,773.85,-0.4,-1.46,-4.7,한국무역보험공사_환율_20230718.csv
2007-01-30,2007,1,30,JPY,772.56,-0.01,-1.39,-4.96,한국무역보험공사_환율_20230718.csv
2007-01-31,2007,1,31,JPY,773.1,-0.03,-1.03,-4.74,한국무역보험공사_환율_20230718.csv
2007-02-01,2007,2,1,JPY,779.61,1.07,-0.33,-3.82,한국무역보험공사_환율_20230718.csv
2007-02-02,2007,2,2,JPY,776.6,0.36,-1.38,-4.5,한국무역보험공사_환율_20230718.csv
2007-02-05,2007,2,5,JPY,774.49,0.01,-1.12,-4.41,한국무역보험공사_환율_20230718.csv
2007-02-06,2007,2,6,JPY,779.27,0.92,-0.53,-3.89,한국무역보험공사_환율_20230718.csv
2007-02-07,2007,2,7,JPY,777.27,0.44,-0.54,-3.56,한국무역보험공사_환율_20230718.csv
2007-02-08,2007,2,8,JPY,772.78,0.03,-1.0,-3.87,한국무역보험공사_환율_20230718.csv
2007-02-09,2007,2,9,JPY,771.87,-0.16,-1.52,-3.78,한국무역보험공사_환율_20230718.csv
2007-02-12,2007,2,12,JPY,766.2,-1.72,-2.0,-4.25,한국무역보험공사_환율_20230718.csv
2007-02-13,2007,2,13,JPY,768.9,-0.99,-1.62,-4.15,한국무역보험공사_환율_20230718.csv
2007-02-14,2007,2,14,JPY,773.44,-0.14,-0.75,-2.96,한국무역보험공사_환율_20230718.csv
2007-02-15,2007,2,15,JPY,776.93,-0.3,0.15,-3.49,한국무역보험공사_환율_20230718.csv
2007-02-16,2007,2,16,JPY,783.91,0.85,0.12,-2.25,한국무역보험공사_환율_20230718.csv
2007-02-20,2007,2,20,JPY,781.74,1.16,-0.53,-2.59,한국무역보험공사_환율_20230718.csv
2007-02-21,2007,2,21,JPY,781.62,1.26,-0.93,-2.77,한국무역보험공사_환율_20230718.csv
2007-02-22,2007,2,22,JPY,776.35,1.32,-1.1,-2.59,한국무역보험공사_환율_20230718.csv
2007-02-23,2007,2,23,JPY,772.96,0.53,-1.6,-3.74,한국무역보험공사_환율_20230718.csv
2007-02-26,2007,2,26,JPY,775.45,0.26,-0.54,-3.64,한국무역보험공사_환율_20230718.csv
2007-02-27,2007,2,27,JPY,776.39,-0.07,-0.65,-3.2,한국무역보험공사_환율_20230718.csv
2007-02-28,2007,2,28,JPY,793.89,1.27,1.91,-1.89,한국무역보험공사_환율_20230718.csv
2007-03-01,2007,3,1,JPY,793.89,1.55,2.38,-1.66,한국무역보험공사_환율_20230718.csv
2007-03-02,2007,3,2,JPY,799.27,2.26,2.88,-0.51,한국무역보험공사_환율_20230718.csv
2007-03-05,2007,3,5,JPY,808.93,4.2,4.7,0.63,한국무역보험공사_환율_20230718.csv
2007-03-06,2007,3,6,JPY,823.47,6.53,6.48,2.45,한국무역보험공사_환율_20230718.csv
2007-03-07,2007,3,7,JPY,811.54,4.65,5.2,0.99,한국무역보험공사_환율_20230718.csv
2007-03-08,2007,3,8,JPY,818.71,5.45,5.8,1.63,한국무역보험공사_환율_20230718.csv
2007-03-09,2007,3,9,JPY,809.29,1.94,4.5,0.72,한국무역보험공사_환율_20230718.csv
2007-03-12,2007,3,12,JPY,799.66,0.73,3.56,-1.06,한국무역보험공사_환율_20230718.csv
2007-03-13,2007,3,13,JPY,802.99,0.47,3.77,0.2,한국무역보험공사_환율_20230718.csv
2007-03-14,2007,3,14,JPY,815.33,0.79,5.54,1.78,한국무역보험공사_환율_20230718.csv
2007-03-15,2007,3,15,JPY,806.71,-2.04,4.35,1.49,한국무역보험공사_환율_20230718.csv
2007-03-16,2007,3,16,JPY,804.7,-0.84,3.22,1.08,한국무역보험공사_환율_20230718.csv
2007-03-19,2007,3,19,JPY,812.62,-0.74,4.64,1.62,한국무역보험공사_환율_20230718.csv
2007-03-20,2007,3,20,JPY,802.88,-0.79,3.67,1.11,한국무역보험공사_환율_20230718.csv
2007-03-21,2007,3,21,JPY,803.51,0.48,3.11,1.05,한국무역보험공사_환율_20230718.csv
2007-03-22,2007,3,22,JPY,798.84,-0.52,2.78,0.38,한국무역보험공사_환율_20230718.csv
2007-03-23,2007,3,23,JPY,793.51,-2.68,2.68,0.41,한국무역보험공사_환율_20230718.csv
2007-03-26,2007,3,26,JPY,795.1,-1.44,3.01,-0.29,한국무역보험공사_환율_20230718.csv
2007-03-27,2007,3,27,JPY,793.91,-1.34,3.62,-0.35,한국무역보험공사_환율_20230718.csv
2007-03-28,2007,3,28,JPY,798.17,-1.78,3.81,0.42,한국무역보험공사_환율_20230718.csv
2007-03-29,2007,3,29,JPY,805.05,0.27,4.09,1.07,한국무역보험공사_환율_20230718.csv
2007-03-30,2007,3,30,JPY,797.0,-0.81,2.58,0.67,한국무역보험공사_환율_20230718.csv
2007-04-02,2007,4,2,JPY,798.88,0.01,1.91,0.58,한국무역보험공사_환율_20230718.csv
2007-04-03,2007,4,3,JPY,797.15,0.46,1.97,-0.4,한국무역보험공사_환율_20230718.csv
2007-04-04,2007,4,4,JPY,788.65,-0.81,0.9,-1.44,한국무역보험공사_환율_20230718.csv
2007-04-05,2007,4,5,JPY,788.34,-0.7,1.54,-2.36,한국무역보험공사_환율_20230718.csv
2007-04-06,2007,4,6,JPY,787.5,-1.34,1.88,-1.66,한국무역보험공사_환율_20230718.csv
2007-04-09,2007,4,9,JPY,780.32,-3.07,0.63,-2.57,한국무역보험공사_환율_20230718.csv
2007-04-10,2007,4,10,JPY,782.18,-1.86,0.75,-2.1,한국무역보험공사_환율_20230718.csv
2007-04-11,2007,4,11,JPY,783.27,-1.95,-1.34,-2.61,한국무역보험공사_환율_20230718.csv
2007-04-12,2007,4,12,JPY,782.63,-1.82,-1.42,-2.9,한국무역보험공사_환율_20230718.csv
2007-04-13,2007,4,13,JPY,782.53,-0.78,-2.09,-2.68,한국무역보험공사_환율_20230718.csv
2007-04-16,2007,4,16,JPY,778.88,-1.2,-3.71,-3.38,한국무역보험공사_환율_20230718.csv
2007-04-17,2007,4,17,JPY,775.77,-1.49,-5.79,-2.78,한국무역보험공사_환율_20230718.csv
2007-04-18,2007,4,18,JPY,781.7,0.18,-3.68,-1.82,한국무역보험공사_환율_20230718.csv
2007-04-19,2007,4,19,JPY,783.85,0.21,-4.26,-0.98,한국무역보험공사_환율_20230718.csv
2007-04-20,2007,4,20,JPY,783.59,0.04,-3.18,-1.18,한국무역보험공사_환율_20230718.csv
2007-04-23,2007,4,23,JPY,781.82,-0.1,-2.23,-1.23,한국무역보험공사_환율_20230718.csv
2007-04-24,2007,4,24,JPY,781.45,-0.14,-2.68,-0.49,한국무역보험공사_환율_20230718.csv
2007-04-25,2007,4,25,JPY,782.04,0.41,-4.08,-0.18,한국무역보험공사_환율_20230718.csv
2007-04-26,2007,4,26,JPY,780.96,0.67,-3.19,-0.02,한국무역보험공사_환율_20230718.csv
2007-04-27,2007,4,27,JPY,776.89,-0.62,-3.46,-0.67,한국무역보험공사_환율_20230718.csv
2007-04-30,2007,4,30,JPY,778.33,-0.7,-4.22,-1.16,한국무역보험공사_환율_20230718.csv
2007-05-02,2007,5,2,JPY,776.79,-0.87,-3.25,-0.83,한국무역보험공사_환율_20230718.csv
2007-05-03,2007,5,3,JPY,774.45,-0.94,-3.62,-1.14,한국무역보험공사_환율_20230718.csv
2007-05-04,2007,5,4,JPY,771.86,-1.23,-3.38,-1.23,한국무역보험공사_환율_20230718.csv
2007-05-07,2007,5,7,JPY,772.66,-1.2,-2.63,-1.01,한국무역보험공사_환율_20230718.csv
2007-05-08,2007,5,8,JPY,769.44,-1.48,-3.23,-1.83,한국무역보험공사_환율_20230718.csv
2007-05-09,2007,5,9,JPY,769.51,-0.95,-3.07,-1.58,한국무역보험공사_환율_20230718.csv
2007-05-10,2007,5,10,JPY,769.55,-1.13,-3.59,-1.53,한국무역보험공사_환율_20230718.csv
2007-05-11,2007,5,11,JPY,772.44,-0.56,-4.05,-0.88,한국무역보험공사_환율_20230718.csv
2007-05-14,2007,5,14,JPY,771.22,-0.42,-3.23,-0.58,한국무역보험공사_환율_20230718.csv
2007-05-15,2007,5,15,JPY,768.41,-0.45,-3.81,-1.86,한국무역보험공사_환율_20230718.csv
2007-05-16,2007,5,16,JPY,768.99,-0.47,-3.53,-2.15,한국무역보험공사_환율_20230718.csv
2007-05-17,2007,5,17,JPY,765.34,-0.53,-2.96,-2.99,한국무역보험공사_환율_20230718.csv
2007-05-18,2007,5,18,JPY,763.35,-0.8,-3.17,-2.75,한국무역보험공사_환율_20230718.csv
2007-05-21,2007,5,21,JPY,769.69,0.02,-2.26,-2.02,한국무역보험공사_환율_20230718.csv
2007-05-22,2007,5,22,JPY,766.66,-0.75,-1.75,-1.67,한국무역보험공사_환율_20230718.csv
2007-05-23,2007,5,23,JPY,764.15,-0.92,-2.31,-2.21,한국무역보험공사_환율_20230718.csv
2007-05-25,2007,5,25,JPY,767.71,-0.09,-1.99,-1.45,한국무역보험공사_환율_20230718.csv
2007-05-28,2007,5,28,JPY,764.97,-0.52,-2.26,-1.35,한국무역보험공사_환율_20230718.csv
2007-05-29,2007,5,29,JPY,763.77,-0.21,-2.4,-1.69,한국무역보험공사_환율_20230718.csv
2007-05-30,2007,5,30,JPY,763.32,-0.0,-2.0,-1.2,한국무역보험공사_환율_20230718.csv
2007-05-31,2007,5,31,JPY,764.75,-0.64,-1.42,-1.11,한국무역보험공사_환율_20230718.csv
2007-06-01,2007,6,1,JPY,762.32,-0.57,-2.48,-1.18,한국무역보험공사_환율_20230718.csv
2007-06-04,2007,6,4,JPY,759.88,-0.56,-3.06,-1.8,한국무역보험공사_환율_20230718.csv
2007-06-05,2007,6,5,JPY,762.85,-0.63,-2.65,-1.5,한국무역보험공사_환율_20230718.csv
2007-06-07,2007,6,7,JPY,766.36,0.18,-1.98,-0.75,한국무역보험공사_환율_20230718.csv
2007-06-08,2007,6,8,JPY,766.97,0.42,-1.85,-0.89,한국무역보험공사_환율_20230718.csv
2007-06-11,2007,6,11,JPY,764.51,0.16,-2.24,-1.04,한국무역보험공사_환율_20230718.csv
2007-06-12,2007,6,12,JPY,765.38,0.08,-1.99,-1.0,한국무역보험공사_환율_20230718.csv
2007-06-13,2007,6,13,JPY,764.96,0.35,-1.54,-1.88,한국무역보험공사_환율_20230718.csv
2007-06-14,2007,6,14,JPY,759.89,0.0,-2.37,-2.15,한국무역보험공사_환율_20230718.csv
2007-06-15,2007,6,15,JPY,755.9,-0.91,-2.69,-2.4,한국무역보험공사_환율_20230718.csv
2007-06-18,2007,6,18,JPY,752.69,-1.78,-2.81,-3.41,한국무역보험공사_환율_20230718.csv
2007-06-19,2007,6,19,JPY,750.23,-2.18,-2.8,-3.48,한국무역보험공사_환율_20230718.csv
2007-06-20,2007,6,20,JPY,751.79,-1.66,-2.7,-2.72,한국무역보험공사_환율_20230718.csv
2007-06-21,2007,6,21,JPY,750.14,-1.99,-2.51,-2.82,한국무역보험공사_환율_20230718.csv
2007-06-22,2007,6,22,JPY,749.3,-2.05,-2.63,-2.21,한국무역보험공사_환율_20230718.csv
2007-06-25,2007,6,25,JPY,749.11,-1.42,-2.66,-2.57,한국무역보험공사_환율_20230718.csv
2007-06-26,2007,6,26,JPY,749.77,-0.81,-2.93,-3.06,한국무역보험공사_환율_20230718.csv
2007-06-27,2007,6,27,JPY,753.02,0.04,-2.36,-3.08,한국무역보험공사_환율_20230718.csv
2007-06-28,2007,6,28,JPY,753.56,0.44,-1.93,-3.87,한국무역보험공사_환율_20230718.csv
2007-06-29,2007,6,29,JPY,752.43,0.09,-2.15,-3.75,한국무역보험공사_환율_20230718.csv
2007-07-02,2007,7,2,JPY,752.14,0.27,-1.72,-3.77,한국무역보험공사_환율_20230718.csv
2007-07-03,2007,7,3,JPY,754.18,0.65,-1.2,-2.86,한국무역보험공사_환율_20230718.csv
2007-07-04,2007,7,4,JPY,749.77,0.09,-2.59,-3.0,한국무역보험공사_환율_20230718.csv
2007-07-05,2007,7,5,JPY,749.81,0.01,-2.2,-3.31,한국무역보험공사_환율_20230718.csv
2007-07-06,2007,7,6,JPY,749.11,-0.52,-1.97,-3.51,한국무역보험공사_환율_20230718.csv
2007-07-09,2007,7,9,JPY,746.15,-0.98,-2.81,-6.01,한국무역보험공사_환율_20230718.csv
2007-07-10,2007,7,10,JPY,746.2,-0.83,-2.45,-6.01,한국무역보험공사_환율_20230718.csv
2007-07-11,2007,7,11,JPY,756.66,0.6,-0.93,-5.33,한국무역보험공사_환율_20230718.csv
2007-07-12,2007,7,12,JPY,751.99,-0.29,-1.48,-7.04,한국무역보험공사_환율_20230718.csv
2007-07-13,2007,7,13,JPY,749.72,-0.01,-1.97,-8.96,한국무역보험공사_환율_20230718.csv
2007-07-16,2007,7,16,JPY,750.82,0.13,-1.51,-7.48,한국무역보험공사_환율_20230718.csv
2007-07-18,2007,7,18,JPY,751.63,0.34,-1.09,-8.19,한국무역보험공사_환율_20230718.csv
2007-07-19,2007,7,19,JPY,752.39,0.84,-1.37,-7.03,한국무역보험공사_환율_20230718.csv
2007-07-20,2007,7,20,JPY,749.9,0.5,-2.15,-6.22,한국무역보험공사_환율_20230718.csv
2007-07-23,2007,7,23,JPY,754.19,-0.33,-1.67,-6.08,한국무역보험공사_환율_20230718.csv
2007-07-24,2007,7,24,JPY,756.55,0.61,-1.04,-7.21,한국무역보험공사_환율_20230718.csv
2007-07-25,2007,7,25,JPY,760.1,1.38,-0.69,-5.78,한국무역보험공사_환율_20230718.csv
2007-07-26,2007,7,26,JPY,758.66,1.04,-0.82,-5.72,한국무역보험공사_환율_20230718.csv
2007-07-27,2007,7,27,JPY,773.45,2.9,1.78,-4.82,한국무역보험공사_환율_20230718.csv
2007-07-30,2007,7,30,JPY,779.05,3.54,3.06,-2.97,한국무역보험공사_환율_20230718.csv
2007-07-31,2007,7,31,JPY,774.56,3.29,2.91,-3.6,한국무역보험공사_환율_20230718.csv
2007-08-01,2007,8,1,JPY,776.99,3.02,3.57,-2.74,한국무역보험공사_환율_20230718.csv
2007-08-02,2007,8,2,JPY,775.31,2.48,3.13,-2.29,한국무역보험공사_환율_20230718.csv
2007-08-03,2007,8,3,JPY,775.44,2.02,3.37,-2.47,한국무역보험공사_환율_20230718.csv
2007-08-06,2007,8,6,JPY,784.9,3.46,4.75,-1.13,한국무역보험공사_환율_20230718.csv
2007-08-07,2007,8,7,JPY,778.77,0.69,3.96,-2.43,한국무역보험공사_환율_20230718.csv
2007-08-08,2007,8,8,JPY,776.17,-0.37,3.52,-3.59,한국무역보험공사_환율_20230718.csv
2007-08-09,2007,8,9,JPY,771.83,-0.35,2.5,-3.16,한국무역보험공사_환율_20230718.csv
2007-08-10,2007,8,10,JPY,779.91,0.38,3.5,-2.37,한국무역보험공사_환율_20230718.csv
2007-08-13,2007,8,13,JPY,786.18,1.4,4.49,-1.38,한국무역보험공사_환율_20230718.csv
2007-08-14,2007,8,14,JPY,785.64,1.32,4.45,-0.38,한국무역보험공사_환율_20230718.csv
2007-08-16,2007,8,16,JPY,800.46,1.98,6.14,1.54,한국무역보험공사_환율_20230718.csv
2007-08-17,2007,8,17,JPY,829.69,6.54,10.66,5.36,한국무역보험공사_환율_20230718.csv
2007-08-20,2007,8,20,JPY,832.96,7.32,11.09,6.75,한국무역보험공사_환율_20230718.csv
2007-08-21,2007,8,21,JPY,823.04,6.63,9.87,5.22,한국무역보험공사_환율_20230718.csv
2007-08-22,2007,8,22,JPY,826.53,5.98,10.77,5.52,한국무역보험공사_환율_20230718.csv
2007-08-23,2007,8,23,JPY,815.85,3.77,9.33,4.24,한국무역보험공사_환율_20230718.csv
2007-08-24,2007,8,24,JPY,811.34,3.27,7.23,3.68,한국무역보험공사_환율_20230718.csv
2007-08-27,2007,8,27,JPY,807.09,0.83,7.33,3.62,한국무역보험공사_환율_20230718.csv
2007-08-28,2007,8,28,JPY,810.94,-2.26,8.17,4.53,한국무역보험공사_환율_20230718.csv
2007-08-29,2007,8,29,JPY,822.8,-1.22,9.59,5.26,한국무역보험공사_환율_20230718.csv
2007-08-30,2007,8,30,JPY,814.79,-1.0,8.4,3.95,한국무역보험공사_환율_20230718.csv
2007-08-31,2007,8,31,JPY,809.91,-2.01,7.64,3.36,한국무역보험공사_환율_20230718.csv
2007-09-03,2007,9,3,JPY,810.57,-0.65,8.09,3.68,한국무역보험공사_환율_20230718.csv
2007-09-04,2007,9,4,JPY,809.72,-0.2,7.36,3.62,한국무역보험공사_환율_20230718.csv
2007-09-05,2007,9,5,JPY,806.4,-0.09,6.59,3.11,한국무역보험공사_환율_20230718.csv
2007-09-06,2007,9,6,JPY,814.77,0.47,7.19,4.33,한국무역보험공사_환율_20230718.csv
2007-09-07,2007,9,7,JPY,813.25,-1.16,7.2,4.68,한국무역보험공사_환율_20230718.csv
2007-09-10,2007,9,10,JPY,830.83,1.97,7.42,6.75,한국무역보험공사_환율_20230718.csv
2007-09-11,2007,9,11,JPY,827.99,2.23,6.28,6.59,한국무역보험공사_환율_20230718.csv
2007-09-12,2007,9,12,JPY,821.2,1.31,6.02,6.04,한국무역보험공사_환율_20230718.csv
2007-09-13,2007,9,13,JPY,817.59,0.97,5.23,5.92,한국무역보험공사_환율_20230718.csv
2007-09-14,2007,9,14,JPY,811.27,0.6,4.64,5.0,한국무역보험공사_환율_20230718.csv
2007-09-17,2007,9,17,JPY,807.18,-0.93,4.09,4.9,한국무역보험공사_환율_20230718.csv
2007-09-18,2007,9,18,JPY,807.37,-0.72,2.86,4.92,한국무역보험공사_환율_20230718.csv
2007-09-19,2007,9,19,JPY,802.49,-3.41,3.05,4.28,한국무역보험공사_환율_20230718.csv
2007-09-20,2007,9,20,JPY,798.59,-3.55,2.89,3.39,한국무역보험공사_환율_20230718.csv
2007-09-21,2007,9,21,JPY,805.56,-1.9,4.37,4.45,한국무역보험공사_환율_20230718.csv
2007-09-27,2007,9,27,JPY,797.92,-2.41,2.31,3.84,한국무역보험공사_환율_20230718.csv
2007-09-28,2007,9,28,JPY,796.73,-1.79,1.34,3.61,한국무역보험공사_환율_20230718.csv
2007-10-01,2007,10,1,JPY,798.9,-1.03,1.69,4.38,한국무역보험공사_환율_20230718.csv
2007-10-02,2007,10,2,JPY,789.35,-2.23,-1.39,3.41,한국무역보험공사_환율_20230718.csv
2007-10-04,2007,10,4,JPY,783.92,-2.31,-5.52,1.85,한국무역보험공사_환율_20230718.csv
2007-10-05,2007,10,5,JPY,787.05,-1.45,-5.51,2.66,한국무역보험공사_환율_20230718.csv
2007-10-08,2007,10,8,JPY,783.07,-2.79,-4.86,2.48,한국무역보험공사_환율_20230718.csv
2007-10-09,2007,10,9,JPY,779.78,-2.27,-5.66,1.57,한국무역보험공사_환율_20230718.csv
2007-10-10,2007,10,10,JPY,782.78,-1.75,-4.05,2.33,한국무역보험공사_환율_20230718.csv
2007-10-11,2007,10,11,JPY,782.13,-2.1,-3.6,2.4,한국무역보험공사_환율_20230718.csv
2007-10-12,2007,10,12,JPY,783.14,-0.79,-2.97,2.6,한국무역보험공사_환율_20230718.csv
2007-10-15,2007,10,15,JPY,779.16,-0.61,-3.92,1.88,한국무역보험공사_환율_20230718.csv
2007-10-16,2007,10,16,JPY,781.31,-0.73,-5.04,2.49,한국무역보험공사_환율_20230718.csv
2007-10-17,2007,10,17,JPY,784.82,0.22,-3.68,3.28,한국무역보험공사_환율_20230718.csv
2007-10-18,2007,10,18,JPY,788.48,1.12,-2.65,3.36,한국무역보험공사_환율_20230718.csv
2007-10-19,2007,10,19,JPY,794.77,1.53,-1.95,3.71,한국무역보험공사_환율_20230718.csv
2007-10-22,2007,10,22,JPY,803.97,2.79,-0.71,4.82,한국무역보험공사_환율_20230718.csv
2007-10-23,2007,10,23,JPY,801.99,2.41,-0.55,4.9,한국무역보험공사_환율_20230718.csv
2007-10-24,2007,10,24,JPY,798.63,2.5,-1.98,4.34,한국무역보험공사_환율_20230718.csv
2007-10-25,2007,10,25,JPY,804.45,2.96,-1.08,5.16,한국무역보험공사_환율_20230718.csv
2007-10-26,2007,10,26,JPY,804.81,2.55,-3.13,5.91,한국무역보험공사_환율_20230718.csv
2007-10-29,2007,10,29,JPY,800.23,1.49,-3.35,5.86,한국무역보험공사_환율_20230718.csv
2007-10-30,2007,10,30,JPY,792.41,-0.3,-3.51,5.28,한국무역보험공사_환율_20230718.csv
2007-10-31,2007,10,31,JPY,791.11,-1.6,-3.24,5.45,한국무역보험공사_환율_20230718.csv
2007-11-01,2007,11,1,JPY,782.16,-2.47,-3.59,4.04,한국무역보험공사_환율_20230718.csv
2007-11-02,2007,11,2,JPY,788.4,-1.28,-2.33,5.1,한국무역보험공사_환율_20230718.csv
2007-11-05,2007,11,5,JPY,791.47,-1.61,-1.97,5.63,한국무역보험공사_환율_20230718.csv
2007-11-06,2007,11,6,JPY,792.08,-1.58,-1.3,5.74,한국무역보험공사_환율_20230718.csv
2007-11-07,2007,11,7,JPY,792.2,-1.0,-0.8,5.66,한국무역보험공사_환율_20230718.csv
2007-11-08,2007,11,8,JPY,804.41,1.51,-0.14,6.82,한국무역보험공사_환율_20230718.csv
2007-11-09,2007,11,9,JPY,806.0,1.88,1.01,6.96,한국무역보험공사_환율_20230718.csv
2007-11-12,2007,11,12,JPY,820.04,4.84,2.93,8.99,한국무역보험공사_환율_20230718.csv
2007-11-13,2007,11,13,JPY,830.64,5.36,3.97,10.44,한국무역보험공사_환율_20230718.csv
2007-11-14,2007,11,14,JPY,825.6,4.31,4.59,9.47,한국무역보험공사_환율_20230718.csv
2007-11-15,2007,11,15,JPY,821.51,3.72,4.8,9.57,한국무역보험공사_환율_20230718.csv
2007-11-16,2007,11,16,JPY,829.12,4.66,5.35,10.58,한국무역보험공사_환율_20230718.csv
2007-11-19,2007,11,19,JPY,829.99,3.18,5.99,10.8,한국무역보험공사_환율_20230718.csv
2007-11-20,2007,11,20,JPY,836.01,3.72,7.21,12.04,한국무역보험공사_환율_20230718.csv
2007-11-21,2007,11,21,JPY,840.28,2.47,7.35,12.61,한국무역보험공사_환율_20230718.csv
2007-11-22,2007,11,22,JPY,853.08,2.7,9.07,12.74,한국무역보험공사_환율_20230718.csv
2007-11-23,2007,11,23,JPY,860.56,4.23,9.89,14.44,한국무역보험공사_환율_20230718.csv
2007-11-26,2007,11,26,JPY,860.46,4.74,10.43,14.77,한국무역보험공사_환율_20230718.csv
2007-11-27,2007,11,27,JPY,864.25,4.24,10.62,15.11,한국무역보험공사_환율_20230718.csv
2007-11-28,2007,11,28,JPY,855.78,3.11,9.04,13.86,한국무역보험공사_환율_20230718.csv
2007-11-29,2007,11,29,JPY,845.82,1.17,7.27,12.42,한국무역보험공사_환율_20230718.csv
2007-11-30,2007,11,30,JPY,846.51,0.74,6.51,12.88,한국무역보험공사_환율_20230718.csv
2007-12-03,2007,12,3,JPY,834.21,-2.21,3.76,10.61,한국무역보험공사_환율_20230718.csv
2007-12-04,2007,12,4,JPY,836.64,-2.78,4.32,10.59,한국무역보험공사_환율_20230718.csv
2007-12-05,2007,12,5,JPY,840.86,-2.28,5.29,10.62,한국무역보험공사_환율_20230718.csv
2007-12-06,2007,12,6,JPY,831.96,-3.74,3.42,9.66,한국무역보험공사_환율_20230718.csv
2007-12-07,2007,12,7,JPY,828.94,-3.14,3.0,7.17,한국무역보험공사_환율_20230718.csv
2007-12-10,2007,12,10,JPY,825.47,-2.41,3.15,5.96,한국무역보험공사_환율_20230718.csv
2007-12-11,2007,12,11,JPY,824.52,-2.6,4.05,6.45,한국무역보험공사_환율_20230718.csv
2007-12-12,2007,12,12,JPY,834.51,0.04,5.49,7.4,한국무역보험공사_환율_20230718.csv
2007-12-13,2007,12,13,JPY,826.03,-1.27,5.61,6.54,한국무역보험공사_환율_20230718.csv
2007-12-14,2007,12,14,JPY,823.09,-2.11,4.4,6.14,한국무역보험공사_환율_20230718.csv
2007-12-17,2007,12,17,JPY,818.62,-1.6,3.43,4.3,한국무역보험공사_환율_20230718.csv
2007-12-18,2007,12,18,JPY,826.35,-0.31,4.33,6.11,한국무역보험공사_환율_20230718.csv
2007-12-20,2007,12,20,JPY,828.92,0.42,4.64,6.8,한국무역보험공사_환율_20230718.csv
2007-12-21,2007,12,21,JPY,831.49,0.85,3.37,7.73,한국무역보험공사_환율_20230718.csv
2007-12-24,2007,12,24,JPY,827.79,-0.81,2.7,6.14,한국무역보험공사_환율_20230718.csv
2007-12-26,2007,12,26,JPY,820.66,-0.65,0.08,4.39,한국무역보험공사_환율_20230718.csv
2007-12-27,2007,12,27,JPY,821.51,-0.19,-1.1,4.57,한국무역보험공사_환율_20230718.csv
2007-12-28,2007,12,28,JPY,825.04,0.78,-0.07,3.07,한국무역보험공사_환율_20230718.csv
2007-12-31,2007,12,31,JPY,833.33,0.84,1.44,0.44,한국무역보험공사_환율_20230718.csv
2008-01-02,2008,1,2,JPY,838.2,1.12,1.1,0.63,한국무역보험공사_환율_20230718.csv
2008-01-03,2008,1,3,JPY,851.56,2.41,2.6,3.47,한국무역보험공사_환율_20230718.csv
2008-01-04,2008,1,4,JPY,856.86,3.51,2.49,3.67,한국무역보험공사_환율_20230718.csv
2008-01-07,2008,1,7,JPY,862.6,5.11,2.66,5.73,한국무역보험공사_환율_20230718.csv
2008-01-08,2008,1,8,JPY,861.93,4.92,1.04,6.24,한국무역보험공사_환율_20230718.csv
2008-01-09,2008,1,9,JPY,861.61,4.43,0.12,6.76,한국무역보험공사_환율_20230718.csv
2008-01-10,2008,1,10,JPY,853.86,2.46,-0.77,5.29,한국무역보험공사_환율_20230718.csv
2008-01-11,2008,1,11,JPY,853.92,1.88,-1.2,3.78,한국무역보험공사_환율_20230718.csv
2008-01-14,2008,1,14,JPY,860.99,1.11,0.61,5.67,한국무역보험공사_환율_20230718.csv
2008-01-15,2008,1,15,JPY,865.28,0.98,2.3,6.84,한국무역보험공사_환율_20230718.csv
2008-01-16,2008,1,16,JPY,875.93,1.55,3.48,8.06,한국무역보험공사_환율_20230718.csv
2008-01-17,2008,1,17,JPY,874.58,1.47,4.84,8.01,한국무역보험공사_환율_20230718.csv
2008-01-18,2008,1,18,JPY,887.41,2.99,6.07,10.05,한국무역보험공사_환율_20230718.csv
2008-01-21,2008,1,21,JPY,886.74,3.85,5.46,8.83,한국무역보험공사_환율_20230718.csv
2008-01-22,2008,1,22,JPY,895.37,4.85,7.62,10.1,한국무역보험공사_환율_20230718.csv
2008-01-23,2008,1,23,JPY,893.92,3.82,7.84,7.59,한국무역보험공사_환율_20230718.csv
2008-01-24,2008,1,24,JPY,889.91,2.85,7.81,7.48,한국무역보험공사_환율_20230718.csv
2008-01-25,2008,1,25,JPY,886.23,1.18,7.48,7.92,한국무역보험공사_환율_20230718.csv
2008-01-28,2008,1,28,JPY,886.87,1.41,6.27,8.47,한국무역보험공사_환율_20230718.csv
2008-01-29,2008,1,29,JPY,886.92,-0.06,7.37,9.32,한국무역보험공사_환율_20230718.csv
2008-01-30,2008,1,30,JPY,884.52,-0.25,7.46,9.58,한국무역보험공사_환율_20230718.csv
2008-01-31,2008,1,31,JPY,889.09,-0.7,8.61,10.12,한국무역보험공사_환율_20230718.csv
2008-02-01,2008,2,1,JPY,888.04,-0.66,7.47,10.66,한국무역보험공사_환율_20230718.csv
2008-02-04,2008,2,4,JPY,884.62,-0.59,6.72,10.77,한국무역보험공사_환율_20230718.csv
2008-02-05,2008,2,5,JPY,882.89,-0.38,6.18,9.6,한국무역보험공사_환율_20230718.csv
2008-02-11,2008,2,11,JPY,876.41,-1.18,5.87,9.84,한국무역보험공사_환율_20230718.csv
2008-02-12,2008,2,12,JPY,884.64,-0.26,7.8,11.03,한국무역보험공사_환율_20230718.csv
2008-02-13,2008,2,13,JPY,880.67,-0.44,7.2,10.24,한국무역보험공사_환율_20230718.csv
2008-02-14,2008,2,14,JPY,873.62,-1.74,5.89,10.68,한국무역보험공사_환율_20230718.csv
2008-02-15,2008,2,15,JPY,876.74,-1.27,5.21,11.84,한국무역보험공사_환율_20230718.csv
2008-02-18,2008,2,18,JPY,877.17,-0.84,4.65,11.45,한국무역보험공사_환율_20230718.csv
2008-02-19,2008,2,19,JPY,873.33,-1.08,2.56,11.53,한국무역보험공사_환율_20230718.csv
2008-02-20,2008,2,20,JPY,875.41,-0.11,2.16,12.26,한국무역보험공사_환율_20230718.csv
2008-02-21,2008,2,21,JPY,874.51,-1.15,1.38,11.72,한국무역보험공사_환율_20230718.csv
2008-02-22,2008,2,22,JPY,882.2,0.17,2.35,12.79,한국무역보험공사_환율_20230718.csv
2008-02-25,2008,2,25,JPY,884.64,1.26,2.67,12.96,한국무역보험공사_환율_20230718.csv
2008-02-26,2008,2,26,JPY,877.14,0.05,2.73,12.58,한국무역보험공사_환율_20230718.csv
2008-02-27,2008,2,27,JPY,882.22,0.58,3.31,12.92,한국무역보험공사_환율_20230718.csv
2008-02-28,2008,2,28,JPY,886.3,1.49,2.94,12.93,한국무역보험공사_환율_20230718.csv
2008-02-29,2008,2,29,JPY,889.7,1.63,2.82,12.84,한국무역보험공사_환율_20230718.csv
2008-03-03,2008,3,3,JPY,909.78,4.03,3.86,14.47,한국무역보험공사_환율_20230718.csv
2008-03-04,2008,3,4,JPY,913.02,3.49,4.4,13.56,한국무역보험공사_환율_20230718.csv
2008-03-05,2008,3,5,JPY,915.99,3.54,3.22,14.21,한국무역보험공사_환율_20230718.csv
2008-03-06,2008,3,6,JPY,911.6,3.93,2.8,14.15,한국무역보험공사_환율_20230718.csv
2008-03-07,2008,3,7,JPY,924.88,4.84,3.3,14.97,한국무역보험공사_환율_20230718.csv
2008-03-10,2008,3,10,JPY,937.43,5.77,4.87,16.48,한국무역보험공사_환율_20230718.csv
2008-03-11,2008,3,11,JPY,942.52,5.94,5.91,17.78,한국무역보험공사_환율_20230718.csv
2008-03-12,2008,3,12,JPY,941.83,3.52,6.27,18.86,한국무역보험공사_환율_20230718.csv
2008-03-13,2008,3,13,JPY,952.85,4.36,7.44,20.44,한국무역보험공사_환율_20230718.csv
2008-03-14,2008,3,14,JPY,974.75,6.41,9.9,24.62,한국무역보험공사_환율_20230718.csv
2008-03-17,2008,3,17,JPY,1002.59,9.98,13.35,27.17,한국무역보험공사_환율_20230718.csv
2008-03-18,2008,3,18,JPY,1049.35,13.46,18.03,32.58,한국무역보험공사_환율_20230718.csv
2008-03-19,2008,3,19,JPY,1018.63,8.66,14.71,28.6,한국무역보험공사_환율_20230718.csv
2008-03-20,2008,3,20,JPY,1021.61,8.39,15.49,28.96,한국무역보험공사_환율_20230718.csv
2008-03-21,2008,3,21,JPY,1023.31,8.65,15.9,27.21,한국무역보험공사_환율_20230718.csv
2008-03-24,2008,3,24,JPY,1009.29,5.92,15.16,25.22,한국무역보험공사_환율_20230718.csv
2008-03-25,2008,3,25,JPY,992.61,1.83,12.2,21.04,한국무역보험공사_환율_20230718.csv
2008-03-26,2008,3,26,JPY,984.36,-1.82,11.77,18.51,한국무역보험공사_환율_20230718.csv
2008-03-27,2008,3,27,JPY,994.19,-5.26,13.8,20.42,한국무역보험공사_환율_20230718.csv
2008-03-28,2008,3,28,JPY,997.59,-2.07,13.78,21.43,한국무역보험공사_환율_20230718.csv
2008-03-31,2008,3,31,JPY,1000.2,-2.1,14.03,20.63,한국무역보험공사_환율_20230718.csv
2008-04-01,2008,4,1,JPY,993.04,-2.96,13.71,19.64,한국무역보험공사_환율_20230718.csv
2008-04-02,2008,4,2,JPY,968.94,-4.0,10.68,15.9,한국무역보험공사_환율_20230718.csv
2008-04-03,2008,4,3,JPY,955.4,-3.75,9.25,13.7,한국무역보험공사_환율_20230718.csv
2008-04-04,2008,4,4,JPY,951.67,-3.32,7.87,11.56,한국무역보험공사_환율_20230718.csv
2008-04-07,2008,4,7,JPY,960.91,-3.35,8.62,11.66,한국무역보험공사_환율_20230718.csv
2008-04-08,2008,4,8,JPY,950.0,-4.77,8.31,10.41,한국무역보험공사_환율_20230718.csv
2008-04-10,2008,4,10,JPY,957.97,-4.22,8.59,10.84,한국무역보험공사_환율_20230718.csv
2008-04-11,2008,4,11,JPY,958.3,-3.5,8.12,11.98,한국무역보험공사_환율_20230718.csv
2008-04-14,2008,4,14,JPY,963.0,-0.61,8.24,13.85,한국무역보험공사_환율_20230718.csv
2008-04-15,2008,4,15,JPY,967.9,1.31,6.39,14.34,한국무역보험공사_환율_20230718.csv
2008-04-16,2008,4,16,JPY,966.46,1.55,5.85,15.85,한국무역보험공사_환율_20230718.csv
2008-04-17,2008,4,17,JPY,974.47,1.41,6.38,16.47,한국무역보험공사_환율_20230718.csv
2008-04-18,2008,4,18,JPY,965.48,1.63,5.91,14.82,한국무역보험공사_환율_20230718.csv
2008-04-21,2008,4,21,JPY,962.29,0.45,4.04,15.67,한국무역보험공사_환율_20230718.csv
2008-04-22,2008,4,22,JPY,961.91,0.38,2.61,16.04,한국무역보험공사_환율_20230718.csv
2008-04-23,2008,4,23,JPY,966.57,0.37,2.55,17.09,한국무역보험공사_환율_20230718.csv
2008-04-24,2008,4,24,JPY,963.42,-0.46,2.29,16.85,한국무역보험공사_환율_20230718.csv
2008-04-25,2008,4,25,JPY,952.2,-1.48,-0.07,14.1,한국무역보험공사_환율_20230718.csv
2008-04-28,2008,4,28,JPY,951.57,-2.35,-2.38,15.2,한국무역보험공사_환율_20230718.csv
2008-04-29,2008,4,29,JPY,956.15,-0.97,-4.63,16.17,한국무역보험공사_환율_20230718.csv
2008-04-30,2008,4,30,JPY,961.76,-0.06,-8.35,17.49,한국무역보험공사_환율_20230718.csv
2008-05-02,2008,5,2,JPY,960.9,-0.1,-5.67,16.28,한국무역보험공사_환율_20230718.csv
2008-05-06,2008,5,6,JPY,959.87,-0.69,-6.04,15.8,한국무역보험공사_환율_20230718.csv
2008-05-07,2008,5,7,JPY,966.46,0.32,-5.56,16.23,한국무역보험공사_환율_20230718.csv
2008-05-08,2008,5,8,JPY,973.86,2.27,-3.51,17.65,한국무역보험공사_환율_20230718.csv
2008-05-09,2008,5,9,JPY,1004.38,5.55,1.19,22.39,한국무역보험공사_환율_20230718.csv
2008-05-13,2008,5,13,JPY,1008.72,5.5,2.47,22.79,한국무역보험공사_환율_20230718.csv
2008-05-14,2008,5,14,JPY,997.61,3.73,0.34,20.92,한국무역보험공사_환율_20230718.csv
2008-05-15,2008,5,15,JPY,996.24,3.68,-0.14,19.55,한국무역보험공사_환율_20230718.csv
2008-05-16,2008,5,16,JPY,1000.86,4.27,0.07,19.41,한국무역보험공사_환율_20230718.csv
2008-05-19,2008,5,19,JPY,1001.06,3.58,0.81,17.56,한국무역보험공사_환율_20230718.csv
2008-05-20,2008,5,20,JPY,996.26,2.3,2.82,16.27,한국무역보험공사_환율_20230718.csv
2008-05-21,2008,5,21,JPY,1007.1,0.27,5.41,16.75,한국무역보험공사_환율_20230718.csv
2008-05-22,2008,5,22,JPY,1016.89,0.81,6.85,17.98,한국무역보험공사_환율_20230718.csv
2008-05-23,2008,5,23,JPY,1002.64,0.5,4.34,16.37,한국무역보험공사_환율_20230718.csv
2008-05-26,2008,5,26,JPY,1011.13,1.49,6.43,18.42,한국무역보험공사_환율_20230718.csv
2008-05-27,2008,5,27,JPY,1014.36,1.35,5.89,18.79,한국무역보험공사_환율_20230718.csv
2008-05-28,2008,5,28,JPY,1002.88,0.18,4.65,16.48,한국무역보험공사_환율_20230718.csv
2008-05-29,2008,5,29,JPY,991.26,-0.5,2.93,14.56,한국무역보험공사_환율_20230718.csv
2008-05-30,2008,5,30,JPY,977.03,-2.99,0.94,11.54,한국무역보험공사_환율_20230718.csv
2008-06-02,2008,6,2,JPY,973.87,-4.23,0.77,11.35,한국무역보험공사_환율_20230718.csv
2008-06-03,2008,6,3,JPY,983.15,-1.94,0.89,10.79,한국무역보험공사_환율_20230718.csv
2008-06-04,2008,6,4,JPY,967.32,-4.33,0.19,9.09,한국무역보험공사_환율_20230718.csv
2008-06-05,2008,6,5,JPY,964.47,-4.92,0.23,7.72,한국무역보험공사_환율_20230718.csv
2008-06-09,2008,6,9,JPY,975.62,-2.72,1.43,9.14,한국무역보험공사_환율_20230718.csv
2008-06-10,2008,6,10,JPY,967.83,-2.36,0.13,8.76,한국무역보험공사_환율_20230718.csv
2008-06-11,2008,6,11,JPY,958.45,-1.9,-0.52,8.15,한국무역보험공사_환율_20230718.csv
2008-06-12,2008,6,12,JPY,960.95,-1.33,0.92,8.35,한국무역보험공사_환율_20230718.csv
2008-06-13,2008,6,13,JPY,954.63,-2.9,0.32,7.63,한국무역보험공사_환율_20230718.csv
2008-06-16,2008,6,16,JPY,955.53,-1.22,-0.06,8.03,한국무역보험공사_환율_20230718.csv
2008-06-17,2008,6,17,JPY,962.46,-0.21,0.07,8.25,한국무역보험공사_환율_20230718.csv
2008-06-18,2008,6,18,JPY,954.2,-2.2,-0.7,7.45,한국무역보험공사_환율_20230718.csv
2008-06-19,2008,6,19,JPY,948.3,-2.02,-1.21,7.2,한국무역보험공사_환율_20230718.csv
2008-06-20,2008,6,20,JPY,950.72,-0.81,-1.63,7.68,한국무역보험공사_환율_20230718.csv
2008-06-23,2008,6,23,JPY,956.45,-0.47,-1.79,9.13,한국무역보험공사_환율_20230718.csv
2008-06-24,2008,6,24,JPY,957.83,0.34,-4.63,8.27,한국무역보험공사_환율_20230718.csv
2008-06-25,2008,6,25,JPY,959.65,0.43,-4.86,8.97,한국무역보험공사_환율_20230718.csv
2008-06-26,2008,6,26,JPY,959.67,-0.29,-3.8,9.85,한국무역보험공사_환율_20230718.csv
2008-06-27,2008,6,27,JPY,967.56,1.4,-2.88,10.36,한국무역보험공사_환율_20230718.csv
2008-06-30,2008,6,30,JPY,981.79,3.53,-1.91,11.93,한국무역보험공사_환율_20230718.csv
2008-07-01,2008,7,1,JPY,983.33,3.43,-1.77,12.6,한국무역보험공사_환율_20230718.csv
2008-07-02,2008,7,2,JPY,985.81,3.07,-1.05,12.61,한국무역보험공사_환율_20230718.csv
2008-07-03,2008,7,3,JPY,988.48,3.2,-1.85,13.03,한국무역보험공사_환율_20230718.csv
2008-07-04,2008,7,4,JPY,972.22,1.31,-4.39,10.2,한국무역보험공사_환율_20230718.csv
2008-07-07,2008,7,7,JPY,980.85,2.21,-2.17,10.88,한국무역보험공사_환율_20230718.csv
2008-07-08,2008,7,8,JPY,971.49,0.41,-3.92,10.76,한국무역보험공사_환율_20230718.csv
2008-07-09,2008,7,9,JPY,959.99,-2.22,-5.36,8.82,한국무역보험공사_환율_20230718.csv
2008-07-10,2008,7,10,JPY,949.52,-3.44,-5.32,7.13,한국무역보험공사_환율_20230718.csv
2008-07-11,2008,7,11,JPY,933.94,-5.26,-5.78,4.97,한국무역보험공사_환율_20230718.csv
2008-07-14,2008,7,14,JPY,941.77,-4.73,-3.61,3.52,한국무역보험공사_환율_20230718.csv
2008-07-15,2008,7,15,JPY,945.33,-2.77,-2.93,3.54,한국무역보험공사_환율_20230718.csv
2008-07-16,2008,7,16,JPY,960.53,-2.07,-2.3,4.86,한국무역보험공사_환율_20230718.csv
2008-07-17,2008,7,17,JPY,957.57,-1.43,-1.01,5.04,한국무역보험공사_환율_20230718.csv
2008-07-18,2008,7,18,JPY,950.85,-0.95,-1.41,2.81,한국무역보험공사_환율_20230718.csv
2008-07-21,2008,7,21,JPY,946.89,-0.28,-2.94,1.01,한국무역보험공사_환율_20230718.csv
2008-07-22,2008,7,22,JPY,953.4,2.08,-1.49,1.15,한국무역보험공사_환율_20230718.csv
2008-07-23,2008,7,23,JPY,948.81,0.75,-1.01,0.74,한국무역보험공사_환율_20230718.csv
2008-07-24,2008,7,24,JPY,938.81,-0.69,-2.3,-1.47,한국무역보험공사_환율_20230718.csv
2008-07-25,2008,7,25,JPY,939.74,-2.16,-1.56,-3.59,한국무역보험공사_환율_20230718.csv
2008-07-28,2008,7,28,JPY,934.23,-2.44,-2.23,-6.82,한국무역보험공사_환율_20230718.csv
2008-07-29,2008,7,29,JPY,936.44,-1.52,-2.7,-10.76,한국무역보험공사_환율_20230718.csv
2008-07-30,2008,7,30,JPY,934.1,-1.35,-2.11,-8.3,한국무역보험공사_환율_20230718.csv
2008-07-31,2008,7,31,JPY,932.85,-2.16,-1.63,-8.69,한국무역보험공사_환율_20230718.csv
2008-08-01,2008,8,1,JPY,938.01,-1.14,-1.34,-8.34,한국무역보험공사_환율_20230718.csv
2008-08-04,2008,8,4,JPY,942.63,0.41,-1.44,-6.6,한국무역보험공사_환율_20230718.csv
2008-08-05,2008,8,5,JPY,939.79,0.01,-1.88,-5.32,한국무역보험공사_환율_20230718.csv
2008-08-06,2008,8,6,JPY,939.08,0.52,-2.14,-4.6,한국무역보험공사_환율_20230718.csv
2008-08-07,2008,8,7,JPY,927.63,-0.94,-3.34,-6.69,한국무역보험공사_환율_20230718.csv
2008-08-08,2008,8,8,JPY,928.17,-0.63,-4.07,-6.96,한국무역보험공사_환율_20230718.csv
2008-08-11,2008,8,11,JPY,930.4,-0.26,-5.23,-6.98,한국무역보험공사_환율_20230718.csv
2008-08-12,2008,8,12,JPY,938.1,0.01,-4.6,-5.53,한국무역보험공사_환율_20230718.csv
2008-08-13,2008,8,13,JPY,945.21,0.27,-4.12,-2.45,한국무역보험공사_환율_20230718.csv
2008-08-14,2008,8,14,JPY,950.76,1.17,-3.82,-0.49,한국무역보험공사_환율_20230718.csv
2008-08-18,2008,8,18,JPY,941.14,0.22,-3.2,-1.11,한국무역보험공사_환율_20230718.csv
2008-08-19,2008,8,19,JPY,947.96,2.19,-3.35,-1.35,한국무역보험공사_환율_20230718.csv
2008-08-20,2008,8,20,JPY,954.53,2.84,-1.75,0.48,한국무역보험공사_환율_20230718.csv
2008-08-21,2008,8,21,JPY,955.99,2.75,-0.42,-0.21,한국무역보험공사_환율_20230718.csv
2008-08-22,2008,8,22,JPY,968.86,3.28,2.04,1.1,한국무역보험공사_환율_20230718.csv
2008-08-25,2008,8,25,JPY,960.16,1.58,2.81,-0.29,한국무역보험공사_환율_20230718.csv
2008-08-26,2008,8,26,JPY,982.42,3.33,4.32,1.5,한국무역보험공사_환율_20230718.csv
2008-08-27,2008,8,27,JPY,990.79,5.28,4.81,2.52,한국무역보험공사_환율_20230718.csv
2008-08-28,2008,8,28,JPY,991.0,4.54,3.17,1.7,한국무역보험공사_환율_20230718.csv
2008-08-29,2008,8,29,JPY,987.9,3.5,3.17,2.32,한국무역보험공사_환율_20230718.csv
2008-09-01,2008,9,1,JPY,1001.38,4.75,5.31,4.06,한국무역보험공사_환율_20230718.csv
2008-09-02,2008,9,2,JPY,1025.35,5.83,8.29,6.6,한국무역보험공사_환율_20230718.csv
2008-09-03,2008,9,3,JPY,1028.91,7.16,7.92,6.45,한국무역보험공사_환율_20230718.csv
2008-09-04,2008,9,4,JPY,1062.56,8.16,11.99,10.29,한국무역보험공사_환율_20230718.csv
2008-09-05,2008,9,5,JPY,1064.54,7.44,13.39,11.8,한국무역보험공사_환율_20230718.csv
2008-09-08,2008,9,8,JPY,1038.01,4.74,10.46,9.08,한국무역보험공사_환율_20230718.csv
2008-09-09,2008,9,9,JPY,1011.67,2.41,8.29,5.81,한국무역보험공사_환율_20230718.csv
2008-09-10,2008,9,10,JPY,1027.68,2.63,9.74,6.85,한국무역보험공사_환율_20230718.csv
2008-09-11,2008,9,11,JPY,1011.84,-1.32,8.32,5.3,한국무역보험공사_환율_20230718.csv
2008-09-12,2008,9,12,JPY,1032.2,0.32,10.65,7.54,한국무역보험공사_환율_20230718.csv
2008-09-16,2008,9,16,JPY,1063.14,0.05,13.34,10.0,한국무역보험공사_환율_20230718.csv
2008-09-17,2008,9,17,JPY,1088.8,2.28,15.51,11.8,한국무역보험공사_환율_20230718.csv
2008-09-18,2008,9,18,JPY,1086.14,4.64,15.57,8.14,한국무역보험공사_환율_20230718.csv
2008-09-19,2008,9,19,JPY,1087.49,7.49,15.8,7.81,한국무역보험공사_환율_20230718.csv
2008-09-22,2008,9,22,JPY,1066.4,3.77,14.96,6.9,한국무역보험공사_환율_20230718.csv
2008-09-23,2008,9,23,JPY,1075.79,6.32,15.9,7.99,한국무역보험공사_환율_20230718.csv
2008-09-24,2008,9,24,JPY,1087.83,5.39,16.92,8.69,한국무역보험공사_환율_20230718.csv
2008-09-25,2008,9,25,JPY,1088.23,2.36,16.0,8.71,한국무역보험공사_환율_20230718.csv
2008-09-26,2008,9,26,JPY,1091.13,0.21,15.44,9.52,한국무역보험공사_환율_20230718.csv
2008-09-29,2008,9,29,JPY,1089.26,0.29,14.57,8.16,한국무역보험공사_환율_20230718.csv
2008-09-30,2008,9,30,JPY,1144.22,5.22,21.58,12.52,한국무역보험공사_환율_20230718.csv
2008-10-01,2008,10,1,JPY,1145.61,7.43,20.85,14.26,한국무역보험공사_환율_20230718.csv
2008-10-02,2008,10,2,JPY,1123.3,4.42,17.68,11.09,한국무역보험공사_환율_20230718.csv
2008-10-06,2008,10,6,JPY,1153.38,6.03,20.65,13.71,한국무역보험공사_환율_20230718.csv
2008-10-07,2008,10,7,JPY,1238.01,13.76,27.78,23.45,한국무역보험공사_환율_20230718.csv
2008-10-08,2008,10,8,JPY,1316.79,20.68,37.14,32.84,한국무역보험공사_환율_20230718.csv
2008-10-09,2008,10,9,JPY,1377.66,26.48,40.23,41.0,한국무역보험공사_환율_20230718.csv
2008-10-10,2008,10,10,JPY,1427.87,24.79,44.11,46.62,한국무역보험공사_환율_20230718.csv
2008-10-11,2008,10,11,JPY,1427.87,24.64,44.08,45.23,한국무역보험공사_환율_20230718.csv
2008-10-13,2008,10,13,JPY,1364.82,21.5,38.15,41.09,한국무역보험공사_환율_20230718.csv
2008-10-14,2008,10,14,JPY,1224.59,6.17,22.29,26.97,한국무역보험공사_환율_20230718.csv
2008-10-15,2008,10,15,JPY,1182.13,-4.51,15.29,21.17,한국무역보험공사_환율_20230718.csv
2008-10-16,2008,10,16,JPY,1242.39,-5.65,20.75,28.37,한국무역보험공사_환율_20230718.csv
2008-10-17,2008,10,17,JPY,1308.95,-4.99,23.19,36.57,한국무역보험공사_환율_20230718.csv
2008-10-20,2008,10,20,JPY,1316.6,-7.79,23.68,37.01,한국무역보험공사_환율_20230718.csv
2008-10-21,2008,10,21,JPY,1279.8,-10.37,23.29,34.06,한국무역보험공사_환율_20230718.csv
2008-10-22,2008,10,22,JPY,1317.44,-3.47,30.22,37.88,한국무역보험공사_환율_20230718.csv
2008-10-23,2008,10,23,JPY,1397.4,14.11,35.98,45.19,한국무역보험공사_환율_20230718.csv
2008-10-24,2008,10,24,JPY,1448.04,22.49,43.11,51.75,한국무역보험공사_환율_20230718.csv
2008-10-27,2008,10,27,JPY,1534.73,23.53,48.69,61.84,한국무역보험공사_환율_20230718.csv
2008-10-28,2008,10,28,JPY,1532.81,17.1,44.18,61.23,한국무역보험공사_환율_20230718.csv
2008-10-29,2008,10,29,JPY,1504.6,14.28,38.19,57.31,한국무역보험공사_환율_20230718.csv
2008-10-30,2008,10,30,JPY,1453.14,13.54,33.79,51.71,한국무역보험공사_환율_20230718.csv
2008-10-31,2008,10,31,JPY,1306.03,-0.87,20.1,36.09,한국무역보험공사_환율_20230718.csv
2008-11-03,2008,11,3,JPY,1297.73,-7.13,21.69,35.23,한국무역보험공사_환율_20230718.csv
2008-11-04,2008,11,4,JPY,1292.84,-10.72,20.18,33.62,한국무역보험공사_환율_20230718.csv
2008-11-05,2008,11,5,JPY,1282.85,-16.41,17.93,30.66,한국무역보험공사_환율_20230718.csv
2008-11-06,2008,11,6,JPY,1290.94,-15.78,18.63,31.28,한국무역보험공사_환율_20230718.csv
2008-11-07,2008,11,7,JPY,1354.4,-9.98,24.13,37.39,한국무역보험공사_환율_20230718.csv
2008-11-10,2008,11,10,JPY,1352.48,-6.93,24.17,36.82,한국무역보험공사_환율_20230718.csv
2008-11-11,2008,11,11,JPY,1351.88,3.51,18.15,39.05,한국무역보험공사_환율_20230718.csv
2008-11-12,2008,11,12,JPY,1369.32,5.52,19.53,39.61,한국무역보험공사_환율_20230718.csv
2008-11-13,2008,11,13,JPY,1420.9,9.91,26.49,46.26,한국무역보험공사_환율_20230718.csv
2008-11-14,2008,11,14,JPY,1427.15,11.25,23.74,48.66,한국무역보험공사_환율_20230718.csv
2008-11-17,2008,11,17,JPY,1440.71,11.6,16.37,51.73,한국무역보험공사_환율_20230718.csv
2008-11-18,2008,11,18,JPY,1462.42,7.98,11.06,56.59,한국무역보험공사_환율_20230718.csv
2008-11-19,2008,11,19,JPY,1472.31,8.86,6.87,56.33,한국무역보험공사_환율_20230718.csv
2008-11-20,2008,11,20,JPY,1510.56,11.74,5.79,59.79,한국무역보험공사_환율_20230718.csv
2008-11-21,2008,11,21,JPY,1578.79,15.3,10.57,64.37,한국무역보험공사_환율_20230718.csv
2008-11-24,2008,11,24,JPY,1572.86,10.69,15.24,64.26,한국무역보험공사_환율_20230718.csv
2008-11-25,2008,11,25,JPY,1544.96,8.25,26.16,62.48,한국무역보험공사_환율_20230718.csv
2008-11-26,2008,11,26,JPY,1563.15,8.5,32.23,65.08,한국무역보험공사_환율_20230718.csv
2008-11-27,2008,11,27,JPY,1561.09,6.75,25.65,63.74,한국무역보험공사_환율_20230718.csv
2008-11-28,2008,11,28,JPY,1553.79,5.53,18.71,63.76,한국무역보험공사_환율_20230718.csv
2008-12-01,2008,12,1,JPY,1531.37,1.38,16.31,63.12,한국무역보험공사_환율_20230718.csv
2008-12-02,2008,12,2,JPY,1568.91,-0.63,22.59,66.95,한국무역보험공사_환율_20230718.csv
2008-12-03,2008,12,3,JPY,1564.29,-0.54,18.74,67.44,한국무역보험공사_환율_20230718.csv
2008-12-04,2008,12,4,JPY,1568.28,1.51,12.23,67.47,한국무역보험공사_환율_20230718.csv
2008-12-05,2008,12,5,JPY,1594.98,2.04,10.15,70.75,한국무역보험공사_환율_20230718.csv
2008-12-08,2008,12,8,JPY,1598.25,2.38,4.14,71.33,한국무역보험공사_환율_20230718.csv
2008-12-09,2008,12,9,JPY,1567.46,0.88,2.26,67.1,한국무역보험공사_환율_20230718.csv
2008-12-10,2008,12,10,JPY,1565.8,2.25,4.07,66.11,한국무역보험공사_환율_20230718.csv
2008-12-11,2008,12,11,JPY,1529.35,-2.52,5.24,62.73,한국무역보험공사_환율_20230718.csv
2008-12-12,2008,12,12,JPY,1476.84,-5.59,13.08,57.26,한국무역보험공사_환율_20230718.csv
2008-12-15,2008,12,15,JPY,1495.9,-4.62,15.27,61.26,한국무역보험공사_환율_20230718.csv
2008-12-16,2008,12,16,JPY,1489.96,-6.58,15.25,60.53,한국무역보험공사_환율_20230718.csv
2008-12-17,2008,12,17,JPY,1523.34,-4.69,18.75,63.73,한국무역보험공사_환율_20230718.csv
2008-12-18,2008,12,18,JPY,1514.54,-3.38,17.32,61.45,한국무역보험공사_환율_20230718.csv
2008-12-19,2008,12,19,JPY,1450.14,-7.39,7.07,53.42,한국무역보험공사_환율_20230718.csv
2008-12-22,2008,12,22,JPY,1445.1,-5.51,6.85,51.99,한국무역보험공사_환율_20230718.csv
2008-12-23,2008,12,23,JPY,1437.18,-2.69,6.31,52.71,한국무역보험공사_환율_20230718.csv
2008-12-24,2008,12,24,JPY,1466.81,-1.94,7.12,54.73,한국무역보험공사_환율_20230718.csv
2008-12-26,2008,12,26,JPY,1457.62,-2.17,2.58,52.71,한국무역보험공사_환율_20230718.csv
2008-12-29,2008,12,29,JPY,1419.39,-6.82,-0.54,48.47,한국무역보험공사_환율_20230718.csv
2008-12-30,2008,12,30,JPY,1412.69,-6.72,-1.94,45.81,한국무역보험공사_환율_20230718.csv
2008-12-31,2008,12,31,JPY,1393.89,-3.88,-4.69,45.17,한국무역보험공사_환율_20230718.csv
2009-01-02,2009,1,2,JPY,1384.91,-4.17,-5.94,40.97,한국무역보험공사_환율_20230718.csv
2009-01-05,2009,1,5,JPY,1432.28,-0.34,-5.18,44.56,한국무역보험공사_환율_20230718.csv
2009-01-06,2009,1,6,JPY,1402.08,-4.41,-11.19,41.48,한국무역보험공사_환율_20230718.csv
2009-01-07,2009,1,7,JPY,1405.45,-3.58,-10.64,42.27,한국무역보험공사_환율_20230718.csv
2009-01-08,2009,1,8,JPY,1394.83,-1.73,-9.72,39.29,한국무역보험공사_환율_20230718.csv
2009-01-09,2009,1,9,JPY,1447.12,2.44,-7.42,41.13,한국무역보험공사_환율_20230718.csv
2009-01-12,2009,1,12,JPY,1476.26,5.91,-5.43,43.48,한국무역보험공사_환율_20230718.csv
2009-01-13,2009,1,13,JPY,1523.89,10.04,-1.92,43.42,한국무역보험공사_환율_20230718.csv
2009-01-14,2009,1,14,JPY,1523.43,6.36,-0.52,43.11,한국무역보험공사_환율_20230718.csv
2009-01-15,2009,1,15,JPY,1512.06,7.84,-3.62,45.67,한국무역보험공사_환율_20230718.csv
2009-01-16,2009,1,16,JPY,1526.13,8.59,-2.44,50.85,한국무역보험공사_환율_20230718.csv
2009-01-19,2009,1,19,JPY,1503.81,7.81,-4.11,46.33,한국무역보험공사_환율_20230718.csv
2009-01-20,2009,1,20,JPY,1501.32,3.75,-5.87,48.38,한국무역보험공사_환율_20230718.csv
2009-01-21,2009,1,21,JPY,1532.62,3.82,-4.11,48.48,한국무역보험공사_환율_20230718.csv
2009-01-22,2009,1,22,JPY,1538.42,0.95,-1.85,44.71,한국무역보험공사_환율_20230718.csv
2009-01-23,2009,1,23,JPY,1543.43,1.31,-1.43,41.76,한국무역보험공사_환율_20230718.csv
2009-01-28,2009,1,28,JPY,1557.67,3.02,1.85,43.41,한국무역보험공사_환율_20230718.csv
2009-01-29,2009,1,29,JPY,1529.64,0.23,3.58,40.66,한국무역보험공사_환율_20230718.csv
2009-01-30,2009,1,30,JPY,1520.98,1.14,1.68,42.63,한국무역보험공사_환율_20230718.csv
2009-02-02,2009,2,2,JPY,1540.65,2.62,3.4,43.21,한국무역보험공사_환율_20230718.csv
2009-02-03,2009,2,3,JPY,1556.46,1.56,2.17,43.08,한국무역보험공사_환율_20230718.csv
2009-02-04,2009,2,4,JPY,1555.37,1.1,2.7,42.93,한국무역보험공사_환율_20230718.csv
2009-02-05,2009,2,5,JPY,1540.24,-0.21,6.21,41.16,한국무역보험공사_환율_20230718.csv
2009-02-06,2009,2,6,JPY,1514.21,-2.79,4.78,39.01,한국무역보험공사_환율_20230718.csv
2009-02-09,2009,2,9,JPY,1493.66,-2.35,3.93,30.54,한국무역보험공사_환율_20230718.csv
2009-02-10,2009,2,10,JPY,1505.94,-0.99,2.67,31.45,한국무역보험공사_환율_20230718.csv
2009-02-11,2009,2,11,JPY,1532.77,-0.51,5.16,36.45,한국무역보험공사_환율_20230718.csv
2009-02-12,2009,2,12,JPY,1547.75,-0.56,9.04,34.19,한국무역보험공사_환율_20230718.csv
2009-02-13,2009,2,13,JPY,1535.62,-1.27,8.7,24.04,한국무역보험공사_환율_20230718.csv
2009-02-16,2009,2,16,JPY,1529.45,-0.7,9.73,16.15,한국무역보험공사_환율_20230718.csv
2009-02-17,2009,2,17,JPY,1539.4,1.66,11.16,11.74,한국무역보험공사_환율_20230718.csv
2009-02-18,2009,2,18,JPY,1561.98,4.57,9.06,9.39,한국무역보험공사_환율_20230718.csv
2009-02-19,2009,2,19,JPY,1564.67,3.9,11.6,9.58,한국무역보험공사_환율_20230718.csv
2009-02-20,2009,2,20,JPY,1565.92,2.16,11.42,14.73,한국무역보험공사_환율_20230718.csv
2009-02-23,2009,2,23,JPY,1604.56,3.67,15.04,31.03,한국무역보험공사_환율_20230718.csv
2009-02-24,2009,2,24,JPY,1583.54,3.12,9.43,33.96,한국무역보험공사_환율_20230718.csv
2009-02-25,2009,2,25,JPY,1562.52,2.16,5.84,25.77,한국무역보험공사_환율_20230718.csv
2009-02-26,2009,2,26,JPY,1546.4,0.45,1.48,18.14,한국무역보험공사_환율_20230718.csv
2009-02-27,2009,2,27,JPY,1541.14,-1.33,1.16,17.05,한국무역보험공사_환율_20230718.csv
2009-03-02,2009,3,2,JPY,1564.55,-0.01,3.47,22.25,한국무역보험공사_환율_20230718.csv
2009-03-03,2009,3,3,JPY,1620.76,3.5,6.2,23.02,한국무역보험공사_환율_20230718.csv
2009-03-04,2009,3,4,JPY,1595.29,-0.58,6.08,14.16,한국무역보험공사_환율_20230718.csv
2009-03-05,2009,3,5,JPY,1572.95,-0.67,4.77,8.63,한국무역보험공사_환율_20230718.csv
2009-03-06,2009,3,6,JPY,1574.43,0.76,2.73,2.59,한국무역보험공사_환율_20230718.csv
2009-03-09,2009,3,9,JPY,1595.87,3.2,3.73,4.11,한국무역보험공사_환율_20230718.csv
2009-03-10,2009,3,10,JPY,1563.18,1.43,1.28,3.89,한국무역보험공사_환율_20230718.csv
2009-03-11,2009,3,11,JPY,1549.25,-0.98,-0.54,6.61,한국무역보험공사_환율_20230718.csv
2009-03-12,2009,3,12,JPY,1519.59,-6.24,-0.66,16.35,한국무역보험공사_환율_20230718.csv
2009-03-13,2009,3,13,JPY,1522.49,-4.56,0.1,17.32,한국무역보험공사_환율_20230718.csv
2009-03-16,2009,3,16,JPY,1510.57,-3.97,-1.95,16.84,한국무역보험공사_환율_20230718.csv
2009-03-17,2009,3,17,JPY,1484.12,-5.74,-4.65,15.69,한국무역보험공사_환율_20230718.csv
2009-03-18,2009,3,18,JPY,1434.34,-10.12,-7.78,11.11,한국무역보험공사_환율_20230718.csv
2009-03-19,2009,3,19,JPY,1470.24,-5.95,-4.54,8.55,한국무역보험공사_환율_20230718.csv
2009-03-20,2009,3,20,JPY,1470.67,-5.07,-2.88,8.74,한국무역보험공사_환율_20230718.csv
2009-03-23,2009,3,23,JPY,1460.88,-3.86,-2.19,8.06,한국무역보험공사_환율_20230718.csv
2009-03-24,2009,3,24,JPY,1438.59,-5.51,-4.47,5.06,한국무역보험공사_환율_20230718.csv
2009-03-25,2009,3,25,JPY,1408.37,-6.77,-8.12,-0.88,한국무역보험공사_환율_20230718.csv
2009-03-26,2009,3,26,JPY,1419.43,-4.36,-8.29,-0.54,한국무역보험공사_환율_20230718.csv
2009-03-27,2009,3,27,JPY,1360.5,-5.15,-11.4,-5.57,한국무역보험공사_환율_20230718.csv
2009-03-30,2009,3,30,JPY,1354.71,-7.86,-11.43,-7.37,한국무역보험공사_환율_20230718.csv
2009-03-31,2009,3,31,JPY,1414.8,-3.8,-8.09,-3.91,한국무역보험공사_환율_20230718.csv
2009-04-01,2009,4,1,JPY,1412.61,-3.3,-9.56,-6.48,한국무역보험공사_환율_20230718.csv
2009-04-02,2009,4,2,JPY,1395.99,-2.96,-10.78,-11.58,한국무역보험공사_환율_20230718.csv
2009-04-03,2009,4,3,JPY,1353.83,-3.87,-13.54,-13.93,한국무역보험공사_환율_20230718.csv
2009-04-06,2009,4,6,JPY,1325.51,-6.62,-17.39,-14.2,한국무역보험공사_환율_20230718.csv
2009-04-07,2009,4,7,JPY,1305.11,-4.07,-17.58,-16.51,한국무역보험공사_환율_20230718.csv
2009-04-08,2009,4,8,JPY,1315.42,-2.9,-15.81,-15.74,한국무역보험공사_환율_20230718.csv
2009-04-09,2009,4,9,JPY,1349.84,-4.59,-12.71,-13.13,한국무역보험공사_환율_20230718.csv
2009-04-10,2009,4,10,JPY,1329.62,-5.87,-13.72,-13.17,한국무역보험공사_환율_20230718.csv
2009-04-13,2009,4,13,JPY,1316.1,-5.72,-15.88,-16.11,한국무역보험공사_환율_20230718.csv
2009-04-14,2009,4,14,JPY,1330.74,-1.71,-17.89,-14.93,한국무역보험공사_환율_20230718.csv
2009-04-15,2009,4,15,JPY,1339.63,1.07,-16.03,-14.58,한국무역보험공사_환율_20230718.csv
2009-04-16,2009,4,16,JPY,1346.76,3.19,-14.38,-15.56,한국무역보험공사_환율_20230718.csv
2009-04-17,2009,4,17,JPY,1334.31,1.44,-15.25,-16.51,한국무역보험공사_환율_20230718.csv
2009-04-20,2009,4,20,JPY,1336.65,-0.98,-16.24,-14.73,한국무역보험공사_환율_20230718.csv
2009-04-21,2009,4,21,JPY,1366.63,2.78,-12.57,-12.72,한국무역보험공사_환율_20230718.csv
2009-04-22,2009,4,22,JPY,1370.91,4.16,-11.51,-10.36,한국무역보험공사_환율_20230718.csv
2009-04-23,2009,4,23,JPY,1371.69,3.08,-9.73,-7.12,한국무역보험공사_환율_20230718.csv
2009-04-24,2009,4,24,JPY,1377.55,2.83,-9.52,-7.91,한국무역보험공사_환율_20230718.csv
2009-04-27,2009,4,27,JPY,1387.34,3.01,-8.16,-6.89,한국무역보험공사_환율_20230718.csv
2009-04-28,2009,4,28,JPY,1388.41,4.05,-6.45,-8.86,한국무역보험공사_환율_20230718.csv
2009-04-29,2009,4,29,JPY,1399.64,4.71,-2.42,-7.59,한국무역보험공사_환율_20230718.csv
2009-04-30,2009,4,30,JPY,1382.92,1.19,-5.94,-4.64,한국무역보험공사_환율_20230718.csv
2009-05-04,2009,5,4,JPY,1315.06,-4.07,-10.58,-9.0,한국무역보험공사_환율_20230718.csv
2009-05-06,2009,5,6,JPY,1288.65,-6.05,-11.79,-10.33,한국무역보험공사_환율_20230718.csv
2009-05-07,2009,5,7,JPY,1298.63,-5.73,-9.73,-11.47,한국무역보험공사_환율_20230718.csv
2009-05-08,2009,5,8,JPY,1273.48,-8.21,-9.58,-12.63,한국무역보험공사_환율_20230718.csv
2009-05-11,2009,5,11,JPY,1272.67,-8.34,-10.34,-10.34,한국무역보험공사_환율_20230718.csv
2009-05-12,2009,5,12,JPY,1268.32,-9.38,-6.78,-10.22,한국무역보험공사_환율_20230718.csv
2009-05-13,2009,5,13,JPY,1290.75,-6.66,-4.72,-7.4,한국무역보험공사_환율_20230718.csv
2009-05-14,2009,5,14,JPY,1298.09,-1.29,-8.25,-6.27,한국무역보험공사_환율_20230718.csv
2009-05-15,2009,5,15,JPY,1311.64,1.78,-7.15,-8.42,한국무역보험공사_환율_20230718.csv
2009-05-18,2009,5,18,JPY,1327.13,2.19,-4.93,-5.35,한국무역보험공사_환율_20230718.csv
2009-05-19,2009,5,19,JPY,1314.63,3.23,-2.9,-6.46,한국무역보험공사_환율_20230718.csv
2009-05-20,2009,5,20,JPY,1293.32,1.62,-2.43,-7.28,한국무역보험공사_환율_20230718.csv
2009-05-21,2009,5,21,JPY,1317.87,3.91,0.98,-8.93,한국무역보험공사_환율_20230718.csv
2009-05-22,2009,5,22,JPY,1324.7,2.63,0.71,-10.27,한국무역보험공사_환율_20230718.csv
2009-05-25,2009,5,25,JPY,1312.35,1.1,-2.78,-13.88,한국무역보험공사_환율_20230718.csv
2009-05-26,2009,5,26,JPY,1321.27,0.73,-0.63,-13.27,한국무역보험공사_환율_20230718.csv
2009-05-27,2009,5,27,JPY,1324.09,-0.23,0.61,-12.43,한국무역보험공사_환율_20230718.csv
2009-05-28,2009,5,28,JPY,1319.22,0.35,-0.87,-13.56,한국무역보험공사_환율_20230718.csv
2009-05-29,2009,5,29,JPY,1314.1,1.61,-1.91,-12.62,한국무역보험공사_환율_20230718.csv
2009-06-01,2009,6,1,JPY,1320.6,0.21,-1.94,-12.04,한국무역보험공사_환율_20230718.csv
2009-06-02,2009,6,2,JPY,1294.73,-2.26,-2.97,-15.52,한국무역보험공사_환율_20230718.csv
2009-06-03,2009,6,3,JPY,1293.44,-1.44,-3.23,-15.92,한국무역보험공사_환율_20230718.csv
2009-06-04,2009,6,4,JPY,1287.02,-2.59,-5.83,-16.61,한국무역보험공사_환율_20230718.csv
2009-06-05,2009,6,5,JPY,1289.57,-2.61,-5.93,-17.21,한국무역보험공사_환율_20230718.csv
2009-06-08,2009,6,8,JPY,1262.19,-4.32,-7.98,-17.48,한국무역보험공사_환율_20230718.csv
2009-06-09,2009,6,9,JPY,1270.36,-3.33,-7.78,-16.48,한국무역보험공사_환율_20230718.csv
2009-06-10,2009,6,10,JPY,1290.93,-2.25,-6.95,-16.21,한국무역보험공사_환율_20230718.csv
2009-06-11,2009,6,11,JPY,1275.96,-1.45,-8.1,-18.02,한국무역보험공사_환율_20230718.csv
2009-06-12,2009,6,12,JPY,1282.53,-0.84,-8.37,-17.54,한국무역보험공사_환율_20230718.csv
2009-06-15,2009,6,15,JPY,1271.88,-1.18,-8.03,-17.42,한국무역보험공사_환율_20230718.csv
2009-06-16,2009,6,16,JPY,1289.53,-0.0,-1.94,-14.84,한국무역보험공사_환율_20230718.csv
2009-06-17,2009,6,17,JPY,1312.63,4.0,1.86,-12.12,한국무역보험공사_환율_20230718.csv
2009-06-18,2009,6,18,JPY,1315.1,3.52,1.27,-12.67,한국무역보험공사_환율_20230718.csv
2009-06-19,2009,6,19,JPY,1308.07,1.33,2.72,-14.66,한국무역보험공사_환율_20230718.csv
2009-06-22,2009,6,22,JPY,1317.52,3.26,3.52,-14.88,한국무역보험공사_환율_20230718.csv
2009-06-23,2009,6,23,JPY,1325.89,3.38,4.54,-13.66,한국무역보험공사_환율_20230718.csv
2009-06-24,2009,6,24,JPY,1353.05,6.38,4.83,-11.53,한국무역보험공사_환율_20230718.csv
2009-06-25,2009,6,25,JPY,1337.16,3.69,3.01,-13.14,한국무역보험공사_환율_20230718.csv
2009-06-26,2009,6,26,JPY,1337.71,1.91,1.99,-14.36,한국무역보험공사_환율_20230718.csv
2009-06-29,2009,6,29,JPY,1349.23,2.6,1.67,-13.77,한국무역보험공사_환율_20230718.csv
2009-06-30,2009,6,30,JPY,1336.28,2.16,1.65,-14.66,한국무역보험공사_환율_20230718.csv
2009-07-01,2009,7,1,JPY,1326.59,0.69,2.57,-17.32,한국무역보험공사_환율_20230718.csv
2009-07-02,2009,7,2,JPY,1312.95,-0.98,-0.37,-17.09,한국무역보험공사_환율_20230718.csv
2009-07-03,2009,7,3,JPY,1316.56,-2.7,-0.61,-15.74,한국무역보험공사_환율_20230718.csv
2009-07-06,2009,7,6,JPY,1326.31,-0.81,1.06,-14.23,한국무역보험공사_환율_20230718.csv
2009-07-07,2009,7,7,JPY,1330.39,-0.55,0.69,-13.67,한국무역보험공사_환율_20230718.csv
2009-07-08,2009,7,8,JPY,1338.96,-0.76,1.12,-14.42,한국무역보험공사_환율_20230718.csv
2009-07-09,2009,7,9,JPY,1379.28,3.22,4.55,-14.9,한국무역보험공사_환율_20230718.csv
2009-07-10,2009,7,10,JPY,1374.94,3.64,4.63,-13.81,한국무역보험공사_환율_20230718.csv
2009-07-13,2009,7,13,JPY,1382.64,5.31,4.7,-12.1,한국무역보험공사_환율_20230718.csv
2009-07-14,2009,7,14,JPY,1389.12,5.51,7.29,-11.77,한국무역보험공사_환율_20230718.csv
2009-07-15,2009,7,15,JPY,1386.59,4.54,7.2,-13.11,한국무역보험공사_환율_20230718.csv
2009-07-16,2009,7,16,JPY,1361.93,2.37,5.82,-12.87,한국무역보험공사_환율_20230718.csv
2009-07-17,2009,7,17,JPY,1350.57,0.87,4.73,-12.82,한국무역보험공사_환율_20230718.csv
2009-07-20,2009,7,20,JPY,1337.86,-3.0,6.0,-11.96,한국무역보험공사_환율_20230718.csv
2009-07-21,2009,7,21,JPY,1331.17,-3.18,4.79,-12.57,한국무역보험공사_환율_20230718.csv
2009-07-22,2009,7,22,JPY,1333.83,-3.53,3.32,-11.7,한국무역보험공사_환율_20230718.csv
2009-07-23,2009,7,23,JPY,1337.18,-3.74,4.8,-9.9,한국무역보험공사_환율_20230718.csv
2009-07-24,2009,7,24,JPY,1315.11,-5.16,2.54,-8.31,한국무역보험공사_환율_20230718.csv
2009-07-27,2009,7,27,JPY,1316.83,-3.31,3.53,-10.43,한국무역보험공사_환율_20230718.csv
2009-07-28,2009,7,28,JPY,1308.63,-3.11,1.48,-11.02,한국무역보험공사_환율_20230718.csv
2009-07-29,2009,7,29,JPY,1315.36,-1.68,0.21,-9.96,한국무역보험공사_환율_20230718.csv
2009-07-30,2009,7,30,JPY,1303.5,-2.08,-0.88,-9.39,한국무역보험공사_환율_20230718.csv
2009-07-31,2009,7,31,JPY,1299.16,-2.6,-0.68,-7.75,한국무역보험공사_환율_20230718.csv
2009-08-03,2009,8,3,JPY,1298.14,-2.92,-1.47,-8.54,한국무역보험공사_환율_20230718.csv
2009-08-04,2009,8,4,JPY,1282.78,-2.46,-3.25,-5.71,한국무역보험공사_환율_20230718.csv
2009-08-05,2009,8,5,JPY,1279.01,-2.87,-5.47,-5.59,한국무역보험공사_환율_20230718.csv
2009-08-06,2009,8,6,JPY,1285.77,-1.75,-3.84,-9.12,한국무역보험공사_환율_20230718.csv
2009-08-07,2009,8,7,JPY,1280.62,-2.64,-4.27,-9.34,한국무역보험공사_환율_20230718.csv
2009-08-10,2009,8,10,JPY,1257.87,-3.5,-6.77,-9.89,한국무역보험공사_환율_20230718.csv
2009-08-11,2009,8,11,JPY,1261.96,-2.86,-5.56,-6.79,한국무역보험공사_환율_20230718.csv
2009-08-12,2009,8,12,JPY,1288.94,-0.71,-2.84,-2.76,한국무역보험공사_환율_20230718.csv
2009-08-13,2009,8,13,JPY,1298.55,1.23,-1.1,-0.5,한국무역보험공사_환율_20230718.csv
2009-08-14,2009,8,14,JPY,1297.02,1.41,-1.48,-1.4,한국무역보험공사_환율_20230718.csv
2009-08-17,2009,8,17,JPY,1304.46,1.45,-1.65,-3.36,한국무역보험공사_환율_20230718.csv
2009-08-18,2009,8,18,JPY,1323.09,3.32,-0.55,-0.49,한국무역보험공사_환율_20230718.csv
2009-08-19,2009,8,19,JPY,1325.07,5.34,-1.04,0.68,한국무역보험공사_환율_20230718.csv
2009-08-20,2009,8,20,JPY,1330.11,5.4,-3.56,-0.05,한국무역보험공사_환율_20230718.csv
2009-08-21,2009,8,21,JPY,1324.56,2.76,-3.66,-1.12,한국무역보험공사_환율_20230718.csv
2009-08-24,2009,8,24,JPY,1320.78,1.71,-4.47,-1.93,한국무역보험공사_환율_20230718.csv
2009-08-25,2009,8,25,JPY,1315.51,1.43,-5.3,-1.41,한국무역보험공사_환율_20230718.csv
2009-08-26,2009,8,26,JPY,1323.39,1.45,-4.56,-0.99,한국무역보험공사_환율_20230718.csv
2009-08-27,2009,8,27,JPY,1325.02,0.15,-2.71,-3.04,한국무역보험공사_환율_20230718.csv
2009-08-28,2009,8,28,JPY,1335.08,0.76,-1.15,-2.61,한국무역보험공사_환율_20230718.csv
2009-08-31,2009,8,31,JPY,1332.8,0.2,-0.38,-2.84,한국무역보험공사_환율_20230718.csv
2009-09-01,2009,9,1,JPY,1340.32,1.19,0.69,-2.7,한국무역보험공사_환율_20230718.csv
2009-09-02,2009,9,2,JPY,1342.53,1.65,0.65,-3.23,한국무역보험공사_환율_20230718.csv
2009-09-03,2009,9,3,JPY,1356.12,3.09,1.42,-2.33,한국무역보험공사_환율_20230718.csv
2009-09-04,2009,9,4,JPY,1345.24,1.65,2.29,-3.89,한국무역보험공사_환율_20230718.csv
2009-09-07,2009,9,7,JPY,1335.41,0.78,1.41,-3.44,한국무역보험공사_환율_20230718.csv
2009-09-08,2009,9,8,JPY,1327.74,-0.55,1.46,0.96,한국무역보험공사_환율_20230718.csv
2009-09-09,2009,9,9,JPY,1334.31,0.11,1.44,3.54,한국무역보험공사_환율_20230718.csv
2009-09-10,2009,9,10,JPY,1331.2,-0.68,2.13,2.51,한국무역보험공사_환율_20230718.csv
2009-09-11,2009,9,11,JPY,1336.28,-0.47,2.86,4.93,한국무역보험공사_환율_20230718.csv
2009-09-14,2009,9,14,JPY,1353.0,-0.23,4.23,6.31,한국무역보험공사_환율_20230718.csv
2009-09-15,2009,9,15,JPY,1348.3,0.23,5.11,6.31,한국무역보험공사_환율_20230718.csv
2009-09-16,2009,9,16,JPY,1341.83,0.48,4.91,3.96,한국무역보험공사_환율_20230718.csv
2009-09-17,2009,9,17,JPY,1332.16,0.33,3.61,2.62,한국무역보험공사_환율_20230718.csv
2009-09-18,2009,9,18,JPY,1322.99,-0.85,3.31,0.87,한국무역보험공사_환율_20230718.csv
2009-09-21,2009,9,21,JPY,1322.82,-0.63,5.16,-0.32,한국무역보험공사_환율_20230718.csv
2009-09-22,2009,9,22,JPY,1310.51,-1.93,3.85,-0.31,한국무역보험공사_환율_20230718.csv
2009-09-23,2009,9,23,JPY,1321.95,-2.29,2.56,2.21,한국무역보험공사_환율_20230718.csv
2009-09-24,2009,9,24,JPY,1307.09,-3.06,0.66,-0.82,한국무역보험공사_환율_20230718.csv
2009-09-25,2009,9,25,JPY,1310.05,-2.37,1.0,-1.11,한국무역보험공사_환율_20230718.csv
2009-09-28,2009,9,28,JPY,1344.11,0.9,3.04,2.42,한국무역보험공사_환율_20230718.csv
2009-09-29,2009,9,29,JPY,1330.43,0.56,0.55,0.69,한국무역보험공사_환율_20230718.csv
2009-09-30,2009,9,30,JPY,1318.8,-0.3,-0.47,-0.4,한국무역보험공사_환율_20230718.csv
2009-10-01,2009,10,1,JPY,1313.98,0.26,-1.21,-0.4,한국무역보험공사_환율_20230718.csv
2009-10-05,2009,10,5,JPY,1312.12,-0.74,-0.94,-0.15,한국무역보험공사_환율_20230718.csv
2009-10-06,2009,10,6,JPY,1310.33,0.25,-0.79,-0.78,한국무역보험공사_환율_20230718.csv
2009-10-07,2009,10,7,JPY,1318.46,0.64,0.22,1.83,한국무역보험공사_환율_20230718.csv
2009-10-08,2009,10,8,JPY,1320.77,-1.74,-0.2,2.11,한국무역보험공사_환율_20230718.csv
2009-10-09,2009,10,9,JPY,1319.18,-0.85,-0.44,2.5,한국무역보험공사_환율_20230718.csv
2009-10-12,2009,10,12,JPY,1298.75,-1.52,-2.72,0.71,한국무역보험공사_환율_20230718.csv
2009-10-13,2009,10,13,JPY,1303.69,-0.78,-2.18,3.29,한국무역보험공사_환율_20230718.csv
2009-10-14,2009,10,14,JPY,1301.18,-0.83,-2.92,2.43,한국무역보험공사_환율_20230718.csv
2009-10-15,2009,10,15,JPY,1305.49,-0.37,-2.76,1.13,한국무역보험공사_환율_20230718.csv
2009-10-16,2009,10,16,JPY,1277.81,-3.08,-5.77,0.14,한국무역보험공사_환율_20230718.csv
2009-10-19,2009,10,19,JPY,1272.22,-3.68,-5.43,-0.8,한국무역보험공사_환율_20230718.csv
2009-10-20,2009,10,20,JPY,1297.52,-1.64,-2.84,2.02,한국무역보험공사_환율_20230718.csv
2009-10-21,2009,10,21,JPY,1286.12,-0.97,-3.13,-0.26,한국무역보험공사_환율_20230718.csv
2009-10-22,2009,10,22,JPY,1296.64,-0.54,-2.82,-1.22,한국무역보험공사_환율_20230718.csv
2009-10-23,2009,10,23,JPY,1295.1,-0.47,-2.71,-1.52,한국무역보험공사_환율_20230718.csv
2009-10-26,2009,10,26,JPY,1285.65,-1.52,-3.79,-1.71,한국무역보험공사_환율_20230718.csv
2009-10-27,2009,10,27,JPY,1280.05,0.18,-5.39,-2.84,한국무역보험공사_환율_20230718.csv
2009-10-28,2009,10,28,JPY,1293.56,1.68,-4.06,-2.44,한국무역보험공사_환율_20230718.csv
2009-10-29,2009,10,29,JPY,1315.04,1.35,-2.0,-2.81,한국무역보험공사_환율_20230718.csv
2009-10-30,2009,10,30,JPY,1312.63,2.06,-1.47,-1.83,한국무역보험공사_환율_20230718.csv
2009-11-02,2009,11,2,JPY,1318.04,1.65,-0.37,-1.47,한국무역보험공사_환율_20230718.csv
2009-11-03,2009,11,3,JPY,1314.24,1.48,-0.65,-2.59,한국무역보험공사_환율_20230718.csv
2009-11-04,2009,11,4,JPY,1305.46,1.54,-0.39,-2.31,한국무역보험공사_환율_20230718.csv
2009-11-05,2009,11,5,JPY,1301.38,1.67,-1.56,-1.9,한국무역보험공사_환율_20230718.csv
2009-11-06,2009,11,6,JPY,1298.69,0.4,-0.64,-1.09,한국무역보험공사_환율_20230718.csv
2009-11-09,2009,11,9,JPY,1305.76,-0.71,-0.33,-0.82,한국무역보험공사_환율_20230718.csv
2009-11-10,2009,11,10,JPY,1291.38,-1.62,-3.92,-2.63,한국무역보험공사_환율_20230718.csv
2009-11-11,2009,11,11,JPY,1290.89,-2.06,-2.97,-2.97,한국무역보험공사_환율_20230718.csv
2009-11-12,2009,11,12,JPY,1289.48,-1.88,-2.22,-3.7,한국무역보험공사_환율_20230718.csv
2009-11-13,2009,11,13,JPY,1280.52,-1.91,-2.55,-7.16,한국무역보험공사_환율_20230718.csv
2009-11-16,2009,11,16,JPY,1296.67,-0.36,-1.18,-5.69,한국무역보험공사_환율_20230718.csv
2009-11-17,2009,11,17,JPY,1296.85,-0.14,-1.03,-6.2,한국무역보험공사_환율_20230718.csv
2009-11-18,2009,11,18,JPY,1290.57,-1.16,-2.12,-7.09,한국무역보험공사_환율_20230718.csv
2009-11-19,2009,11,19,JPY,1291.34,-0.0,-2.23,-6.87,한국무역보험공사_환율_20230718.csv
2009-11-20,2009,11,20,JPY,1299.83,0.69,-1.47,-4.56,한국무역보험공사_환율_20230718.csv
2009-11-23,2009,11,23,JPY,1308.13,1.45,0.72,-3.14,한국무역보험공사_환율_20230718.csv
2009-11-24,2009,11,24,JPY,1299.75,1.5,-0.3,-2.85,한국무역보험공사_환율_20230718.csv
2009-11-25,2009,11,25,JPY,1305.96,0.72,0.37,-1.89,한국무역보험공사_환율_20230718.csv
2009-11-26,2009,11,26,JPY,1323.86,2.08,1.41,-0.75,한국무역보험공사_환율_20230718.csv
2009-11-27,2009,11,27,JPY,1335.96,3.52,4.55,-0.09,한국무역보험공사_환율_20230718.csv
2009-11-30,2009,11,30,JPY,1348.27,4.41,5.98,2.52,한국무역보험공사_환율_20230718.csv
2009-12-01,2009,12,1,JPY,1345.69,3.53,3.71,2.19,한국무역보험공사_환율_20230718.csv
2009-12-02,2009,12,2,JPY,1339.48,2.4,4.15,2.36,한국무역보험공사_환율_20230718.csv
2009-12-03,2009,12,3,JPY,1318.56,1.45,1.69,0.24,한국무역보험공사_환율_20230718.csv
2009-12-04,2009,12,4,JPY,1308.83,0.22,1.06,0.41,한국무역보험공사_환율_20230718.csv
2009-12-07,2009,12,7,JPY,1277.1,-3.53,-0.67,-1.7,한국무역보험공사_환율_20230718.csv
2009-12-08,2009,12,8,JPY,1292.91,-3.22,1.0,-0.4,한국무역보험공사_환율_20230718.csv
2009-12-09,2009,12,9,JPY,1306.92,-3.07,1.03,1.88,한국무역보험공사_환율_20230718.csv
2009-12-10,2009,12,10,JPY,1319.18,-1.97,0.31,3.14,한국무역보험공사_환율_20230718.csv
2009-12-11,2009,12,11,JPY,1317.7,-1.63,0.39,2.48,한국무역보험공사_환율_20230718.csv
2009-12-14,2009,12,14,JPY,1304.99,-1.03,-0.99,1.9,한국무역보험공사_환율_20230718.csv
2009-12-15,2009,12,15,JPY,1312.06,0.25,-0.17,4.31,한국무역보험공사_환율_20230718.csv
2009-12-16,2009,12,16,JPY,1295.42,1.43,-0.77,2.65,한국무역보험공사_환율_20230718.csv
2009-12-17,2009,12,17,JPY,1297.36,0.34,-0.31,0.65,한국무역보험공사_환율_20230718.csv
2009-12-18,2009,12,18,JPY,1307.31,0.03,0.66,0.67,한국무역보험공사_환율_20230718.csv
2009-12-21,2009,12,21,JPY,1302.56,-1.26,-0.25,0.43,한국무역보험공사_환율_20230718.csv
2009-12-22,2009,12,22,JPY,1293.78,-1.82,0.19,-0.82,한국무역보험공사_환율_20230718.csv
2009-12-23,2009,12,23,JPY,1289.11,-1.22,-0.14,-2.57,한국무역보험공사_환율_20230718.csv
2009-12-24,2009,12,24,JPY,1291.79,-1.54,0.18,-2.51,한국무역보험공사_환율_20230718.csv
2009-12-28,2009,12,28,JPY,1284.82,-0.82,0.34,-3.4,한국무역보험공사_환율_20230718.csv
2009-12-29,2009,12,29,JPY,1276.21,-1.63,-1.58,-3.65,한국무역보험공사_환율_20230718.csv
2009-12-30,2009,12,30,JPY,1273.13,-2.61,-1.83,-3.61,한국무역보험공사_환율_20230718.csv
2009-12-31,2009,12,31,JPY,1262.82,-3.05,-2.15,-4.01,한국무역보험공사_환율_20230718.csv
2010-01-04,2010,1,4,JPY,1256.5,-2.88,-2.7,-5.05,한국무역보험공사_환율_20230718.csv
2010-01-05,2010,1,5,JPY,1250.96,-2.96,-3.76,-5.59,한국무역보험공사_환율_20230718.csv
2010-01-06,2010,1,6,JPY,1248.35,-3.36,-4.57,-6.5,한국무역보험공사_환율_20230718.csv
2010-01-07,2010,1,7,JPY,1232.35,-4.08,-5.19,-7.54,한국무역보험공사_환율_20230718.csv
2010-01-08,2010,1,8,JPY,1211.91,-5.04,-7.2,-9.58,한국무역보험공사_환율_20230718.csv
2010-01-11,2010,1,11,JPY,1223.96,-3.86,-7.55,-8.83,한국무역보험공사_환율_20230718.csv
2010-01-12,2010,1,12,JPY,1216.58,-3.66,-8.94,-10.29,한국무역보험공사_환율_20230718.csv
2010-01-13,2010,1,13,JPY,1234.23,-1.77,-8.46,-8.25,한국무역보험공사_환율_20230718.csv
2010-01-14,2010,1,14,JPY,1232.05,-1.51,-8.44,-7.74,한국무역보험공사_환율_20230718.csv
2010-01-15,2010,1,15,JPY,1230.24,-1.45,-8.16,-7.34,한국무역보험공사_환율_20230718.csv
2010-01-18,2010,1,18,JPY,1236.8,0.36,-6.2,-7.31,한국무역보험공사_환율_20230718.csv
2010-01-19,2010,1,19,JPY,1243.13,2.58,-5.02,-6.62,한국무역보험공사_환율_20230718.csv
2010-01-20,2010,1,20,JPY,1234.21,0.84,-3.36,-7.64,한국무역보험공사_환율_20230718.csv
2010-01-21,2010,1,21,JPY,1240.88,2.0,-4.02,-8.29,한국무역보험공사_환율_20230718.csv
2010-01-22,2010,1,22,JPY,1261.78,2.23,-3.45,-6.42,한국무역보험공사_환율_20230718.csv
2010-01-25,2010,1,25,JPY,1277.6,3.7,-3.15,-4.79,한국무역보험공사_환율_20230718.csv
2010-01-26,2010,1,26,JPY,1272.75,3.46,-3.41,-4.46,한국무역보험공사_환율_20230718.csv
2010-01-27,2010,1,27,JPY,1284.75,3.88,-1.55,-2.89,한국무역보험공사_환율_20230718.csv
2010-01-28,2010,1,28,JPY,1289.08,3.7,-1.75,-2.55,한국무역보험공사_환율_20230718.csv
2010-01-29,2010,1,29,JPY,1287.0,4.28,-0.65,-1.79,한국무역보험공사_환율_20230718.csv
2010-02-01,2010,2,1,JPY,1284.13,3.49,-1.02,-2.86,한국무역보험공사_환율_20230718.csv
2010-02-02,2010,2,2,JPY,1287.26,2.02,-1.53,-1.52,한국무역보험공사_환율_20230718.csv
2010-02-03,2010,2,3,JPY,1283.3,0.45,-1.48,-2.04,한국무역보험공사_환율_20230718.csv
2010-02-04,2010,2,4,JPY,1267.2,-0.44,-2.05,-5.72,한국무역보험공사_환율_20230718.csv
2010-02-05,2010,2,5,JPY,1291.85,0.55,0.21,-2.9,한국무역보험공사_환율_20230718.csv
2010-02-08,2010,2,8,JPY,1312.49,1.82,1.6,-0.48,한국무역보험공사_환율_20230718.csv
2010-02-09,2010,2,9,JPY,1313.91,2.09,2.26,-0.01,한국무역보험공사_환율_20230718.csv
2010-02-10,2010,2,10,JPY,1299.4,1.19,1.82,-0.97,한국무역보험공사_환율_20230718.csv
2010-02-11,2010,2,11,JPY,1287.13,-0.01,1.1,-1.77,한국무역보험공사_환율_20230718.csv
2010-02-12,2010,2,12,JPY,1289.46,0.48,2.11,-2.2,한국무역보험공사_환율_20230718.csv
2010-02-16,2010,2,16,JPY,1282.72,1.22,2.09,-2.88,한국무역보험공사_환율_20230718.csv
2010-02-17,2010,2,17,JPY,1277.38,-1.12,2.11,-3.17,한국무역보험공사_환율_20230718.csv
2010-02-18,2010,2,18,JPY,1252.96,-4.54,0.37,-3.53,한국무역보험공사_환율_20230718.csv
2010-02-19,2010,2,19,JPY,1246.47,-5.13,1.15,-4.39,한국무역보험공사_환율_20230718.csv
2010-02-22,2010,2,22,JPY,1262.94,-2.81,4.21,-2.94,한국무역보험공사_환율_20230718.csv
2010-02-23,2010,2,23,JPY,1259.85,-2.12,2.93,-3.5,한국무역보험공사_환율_20230718.csv
2010-02-24,2010,2,24,JPY,1272.93,-1.28,4.63,-0.38,한국무역보험공사_환율_20230718.csv
2010-02-25,2010,2,25,JPY,1282.06,-0.05,3.88,0.77,한국무역보험공사_환율_20230718.csv
2010-02-26,2010,2,26,JPY,1299.31,1.72,5.46,0.14,한국무역보험공사_환율_20230718.csv
2010-03-02,2010,3,2,JPY,1301.18,3.85,5.77,1.17,한국무역보험공사_환율_20230718.csv
2010-03-03,2010,3,3,JPY,1298.38,4.16,4.98,0.13,한국무역보험공사_환율_20230718.csv
2010-03-04,2010,3,4,JPY,1295.67,2.59,4.23,0.04,한국무역보험공사_환율_20230718.csv
2010-03-05,2010,3,5,JPY,1283.08,1.84,3.96,-0.2,한국무역보험공사_환율_20230718.csv
2010-03-08,2010,3,8,JPY,1262.05,-0.85,1.71,-1.41,한국무역보험공사_환율_20230718.csv
2010-03-09,2010,3,9,JPY,1255.97,-2.04,-0.46,-2.91,한국무역보험공사_환율_20230718.csv
2010-03-10,2010,3,10,JPY,1261.54,-2.91,-1.26,-4.07,한국무역보험공사_환율_20230718.csv
2010-03-11,2010,3,11,JPY,1250.77,-3.87,-1.73,-4.71,한국무역보험공사_환율_20230718.csv
2010-03-12,2010,3,12,JPY,1247.45,-3.92,-2.9,-5.36,한국무역보험공사_환율_20230718.csv
2010-03-15,2010,3,15,JPY,1248.11,-3.67,-3.18,-5.03,한국무역보험공사_환율_20230718.csv
2010-03-16,2010,3,16,JPY,1253.48,-2.31,-2.6,-3.98,한국무역보험공사_환율_20230718.csv
2010-03-17,2010,3,17,JPY,1254.72,-0.58,-2.29,-3.59,한국무역보험공사_환율_20230718.csv
2010-03-18,2010,3,18,JPY,1249.72,-0.5,-2.92,-3.77,한국무역보험공사_환율_20230718.csv
2010-03-19,2010,3,19,JPY,1251.16,-0.82,-2.5,-4.18,한국무역보험공사_환율_20230718.csv
2010-03-22,2010,3,22,JPY,1252.03,0.1,-1.2,-3.05,한국무역보험공사_환율_20230718.csv
2010-03-23,2010,3,23,JPY,1259.63,0.98,-2.49,-2.42,한국무역보험공사_환율_20230718.csv
2010-03-24,2010,3,24,JPY,1254.48,0.51,-4.42,-2.71,한국무역보험공사_환율_20230718.csv
2010-03-25,2010,3,25,JPY,1233.1,-1.63,-6.15,-3.7,한국무역보험공사_환율_20230718.csv
2010-03-26,2010,3,26,JPY,1231.67,-1.84,-5.21,-5.01,한국무역보험공사_환율_20230718.csv
2010-03-29,2010,3,29,JPY,1235.67,-1.12,-4.0,-4.72,한국무역보험공사_환율_20230718.csv
2010-03-30,2010,3,30,JPY,1230.92,-1.62,-4.54,-4.62,한국무역보험공사_환율_20230718.csv
2010-03-31,2010,3,31,JPY,1217.68,-2.74,-5.07,-5.7,한국무역보험공사_환율_20230718.csv
2010-04-01,2010,4,1,JPY,1209.87,-3.95,-5.29,-6.92,한국무역보험공사_환율_20230718.csv
2010-04-02,2010,4,2,JPY,1202.05,-4.18,-4.06,-8.11,한국무역보험공사_환율_20230718.csv
2010-04-05,2010,4,5,JPY,1188.85,-3.59,-4.62,-8.53,한국무역보험공사_환율_20230718.csv
2010-04-06,2010,4,6,JPY,1192.29,-3.2,-5.59,-8.7,한국무역보험공사_환율_20230718.csv
2010-04-07,2010,4,7,JPY,1198.29,-3.03,-4.89,-9.49,한국무역보험공사_환율_20230718.csv
2010-04-08,2010,4,8,JPY,1202.1,-2.34,-5.56,-10.02,한국무역보험공사_환율_20230718.csv
2010-04-09,2010,4,9,JPY,1202.05,-1.28,-6.24,-10.85,한국무역보험공사_환율_20230718.csv
2010-04-12,2010,4,12,JPY,1201.33,-0.71,-7.54,-10.73,한국무역보험공사_환율_20230718.csv
2010-04-13,2010,4,13,JPY,1194.65,-0.62,-8.19,-10.81,한국무역보험공사_환율_20230718.csv
2010-04-14,2010,4,14,JPY,1201.95,1.1,-7.43,-8.84,한국무역보험공사_환율_20230718.csv
2010-04-15,2010,4,15,JPY,1195.56,0.27,-7.73,-8.65,한국무역보험공사_환율_20230718.csv
2010-04-16,2010,4,16,JPY,1191.57,-0.56,-7.13,-6.7,한국무역보험공사_환율_20230718.csv
2010-04-19,2010,4,19,JPY,1209.47,0.61,-4.17,-6.45,한국무역보험공사_환율_20230718.csv
2010-04-20,2010,4,20,JPY,1208.02,0.5,-3.82,-7.57,한국무역보험공사_환율_20230718.csv
2010-04-21,2010,4,21,JPY,1197.98,-0.28,-5.04,-9.19,한국무역보험공사_환율_20230718.csv
2010-04-22,2010,4,22,JPY,1193.21,-0.12,-4.6,-9.45,한국무역보험공사_환율_20230718.csv
2010-04-23,2010,4,23,JPY,1186.24,-1.31,-4.91,-9.1,한국무역보험공사_환율_20230718.csv
2010-04-26,2010,4,26,JPY,1180.73,-1.24,-5.4,-10.01,한국무역보험공사_환율_20230718.csv
2010-04-27,2010,4,27,JPY,1175.59,-1.34,-6.21,-9.25,한국무역보험공사_환율_20230718.csv
2010-04-28,2010,4,28,JPY,1187.49,-1.82,-5.36,-8.47,한국무역보험공사_환율_20230718.csv
2010-04-29,2010,4,29,JPY,1190.76,-1.43,-4.72,-8.92,한국무역보험공사_환율_20230718.csv
2010-04-30,2010,4,30,JPY,1186.77,-0.94,-5.15,-8.89,한국무역보험공사_환율_20230718.csv
2010-05-03,2010,5,3,JPY,1178.44,-1.24,-5.88,-8.91,한국무역보험공사_환율_20230718.csv
2010-05-04,2010,5,4,JPY,1178.99,-0.61,-6.4,-8.54,한국무역보험공사_환율_20230718.csv
2010-05-06,2010,5,6,JPY,1188.15,0.63,-5.29,-8.02,한국무역보험공사_환율_20230718.csv
2010-05-07,2010,5,7,JPY,1252.86,6.57,1.6,-2.49,한국무역보험공사_환율_20230718.csv
2010-05-10,2010,5,10,JPY,1258.98,6.02,2.22,-1.35,한국무역보험공사_환율_20230718.csv
2010-05-11,2010,5,11,JPY,1218.09,2.3,-1.42,-4.32,한국무역보험공사_환율_20230718.csv
2010-05-12,2010,5,12,JPY,1220.81,2.87,-0.82,-3.33,한국무역보험공사_환율_20230718.csv
2010-05-13,2010,5,13,JPY,1221.79,3.68,0.34,-2.76,한국무역보험공사_환율_20230718.csv
2010-05-14,2010,5,14,JPY,1219.01,3.39,0.76,-2.55,한국무역보험공사_환율_20230718.csv
2010-05-17,2010,5,17,JPY,1227.29,3.29,2.1,-1.69,한국무역보험공사_환율_20230718.csv
2010-05-18,2010,5,18,JPY,1243.81,-0.72,4.62,0.93,한국무역보험공사_환율_20230718.csv
2010-05-19,2010,5,19,JPY,1250.97,-0.64,4.92,3.22,한국무역보험공사_환율_20230718.csv
2010-05-20,2010,5,20,JPY,1271.6,4.39,6.12,3.89,한국무역보험공사_환율_20230718.csv
2010-05-24,2010,5,24,JPY,1306.58,7.03,8.69,7.4,한국무역보험공사_환율_20230718.csv
2010-05-25,2010,5,25,JPY,1344.72,10.06,11.87,8.95,한국무역보험공사_환율_20230718.csv
2010-05-26,2010,5,26,JPY,1389.15,13.96,15.63,12.75,한국무역보험공사_환율_20230718.csv
2010-05-27,2010,5,27,JPY,1392.42,13.45,16.55,13.18,한국무역보험공사_환율_20230718.csv
2010-05-28,2010,5,28,JPY,1357.08,9.11,12.91,9.73,한국무역보험공사_환율_20230718.csv
2010-05-31,2010,5,31,JPY,1318.54,5.4,10.29,6.07,한국무역보험공사_환율_20230718.csv
2010-06-01,2010,6,1,JPY,1317.47,3.61,10.57,6.75,한국무역보험공사_환율_20230718.csv
2010-06-03,2010,6,3,JPY,1311.46,0.37,8.43,5.69,한국무역보험공사_환율_20230718.csv
2010-06-04,2010,6,4,JPY,1300.83,-3.26,7.68,3.09,한국무역보험공사_환율_20230718.csv
2010-06-07,2010,6,7,JPY,1310.6,-5.65,9.4,2.58,한국무역보험공사_환율_20230718.csv
2010-06-08,2010,6,8,JPY,1349.95,-3.05,13.14,6.07,한국무역보험공사_환율_20230718.csv
2010-06-09,2010,6,9,JPY,1349.27,-0.58,13.74,5.02,한국무역보험공사_환율_20230718.csv
2010-06-10,2010,6,10,JPY,1360.57,3.19,15.23,5.55,한국무역보험공사_환율_20230718.csv
2010-06-11,2010,6,11,JPY,1380.8,4.81,17.46,7.29,한국무역보험공사_환율_20230718.csv
2010-06-14,2010,6,14,JPY,1353.73,3.22,14.0,5.42,한국무역보험공사_환율_20230718.csv
2010-06-15,2010,6,15,JPY,1337.19,2.8,12.3,3.88,한국무역보험공사_환율_20230718.csv
2010-06-16,2010,6,16,JPY,1338.4,2.12,12.78,4.29,한국무역보험공사_환율_20230718.csv
2010-06-17,2010,6,17,JPY,1324.51,-1.88,12.4,4.52,한국무역보험공사_환율_20230718.csv
2010-06-18,2010,6,18,JPY,1338.29,-0.81,13.51,3.59,한국무역보험공사_환율_20230718.csv
2010-06-21,2010,6,21,JPY,1333.52,-1.99,12.23,1.6,한국무역보험공사_환율_20230718.csv
2010-06-22,2010,6,22,JPY,1292.37,-6.4,3.15,-1.64,한국무역보험공사_환율_20230718.csv
2010-06-23,2010,6,23,JPY,1305.95,-3.53,3.73,0.5,한국무역보험공사_환율_20230718.csv
2010-06-24,2010,6,24,JPY,1321.32,-1.19,8.47,2.66,한국무역보험공사_환율_20230718.csv
2010-06-25,2010,6,25,JPY,1322.47,-1.19,8.33,2.56,한국무역보험공사_환율_20230718.csv
2010-06-28,2010,6,28,JPY,1348.6,1.82,10.38,5.14,한국무역보험공사_환율_20230718.csv
2010-06-29,2010,6,29,JPY,1343.56,0.39,10.22,5.18,한국무역보험공사_환율_20230718.csv
2010-06-30,2010,6,30,JPY,1364.56,2.33,11.18,8.91,한국무역보험공사_환율_20230718.csv
2010-07-01,2010,7,1,JPY,1391.04,7.63,11.84,11.6,한국무역보험공사_환율_20230718.csv
2010-07-02,2010,7,2,JPY,1404.04,7.51,12.24,11.17,한국무역보험공사_환율_20230718.csv
2010-07-05,2010,7,5,JPY,1392.24,5.37,9.49,10.51,한국무역보험공사_환율_20230718.csv
2010-07-06,2010,7,6,JPY,1396.56,5.6,6.89,9.71,한국무역보험공사_환율_20230718.csv
2010-07-07,2010,7,7,JPY,1403.95,4.1,4.4,9.51,한국무역보험공사_환율_20230718.csv
2010-07-08,2010,7,8,JPY,1392.52,3.64,0.24,7.17,한국무역보험공사_환율_20230718.csv
2010-07-09,2010,7,9,JPY,1369.67,0.37,-1.63,5.26,한국무역보험공사_환율_20230718.csv
2010-07-12,2010,7,12,JPY,1352.59,-2.76,-0.33,4.18,한국무역보험공사_환율_20230718.csv
2010-07-13,2010,7,13,JPY,1350.82,-3.79,2.45,4.26,한국무역보험공사_환율_20230718.csv
2010-07-14,2010,7,14,JPY,1356.0,-2.6,2.92,5.68,한국무역보험공사_환율_20230718.csv
2010-07-15,2010,7,15,JPY,1357.94,-2.77,3.54,7.6,한국무역보험공사_환율_20230718.csv
2010-07-16,2010,7,16,JPY,1377.98,-1.85,5.93,9.71,한국무역보험공사_환율_20230718.csv
2010-07-19,2010,7,19,JPY,1387.51,-0.36,5.87,9.99,한국무역보험공사_환율_20230718.csv
2010-07-20,2010,7,20,JPY,1402.34,2.39,3.88,12.12,한국무역보험공사_환율_20230718.csv
2010-07-21,2010,7,21,JPY,1388.25,2.64,2.89,11.29,한국무역보험공사_환율_20230718.csv
2010-07-22,2010,7,22,JPY,1384.56,2.5,1.76,10.93,한국무역보험공사_환율_20230718.csv
2010-07-23,2010,7,23,JPY,1384.93,2.13,0.3,10.49,한국무역보험공사_환율_20230718.csv
2010-07-26,2010,7,26,JPY,1367.68,0.72,1.03,9.0,한국무역보험공사_환율_20230718.csv
2010-07-27,2010,7,27,JPY,1372.79,-0.38,2.66,9.85,한국무역보험공사_환율_20230718.csv
2010-07-28,2010,7,28,JPY,1348.45,-2.82,0.75,7.78,한국무역보험공사_환율_20230718.csv
2010-07-29,2010,7,29,JPY,1356.85,-3.24,2.44,8.37,한국무역보험공사_환율_20230718.csv
2010-07-30,2010,7,30,JPY,1369.95,-1.32,2.37,8.76,한국무역보험공사_환율_20230718.csv
2010-08-02,2010,8,2,JPY,1370.89,-0.99,2.8,9.28,한국무역보험공사_환율_20230718.csv
2010-08-03,2010,8,3,JPY,1354.97,-2.16,4.84,9.88,한국무역보험공사_환율_20230718.csv
2010-08-04,2010,8,4,JPY,1362.99,-0.34,4.37,10.66,한국무역보험공사_환율_20230718.csv
2010-08-05,2010,8,5,JPY,1355.08,-1.29,2.56,9.66,한국무역보험공사_환율_20230718.csv
2010-08-06,2010,8,6,JPY,1360.9,0.92,2.91,10.56,한국무역보험공사_환율_20230718.csv
2010-08-09,2010,8,9,JPY,1364.59,0.57,1.19,12.06,한국무역보험공사_환율_20230718.csv
2010-08-10,2010,8,10,JPY,1349.28,-1.51,0.43,11.52,한국무역보험공사_환율_20230718.csv
2010-08-11,2010,8,11,JPY,1367.06,-0.28,0.18,13.73,한국무역보험공사_환율_20230718.csv
2010-08-12,2010,8,12,JPY,1381.4,1.95,-0.69,16.2,한국무역보험공사_환율_20230718.csv
2010-08-13,2010,8,13,JPY,1386.3,1.71,-1.26,16.27,한국무역보험공사_환율_20230718.csv
2010-08-16,2010,8,16,JPY,1377.32,1.64,-1.07,14.94,한국무역보험공사_환율_20230718.csv
2010-08-17,2010,8,17,JPY,1398.66,2.77,0.15,16.35,한국무역보험공사_환율_20230718.csv
2010-08-18,2010,8,18,JPY,1376.58,0.88,-1.95,14.52,한국무역보험공사_환율_20230718.csv
2010-08-19,2010,8,19,JPY,1373.22,1.77,-1.39,14.31,한국무역보험공사_환율_20230718.csv
2010-08-20,2010,8,20,JPY,1375.18,0.59,0.4,15.11,한국무역보험공사_환율_20230718.csv
2010-08-23,2010,8,23,JPY,1379.35,-0.15,1.98,14.76,한국무역보험공사_환율_20230718.csv
2010-08-24,2010,8,24,JPY,1387.33,0.07,2.7,16.04,한국무역보험공사_환율_20230718.csv
2010-08-25,2010,8,25,JPY,1411.69,2.5,4.11,18.47,한국무역보험공사_환율_20230718.csv
2010-08-26,2010,8,26,JPY,1411.0,0.88,3.91,16.66,한국무역보험공사_환율_20230718.csv
2010-08-27,2010,8,27,JPY,1415.67,2.84,2.74,17.19,한국무역보험공사_환율_20230718.csv
2010-08-30,2010,8,30,JPY,1398.71,1.86,0.81,16.76,한국무역보험공사_환율_20230718.csv
2010-08-31,2010,8,31,JPY,1405.97,2.24,0.26,17.83,한국무역보험공사_환율_20230718.csv
2010-09-01,2010,9,1,JPY,1423.15,3.18,2.51,19.97,한국무역보험공사_환율_20230718.csv
2010-09-02,2010,9,2,JPY,1410.16,1.65,1.85,19.43,한국무역보험공사_환율_20230718.csv
2010-09-03,2010,9,3,JPY,1401.86,-0.7,1.22,19.25,한국무역보험공사_환율_20230718.csv
2010-09-06,2010,9,6,JPY,1395.91,-1.07,2.06,17.55,한국무역보험공사_환율_20230718.csv
2010-09-07,2010,9,7,JPY,1392.71,-1.62,1.45,16.96,한국무역보험공사_환율_20230718.csv
2010-09-08,2010,9,8,JPY,1404.66,0.43,4.17,18.36,한국무역보험공사_환율_20230718.csv
2010-09-09,2010,9,9,JPY,1400.74,-0.37,3.23,18.86,한국무역보험공사_환율_20230718.csv
2010-09-10,2010,9,10,JPY,1391.79,-2.2,1.59,18.05,한국무역보험공사_환율_20230718.csv
2010-09-13,2010,9,13,JPY,1384.2,-1.84,0.97,16.5,한국무역보험공사_환율_20230718.csv
2010-09-14,2010,9,14,JPY,1388.4,-0.96,2.47,10.82,한국무역보험공사_환율_20230718.csv
2010-09-15,2010,9,15,JPY,1398.01,0.15,2.57,11.04,한국무역보험공사_환율_20230718.csv
2010-09-16,2010,9,16,JPY,1354.97,-2.71,-0.01,11.24,한국무역보험공사_환율_20230718.csv
2010-09-17,2010,9,17,JPY,1354.76,-3.55,-0.45,10.97,한국무역보험공사_환율_20230718.csv
2010-09-20,2010,9,20,JPY,1356.86,-3.13,-0.57,11.06,한국무역보험공사_환율_20230718.csv
2010-09-24,2010,9,24,JPY,1375.02,-1.2,1.91,12.8,한국무역보험공사_환율_20230718.csv
2010-09-27,2010,9,27,JPY,1371.04,-0.95,0.29,11.71,한국무역보험공사_환율_20230718.csv
2010-09-28,2010,9,28,JPY,1362.91,-1.84,-1.34,9.58,한국무역보험공사_환율_20230718.csv
2010-09-29,2010,9,29,JPY,1368.73,-2.09,-1.27,9.41,한국무역보험공사_환율_20230718.csv
2010-09-30,2010,9,30,JPY,1363.34,0.62,-1.02,7.21,한국무역보험공사_환율_20230718.csv
2010-10-01,2010,10,1,JPY,1366.25,0.85,-2.32,4.57,한국무역보험공사_환율_20230718.csv
2010-10-04,2010,10,4,JPY,1361.42,0.34,-1.1,1.24,한국무역보험공사_환율_20230718.csv
2010-10-05,2010,10,5,JPY,1345.18,-2.17,-2.04,-3.17,한국무역보험공사_환율_20230718.csv
2010-10-06,2010,10,6,JPY,1358.77,-0.89,-1.19,-2.42,한국무역보험공사_환율_20230718.csv
2010-10-07,2010,10,7,JPY,1349.76,-0.96,-2.15,-0.54,한국무역보험공사_환율_20230718.csv
2010-10-08,2010,10,8,JPY,1356.4,-0.9,-2.23,2.87,한국무역보험공사_환율_20230718.csv
2010-10-11,2010,10,11,JPY,1368.58,0.38,-3.05,3.88,한국무역보험공사_환율_20230718.csv
2010-10-12,2010,10,12,JPY,1358.17,-0.59,-3.74,3.56,한국무역보험공사_환율_20230718.csv
2010-10-13,2010,10,13,JPY,1377.5,1.18,-2.7,5.89,한국무역보험공사_환율_20230718.csv
2010-10-14,2010,10,14,JPY,1368.58,1.74,-2.15,4.42,한국무역보험공사_환율_20230718.csv
2010-10-15,2010,10,15,JPY,1364.48,0.42,-2.95,1.08,한국무역보험공사_환율_20230718.csv
2010-10-18,2010,10,18,JPY,1370.84,1.56,-3.68,1.6,한국무역보험공사_환율_20230718.csv
2010-10-19,2010,10,19,JPY,1376.71,1.5,-2.37,1.19,한국무역보험공사_환율_20230718.csv
2010-10-20,2010,10,20,JPY,1377.21,0.63,-1.76,-0.26,한국무역보험공사_환율_20230718.csv
2010-10-21,2010,10,21,JPY,1395.46,2.75,-0.03,3.08,한국무역보험공사_환율_20230718.csv
2010-10-22,2010,10,22,JPY,1384.81,0.53,-0.57,3.56,한국무역보험공사_환율_20230718.csv
2010-10-25,2010,10,25,JPY,1388.87,1.48,-1.12,3.77,한국무역보험공사_환율_20230718.csv
2010-10-26,2010,10,26,JPY,1381.65,1.26,-1.36,4.31,한국무역보험공사_환율_20230718.csv
2010-10-27,2010,10,27,JPY,1373.43,0.19,-1.32,2.63,한국무역보험공사_환율_20230718.csv
2010-10-28,2010,10,28,JPY,1378.13,0.1,-0.44,3.35,한국무역보험공사_환율_20230718.csv
2010-10-29,2010,10,29,JPY,1390.69,0.98,0.16,7.61,한국무역보험공사_환율_20230718.csv
2010-11-01,2010,11,1,JPY,1399.04,0.26,0.07,7.13,한국무역보험공사_환율_20230718.csv
2010-11-02,2010,11,2,JPY,1387.82,0.22,2.42,5.03,한국무역보험공사_환율_20230718.csv
2010-11-03,2010,11,3,JPY,1382.05,-0.49,2.01,4.51,한국무역보험공사_환율_20230718.csv
2010-11-04,2010,11,4,JPY,1370.06,-0.84,0.97,1.59,한국무역보험공사_환율_20230718.csv
2010-11-05,2010,11,5,JPY,1370.73,-0.2,-0.31,2.02,한국무역보험공사_환율_20230718.csv
2010-11-08,2010,11,8,JPY,1360.77,-1.26,-0.75,-0.28,한국무역보험공사_환율_20230718.csv
2010-11-09,2010,11,9,JPY,1371.74,-1.36,0.65,-1.39,한국무역보험공사_환율_20230718.csv
2010-11-10,2010,11,10,JPY,1365.9,-2.37,-0.21,-2.72,한국무역보험공사_환율_20230718.csv
2010-11-11,2010,11,11,JPY,1355.51,-2.33,-0.57,-2.64,한국무역보험공사_환율_20230718.csv
2010-11-12,2010,11,12,JPY,1342.59,-2.86,-1.73,-3.86,한국무역보험공사_환율_20230718.csv
2010-11-15,2010,11,15,JPY,1357.3,-0.93,-0.3,-3.32,한국무역보험공사_환율_20230718.csv
2010-11-16,2010,11,16,JPY,1358.68,-0.88,1.0,-2.43,한국무역보험공사_환율_20230718.csv
2010-11-17,2010,11,17,JPY,1354.2,-0.48,-0.34,-1.13,한국무역보험공사_환율_20230718.csv
2010-11-18,2010,11,18,JPY,1369.21,-0.18,1.44,1.23,한국무역보험공사_환율_20230718.csv
2010-11-19,2010,11,19,JPY,1364.28,-0.12,0.58,1.0,한국무역보험공사_환율_20230718.csv
2010-11-22,2010,11,22,JPY,1355.9,0.03,-0.93,-0.01,한국무역보험공사_환율_20230718.csv
2010-11-23,2010,11,23,JPY,1352.83,0.76,-0.39,-0.38,한국무역보험공사_환율_20230718.csv
2010-11-24,2010,11,24,JPY,1364.12,0.5,-0.97,-1.01,한국무역보험공사_환율_20230718.csv
2010-11-25,2010,11,25,JPY,1375.43,1.23,0.5,-0.87,한국무역보험공사_환율_20230718.csv
2010-11-26,2010,11,26,JPY,1368.0,1.02,0.26,-2.45,한국무역보험공사_환율_20230718.csv
2010-11-29,2010,11,29,JPY,1365.22,-0.29,-0.41,-1.66,한국무역보험공사_환율_20230718.csv
2010-11-30,2010,11,30,JPY,1373.41,0.67,-0.24,-0.81,한국무역보험공사_환율_20230718.csv
2010-12-01,2010,12,1,JPY,1379.83,1.76,0.19,-0.37,한국무역보험공사_환율_20230718.csv
2010-12-02,2010,12,2,JPY,1371.52,1.38,-1.72,0.28,한국무역보험공사_환율_20230718.csv
2010-12-03,2010,12,3,JPY,1370.74,0.49,-1.02,-0.15,한국무역보험공사_환율_20230718.csv
2010-12-06,2010,12,6,JPY,1382.88,0.54,-0.43,2.55,한국무역보험공사_환율_20230718.csv
2010-12-07,2010,12,7,JPY,1371.57,0.26,-0.73,1.08,한국무역보험공사_환율_20230718.csv
2010-12-08,2010,12,8,JPY,1358.65,-0.48,-1.08,-0.82,한국무역보험공사_환율_20230718.csv
2010-12-09,2010,12,9,JPY,1357.09,-1.19,-1.53,-1.01,한국무역보험공사_환율_20230718.csv
2010-12-10,2010,12,10,JPY,1358.96,-1.51,-2.28,0.29,한국무역보험공사_환율_20230718.csv
2010-12-13,2010,12,13,JPY,1359.05,-0.91,-2.86,-0.29,한국무역보험공사_환율_20230718.csv
2010-12-14,2010,12,14,JPY,1370.04,-0.05,-1.28,1.1,한국무역보험공사_환율_20230718.csv
2010-12-15,2010,12,15,JPY,1363.84,-1.38,-1.32,0.22,한국무역보험공사_환율_20230718.csv
2010-12-16,2010,12,16,JPY,1365.44,-0.45,-0.34,0.06,한국무역보험공사_환율_20230718.csv
2010-12-17,2010,12,17,JPY,1376.38,1.3,0.41,2.01,한국무역보험공사_환율_20230718.csv
2010-12-20,2010,12,20,JPY,1369.59,0.92,0.65,0.19,한국무역보험공사_환율_20230718.csv
2010-12-21,2010,12,21,JPY,1390.34,2.31,1.36,0.65,한국무역보험공사_환율_20230718.csv
2010-12-22,2010,12,22,JPY,1376.91,1.31,0.81,-0.68,한국무역보험공사_환율_20230718.csv
2010-12-23,2010,12,23,JPY,1382.84,0.93,2.02,0.4,한국무역보험공사_환율_20230718.csv
2010-12-24,2010,12,24,JPY,1386.85,1.69,3.3,-0.84,한국무역보험공사_환율_20230718.csv
2010-12-27,2010,12,27,JPY,1389.29,1.75,2.36,0.92,한국무역보험공사_환율_20230718.csv
2010-12-28,2010,12,28,JPY,1389.7,0.97,2.28,1.2,한국무역보험공사_환율_20230718.csv
2010-12-29,2010,12,29,JPY,1392.51,1.67,2.83,1.26,한국무역보험공사_환율_20230718.csv
2010-12-30,2010,12,30,JPY,1403.42,0.94,2.5,1.75,한국무역보험공사_환율_20230718.csv
2010-12-31,2010,12,31,JPY,1397.08,1.46,2.4,0.7,한국무역보험공사_환율_20230718.csv
2011-01-03,2011,1,3,JPY,1403.1,1.47,3.48,-0.61,한국무역보험공사_환율_20230718.csv
2011-01-04,2011,1,4,JPY,1379.37,-0.54,1.96,-2.24,한국무역보험공사_환율_20230718.csv
2011-01-05,2011,1,5,JPY,1367.24,-1.59,0.23,-3.42,한국무역보험공사_환율_20230718.csv
2011-01-06,2011,1,6,JPY,1351.43,-2.75,-1.74,-3.38,한국무역보험공사_환율_20230718.csv
2011-01-07,2011,1,7,JPY,1348.99,-3.13,-1.39,-4.05,한국무역보험공사_환율_20230718.csv
2011-01-10,2011,1,10,JPY,1350.38,-3.78,-1.09,-5.11,한국무역보험공사_환율_20230718.csv
2011-01-11,2011,1,11,JPY,1355.26,-2.99,-1.32,-3.89,한국무역보험공사_환율_20230718.csv
2011-01-12,2011,1,12,JPY,1350.44,-3.75,-2.13,-3.67,한국무역보험공사_환율_20230718.csv
2011-01-13,2011,1,13,JPY,1348.75,-2.22,-1.66,-3.38,한국무역보험공사_환율_20230718.csv
2011-01-14,2011,1,14,JPY,1344.05,-1.7,-1.95,-3.49,한국무역보험공사_환율_20230718.csv
2011-01-17,2011,1,17,JPY,1344.88,-0.48,-2.75,-4.26,한국무역보험공사_환율_20230718.csv
2011-01-18,2011,1,18,JPY,1347.15,-0.14,-1.78,-3.83,한국무역보험공사_환율_20230718.csv
2011-01-19,2011,1,19,JPY,1351.81,0.11,-0.5,-2.87,한국무역보험공사_환율_20230718.csv
2011-01-20,2011,1,20,JPY,1355.22,-0.0,-0.14,-2.09,한국무역보험공사_환율_20230718.csv
2011-01-21,2011,1,21,JPY,1347.8,-0.2,-0.82,-2.92,한국무역보험공사_환율_20230718.csv
2011-01-24,2011,1,24,JPY,1357.78,0.67,-0.09,-2.88,한국무역보험공사_환율_20230718.csv
2011-01-25,2011,1,25,JPY,1357.61,1.01,-0.91,0.19,한국무역보험공사_환율_20230718.csv
2011-01-26,2011,1,26,JPY,1359.36,1.08,-0.33,0.34,한국무역보험공사_환율_20230718.csv
2011-01-27,2011,1,27,JPY,1359.6,0.92,-0.43,0.2,한국무역보험공사_환율_20230718.csv
2011-01-28,2011,1,28,JPY,1344.8,-0.52,-2.29,-2.2,한국무역보험공사_환율_20230718.csv
2011-01-31,2011,1,31,JPY,1356.59,0.1,-0.95,-1.05,한국무역보험공사_환율_20230718.csv
2011-02-01,2011,2,1,JPY,1368.15,1.51,-1.6,0.38,한국무역보험공사_환율_20230718.csv
2011-02-07,2011,2,7,JPY,1357.69,-0.01,-1.4,-0.81,한국무역보험공사_환율_20230718.csv
2011-02-08,2011,2,8,JPY,1344.51,-0.96,-2.77,-1.38,한국무역보험공사_환율_20230718.csv
2011-02-09,2011,2,9,JPY,1342.16,-1.27,-3.22,-1.76,한국무역보험공사_환율_20230718.csv
2011-02-10,2011,2,10,JPY,1341.27,-1.35,-3.46,-1.48,한국무역보험공사_환율_20230718.csv
2011-02-11,2011,2,11,JPY,1335.45,-0.7,-3.9,-0.72,한국무역보험공사_환율_20230718.csv
2011-02-14,2011,2,14,JPY,1342.48,-1.04,-3.59,-1.2,한국무역보험공사_환율_20230718.csv
2011-02-15,2011,2,15,JPY,1349.06,-1.4,-3.87,-0.05,한국무역보험공사_환율_20230718.csv
2011-02-16,2011,2,16,JPY,1340.86,-1.24,-4.02,-1.15,한국무역보험공사_환율_20230718.csv
2011-02-17,2011,2,17,JPY,1340.07,-0.33,-4.49,-2.08,한국무역보험공사_환율_20230718.csv
2011-02-18,2011,2,18,JPY,1339.9,-0.17,-2.86,-1.35,한국무역보험공사_환율_20230718.csv
2011-02-21,2011,2,21,JPY,1339.43,-0.14,-2.03,-2.76,한국무역보험공사_환율_20230718.csv
2011-02-22,2011,2,22,JPY,1342.88,0.56,-0.63,-1.88,한국무역보험공사_환율_20230718.csv
2011-02-23,2011,2,23,JPY,1360.36,1.33,0.84,-0.3,한국무역보험공사_환율_20230718.csv
2011-02-24,2011,2,24,JPY,1365.76,1.24,1.14,-0.37,한국무역보험공사_환율_20230718.csv
2011-02-25,2011,2,25,JPY,1375.44,2.58,1.49,-0.09,한국무역보험공사_환율_20230718.csv
2011-02-28,2011,2,28,JPY,1380.96,3.05,2.26,0.27,한국무역보험공사_환율_20230718.csv
2011-03-02,2011,3,2,JPY,1377.85,2.83,2.16,-1.26,한국무역보험공사_환율_20230718.csv
2011-03-03,2011,3,3,JPY,1379.21,2.97,2.62,-0.4,한국무역보험공사_환율_20230718.csv
2011-03-04,2011,3,4,JPY,1362.46,1.46,1.31,-1.9,한국무역보험공사_환율_20230718.csv
2011-03-07,2011,3,7,JPY,1356.75,-0.27,0.71,-1.8,한국무역보험공사_환율_20230718.csv
2011-03-08,2011,3,8,JPY,1358.16,-0.56,0.47,-1.11,한국무역보험공사_환율_20230718.csv
2011-03-09,2011,3,9,JPY,1350.82,-1.79,-0.32,-1.98,한국무역보험공사_환율_20230718.csv
2011-03-10,2011,3,10,JPY,1347.67,-2.41,-0.01,-3.09,한국무역보험공사_환율_20230718.csv
2011-03-11,2011,3,11,JPY,1348.85,-2.1,-0.66,-3.59,한국무역보험공사_환율_20230718.csv
2011-03-14,2011,3,14,JPY,1380.35,0.08,1.68,-0.54,한국무역보험공사_환율_20230718.csv
2011-03-15,2011,3,15,JPY,1382.02,1.44,1.67,-0.0,한국무역보험공사_환율_20230718.csv
2011-03-16,2011,3,16,JPY,1399.34,3.14,2.92,2.14,한국무역보험공사_환율_20230718.csv
2011-03-17,2011,3,17,JPY,1439.85,6.01,7.07,5.04,한국무역보험공사_환율_20230718.csv
2011-03-18,2011,3,18,JPY,1436.82,6.37,5.91,5.59,한국무역보험공사_환율_20230718.csv
2011-03-21,2011,3,21,JPY,1396.07,3.59,2.04,1.77,한국무역보험공사_환율_20230718.csv
2011-03-22,2011,3,22,JPY,1385.55,2.72,2.05,1.44,한국무역보험공사_환율_20230718.csv
2011-03-23,2011,3,23,JPY,1384.47,0.3,2.97,2.14,한국무역보험공사_환율_20230718.csv
2011-03-24,2011,3,24,JPY,1388.83,0.49,3.48,3.44,한국무역보험공사_환율_20230718.csv
2011-03-25,2011,3,25,JPY,1385.75,-0.97,3.32,2.1,한국무역보험공사_환율_20230718.csv
2011-03-28,2011,3,28,JPY,1367.99,-4.99,2.44,0.69,한국무역보험공사_환율_20230718.csv
2011-03-29,2011,3,29,JPY,1363.19,-5.12,1.54,0.66,한국무역보험공사_환율_20230718.csv
2011-03-30,2011,3,30,JPY,1352.42,-3.13,0.25,-1.23,한국무역보험공사_환율_20230718.csv
2011-03-31,2011,3,31,JPY,1331.89,-3.87,-0.67,-2.37,한국무역보험공사_환율_20230718.csv
2011-04-01,2011,4,1,JPY,1319.62,-4.68,-1.53,-2.68,한국무역보험공사_환율_20230718.csv
2011-04-04,2011,4,4,JPY,1299.69,-6.42,-3.0,-3.93,한국무역보험공사_환율_20230718.csv
2011-04-05,2011,4,5,JPY,1292.08,-6.76,-3.54,-5.28,한국무역보험공사_환율_20230718.csv
2011-04-06,2011,4,6,JPY,1280.27,-6.41,-4.66,-6.92,한국무역보험공사_환율_20230718.csv
2011-04-07,2011,4,7,JPY,1271.75,-6.71,-6.51,-7.04,한국무역보험공사_환율_20230718.csv
2011-04-08,2011,4,8,JPY,1280.0,-5.35,-6.28,-6.24,한국무역보험공사_환율_20230718.csv
2011-04-11,2011,4,11,JPY,1276.12,-4.19,-7.22,-7.08,한국무역보험공사_환율_20230718.csv
2011-04-12,2011,4,12,JPY,1282.48,-2.81,-7.13,-7.06,한국무역보험공사_환율_20230718.csv
2011-04-13,2011,4,13,JPY,1306.49,0.52,-5.18,-4.74,한국무역보험공사_환율_20230718.csv
2011-04-14,2011,4,14,JPY,1303.93,0.92,-5.46,-4.87,한국무역보험공사_환율_20230718.csv
2011-04-15,2011,4,15,JPY,1302.64,1.75,-4.39,-5.8,한국무역보험공사_환율_20230718.csv
2011-04-18,2011,4,18,JPY,1307.26,2.79,-3.65,-4.69,한국무역보험공사_환율_20230718.csv
2011-04-19,2011,4,19,JPY,1322.77,3.34,-2.61,-2.64,한국무역보험공사_환율_20230718.csv
2011-04-20,2011,4,20,JPY,1322.12,3.6,-2.12,-2.58,한국무역보험공사_환율_20230718.csv
2011-04-21,2011,4,21,JPY,1313.89,2.45,-2.51,-3.32,한국무역보험공사_환율_20230718.csv
2011-04-22,2011,4,22,JPY,1318.8,0.94,-2.23,-2.96,한국무역보험공사_환율_20230718.csv
2011-04-25,2011,4,25,JPY,1319.27,1.18,-4.42,-3.71,한국무역보험공사_환율_20230718.csv
2011-04-26,2011,4,26,JPY,1323.26,1.58,-4.25,-2.98,한국무역보험공사_환율_20230718.csv
2011-04-27,2011,4,27,JPY,1331.98,1.89,-4.81,-2.45,한국무역보험공사_환율_20230718.csv
2011-04-28,2011,4,28,JPY,1312.87,-0.75,-8.82,-4.61,한국무역보험공사_환율_20230718.csv
2011-04-29,2011,4,29,JPY,1313.77,-0.63,-8.56,-4.08,한국무역보험공사_환율_20230718.csv
2011-05-02,2011,5,2,JPY,1320.17,0.48,-5.44,-5.05,한국무역보험공사_환율_20230718.csv
2011-05-03,2011,5,3,JPY,1313.47,-0.4,-5.2,-4.61,한국무역보험공사_환율_20230718.csv
2011-05-04,2011,5,4,JPY,1320.83,0.12,-4.6,-4.48,한국무역보험공사_환율_20230718.csv
2011-05-06,2011,5,6,JPY,1337.4,1.07,-3.7,-3.57,한국무역보험공사_환율_20230718.csv
2011-05-09,2011,5,9,JPY,1344.49,0.94,-2.98,-3.22,한국무역보험공사_환율_20230718.csv
2011-05-11,2011,5,11,JPY,1333.13,1.54,-2.55,-4.07,한국무역보험공사_환율_20230718.csv
2011-05-12,2011,5,12,JPY,1327.04,1.01,-2.65,-4.7,한국무역보험공사_환율_20230718.csv
2011-05-13,2011,5,13,JPY,1336.09,1.21,-1.21,-4.8,한국무역보험공사_환율_20230718.csv
2011-05-16,2011,5,16,JPY,1346.65,2.53,1.11,-3.61,한국무역보험공사_환율_20230718.csv
2011-05-17,2011,5,17,JPY,1352.14,2.37,2.46,-3.63,한국무역보험공사_환율_20230718.csv
2011-05-18,2011,5,18,JPY,1338.4,0.07,2.98,-2.97,한국무역보험공사_환율_20230718.csv
2011-05-19,2011,5,19,JPY,1330.19,-1.06,2.95,-2.71,한국무역보험공사_환율_20230718.csv
2011-05-20,2011,5,20,JPY,1327.42,-0.43,3.68,-1.78,한국무역보험공사_환율_20230718.csv
2011-05-23,2011,5,23,JPY,1325.21,-0.14,4.2,-1.76,한국무역보험공사_환율_20230718.csv
2011-05-24,2011,5,24,JPY,1332.48,-0.27,4.1,-1.33,한국무역보험공사_환율_20230718.csv
2011-05-25,2011,5,25,JPY,1333.66,-0.96,4.51,-1.59,한국무역보험공사_환율_20230718.csv
2011-05-26,2011,5,26,JPY,1337.52,-1.08,4.29,-0.96,한국무역보험공사_환율_20230718.csv
2011-05-27,2011,5,27,JPY,1341.58,0.24,2.69,-0.53,한국무역보험공사_환율_20230718.csv
2011-05-30,2011,5,30,JPY,1338.61,0.63,2.66,-0.4,한국무역보험공사_환율_20230718.csv
2011-05-31,2011,5,31,JPY,1335.56,0.61,2.53,-0.69,한국무역보험공사_환율_20230718.csv
2011-06-01,2011,6,1,JPY,1322.16,-0.23,1.14,-1.86,한국무역보험공사_환율_20230718.csv
2011-06-02,2011,6,2,JPY,1329.63,-0.21,0.52,-1.64,한국무역보험공사_환율_20230718.csv
2011-06-03,2011,6,3,JPY,1333.74,0.01,0.88,-1.58,한국무역보험공사_환율_20230718.csv
2011-06-07,2011,6,7,JPY,1344.44,0.52,2.33,-0.25,한국무역보험공사_환율_20230718.csv
2011-06-08,2011,6,8,JPY,1347.89,0.47,2.21,-0.73,한국무역보험공사_환율_20230718.csv
2011-06-09,2011,6,9,JPY,1352.97,1.07,2.55,-0.34,한국무역보험공사_환율_20230718.csv
2011-06-10,2011,6,10,JPY,1348.57,0.97,1.91,-0.79,한국무역보험공사_환율_20230718.csv
2011-06-13,2011,6,13,JPY,1345.7,1.78,1.03,-1.02,한국무역보험공사_환율_20230718.csv
2011-06-14,2011,6,14,JPY,1354.33,1.86,3.16,0.71,한국무역보험공사_환율_20230718.csv
2011-06-15,2011,6,15,JPY,1345.29,0.87,2.4,-0.83,한국무역보험공사_환율_20230718.csv
2011-06-16,2011,6,16,JPY,1338.73,-0.42,1.41,-2.15,한국무역보험공사_환율_20230718.csv
2011-06-17,2011,6,17,JPY,1350.99,0.23,2.86,-0.49,한국무역보험공사_환율_20230718.csv
2011-06-20,2011,6,20,JPY,1356.96,0.29,2.74,0.93,한국무역보험공사_환율_20230718.csv
2011-06-21,2011,6,21,JPY,1349.7,0.08,0.92,0.56,한국무역보험공사_환율_20230718.csv
2011-06-22,2011,6,22,JPY,1347.91,0.16,0.25,0.5,한국무역보험공사_환율_20230718.csv
2011-06-23,2011,6,23,JPY,1337.4,-1.25,0.32,0.15,한국무역보험공사_환율_20230718.csv
2011-06-24,2011,6,24,JPY,1338.51,-0.5,0.86,-0.3,한국무역보험공사_환율_20230718.csv
2011-06-27,2011,6,27,JPY,1339.92,0.09,0.29,-0.68,한국무역보험공사_환율_20230718.csv
2011-06-28,2011,6,28,JPY,1344.43,-0.49,-0.16,0.27,한국무역보험공사_환율_20230718.csv
2011-06-29,2011,6,29,JPY,1334.07,-1.69,-1.34,-0.45,한국무역보험공사_환율_20230718.csv
2011-06-30,2011,6,30,JPY,1335.69,-1.04,-0.2,-0.31,한국무역보험공사_환율_20230718.csv
2011-07-01,2011,7,1,JPY,1326.35,-1.6,-0.29,-0.98,한국무역보험공사_환율_20230718.csv
2011-07-04,2011,7,4,JPY,1318.99,-1.38,-0.64,-1.78,한국무역보험공사_환율_20230718.csv
2011-07-05,2011,7,5,JPY,1317.24,-1.59,-0.6,-3.17,한국무역보험공사_환율_20230718.csv
2011-07-06,2011,7,6,JPY,1314.58,-1.89,-1.34,-3.75,한국무역보험공사_환율_20230718.csv
2011-07-07,2011,7,7,JPY,1315.42,-2.16,-1.37,-4.36,한국무역보험공사_환율_20230718.csv
2011-07-08,2011,7,8,JPY,1309.99,-1.81,-2.06,-5.14,한국무역보험공사_환율_20230718.csv
2011-07-11,2011,7,11,JPY,1312.42,-1.74,-2.17,-4.75,한국무역보험공사_환율_20230718.csv
2011-07-12,2011,7,12,JPY,1319.18,-0.54,-1.45,-4.35,한국무역보험공사_환율_20230718.csv
2011-07-13,2011,7,13,JPY,1342.91,1.81,0.55,-1.43,한국무역보험공사_환율_20230718.csv
2011-07-14,2011,7,14,JPY,1346.42,2.22,1.83,-0.76,한국무역보험공사_환율_20230718.csv
2011-07-15,2011,7,15,JPY,1335.23,1.57,0.42,-1.69,한국무역보험공사_환율_20230718.csv
2011-07-18,2011,7,18,JPY,1337.0,1.64,0.24,-1.02,한국무역보험공사_환율_20230718.csv
2011-07-19,2011,7,19,JPY,1342.36,2.47,-0.15,-0.39,한국무역보험공사_환율_20230718.csv
2011-07-20,2011,7,20,JPY,1338.68,2.0,-0.68,-0.75,한국무역보험공사_환율_20230718.csv
2011-07-21,2011,7,21,JPY,1338.53,1.47,-1.07,-3.03,한국무역보험공사_환율_20230718.csv
2011-07-22,2011,7,22,JPY,1344.67,0.13,-0.29,-2.7,한국무역보험공사_환율_20230718.csv
2011-07-25,2011,7,25,JPY,1341.5,-0.37,-0.31,-4.13,한국무역보험공사_환율_20230718.csv
2011-07-26,2011,7,26,JPY,1347.17,0.89,-0.53,-6.44,한국무역보험공사_환율_20230718.csv
2011-07-27,2011,7,27,JPY,1351.26,1.07,0.44,-5.95,한국무역보험공사_환율_20230718.csv
2011-07-28,2011,7,28,JPY,1347.36,0.37,0.64,-3.49,한국무역보험공사_환율_20230718.csv
2011-07-29,2011,7,29,JPY,1353.22,1.09,0.17,-2.33,한국무역보험공사_환율_20230718.csv
2011-08-01,2011,8,1,JPY,1362.97,1.83,0.44,-1.55,한국무역보험공사_환율_20230718.csv
2011-08-02,2011,8,2,JPY,1355.59,0.81,0.44,-2.39,한국무역보험공사_환율_20230718.csv
2011-08-03,2011,8,3,JPY,1359.59,1.35,0.87,-1.89,한국무역보험공사_환율_20230718.csv
2011-08-04,2011,8,4,JPY,1372.58,1.89,2.63,0.34,한국무역보험공사_환율_20230718.csv
2011-08-05,2011,8,5,JPY,1334.38,-1.25,-0.31,-2.11,한국무역보험공사_환율_20230718.csv
2011-08-08,2011,8,8,JPY,1366.21,1.4,1.96,1.02,한국무역보험공사_환율_20230718.csv
2011-08-09,2011,8,9,JPY,1383.91,2.27,2.94,3.91,한국무역보험공사_환율_20230718.csv
2011-08-10,2011,8,10,JPY,1417.61,4.01,6.26,7.43,한국무역보험공사_환율_20230718.csv
2011-08-11,2011,8,11,JPY,1408.42,3.9,5.45,8.37,한국무역보험공사_환율_20230718.csv
2011-08-12,2011,8,12,JPY,1412.84,3.92,6.52,9.35,한국무역보험공사_환율_20230718.csv
2011-08-16,2011,8,16,JPY,1403.46,2.25,6.4,9.62,한국무역보험공사_환율_20230718.csv
2011-08-17,2011,8,17,JPY,1393.23,4.41,5.77,9.55,한국무역보험공사_환율_20230718.csv
2011-08-18,2011,8,18,JPY,1401.49,2.58,6.61,9.49,한국무역보험공사_환율_20230718.csv
2011-08-19,2011,8,19,JPY,1398.77,1.07,6.34,9.61,한국무역보험공사_환율_20230718.csv
2011-08-22,2011,8,22,JPY,1409.38,-0.58,7.59,9.89,한국무역보험공사_환율_20230718.csv
2011-08-23,2011,8,23,JPY,1409.58,0.08,7.4,7.89,한국무역보험공사_환율_20230718.csv
2011-08-24,2011,8,24,JPY,1408.47,-0.31,6.77,8.02,한국무역보험공사_환율_20230718.csv
2011-08-25,2011,8,25,JPY,1401.48,-0.14,4.36,7.59,한국무역보험공사_환율_20230718.csv
2011-08-26,2011,8,26,JPY,1401.47,0.59,4.09,7.21,한국무역보험공사_환율_20230718.csv
2011-08-29,2011,8,29,JPY,1412.75,0.8,5.81,6.8,한국무역보험공사_환율_20230718.csv
2011-08-30,2011,8,30,JPY,1398.67,-0.01,4.61,5.79,한국무역보험공사_환율_20230718.csv
2011-08-31,2011,8,31,JPY,1396.81,-0.89,4.06,6.31,한국무역보험공사_환율_20230718.csv
2011-09-01,2011,9,1,JPY,1394.39,-1.08,4.16,5.73,한국무역보험공사_환율_20230718.csv
2011-09-02,2011,9,2,JPY,1383.21,-1.79,3.34,4.85,한국무역보험공사_환율_20230718.csv
2011-09-05,2011,9,5,JPY,1382.64,-1.34,2.82,4.49,한국무역보험공사_환율_20230718.csv
2011-09-06,2011,9,6,JPY,1388.94,-0.89,3.54,4.28,한국무역보험공사_환율_20230718.csv
2011-09-07,2011,9,7,JPY,1380.83,-2.26,2.5,5.18,한국무역보험공사_환율_20230718.csv
2011-09-08,2011,9,8,JPY,1385.7,-0.93,2.55,5.48,한국무역보험공사_환율_20230718.csv
2011-09-09,2011,9,9,JPY,1383.9,-0.92,2.71,4.83,한국무역보험공사_환율_20230718.csv
2011-09-14,2011,9,14,JPY,1398.13,0.27,3.32,6.45,한국무역보험공사_환율_20230718.csv
2011-09-15,2011,9,15,JPY,1434.96,3.74,5.28,8.64,한국무역보험공사_환율_20230718.csv
2011-09-16,2011,9,16,JPY,1443.78,4.42,6.51,7.95,한국무역보험공사_환율_20230718.csv
2011-09-19,2011,9,19,JPY,1439.12,3.61,5.85,7.04,한국무역보험공사_환율_20230718.csv
2011-09-20,2011,9,20,JPY,1464.67,6.07,6.71,9.87,한국무역보험공사_환율_20230718.csv
2011-09-21,2011,9,21,JPY,1504.64,8.58,12.76,13.38,한국무역보험공사_환율_20230718.csv
2011-09-22,2011,9,22,JPY,1499.02,8.32,9.72,12.19,한국무역보험공사_환율_20230718.csv
2011-09-23,2011,9,23,JPY,1543.15,10.37,11.51,14.59,한국무역보험공사_환율_20230718.csv
2011-09-26,2011,9,26,JPY,1548.0,7.88,9.2,14.49,한국무역보험공사_환율_20230718.csv
2011-09-27,2011,9,27,JPY,1550.83,7.41,10.11,15.87,한국무역보험공사_환율_20230718.csv
2011-09-28,2011,9,28,JPY,1534.97,6.66,8.64,15.39,한국무역보험공사_환율_20230718.csv
2011-09-29,2011,9,29,JPY,1532.04,4.6,9.16,15.41,한국무역보험공사_환율_20230718.csv
2011-09-30,2011,9,30,JPY,1536.61,2.12,10.29,15.95,한국무역보험공사_환율_20230718.csv
2011-10-04,2011,10,4,JPY,1538.29,2.62,9.76,15.45,한국무역보험공사_환율_20230718.csv
2011-10-05,2011,10,5,JPY,1561.65,1.2,11.64,17.1,한국무역보험공사_환율_20230718.csv
2011-10-06,2011,10,6,JPY,1552.91,0.32,10.18,16.1,한국무역보험공사_환율_20230718.csv
2011-10-07,2011,10,7,JPY,1548.08,-0.18,9.83,15.39,한국무역보험공사_환율_20230718.csv
2011-10-10,2011,10,10,JPY,1536.23,0.08,9.07,14.76,한국무역보험공사_환율_20230718.csv
2011-10-11,2011,10,11,JPY,1529.63,-0.16,9.14,14.53,한국무역보험공사_환율_20230718.csv
2011-10-12,2011,10,12,JPY,1517.86,-1.22,8.3,14.8,한국무역보험공사_환율_20230718.csv
2011-10-13,2011,10,13,JPY,1518.16,-1.31,7.46,14.18,한국무역보험공사_환율_20230718.csv
2011-10-14,2011,10,14,JPY,1505.85,-3.57,7.66,12.9,한국무역보험공사_환율_20230718.csv
2011-10-17,2011,10,17,JPY,1502.88,-3.22,7.59,11.78,한국무역보험공사_환율_20230718.csv
2011-10-18,2011,10,18,JPY,1491.51,-3.65,6.97,10.66,한국무역보험공사_환율_20230718.csv
2011-10-19,2011,10,19,JPY,1493.62,-2.77,7.98,10.4,한국무역보험공사_환율_20230718.csv
2011-10-20,2011,10,20,JPY,1480.9,-3.19,7.11,9.81,한국무역보험공사_환율_20230718.csv
2011-10-21,2011,10,21,JPY,1482.08,-2.36,6.71,10.13,한국무역보험공사_환율_20230718.csv
2011-10-24,2011,10,24,JPY,1507.64,-0.69,9.18,11.32,한국무역보험공사_환율_20230718.csv
2011-10-25,2011,10,25,JPY,1493.73,-0.8,7.8,11.03,한국무역보험공사_환율_20230718.csv
2011-10-26,2011,10,26,JPY,1481.64,-1.41,7.06,10.68,한국무역보험공사_환율_20230718.csv
2011-10-27,2011,10,27,JPY,1482.98,-0.57,6.07,9.77,한국무역보험공사_환율_20230718.csv
2011-10-28,2011,10,28,JPY,1480.77,-0.86,3.19,9.12,한국무역보험공사_환율_20230718.csv
2011-10-31,2011,10,31,JPY,1457.99,-1.55,0.98,8.02,한국무역보험공사_환율_20230718.csv
2011-11-01,2011,11,1,JPY,1411.04,-4.79,-1.95,4.68,한국무역보험공사_환율_20230718.csv
2011-11-02,2011,11,2,JPY,1420.79,-5.76,-3.0,6.24,한국무역보험공사_환율_20230718.csv
2011-11-03,2011,11,3,JPY,1442.18,-3.45,-4.15,7.75,한국무역보험공사_환율_20230718.csv
2011-11-04,2011,11,4,JPY,1449.53,-2.17,-3.3,8.18,한국무역보험공사_환율_20230718.csv
2011-11-07,2011,11,7,JPY,1423.67,-4.0,-7.74,5.89,한국무역보험공사_환율_20230718.csv
2011-11-08,2011,11,8,JPY,1428.02,-3.56,-7.75,7.04,한국무역보험공사_환율_20230718.csv
2011-11-09,2011,11,9,JPY,1435.85,-1.52,-7.41,7.5,한국무역보험공사_환율_20230718.csv
2011-11-10,2011,11,10,JPY,1435.54,1.74,-6.48,8.23,한국무역보험공사_환율_20230718.csv
2011-11-11,2011,11,11,JPY,1460.88,2.82,-4.64,10.76,한국무역보험공사_환율_20230718.csv
2011-11-14,2011,11,14,JPY,1459.95,1.23,-4.99,10.83,한국무역보험공사_환율_20230718.csv
2011-11-15,2011,11,15,JPY,1453.53,0.28,-5.51,10.57,한국무역보험공사_환율_20230718.csv
2011-11-16,2011,11,16,JPY,1461.84,2.68,-6.39,11.13,한국무역보험공사_환율_20230718.csv
2011-11-17,2011,11,17,JPY,1472.61,3.12,-5.17,12.41,한국무역보험공사_환율_20230718.csv
2011-11-18,2011,11,18,JPY,1477.98,2.93,-4.53,12.61,한국무역보험공사_환율_20230718.csv
2011-11-21,2011,11,21,JPY,1477.48,2.92,-3.82,12.0,한국무역보험공사_환율_20230718.csv
2011-11-22,2011,11,22,JPY,1481.35,1.4,-3.16,10.31,한국무역보험공사_환율_20230718.csv
2011-11-23,2011,11,23,JPY,1489.96,2.06,-1.84,10.66,한국무역보험공사_환율_20230718.csv
2011-11-24,2011,11,24,JPY,1486.48,2.27,-2.09,11.33,한국무역보험공사_환율_20230718.csv
2011-11-25,2011,11,25,JPY,1499.71,2.59,-0.41,12.17,한국무역보험공사_환율_20230718.csv
2011-11-28,2011,11,28,JPY,1495.49,1.55,-0.49,11.41,한국무역보험공사_환율_20230718.csv
2011-11-29,2011,11,29,JPY,1479.5,0.1,-0.81,10.52,한국무역보험공사_환율_20230718.csv
2011-11-30,2011,11,30,JPY,1475.69,-0.12,-1.2,10.25,한국무역보험공사_환율_20230718.csv
2011-12-01,2011,12,1,JPY,1469.75,-0.78,-0.75,9.3,한국무역보험공사_환율_20230718.csv
2011-12-02,2011,12,2,JPY,1449.68,-2.7,-2.19,8.06,한국무역보험공사_환율_20230718.csv
2011-12-05,2011,12,5,JPY,1444.94,-2.79,-4.16,7.26,한국무역보험공사_환율_20230718.csv
2011-12-06,2011,12,6,JPY,1451.8,-3.19,-2.81,7.44,한국무역보험공사_환율_20230718.csv
2011-12-07,2011,12,7,JPY,1455.11,-2.7,-1.79,8.0,한국무역보험공사_환율_20230718.csv
2011-12-08,2011,12,8,JPY,1450.94,-1.93,-2.16,7.22,한국무역보험공사_환율_20230718.csv
2011-12-09,2011,12,9,JPY,1456.69,-1.29,-1.63,6.88,한국무역보험공사_환율_20230718.csv
2011-12-12,2011,12,12,JPY,1471.75,0.14,0.94,8.57,한국무역보험공사_환율_20230718.csv
2011-12-13,2011,12,13,JPY,1469.17,1.34,4.12,8.06,한국무역보험공사_환율_20230718.csv
2011-12-14,2011,12,14,JPY,1482.04,2.57,4.31,7.97,한국무역보험공사_환율_20230718.csv
2011-12-15,2011,12,15,JPY,1483.83,2.21,2.89,11.2,한국무역보험공사_환율_20230718.csv
2011-12-16,2011,12,16,JPY,1491.27,2.49,2.88,9.15,한국무역보험공사_환율_20230718.csv
2011-12-19,2011,12,19,JPY,1486.22,2.43,4.39,7.39,한국무역보험공사_환율_20230718.csv
2011-12-20,2011,12,20,JPY,1499.07,2.91,4.98,5.75,한국무역보험공사_환율_20230718.csv
2011-12-21,2011,12,21,JPY,1499.36,1.88,4.42,6.46,한국무역보험공사_환율_20230718.csv
2011-12-22,2011,12,22,JPY,1474.19,0.34,2.69,4.34,한국무역보험공사_환율_20230718.csv
2011-12-23,2011,12,23,JPY,1478.89,-0.21,1.23,5.37,한국무역보험공사_환율_20230718.csv
2011-12-26,2011,12,26,JPY,1472.36,-0.77,0.85,5.68,한국무역보험공사_환율_20230718.csv
2011-12-27,2011,12,27,JPY,1474.17,-1.15,1.42,5.19,한국무역보험공사_환율_20230718.csv
2011-12-28,2011,12,28,JPY,1484.18,-0.14,1.53,6.11,한국무역보험공사_환율_20230718.csv
2011-12-29,2011,12,29,JPY,1484.99,-0.94,0.84,5.36,한국무역보험공사_환율_20230718.csv
2011-12-30,2011,12,30,JPY,1485.16,-0.95,0.49,5.36,한국무역보험공사_환율_20230718.csv
2012-01-02,2012,1,2,JPY,1494.69,1.39,1.16,6.12,한국무역보험공사_환율_20230718.csv
2012-01-03,2012,1,3,JPY,1502.21,1.58,1.41,7.19,한국무역보험공사_환율_20230718.csv
2012-01-04,2012,1,4,JPY,1499.54,1.85,0.64,7.0,한국무역보험공사_환율_20230718.csv
2012-01-05,2012,1,5,JPY,1495.28,1.43,0.59,5.84,한국무역보험공사_환율_20230718.csv
2012-01-06,2012,1,6,JPY,1490.61,0.43,-0.61,6.57,한국무역보험공사_환율_20230718.csv
2012-01-09,2012,1,9,JPY,1507.65,1.53,0.81,7.94,한국무역보험공사_환율_20230718.csv
2012-01-10,2012,1,10,JPY,1514.64,1.98,2.38,8.62,한국무역보험공사_환율_20230718.csv
2012-01-11,2012,1,11,JPY,1504.59,0.66,1.96,8.78,한국무역보험공사_환율_20230718.csv
2012-01-12,2012,1,12,JPY,1507.97,0.38,2.6,9.06,한국무역보험공사_환율_20230718.csv
2012-01-13,2012,1,13,JPY,1509.54,0.67,4.13,8.68,한국무역보험공사_환율_20230718.csv
2012-01-16,2012,1,16,JPY,1495.55,0.02,3.5,8.31,한국무역보험공사_환율_20230718.csv
2012-01-17,2012,1,17,JPY,1502.21,0.78,3.47,8.41,한국무역보험공사_환율_20230718.csv
2012-01-18,2012,1,18,JPY,1492.81,-0.98,2.59,7.87,한국무역보험공사_환율_20230718.csv
2012-01-19,2012,1,19,JPY,1488.31,-1.74,2.58,6.45,한국무역보험공사_환율_20230718.csv
2012-01-20,2012,1,20,JPY,1474.31,-2.01,1.21,2.74,한국무역보험공사_환율_20230718.csv
2012-01-25,2012,1,25,JPY,1460.36,-3.16,-0.77,1.15,한국무역보험공사_환율_20230718.csv
2012-01-26,2012,1,26,JPY,1449.36,-3.99,-1.35,0.71,한국무역보험공사_환율_20230718.csv
2012-01-27,2012,1,27,JPY,1447.79,-3.19,-2.31,-1.15,한국무역보험공사_환율_20230718.csv
2012-01-30,2012,1,30,JPY,1464.23,-2.53,-1.32,-2.69,한국무역보험공사_환율_20230718.csv
2012-01-31,2012,1,31,JPY,1473.09,-1.32,-1.22,-1.73,한국무역보험공사_환율_20230718.csv
2012-02-01,2012,2,1,JPY,1475.59,-0.85,-0.72,-4.38,한국무역보험공사_환율_20230718.csv
2012-02-02,2012,2,2,JPY,1478.31,0.27,-1.38,-4.5,한국무역보험공사_환율_20230718.csv
2012-02-03,2012,2,3,JPY,1467.94,0.52,-2.1,-5.34,한국무역보험공사_환율_20230718.csv
2012-02-06,2012,2,6,JPY,1461.66,0.85,-0.85,-4.78,한국무역보험공사_환율_20230718.csv
2012-02-07,2012,2,7,JPY,1462.87,1.04,-1.08,-4.51,한국무역보험공사_환율_20230718.csv
2012-02-08,2012,2,8,JPY,1460.67,-0.24,-0.79,-4.94,한국무역보험공사_환율_20230718.csv
2012-02-09,2012,2,9,JPY,1449.13,-1.63,-1.7,-5.8,한국무역보험공사_환율_20230718.csv
2012-02-10,2012,2,10,JPY,1439.92,-2.42,-2.98,-7.79,한국무역보험공사_환율_20230718.csv
2012-02-13,2012,2,13,JPY,1444.38,-2.3,-2.73,-6.99,한국무역보험공사_환율_20230718.csv
2012-02-14,2012,2,14,JPY,1450.23,-1.21,-2.35,-6.32,한국무역보험공사_환율_20230718.csv
2012-02-15,2012,2,15,JPY,1432.43,-2.0,-4.17,-6.76,한국무역보험공사_환율_20230718.csv
2012-02-16,2012,2,16,JPY,1432.53,-2.07,-4.64,-6.35,한국무역보험공사_환율_20230718.csv
2012-02-17,2012,2,17,JPY,1429.68,-2.12,-4.66,-5.81,한국무역보험공사_환율_20230718.csv
2012-02-20,2012,2,20,JPY,1408.49,-2.8,-5.8,-7.22,한국무역보험공사_환율_20230718.csv
2012-02-21,2012,2,21,JPY,1410.16,-2.07,-5.4,-6.35,한국무역보험공사_환율_20230718.csv
2012-02-22,2012,2,22,JPY,1409.78,-2.4,-6.49,-6.19,한국무역보험공사_환율_20230718.csv
2012-02-23,2012,2,23,JPY,1402.27,-3.31,-7.42,-5.98,한국무역보험공사_환율_20230718.csv
2012-02-24,2012,2,24,JPY,1410.38,-1.54,-6.26,-5.57,한국무역보험공사_환율_20230718.csv
2012-02-27,2012,2,27,JPY,1379.41,-3.71,-8.53,-6.85,한국무역보험공사_환율_20230718.csv
2012-02-28,2012,2,28,JPY,1401.57,-1.97,-7.15,-5.43,한국무역보험공사_환율_20230718.csv
2012-02-29,2012,2,29,JPY,1399.21,-0.66,-6.44,-7.19,한국무역보험공사_환율_20230718.csv
2012-03-02,2012,3,2,JPY,1380.45,-2.11,-8.11,-7.58,한국무역보험공사_환율_20230718.csv
2012-03-05,2012,3,5,JPY,1364.05,-3.24,-8.63,-7.94,한국무역보험공사_환율_20230718.csv
2012-03-06,2012,3,6,JPY,1371.76,-2.18,-7.83,-7.5,한국무역보험공사_환율_20230718.csv
2012-03-07,2012,3,7,JPY,1387.37,-1.63,-5.9,-6.31,한국무역보험공사_환율_20230718.csv
2012-03-08,2012,3,8,JPY,1388.22,0.64,-4.94,-4.79,한국무역보험공사_환율_20230718.csv
2012-03-09,2012,3,9,JPY,1372.98,-2.04,-5.27,-2.7,한국무역보험공사_환율_20230718.csv
2012-03-12,2012,3,12,JPY,1352.93,-3.31,-6.55,-4.78,한국무역보험공사_환율_20230718.csv
2012-03-13,2012,3,13,JPY,1363.01,-1.26,-6.91,-5.49,한국무역보험공사_환율_20230718.csv
2012-03-14,2012,3,14,JPY,1352.35,-0.86,-8.2,-6.7,한국무역보험공사_환율_20230718.csv
2012-03-15,2012,3,15,JPY,1341.21,-2.23,-9.11,-5.79,한국무역보험공사_환율_20230718.csv
2012-03-16,2012,3,16,JPY,1350.76,-2.64,-8.63,-5.41,한국무역보험공사_환율_20230718.csv
2012-03-19,2012,3,19,JPY,1346.18,-3.03,-8.29,-6.25,한국무역보험공사_환율_20230718.csv
2012-03-20,2012,3,20,JPY,1346.36,-1.94,-7.89,-6.21,한국무역보험공사_환율_20230718.csv
2012-03-21,2012,3,21,JPY,1342.22,-0.79,-8.25,-8.12,한국무역보험공사_환율_20230718.csv
2012-03-22,2012,3,22,JPY,1350.75,-0.9,-7.53,-7.48,한국무역보험공사_환율_20230718.csv
2012-03-23,2012,3,23,JPY,1368.07,1.16,-5.59,-5.88,한국무역보험공사_환율_20230718.csv
2012-03-26,2012,3,26,JPY,1374.72,2.5,-4.53,-5.96,한국무역보험공사_환율_20230718.csv
2012-03-27,2012,3,27,JPY,1373.52,1.68,-4.91,-6.73,한국무역보험공사_환율_20230718.csv
2012-03-28,2012,3,28,JPY,1367.25,1.57,-5.72,-7.49,한국무역보험공사_환율_20230718.csv
2012-03-29,2012,3,29,JPY,1370.78,1.81,-4.3,-7.22,한국무역보험공사_환율_20230718.csv
2012-03-30,2012,3,30,JPY,1380.74,2.87,-3.62,-6.79,한국무역보험공사_환율_20230718.csv
2012-04-02,2012,4,2,JPY,1368.73,1.33,-4.26,-8.14,한국무역보험공사_환율_20230718.csv
2012-04-03,2012,4,3,JPY,1372.55,0.33,-2.55,-7.66,한국무역보험공사_환율_20230718.csv
2012-04-04,2012,4,4,JPY,1357.26,-1.27,-3.75,-9.5,한국무역보험공사_환율_20230718.csv
2012-04-05,2012,4,5,JPY,1368.77,-0.35,-2.91,-8.47,한국무역보험공사_환율_20230718.csv
2012-04-06,2012,4,6,JPY,1371.92,0.34,-2.16,-7.27,한국무역보험공사_환율_20230718.csv
2012-04-09,2012,4,9,JPY,1389.32,1.35,-1.49,-5.85,한국무역보험공사_환율_20230718.csv
2012-04-10,2012,4,10,JPY,1394.63,1.01,1.1,-5.11,한국무역보험공사_환율_20230718.csv
2012-04-12,2012,4,12,JPY,1405.68,2.7,0.29,-3.04,한국무역보험공사_환율_20230718.csv
2012-04-13,2012,4,13,JPY,1411.9,2.87,0.91,-2.29,한국무역보험공사_환율_20230718.csv
2012-04-16,2012,4,16,JPY,1401.85,3.29,1.55,-3.44,한국무역보험공사_환율_20230718.csv
2012-04-17,2012,4,17,JPY,1415.31,3.4,3.76,-2.74,한국무역보험공사_환율_20230718.csv
2012-04-18,2012,4,18,JPY,1406.22,2.5,2.51,-3.08,한국무역보험공사_환율_20230718.csv
2012-04-19,2012,4,19,JPY,1397.77,0.61,0.75,-4.04,한국무역보험공사_환율_20230718.csv
2012-04-20,2012,4,20,JPY,1396.22,0.11,0.58,-5.13,한국무역보험공사_환율_20230718.csv
2012-04-23,2012,4,23,JPY,1396.36,-0.66,1.7,-4.96,한국무역보험공사_환율_20230718.csv
2012-04-24,2012,4,24,JPY,1403.36,-0.6,3.73,-5.31,한국무역보험공사_환율_20230718.csv
2012-04-25,2012,4,25,JPY,1402.74,0.06,2.91,-5.46,한국무역보험공사_환율_20230718.csv
2012-04-26,2012,4,26,JPY,1401.3,-0.99,3.62,-6.03,한국무역보험공사_환율_20230718.csv
2012-04-27,2012,4,27,JPY,1403.48,-0.19,4.64,-5.57,한국무역보험공사_환율_20230718.csv
2012-04-30,2012,4,30,JPY,1412.01,1.02,4.53,-5.81,한국무역보험공사_환율_20230718.csv
2012-05-02,2012,5,2,JPY,1411.68,1.11,4.87,-5.85,한국무역보험공사_환율_20230718.csv
2012-05-03,2012,5,3,JPY,1406.52,0.73,4.47,-4.59,한국무역보험공사_환율_20230718.csv
2012-05-04,2012,5,4,JPY,1408.19,0.34,4.91,-4.78,한국무역보험공사_환율_20230718.csv
2012-05-07,2012,5,7,JPY,1417.74,1.07,4.96,-3.71,한국무역보험공사_환율_20230718.csv
2012-05-08,2012,5,8,JPY,1425.32,1.71,4.18,-3.31,한국무역보험공사_환율_20230718.csv
2012-05-09,2012,5,9,JPY,1421.94,1.32,3.43,-4.19,한국무역보험공사_환율_20230718.csv
2012-05-10,2012,5,10,JPY,1431.17,1.36,4.2,-3.62,한국무역보험공사_환율_20230718.csv
2012-05-11,2012,5,11,JPY,1430.54,1.34,4.63,-3.68,한국무역보험공사_환율_20230718.csv
2012-05-14,2012,5,14,JPY,1432.4,1.84,4.5,-4.17,한국무역보험공사_환율_20230718.csv
2012-05-15,2012,5,15,JPY,1438.21,2.13,4.16,-4.26,한국무역보험공사_환율_20230718.csv
2012-05-16,2012,5,16,JPY,1438.04,1.43,5.06,-4.1,한국무역보험공사_환율_20230718.csv
2012-05-17,2012,5,17,JPY,1445.42,1.41,5.31,-3.33,한국무역보험공사_환율_20230718.csv
2012-05-18,2012,5,18,JPY,1465.17,3.04,7.95,-1.71,한국무역보험공사_환율_20230718.csv
2012-05-21,2012,5,21,JPY,1482.59,3.59,8.32,-1.66,한국무역보험공사_환율_20230718.csv
2012-05-22,2012,5,22,JPY,1470.51,2.79,7.19,-2.91,한국무역보험공사_환율_20230718.csv
2012-05-23,2012,5,23,JPY,1455.06,1.58,4.73,-3.29,한국무역보험공사_환율_20230718.csv
2012-05-24,2012,5,24,JPY,1473.84,2.48,5.68,-2.26,한국무역보험공사_환율_20230718.csv
2012-05-25,2012,5,25,JPY,1479.64,2.89,5.26,-1.98,한국무역보험공사_환율_20230718.csv
2012-05-29,2012,5,29,JPY,1483.38,2.63,5.06,-0.81,한국무역보험공사_환율_20230718.csv
2012-05-30,2012,5,30,JPY,1482.24,1.17,5.73,-1.33,한국무역보험공사_환율_20230718.csv
2012-05-31,2012,5,31,JPY,1489.1,0.44,5.21,-0.25,한국무역보험공사_환율_20230718.csv
2012-06-01,2012,6,1,JPY,1507.62,2.52,7.21,1.3,한국무역보험공사_환율_20230718.csv
2012-06-04,2012,6,4,JPY,1509.91,3.77,8.02,2.41,한국무역보험공사_환율_20230718.csv
2012-06-05,2012,6,5,JPY,1507.59,2.29,7.98,3.23,한국무역보험공사_환율_20230718.csv
2012-06-07,2012,6,7,JPY,1484.88,0.35,6.34,2.45,한국무역보험공사_환율_20230718.csv
2012-06-08,2012,6,8,JPY,1469.62,-0.93,4.72,1.51,한국무역보험공사_환율_20230718.csv
2012-06-11,2012,6,11,JPY,1475.47,-0.46,5.18,0.77,한국무역보험공사_환율_20230718.csv
2012-06-12,2012,6,12,JPY,1471.91,-1.15,5.04,-0.08,한국무역보험공사_환율_20230718.csv
2012-06-13,2012,6,13,JPY,1470.2,-2.48,4.75,-0.37,한국무역보험공사_환율_20230718.csv
2012-06-14,2012,6,14,JPY,1470.13,-2.63,4.12,-0.55,한국무역보험공사_환율_20230718.csv
2012-06-15,2012,6,15,JPY,1468.97,-2.56,4.06,0.07,한국무역보험공사_환율_20230718.csv
2012-06-18,2012,6,18,JPY,1471.93,-0.87,4.65,0.7,한국무역보험공사_환율_20230718.csv
2012-06-19,2012,6,19,JPY,1464.75,-0.33,4.02,0.13,한국무역보험공사_환율_20230718.csv
2012-06-20,2012,6,20,JPY,1465.24,-0.69,3.35,0.31,한국무역보험공사_환율_20230718.csv
2012-06-21,2012,6,21,JPY,1450.58,-1.45,1.77,0.1,한국무역보험공사_환율_20230718.csv
2012-06-22,2012,6,22,JPY,1433.77,-2.48,0.83,-0.43,한국무역보험공사_환율_20230718.csv
2012-06-25,2012,6,25,JPY,1437.34,-2.23,0.43,-0.49,한국무역보험공사_환율_20230718.csv
2012-06-26,2012,6,26,JPY,1457.28,-0.8,1.87,0.49,한국무역보험공사_환율_20230718.csv
2012-06-27,2012,6,27,JPY,1458.81,-0.89,1.84,1.84,한국무역보험공사_환율_20230718.csv
2012-06-28,2012,6,28,JPY,1451.73,-0.89,0.94,1.34,한국무역보험공사_환율_20230718.csv
2012-06-29,2012,6,29,JPY,1453.79,-0.78,1.1,1.69,한국무역보험공사_환율_20230718.csv
2012-07-02,2012,7,2,JPY,1441.86,-0.6,-0.25,2.37,한국무역보험공사_환율_20230718.csv
2012-07-03,2012,7,3,JPY,1439.34,0.39,-1.76,2.07,한국무역보험공사_환율_20230718.csv
2012-07-04,2012,7,4,JPY,1430.22,-0.5,-3.53,1.45,한국무역보험공사_환율_20230718.csv
2012-07-05,2012,7,5,JPY,1420.46,-2.53,-3.4,1.3,한국무역보험공사_환율_20230718.csv
2012-07-06,2012,7,6,JPY,1422.23,-2.51,-2.26,0.84,한국무역보험공사_환율_20230718.csv
2012-07-09,2012,7,9,JPY,1429.34,-1.54,-3.02,3.62,한국무역보험공사_환율_20230718.csv
2012-07-10,2012,7,10,JPY,1435.63,-1.25,-2.97,2.43,한국무역보험공사_환율_20230718.csv
2012-07-11,2012,7,11,JPY,1439.58,-0.16,-2.95,2.89,한국무역보험공사_환율_20230718.csv
2012-07-12,2012,7,12,JPY,1436.5,-0.2,-3.09,4.06,한국무역보험공사_환율_20230718.csv
2012-07-13,2012,7,13,JPY,1444.62,1.01,-2.99,5.91,한국무역보험공사_환율_20230718.csv
2012-07-16,2012,7,16,JPY,1454.43,2.39,-3.53,6.03,한국무역보험공사_환율_20230718.csv
2012-07-17,2012,7,17,JPY,1456.07,2.38,-3.57,4.95,한국무역보험공사_환율_20230718.csv
2012-07-18,2012,7,18,JPY,1444.73,1.08,-4.17,4.07,한국무역보험공사_환율_20230718.csv
2012-07-19,2012,7,19,JPY,1447.51,0.83,-2.52,5.43,한국무역보험공사_환율_20230718.csv
2012-07-20,2012,7,20,JPY,1446.3,0.47,-1.59,6.9,한국무역보험공사_환율_20230718.csv
2012-07-23,2012,7,23,JPY,1453.86,1.21,-1.46,6.67,한국무역보험공사_환율_20230718.csv
2012-07-24,2012,7,24,JPY,1464.75,1.39,-0.49,8.31,한국무역보험공사_환율_20230718.csv
2012-07-25,2012,7,25,JPY,1468.91,1.0,-0.09,9.52,한국무역보험공사_환율_20230718.csv
2012-07-26,2012,7,26,JPY,1472.96,1.16,0.19,9.05,한국무역보험공사_환율_20230718.csv
2012-07-27,2012,7,27,JPY,1465.98,1.47,-0.2,8.9,한국무역보험공사_환율_20230718.csv
2012-07-30,2012,7,30,JPY,1451.45,0.27,-1.39,7.81,한국무역보험공사_환율_20230718.csv
2012-07-31,2012,7,31,JPY,1453.59,0.5,-0.76,8.3,한국무역보험공사_환율_20230718.csv
2012-08-01,2012,8,1,JPY,1450.59,-0.22,-1.0,7.39,한국무역보험공사_환율_20230718.csv
2012-08-02,2012,8,2,JPY,1438.08,-1.82,-0.86,5.12,한국무역보험공사_환율_20230718.csv
2012-08-03,2012,8,3,JPY,1444.6,-1.65,0.76,5.08,한국무역보험공사_환율_20230718.csv
2012-08-05,2012,8,5,JPY,1444.6,-1.93,0.51,5.18,한국무역보험공사_환율_20230718.csv
2012-08-06,2012,8,6,JPY,1444.51,-1.46,-0.88,5.65,한국무역보험공사_환율_20230718.csv
2012-08-07,2012,8,7,JPY,1439.8,-0.8,-1.3,5.04,한국무역보험공사_환율_20230718.csv
2012-08-08,2012,8,8,JPY,1433.22,-1.4,-1.28,3.8,한국무역보험공사_환율_20230718.csv
2012-08-09,2012,8,9,JPY,1438.23,-0.85,-1.07,5.08,한국무역보험공사_환율_20230718.csv
2012-08-10,2012,8,10,JPY,1432.64,-0.38,-0.64,4.38,한국무역보험공사_환율_20230718.csv
2012-08-13,2012,8,13,JPY,1441.39,-0.22,0.14,6.2,한국무역보험공사_환율_20230718.csv
2012-08-14,2012,8,14,JPY,1444.05,-0.04,0.97,5.5,한국무역보험공사_환율_20230718.csv
2012-08-16,2012,8,16,JPY,1429.31,-1.05,0.62,4.18,한국무역보험공사_환율_20230718.csv
2012-08-17,2012,8,17,JPY,1428.52,-0.78,0.44,2.82,한국무역보험공사_환율_20230718.csv
2012-08-20,2012,8,20,JPY,1425.18,-0.56,-0.29,2.19,한국무역보험공사_환율_20230718.csv
2012-08-21,2012,8,21,JPY,1430.1,-0.57,-0.39,1.74,한국무역보험공사_환율_20230718.csv
2012-08-22,2012,8,22,JPY,1428.39,-0.3,-0.78,1.17,한국무역보험공사_환율_20230718.csv
2012-08-23,2012,8,23,JPY,1442.39,0.07,0.41,2.89,한국무역보험공사_환율_20230718.csv
2012-08-24,2012,8,24,JPY,1439.41,-0.32,-0.36,1.7,한국무역보험공사_환율_20230718.csv
2012-08-27,2012,8,27,JPY,1440.08,0.75,-0.99,2.41,한국무역보험공사_환율_20230718.csv
2012-08-28,2012,8,28,JPY,1442.12,0.95,-0.96,3.17,한국무역보험공사_환율_20230718.csv
2012-08-29,2012,8,29,JPY,1446.64,1.51,0.13,3.61,한국무역보험공사_환율_20230718.csv
2012-08-30,2012,8,30,JPY,1440.55,0.73,-0.48,3.16,한국무역보험공사_환율_20230718.csv
2012-08-31,2012,8,31,JPY,1443.97,1.09,-0.16,2.89,한국무역보험공사_환율_20230718.csv
2012-09-03,2012,9,3,JPY,1448.6,0.43,-0.36,3.27,한국무역보험공사_환율_20230718.csv
2012-09-04,2012,9,4,JPY,1445.28,0.41,-1.33,3.14,한국무역보험공사_환율_20230718.csv
2012-09-05,2012,9,5,JPY,1442.98,0.2,-1.77,2.81,한국무역보험공사_환율_20230718.csv
2012-09-06,2012,9,6,JPY,1447.24,0.36,-1.75,2.5,한국무역보험공사_환율_20230718.csv
2012-09-07,2012,9,7,JPY,1438.02,-0.6,-1.91,1.87,한국무역보험공사_환율_20230718.csv
2012-09-10,2012,9,10,JPY,1445.37,0.33,-0.42,2.76,한국무역보험공사_환율_20230718.csv
2012-09-11,2012,9,11,JPY,1442.3,-0.12,-0.78,2.42,한국무역보험공사_환율_20230718.csv
2012-09-12,2012,9,12,JPY,1452.2,0.25,0.11,2.43,한국무역보험공사_환율_20230718.csv
2012-09-13,2012,9,13,JPY,1446.35,0.07,0.58,1.48,한국무역보험공사_환율_20230718.csv
2012-09-14,2012,9,14,JPY,1453.63,0.74,0.63,2.23,한국무역보험공사_환율_20230718.csv
2012-09-17,2012,9,17,JPY,1430.18,-1.18,-1.0,-0.07,한국무역보험공사_환율_20230718.csv
2012-09-18,2012,9,18,JPY,1416.23,-1.52,-1.96,-1.0,한국무역보험공사_환율_20230718.csv
2012-09-19,2012,9,19,JPY,1418.13,-1.88,-1.51,-1.0,한국무역보험공사_환율_20230718.csv
2012-09-20,2012,9,20,JPY,1425.05,-1.2,-0.57,-0.92,한국무역보험공사_환율_20230718.csv
2012-09-21,2012,9,21,JPY,1428.46,-1.63,-0.68,-0.67,한국무역보험공사_환율_20230718.csv
2012-09-24,2012,9,24,JPY,1432.65,-0.95,0.0,-0.88,한국무역보험공사_환율_20230718.csv
2012-09-25,2012,9,25,JPY,1438.41,-1.05,-0.21,-1.83,한국무역보험공사_환율_20230718.csv
2012-09-26,2012,9,26,JPY,1437.97,0.54,-0.42,-3.01,한국무역보험공사_환율_20230718.csv
2012-09-27,2012,9,27,JPY,1442.34,1.84,0.91,-1.92,한국무역보험공사_환율_20230718.csv
2012-09-28,2012,9,28,JPY,1441.12,1.62,0.88,-0.96,한국무역보험공사_환율_20230718.csv
2012-10-02,2012,10,2,JPY,1426.06,0.07,0.06,-3.24,한국무역보험공사_환율_20230718.csv
2012-10-04,2012,10,4,JPY,1417.81,-0.75,-0.86,-4.18,한국무역보험공사_환율_20230718.csv
2012-10-05,2012,10,5,JPY,1417.67,-1.05,-0.75,-4.43,한국무역보험공사_환율_20230718.csv
2012-10-08,2012,10,8,JPY,1410.73,-1.92,-2.19,-4.82,한국무역보험공사_환율_20230718.csv
2012-10-09,2012,10,9,JPY,1419.1,-1.31,-1.41,-4.7,한국무역보험공사_환율_20230718.csv
2012-10-10,2012,10,10,JPY,1418.93,-1.62,-1.47,-5.88,한국무역보험공사_환율_20230718.csv
2012-10-11,2012,10,11,JPY,1426.4,-1.02,-1.09,-5.53,한국무역보험공사_환율_20230718.csv
2012-10-12,2012,10,12,JPY,1422.98,-0.22,-1.64,-5.61,한국무역보험공사_환율_20230718.csv
2012-10-15,2012,10,15,JPY,1416.32,-0.11,-1.68,-4.62,한국무역보험공사_환율_20230718.csv
2012-10-16,2012,10,16,JPY,1412.73,-0.35,-2.16,-3.87,한국무역보험공사_환율_20230718.csv
2012-10-17,2012,10,17,JPY,1403.7,-0.5,-3.1,-4.86,한국무역보험공사_환율_20230718.csv
2012-10-18,2012,10,18,JPY,1396.61,-1.58,-3.37,-5.12,한국무역보험공사_환율_20230718.csv
2012-10-19,2012,10,19,JPY,1392.66,-1.85,-3.49,-5.27,한국무역보험공사_환율_20230718.csv
2012-10-22,2012,10,22,JPY,1394.79,-2.22,-3.62,-5.12,한국무역보험공사_환율_20230718.csv
2012-10-23,2012,10,23,JPY,1382.67,-2.83,-3.85,-5.87,한국무역보험공사_환율_20230718.csv
2012-10-24,2012,10,24,JPY,1380.64,-2.52,-4.48,-6.2,한국무역보험공사_환율_20230718.csv
2012-10-25,2012,10,25,JPY,1382.22,-2.16,-4.17,-5.63,한국무역보험공사_환율_20230718.csv
2012-10-26,2012,10,26,JPY,1371.61,-2.29,-5.55,-6.39,한국무역보험공사_환율_20230718.csv
2012-10-29,2012,10,29,JPY,1376.04,-1.47,-4.86,-5.14,한국무역보험공사_환율_20230718.csv
2012-10-30,2012,10,30,JPY,1373.91,-1.35,-5.48,-4.18,한국무역보험공사_환율_20230718.csv
2012-10-31,2012,10,31,JPY,1374.5,-1.45,-3.89,-4.37,한국무역보험공사_환율_20230718.csv
2012-11-01,2012,11,1,JPY,1366.32,-1.18,-3.52,-6.24,한국무역보험공사_환율_20230718.csv
2012-11-02,2012,11,2,JPY,1360.65,-1.45,-4.05,-6.73,한국무역보험공사_환율_20230718.csv
2012-11-05,2012,11,5,JPY,1355.61,-1.93,-4.87,-6.62,한국무역보험공사_환율_20230718.csv
2012-11-06,2012,11,6,JPY,1360.29,-0.83,-4.77,-6.43,한국무역보험공사_환율_20230718.csv
2012-11-07,2012,11,7,JPY,1357.92,-1.32,-5.22,-5.82,한국무역보험공사_환율_20230718.csv
2012-11-08,2012,11,8,JPY,1359.47,-1.05,-5.49,-5.55,한국무역보험공사_환율_20230718.csv
2012-11-09,2012,11,9,JPY,1368.98,-0.4,-4.8,-4.28,한국무역보험공사_환율_20230718.csv
2012-11-12,2012,11,12,JPY,1371.51,0.38,-4.91,-3.45,한국무역보험공사_환율_20230718.csv
2012-11-13,2012,11,13,JPY,1368.2,0.55,-5.06,-3.8,한국무역보험공사_환율_20230718.csv
2012-11-14,2012,11,14,JPY,1372.31,1.23,-3.77,-3.99,한국무역보험공사_환율_20230718.csv
2012-11-15,2012,11,15,JPY,1356.07,-0.31,-4.35,-5.54,한국무역보험공사_환율_20230718.csv
2012-11-16,2012,11,16,JPY,1339.29,-1.37,-5.53,-6.97,한국무역보험공사_환율_20230718.csv
2012-11-19,2012,11,19,JPY,1338.45,-1.55,-5.12,-6.83,한국무역보험공사_환율_20230718.csv
2012-11-20,2012,11,20,JPY,1336.49,-2.37,-5.82,-7.49,한국무역보험공사_환율_20230718.csv
2012-11-21,2012,11,21,JPY,1326.23,-3.3,-6.53,-8.81,한국무역보험공사_환율_20230718.csv
2012-11-22,2012,11,22,JPY,1312.65,-4.06,-7.97,-9.85,한국무역보험공사_환율_20230718.csv
2012-11-23,2012,11,23,JPY,1314.62,-4.2,-7.62,-9.01,한국무역보험공사_환율_20230718.csv
2012-11-26,2012,11,26,JPY,1318.33,-2.78,-6.92,-8.92,한국무역보험공사_환율_20230718.csv
2012-11-27,2012,11,27,JPY,1322.4,-1.26,-6.39,-8.57,한국무역보험공사_환율_20230718.csv
2012-11-28,2012,11,28,JPY,1320.14,-1.37,-5.95,-9.2,한국무역보험공사_환율_20230718.csv
2012-11-29,2012,11,29,JPY,1322.29,-1.06,-5.32,-9.73,한국무역보험공사_환율_20230718.csv
2012-11-30,2012,11,30,JPY,1320.55,-0.43,-5.18,-10.1,한국무역보험공사_환율_20230718.csv
2012-12-03,2012,12,3,JPY,1314.64,0.15,-5.75,-10.75,한국무역보험공사_환율_20230718.csv
2012-12-04,2012,12,4,JPY,1318.05,0.26,-4.67,-10.09,한국무역보험공사_환율_20230718.csv
2012-12-05,2012,12,5,JPY,1322.88,0.35,-4.18,-8.86,한국무역보험공사_환율_20230718.csv
2012-12-06,2012,12,6,JPY,1313.47,-0.68,-4.97,-9.64,한국무역보험공사_환율_20230718.csv
2012-12-07,2012,12,7,JPY,1313.96,-0.47,-4.2,-9.42,한국무역보험공사_환율_20230718.csv
2012-12-10,2012,12,10,JPY,1312.0,-0.78,-4.65,-8.77,한국무역보험공사_환율_20230718.csv
2012-12-11,2012,12,11,JPY,1310.51,-0.76,-4.61,-9.28,한국무역보험공사_환율_20230718.csv
2012-12-12,2012,12,12,JPY,1304.87,-0.74,-5.07,-9.67,한국무역보험공사_환율_20230718.csv
2012-12-13,2012,12,13,JPY,1292.91,-1.91,-5.37,-10.49,한국무역보험공사_환율_20230718.csv
2012-12-14,2012,12,14,JPY,1282.35,-3.06,-5.75,-10.94,한국무역보험공사_환율_20230718.csv
2012-12-17,2012,12,17,JPY,1276.93,-2.78,-5.8,-10.9,한국무역보험공사_환율_20230718.csv
2012-12-18,2012,12,18,JPY,1279.24,-2.64,-5.96,-11.05,한국무역보험공사_환율_20230718.csv
2012-12-20,2012,12,20,JPY,1273.68,-2.92,-6.2,-11.1,한국무역보험공사_환율_20230718.csv
2012-12-21,2012,12,21,JPY,1272.78,-2.88,-6.38,-11.7,한국무역보험공사_환율_20230718.csv
2012-12-24,2012,12,24,JPY,1274.62,-2.32,-6.89,-11.73,한국무역보험공사_환율_20230718.csv
2012-12-26,2012,12,26,JPY,1265.59,-2.11,-7.72,-11.45,한국무역보험공사_환율_20230718.csv
2012-12-27,2012,12,27,JPY,1255.1,-2.13,-8.27,-12.14,한국무역보험공사_환율_20230718.csv
2012-12-28,2012,12,28,JPY,1241.89,-2.74,-9.5,-12.86,한국무역보험공사_환율_20230718.csv
2012-12-31,2012,12,31,JPY,1247.5,-2.48,-8.01,-12.77,한국무역보험공사_환율_20230718.csv
2013-01-02,2013,1,2,JPY,1236.05,-2.95,-7.71,-13.47,한국무역보험공사_환율_20230718.csv
2013-01-03,2013,1,3,JPY,1218.96,-4.23,-8.93,-15.49,한국무역보험공사_환율_20230718.csv
2013-01-04,2013,1,4,JPY,1216.33,-4.57,-8.99,-15.5,한국무역보험공사_환율_20230718.csv
2013-01-07,2013,1,7,JPY,1205.78,-4.73,-9.08,-16.27,한국무역보험공사_환율_20230718.csv
2013-01-08,2013,1,8,JPY,1216.01,-3.11,-7.36,-15.68,한국무역보험공사_환율_20230718.csv
2013-01-09,2013,1,9,JPY,1222.14,-1.59,-7.03,-15.52,한국무역보험공사_환율_20230718.csv
2013-01-10,2013,1,10,JPY,1206.25,-3.31,-8.5,-16.26,한국무역보험공사_환율_20230718.csv
2013-01-11,2013,1,11,JPY,1193.41,-3.45,-9.75,-17.35,한국무역보험공사_환율_20230718.csv
2013-01-14,2013,1,14,JPY,1180.58,-3.15,-10.57,-18.5,한국무역보험공사_환율_20230718.csv
2013-01-15,2013,1,15,JPY,1180.53,-2.94,-10.72,-18.32,한국무역보험공사_환율_20230718.csv
2013-01-16,2013,1,16,JPY,1188.05,-1.47,-10.03,-17.67,한국무역보험공사_환율_20230718.csv
2013-01-17,2013,1,17,JPY,1195.01,-1.73,-9.1,-17.43,한국무역보험공사_환율_20230718.csv
2013-01-18,2013,1,18,JPY,1174.93,-3.86,-10.86,-18.3,한국무역보험공사_환율_20230718.csv
2013-01-21,2013,1,21,JPY,1171.36,-2.89,-11.45,-18.96,한국무역보험공사_환율_20230718.csv
2013-01-22,2013,1,22,JPY,1181.12,-1.03,-10.08,-18.11,한국무역보험공사_환율_20230718.csv
2013-01-23,2013,1,23,JPY,1198.78,1.54,-8.77,-17.45,한국무역보험공사_환율_20230718.csv
2013-01-24,2013,1,24,JPY,1204.11,2.0,-8.22,-16.75,한국무역보험공사_환율_20230718.csv
2013-01-25,2013,1,25,JPY,1182.64,-0.46,-9.76,-18.64,한국무역보험공사_환율_20230718.csv
2013-01-28,2013,1,28,JPY,1176.77,-1.53,-9.82,-17.72,한국무역보험공사_환율_20230718.csv
2013-01-29,2013,1,29,JPY,1194.09,1.63,-7.64,-15.69,한국무역보험공사_환율_20230718.csv
2013-01-30,2013,1,30,JPY,1198.7,2.33,-6.52,-15.47,한국무역보험공사_환율_20230718.csv
2013-01-31,2013,1,31,JPY,1188.47,0.62,-6.93,-16.6,한국무역보험공사_환율_20230718.csv
2013-02-01,2013,2,1,JPY,1186.04,-1.06,-7.29,-16.97,한국무역보험공사_환율_20230718.csv
2013-02-04,2013,2,4,JPY,1177.69,-2.19,-7.54,-17.8,한국무역보험공사_환율_20230718.csv
2013-02-05,2013,2,5,JPY,1181.26,-0.12,-7.19,-17.88,한국무역보험공사_환율_20230718.csv
2013-02-06,2013,2,6,JPY,1160.86,-1.35,-8.93,-19.27,한국무역보험공사_환율_20230718.csv
2013-02-07,2013,2,7,JPY,1163.19,-2.59,-8.09,-19.35,한국무역보험공사_환율_20230718.csv
2013-02-08,2013,2,8,JPY,1163.28,-2.95,-7.32,-19.28,한국무역보험공사_환율_20230718.csv
2013-02-12,2013,2,12,JPY,1160.1,-2.39,-6.59,-18.65,한국무역보험공사_환율_20230718.csv
2013-02-13,2013,2,13,JPY,1173.09,-1.09,-5.96,-17.26,한국무역보험공사_환율_20230718.csv
2013-02-14,2013,2,14,JPY,1164.98,-1.08,-5.75,-17.82,한국무역보험공사_환율_20230718.csv
2013-02-15,2013,2,15,JPY,1167.73,-1.15,-4.2,-17.23,한국무역보험공사_환율_20230718.csv
2013-02-18,2013,2,18,JPY,1149.95,-0.94,-5.46,-18.97,한국무역보험공사_환율_20230718.csv
2013-02-19,2013,2,19,JPY,1153.17,-0.86,-4.36,-18.73,한국무역보험공사_환율_20230718.csv
2013-02-20,2013,2,20,JPY,1155.96,-0.63,-4.94,-18.96,한국무역보험공사_환율_20230718.csv
2013-02-21,2013,2,21,JPY,1150.51,-0.83,-5.86,-19.15,한국무역보험공사_환율_20230718.csv
2013-02-22,2013,2,22,JPY,1165.07,-0.68,-3.41,-17.74,한국무역보험공사_환율_20230718.csv
2013-02-25,2013,2,25,JPY,1153.66,-0.97,-3.33,-18.34,한국무역보험공사_환율_20230718.csv
2013-02-26,2013,2,26,JPY,1177.41,0.83,-0.27,-16.12,한국무역보험공사_환율_20230718.csv
2013-02-27,2013,2,27,JPY,1182.09,2.79,0.13,-15.36,한국무역보험공사_환율_20230718.csv
2013-02-28,2013,2,28,JPY,1176.2,2.0,-1.0,-15.54,한국무역보험공사_환율_20230718.csv
2013-03-04,2013,3,4,JPY,1156.43,0.04,-3.23,-17.09,한국무역보험공사_환율_20230718.csv
2013-03-05,2013,3,5,JPY,1167.65,1.49,-0.62,-15.55,한국무역보험공사_환율_20230718.csv
2013-03-06,2013,3,6,JPY,1164.43,-0.05,-0.59,-15.66,한국무역보험공사_환율_20230718.csv
2013-03-07,2013,3,7,JPY,1153.38,-0.02,-2.35,-16.56,한국무역보험공사_환율_20230718.csv
2013-03-08,2013,3,8,JPY,1144.54,-2.79,-4.52,-16.55,한국무역보험공사_환율_20230718.csv
2013-03-11,2013,3,11,JPY,1133.31,-4.13,-5.88,-17.64,한국무역보험공사_환율_20230718.csv
2013-03-12,2013,3,12,JPY,1137.13,-3.32,-3.85,-17.23,한국무역보험공사_환율_20230718.csv
2013-03-13,2013,3,13,JPY,1141.46,-1.29,-3.0,-16.95,한국무역보험공사_환율_20230718.csv
2013-03-14,2013,3,14,JPY,1142.4,-2.16,-4.33,-16.39,한국무역보험공사_환율_20230718.csv
2013-03-15,2013,3,15,JPY,1149.84,-1.25,-4.08,-15.49,한국무역보험공사_환율_20230718.csv
2013-03-18,2013,3,18,JPY,1169.18,1.37,-1.62,-13.75,한국무역보험공사_환율_20230718.csv
2013-03-19,2013,3,19,JPY,1168.98,2.14,-1.44,-14.06,한국무역보험공사_환율_20230718.csv
2013-03-20,2013,3,20,JPY,1167.83,3.05,-0.84,-14.0,한국무역보험공사_환율_20230718.csv
2013-03-21,2013,3,21,JPY,1163.03,2.28,-1.54,-14.45,한국무역보험공사_환율_20230718.csv
2013-03-22,2013,3,22,JPY,1174.45,2.89,1.17,-14.21,한국무역보험공사_환율_20230718.csv
2013-03-25,2013,3,25,JPY,1180.04,3.29,1.45,-13.96,한국무역보험공사_환율_20230718.csv
2013-03-26,2013,3,26,JPY,1181.44,2.75,1.56,-13.65,한국무역보험공사_환율_20230718.csv
2013-03-27,2013,3,27,JPY,1170.89,0.15,0.93,-14.68,한국무역보험공사_환율_20230718.csv
2013-03-28,2013,3,28,JPY,1175.44,0.55,0.2,-13.32,한국무역보험공사_환율_20230718.csv
2013-03-29,2013,3,29,JPY,1180.13,1.05,1.3,-11.88,한국무역보험공사_환율_20230718.csv
2013-04-01,2013,4,1,JPY,1179.18,1.39,0.98,-11.9,한국무역보험공사_환율_20230718.csv
2013-04-02,2013,4,2,JPY,1196.82,1.9,4.08,-10.45,한국무역보험공사_환율_20230718.csv
2013-04-03,2013,4,3,JPY,1191.63,0.98,3.34,-10.15,한국무역보험공사_환율_20230718.csv
2013-04-04,2013,4,4,JPY,1205.4,2.03,4.28,-8.17,한국무역보험공사_환율_20230718.csv
2013-04-05,2013,4,5,JPY,1166.31,-0.39,1.37,-11.28,한국무역보험공사_환율_20230718.csv
2013-04-08,2013,4,8,JPY,1143.05,-2.76,-1.89,-13.3,한국무역보험공사_환율_20230718.csv
2013-04-09,2013,4,9,JPY,1142.64,-3.18,-0.96,-13.59,한국무역보험공사_환율_20230718.csv
2013-04-10,2013,4,10,JPY,1148.08,-2.64,-2.49,-13.03,한국무역보험공사_환율_20230718.csv
2013-04-11,2013,4,11,JPY,1141.15,-4.65,-3.46,-13.7,한국무역보험공사_환율_20230718.csv
2013-04-12,2013,4,12,JPY,1132.23,-4.98,-3.74,-14.26,한국무역보험공사_환율_20230718.csv
2013-04-15,2013,4,15,JPY,1149.67,-4.62,-0.58,-12.55,한국무역보험공사_환율_20230718.csv
2013-04-16,2013,4,16,JPY,1158.35,-0.68,-0.8,-12.12,한국무역보험공사_환율_20230718.csv
2013-04-17,2013,4,17,JPY,1146.25,0.28,-1.56,-13.35,한국무역보험공사_환율_20230718.csv
2013-04-18,2013,4,18,JPY,1136.61,-0.53,-1.45,-13.47,한국무역보험공사_환율_20230718.csv
2013-04-19,2013,4,19,JPY,1141.69,-0.56,-0.25,-13.11,한국무역보험공사_환율_20230718.csv
2013-04-22,2013,4,22,JPY,1120.18,-1.84,-1.16,-14.62,한국무역보험공사_환율_20230718.csv
2013-04-23,2013,4,23,JPY,1128.98,-0.29,-0.72,-13.85,한국무역보험공사_환율_20230718.csv
2013-04-24,2013,4,24,JPY,1126.34,-2.03,-1.32,-13.68,한국무역보험공사_환율_20230718.csv
2013-04-25,2013,4,25,JPY,1124.71,-2.9,-1.55,-13.01,한국무역보험공사_환율_20230718.csv
2013-04-26,2013,4,26,JPY,1121.02,-2.2,-2.51,-12.58,한국무역보험공사_환율_20230718.csv
2013-04-29,2013,4,29,JPY,1132.47,-0.36,-3.14,-11.31,한국무역보험공사_환율_20230718.csv
2013-04-30,2013,4,30,JPY,1132.04,-0.85,-3.16,-11.51,한국무역보험공사_환율_20230718.csv
2013-05-02,2013,5,2,JPY,1132.73,1.12,-3.01,-11.07,한국무역보험공사_환율_20230718.csv
2013-05-03,2013,5,3,JPY,1122.43,-0.58,-3.49,-11.81,한국무역보험공사_환율_20230718.csv
2013-05-06,2013,5,6,JPY,1109.44,-1.5,-5.54,-12.96,한국무역보험공사_환율_20230718.csv
2013-05-07,2013,5,7,JPY,1101.16,-2.09,-6.68,-12.99,한국무역보험공사_환율_20230718.csv
2013-05-08,2013,5,8,JPY,1107.29,-1.22,-6.28,-11.78,한국무역보험공사_환율_20230718.csv
2013-05-09,2013,5,9,JPY,1099.58,-2.9,-6.09,-11.46,한국무역보험공사_환율_20230718.csv
2013-05-10,2013,5,10,JPY,1080.46,-4.56,-8.08,-13.39,한국무역보험공사_환율_20230718.csv
2013-05-13,2013,5,13,JPY,1081.94,-4.48,-8.32,-12.47,한국무역보험공사_환율_20230718.csv
2013-05-14,2013,5,14,JPY,1094.62,-2.48,-7.17,-10.2,한국무역보험공사_환율_20230718.csv
2013-05-15,2013,5,15,JPY,1084.83,-2.22,-9.36,-10.81,한국무역보험공사_환율_20230718.csv
2013-05-16,2013,5,16,JPY,1088.72,-1.13,-8.64,-9.71,한국무역보험공사_환율_20230718.csv
2013-05-20,2013,5,20,JPY,1083.37,-2.16,-10.12,-10.91,한국무역보험공사_환율_20230718.csv
2013-05-21,2013,5,21,JPY,1094.03,-0.5,-6.2,-10.48,한국무역보험공사_환율_20230718.csv
2013-05-22,2013,5,22,JPY,1086.45,0.55,-4.95,-9.93,한국무역보험공사_환율_20230718.csv
2013-05-23,2013,5,23,JPY,1078.12,-0.35,-5.65,-9.66,한국무역보험공사_환율_20230718.csv
2013-05-24,2013,5,24,JPY,1100.53,0.54,-4.14,-6.78,한국무역보험공사_환율_20230718.csv
2013-05-27,2013,5,27,JPY,1113.63,2.65,-2.41,-5.67,한국무역보험공사_환율_20230718.csv
2013-05-28,2013,5,28,JPY,1112.53,2.19,-1.74,-6.36,한국무역보험공사_환율_20230718.csv
2013-05-29,2013,5,29,JPY,1100.14,1.55,-4.31,-7.94,한국무역보험공사_환율_20230718.csv
2013-05-30,2013,5,30,JPY,1118.42,2.23,-3.45,-4.81,한국무역보험공사_환율_20230718.csv
2013-05-31,2013,5,31,JPY,1116.58,2.77,-2.59,-4.68,한국무역보험공사_환율_20230718.csv
2013-06-03,2013,6,3,JPY,1120.21,3.9,-1.44,-5.16,한국무역보험공사_환율_20230718.csv
2013-06-04,2013,6,4,JPY,1131.55,2.82,-0.89,-5.61,한국무역보험공사_환율_20230718.csv
2013-06-05,2013,6,5,JPY,1119.39,0.52,-0.07,-7.04,한국무역보험공사_환율_20230718.csv
2013-06-07,2013,6,7,JPY,1151.32,3.49,1.98,-2.65,한국무역보험공사_환율_20230718.csv
2013-06-10,2013,6,10,JPY,1130.33,2.74,0.35,-3.95,한국무역보험공사_환율_20230718.csv
2013-06-11,2013,6,11,JPY,1136.67,1.63,1.06,-4.81,한국무역보험공사_환율_20230718.csv
2013-06-12,2013,6,12,JPY,1178.48,5.54,5.13,-1.69,한국무역보험공사_환율_20230718.csv
2013-06-13,2013,6,13,JPY,1181.22,5.45,4.3,-0.61,한국무역보험공사_환율_20230718.csv
2013-06-14,2013,6,14,JPY,1188.27,5.01,4.97,0.19,한국무역보험공사_환율_20230718.csv
2013-06-17,2013,6,17,JPY,1197.09,6.94,5.68,1.65,한국무역보험공사_환율_20230718.csv
2013-06-18,2013,6,18,JPY,1191.95,3.53,6.19,0.9,한국무역보험공사_환율_20230718.csv
2013-06-19,2013,6,19,JPY,1182.21,4.59,6.56,1.84,한국무역보험공사_환율_20230718.csv
2013-06-20,2013,6,20,JPY,1172.57,3.16,6.48,0.81,한국무역보험공사_환율_20230718.csv
2013-06-21,2013,6,21,JPY,1179.33,0.07,6.51,1.38,한국무역보험공사_환율_20230718.csv
2013-06-24,2013,6,24,JPY,1174.51,-0.57,6.81,1.24,한국무역보험공사_환율_20230718.csv
2013-06-25,2013,6,25,JPY,1186.71,-0.13,9.83,1.16,한국무역보험공사_환율_20230718.csv
2013-06-26,2013,6,26,JPY,1179.99,-1.43,9.06,1.29,한국무역보험공사_환율_20230718.csv
2013-06-27,2013,6,27,JPY,1179.41,-1.05,7.75,1.0,한국무역보험공사_환율_20230718.csv
2013-06-28,2013,6,28,JPY,1167.15,-1.27,7.59,1.5,한국무역보험공사_환율_20230718.csv
2013-07-01,2013,7,1,JPY,1152.27,-1.73,5.84,-0.08,한국무역보험공사_환율_20230718.csv
2013-07-02,2013,7,2,JPY,1140.89,-3.26,5.31,-1.3,한국무역보험공사_환율_20230718.csv
2013-07-03,2013,7,3,JPY,1123.91,-4.31,2.73,-2.31,한국무역보험공사_환율_20230718.csv
2013-07-04,2013,7,4,JPY,1140.26,-3.91,4.95,-2.13,한국무역보험공사_환율_20230718.csv
2013-07-05,2013,7,5,JPY,1137.19,-3.63,5.48,-1.43,한국무역보험공사_환율_20230718.csv
2013-07-08,2013,7,8,JPY,1125.66,-4.56,2.28,-4.4,한국무역보험공사_환율_20230718.csv
2013-07-09,2013,7,9,JPY,1141.53,-2.2,2.51,-3.43,한국무역보험공사_환율_20230718.csv
2013-07-10,2013,7,10,JPY,1131.97,-1.76,1.75,-3.76,한국무역보험공사_환율_20230718.csv
2013-07-11,2013,7,11,JPY,1151.76,0.95,4.69,-0.4,한국무역보험공사_환율_20230718.csv
2013-07-12,2013,7,12,JPY,1136.72,1.14,1.64,-2.65,한국무역보험공사_환율_20230718.csv
2013-07-15,2013,7,15,JPY,1130.84,-0.83,1.28,-2.88,한국무역보험공사_환율_20230718.csv
2013-07-16,2013,7,16,JPY,1123.16,-1.23,0.26,-2.62,한국무역보험공사_환율_20230718.csv
2013-07-17,2013,7,17,JPY,1127.85,0.19,-0.33,-1.46,한국무역보험공사_환율_20230718.csv
2013-07-18,2013,7,18,JPY,1121.63,-1.74,0.2,-1.03,한국무역보험공사_환율_20230718.csv
2013-07-19,2013,7,19,JPY,1115.72,-1.44,-3.09,-1.88,한국무역보험공사_환율_20230718.csv
2013-07-22,2013,7,22,JPY,1118.02,-2.93,-1.09,-2.05,한국무역보험공사_환율_20230718.csv
2013-07-23,2013,7,23,JPY,1124.4,-1.08,-1.08,-1.58,한국무역보험공사_환율_20230718.csv
2013-07-24,2013,7,24,JPY,1122.22,-0.76,-4.77,-2.4,한국무역보험공사_환율_20230718.csv
2013-07-25,2013,7,25,JPY,1110.82,-1.1,-5.96,-4.99,한국무역보험공사_환율_20230718.csv
2013-07-26,2013,7,26,JPY,1125.74,-0.19,-5.26,-3.7,한국무역보험공사_환율_20230718.csv
2013-07-29,2013,7,29,JPY,1134.79,1.17,-5.2,-2.83,한국무역보험공사_환율_20230718.csv
2013-07-30,2013,7,30,JPY,1132.91,1.54,-4.95,-2.59,한국무역보험공사_환율_20230718.csv
2013-07-31,2013,7,31,JPY,1135.4,1.55,-3.96,-3.32,한국무역보험공사_환율_20230718.csv
2013-08-01,2013,8,1,JPY,1144.38,1.78,-2.4,-3.02,한국무역보험공사_환율_20230718.csv
2013-08-02,2013,8,2,JPY,1127.21,0.44,-4.42,-4.59,한국무역보험공사_환율_20230718.csv
2013-08-05,2013,8,5,JPY,1137.17,2.37,-3.18,-2.88,한국무역보험공사_환율_20230718.csv
2013-08-06,2013,8,6,JPY,1135.84,0.9,-4.29,-3.37,한국무역보험공사_환율_20230718.csv
2013-08-07,2013,8,7,JPY,1141.6,0.6,-3.25,-3.26,한국무역보험공사_환율_20230718.csv
2013-08-08,2013,8,8,JPY,1157.94,2.21,-1.82,-1.8,한국무역보험공사_환율_20230718.csv
2013-08-09,2013,8,9,JPY,1151.25,1.4,-1.36,-3.81,한국무역보험공사_환율_20230718.csv
2013-08-12,2013,8,12,JPY,1154.28,0.87,0.17,-3.13,한국무역보험공사_환율_20230718.csv
2013-08-13,2013,8,13,JPY,1144.59,1.54,0.32,-5.04,한국무역보험공사_환율_20230718.csv
2013-08-14,2013,8,14,JPY,1136.21,-0.08,1.09,-2.58,한국무역보험공사_환율_20230718.csv
2013-08-16,2013,8,16,JPY,1151.22,1.35,0.96,0.71,한국무역보험공사_환율_20230718.csv
2013-08-19,2013,8,19,JPY,1141.02,-0.05,0.34,-0.14,한국무역보험공사_환율_20230718.csv
2013-08-20,2013,8,20,JPY,1140.62,-1.5,1.33,-0.65,한국무역보험공사_환율_20230718.csv
2013-08-21,2013,8,21,JPY,1152.56,0.11,0.97,1.0,한국무역보험공사_환율_20230718.csv
2013-08-22,2013,8,22,JPY,1144.3,-0.86,1.09,1.07,한국무역보험공사_환율_20230718.csv
2013-08-23,2013,8,23,JPY,1139.28,-0.46,-1.08,-0.9,한국무역보험공사_환율_20230718.csv
2013-08-26,2013,8,26,JPY,1131.9,-0.38,-0.42,-2.28,한국무역보험공사_환율_20230718.csv
2013-08-27,2013,8,27,JPY,1131.16,-1.74,0.03,-1.32,한국무역보험공사_환율_20230718.csv
2013-08-28,2013,8,28,JPY,1149.18,0.72,2.32,1.11,한국무역보험공사_환율_20230718.csv
2013-08-29,2013,8,29,JPY,1143.47,0.25,1.38,0.16,한국무역보험공사_환율_20230718.csv
2013-08-30,2013,8,30,JPY,1129.19,-2.03,0.67,0.8,한국무역보험공사_환율_20230718.csv
2013-09-02,2013,9,2,JPY,1127.93,-1.43,1.09,-0.09,한국무역보험공사_환율_20230718.csv
2013-09-03,2013,9,3,JPY,1109.04,-2.65,-0.8,-1.54,한국무역보험공사_환율_20230718.csv
2013-09-04,2013,9,4,JPY,1099.58,-2.86,-2.21,-2.23,한국무역보험공사_환율_20230718.csv
2013-09-05,2013,9,5,JPY,1101.89,-2.59,-1.81,-1.71,한국무역보험공사_환율_20230718.csv
2013-09-06,2013,9,6,JPY,1091.83,-4.99,-1.71,-3.59,한국무역보험공사_환율_20230718.csv
2013-09-09,2013,9,9,JPY,1096.17,-4.14,-2.63,-3.17,한국무역보험공사_환율_20230718.csv
2013-09-10,2013,9,10,JPY,1091.8,-3.31,-3.79,-3.61,한국무역보험공사_환율_20230718.csv
2013-09-11,2013,9,11,JPY,1080.52,-4.2,-4.62,-3.73,한국무역보험공사_환율_20230718.csv
2013-09-12,2013,9,12,JPY,1087.92,-1.9,-4.18,-1.94,한국무역보험공사_환율_20230718.csv
2013-09-13,2013,9,13,JPY,1087.66,-1.08,-4.96,-1.23,한국무역보험공사_환율_20230718.csv
2013-09-16,2013,9,16,JPY,1097.43,-0.4,-2.64,-0.89,한국무역보험공사_환율_20230718.csv
2013-09-17,2013,9,17,JPY,1092.03,0.02,-3.97,-0.69,한국무역보험공사_환율_20230718.csv
2013-09-23,2013,9,23,JPY,1092.85,-0.3,-3.78,1.15,한국무역보험공사_환율_20230718.csv
2013-09-24,2013,9,24,JPY,1089.24,-0.23,-4.59,0.67,한국무역보험공사_환율_20230718.csv
2013-09-25,2013,9,25,JPY,1088.45,0.73,-6.0,-0.56,한국무역보험공사_환율_20230718.csv
2013-09-26,2013,9,26,JPY,1093.14,0.48,-5.05,0.77,한국무역보험공사_환율_20230718.csv
2013-09-27,2013,9,27,JPY,1085.53,-0.2,-5.96,-0.29,한국무역보험공사_환율_20230718.csv
2013-09-30,2013,9,30,JPY,1098.67,0.11,-4.01,1.41,한국무역보험공사_환율_20230718.csv
2013-10-01,2013,10,1,JPY,1093.46,0.13,-3.76,-0.05,한국무역보험공사_환율_20230718.csv
2013-10-02,2013,10,2,JPY,1095.81,0.27,-4.81,0.86,한국무역보험공사_환율_20230718.csv
2013-10-04,2013,10,4,JPY,1105.56,1.5,-3.11,2.55,한국무역보험공사_환율_20230718.csv
2013-10-07,2013,10,7,JPY,1102.3,1.27,-3.36,0.16,한국무역보험공사_환율_20230718.csv
2013-10-08,2013,10,8,JPY,1106.69,1.24,-3.98,-0.62,한국무역보험공사_환율_20230718.csv
2013-10-10,2013,10,10,JPY,1101.02,1.43,-3.78,-1.03,한국무역보험공사_환율_20230718.csv
2013-10-11,2013,10,11,JPY,1095.81,-0.26,-3.82,-0.39,한국무역보험공사_환율_20230718.csv
2013-10-14,2013,10,14,JPY,1089.18,-0.39,-3.77,-2.61,한국무역보험공사_환율_20230718.csv
2013-10-15,2013,10,15,JPY,1086.59,-0.84,-3.94,-2.69,한국무역보험공사_환율_20230718.csv
2013-10-16,2013,10,16,JPY,1086.92,-1.69,-5.42,-2.97,한국무역보험공사_환율_20230718.csv
2013-10-17,2013,10,17,JPY,1078.75,-2.14,-5.66,-4.67,한국무역보험공사_환율_20230718.csv
2013-10-18,2013,10,18,JPY,1085.85,-1.88,-3.84,-3.0,한국무역보험공사_환율_20230718.csv
2013-10-21,2013,10,21,JPY,1084.56,-1.49,-3.85,-5.8,한국무역보험공사_환율_20230718.csv
2013-10-22,2013,10,22,JPY,1081.69,-1.29,-2.47,-4.3,한국무역보험공사_환율_20230718.csv
2013-10-23,2013,10,23,JPY,1081.93,-0.67,-1.61,-4.82,한국무역보험공사_환율_20230718.csv
2013-10-24,2013,10,24,JPY,1085.09,-0.14,-1.52,-7.92,한국무역보험공사_환율_20230718.csv
2013-10-25,2013,10,25,JPY,1085.59,-0.12,-0.57,-8.1,한국무역보험공사_환율_20230718.csv
2013-10-28,2013,10,28,JPY,1089.59,1.0,-0.6,-8.3,한국무역보험공사_환율_20230718.csv
2013-10-29,2013,10,29,JPY,1086.66,0.07,-0.47,-9.22,한국무역보험공사_환율_20230718.csv
2013-10-30,2013,10,30,JPY,1080.9,-0.34,0.04,-9.32,한국무역보험공사_환율_20230718.csv
2013-10-31,2013,10,31,JPY,1077.51,-0.39,-0.96,-8.86,한국무역보험공사_환율_20230718.csv
2013-11-01,2013,11,1,JPY,1077.9,-0.37,-0.9,-8.07,한국무역보험공사_환율_20230718.csv
2013-11-04,2013,11,4,JPY,1076.32,-0.81,-1.92,-8.73,한국무역보험공사_환율_20230718.csv
2013-11-05,2013,11,5,JPY,1076.96,-0.79,-1.38,-8.31,한국무역보험공사_환율_20230718.csv
2013-11-06,2013,11,6,JPY,1077.84,-1.08,-1.37,-9.17,한국무역보험공사_환율_20230718.csv
2013-11-07,2013,11,7,JPY,1076.42,-0.94,-1.18,-8.78,한국무역보험공사_환율_20230718.csv
2013-11-08,2013,11,8,JPY,1080.69,-0.02,-0.71,-8.37,한국무역보험공사_환율_20230718.csv
2013-11-11,2013,11,11,JPY,1072.18,-0.49,-1.92,-8.14,한국무역보험공사_환율_20230718.csv
2013-11-12,2013,11,12,JPY,1077.28,-0.06,-0.76,-6.51,한국무역보험공사_환율_20230718.csv
2013-11-13,2013,11,13,JPY,1074.82,-0.14,-2.17,-5.79,한국무역보험공사_환율_20230718.csv
2013-11-14,2013,11,14,JPY,1080.63,0.34,-1.17,-3.85,한국무역보험공사_환율_20230718.csv
2013-11-15,2013,11,15,JPY,1066.66,-1.04,-2.66,-6.45,한국무역보험공사_환율_20230718.csv
2013-11-18,2013,11,18,JPY,1063.3,-1.22,-3.82,-6.5,한국무역보험공사_환율_20230718.csv
2013-11-19,2013,11,19,JPY,1061.6,-1.77,-3.69,-5.69,한국무역보험공사_환율_20230718.csv
2013-11-20,2013,11,20,JPY,1054.11,-1.69,-4.75,-7.66,한국무역보험공사_환율_20230718.csv
2013-11-21,2013,11,21,JPY,1055.56,-2.02,-4.13,-6.75,한국무역보험공사_환율_20230718.csv
2013-11-22,2013,11,22,JPY,1049.57,-2.35,-4.22,-8.87,한국무역보험공사_환율_20230718.csv
2013-11-25,2013,11,25,JPY,1048.18,-3.0,-3.76,-7.79,한국무역보험공사_환율_20230718.csv
2013-11-26,2013,11,26,JPY,1044.57,-2.07,-3.87,-7.63,한국무역보험공사_환율_20230718.csv
2013-11-27,2013,11,27,JPY,1046.49,-1.58,-3.72,-6.83,한국무역보험공사_환율_20230718.csv
2013-11-28,2013,11,28,JPY,1037.76,-2.25,-3.8,-7.99,한국무역보험공사_환율_20230718.csv
2013-11-29,2013,11,29,JPY,1038.17,-1.51,-4.39,-7.44,한국무역보험공사_환율_20230718.csv
2013-12-02,2013,12,2,JPY,1032.42,-2.19,-4.81,-7.47,한국무역보험공사_환율_20230718.csv
2013-12-03,2013,12,3,JPY,1027.44,-2.11,-5.02,-8.1,한국무역보험공사_환율_20230718.csv
2013-12-04,2013,12,4,JPY,1036.38,-1.13,-4.21,-7.83,한국무역보험공사_환율_20230718.csv
2013-12-05,2013,12,5,JPY,1036.94,-0.73,-4.44,-7.6,한국무역보험공사_환율_20230718.csv
2013-12-06,2013,12,6,JPY,1043.53,-0.28,-3.87,-6.06,한국무역보험공사_환율_20230718.csv
2013-12-09,2013,12,9,JPY,1025.88,-1.14,-5.85,-8.87,한국무역보험공사_환율_20230718.csv
2013-12-10,2013,12,10,JPY,1019.46,-1.8,-6.18,-10.16,한국무역보험공사_환율_20230718.csv
2013-12-11,2013,12,11,JPY,1023.29,-0.88,-5.33,-9.68,한국무역보험공사_환율_20230718.csv
2013-12-12,2013,12,12,JPY,1026.79,-0.06,-4.71,-9.57,한국무역보험공사_환율_20230718.csv
2013-12-13,2013,12,13,JPY,1017.48,-1.82,-5.61,-11.09,한국무역보험공사_환율_20230718.csv
2013-12-16,2013,12,16,JPY,1020.25,-1.61,-5.21,-9.49,한국무역보험공사_환율_20230718.csv
2013-12-17,2013,12,17,JPY,1021.35,-2.13,-5.16,-10.18,한국무역보험공사_환율_20230718.csv
2013-12-18,2013,12,18,JPY,1025.15,-0.07,-4.89,-9.75,한국무역보험공사_환율_20230718.csv
2013-12-19,2013,12,19,JPY,1008.63,-1.06,-6.3,-11.65,한국무역보험공사_환율_20230718.csv
2013-12-20,2013,12,20,JPY,1015.01,-0.81,-6.08,-12.34,한국무역보험공사_환율_20230718.csv
2013-12-23,2013,12,23,JPY,1020.57,-0.61,-4.81,-11.35,한국무역보험공사_환율_20230718.csv
2013-12-24,2013,12,24,JPY,1018.53,0.1,-5.45,-11.76,한국무역보험공사_환율_20230718.csv
2013-12-26,2013,12,26,JPY,1015.27,-0.49,-5.54,-11.3,한국무역보험공사_환율_20230718.csv
2013-12-27,2013,12,27,JPY,1010.68,-1.04,-6.47,-11.05,한국무역보험공사_환율_20230718.csv
2013-12-30,2013,12,30,JPY,1001.9,-2.27,-6.07,-12.97,한국무역보험공사_환율_20230718.csv
2013-12-31,2013,12,31,JPY,1004.66,-0.39,-5.51,-11.95,한국무역보험공사_환율_20230718.csv
2014-01-02,2014,1,2,JPY,1001.52,-1.33,-5.66,-12.2,한국무역보험공사_환율_20230718.csv
2014-01-03,2014,1,3,JPY,1002.43,-1.78,-4.9,-13.03,한국무역보험공사_환율_20230718.csv
2014-01-06,2014,1,6,JPY,1005.2,-1.31,-4.77,-12.16,한국무역보험공사_환율_20230718.csv
2014-01-07,2014,1,7,JPY,1018.99,0.37,-2.91,-10.56,한국무역보험공사_환율_20230718.csv
2014-01-08,2014,1,8,JPY,1020.69,0.99,-2.62,-9.83,한국무역보험공사_환율_20230718.csv
2014-01-09,2014,1,9,JPY,1016.69,1.48,-2.67,-10.12,한국무역보험공사_환율_20230718.csv
2014-01-10,2014,1,10,JPY,1015.74,1.1,-2.94,-11.61,한국무역보험공사_환율_20230718.csv
2014-01-13,2014,1,13,JPY,1021.14,1.96,-1.6,-10.7,한국무역보험공사_환율_20230718.csv
2014-01-14,2014,1,14,JPY,1025.33,2.28,-1.24,-9.2,한국무역보험공사_환율_20230718.csv
2014-01-15,2014,1,15,JPY,1015.35,1.01,-1.65,-9.98,한국무역보험공사_환율_20230718.csv
2014-01-16,2014,1,16,JPY,1016.07,-0.29,-1.11,-8.38,한국무역보험공사_환율_20230718.csv
2014-01-17,2014,1,17,JPY,1020.13,-0.05,-1.57,-7.23,한국무역보험공사_환율_20230718.csv
2014-01-20,2014,1,20,JPY,1017.65,0.09,-1.86,-7.65,한국무역보험공사_환율_20230718.csv
2014-01-21,2014,1,21,JPY,1021.21,0.54,-2.14,-6.47,한국무역보험공사_환율_20230718.csv
2014-01-22,2014,1,22,JPY,1020.52,-0.06,-0.52,-6.9,한국무역보험공사_환율_20230718.csv
2014-01-23,2014,1,23,JPY,1022.2,-0.31,0.27,-6.37,한국무역보험공사_환율_20230718.csv
2014-01-24,2014,1,24,JPY,1037.66,2.2,1.4,-3.97,한국무역보험공사_환율_20230718.csv
2014-01-27,2014,1,27,JPY,1056.54,3.98,2.9,-2.88,한국무역보험공사_환율_20230718.csv
2014-01-28,2014,1,28,JPY,1056.22,3.54,3.81,-2.89,한국무역보험공사_환율_20230718.csv
2014-01-29,2014,1,29,JPY,1043.71,2.56,2.3,-4.9,한국무역보험공사_환율_20230718.csv
2014-02-03,2014,2,3,JPY,1048.2,2.64,2.63,-4.01,한국무역보험공사_환율_20230718.csv
2014-02-04,2014,2,4,JPY,1070.95,4.94,4.47,-2.0,한국무역보험공사_환율_20230718.csv
2014-02-05,2014,2,5,JPY,1068.21,4.5,5.91,-1.93,한국무역보험공사_환율_20230718.csv
2014-02-06,2014,2,6,JPY,1063.28,2.47,4.76,-2.31,한국무역보험공사_환율_20230718.csv
2014-02-07,2014,2,7,JPY,1054.83,-0.16,3.36,-3.5,한국무역보험공사_환율_20230718.csv
2014-02-10,2014,2,10,JPY,1048.01,-0.78,2.89,-3.46,한국무역보험공사_환율_20230718.csv
2014-02-11,2014,2,11,JPY,1048.42,0.45,3.27,-4.57,한국무역보험공사_환율_20230718.csv
2014-02-12,2014,2,12,JPY,1044.99,-0.31,3.39,-4.43,한국무역보험공사_환율_20230718.csv
2014-02-13,2014,2,13,JPY,1038.63,-3.02,3.67,-5.22,한국무역보험공사_환율_20230718.csv
2014-02-14,2014,2,14,JPY,1041.0,-2.55,3.62,-5.84,한국무역보험공사_환율_20230718.csv
2014-02-17,2014,2,17,JPY,1043.48,-1.86,4.19,-5.34,한국무역보험공사_환율_20230718.csv
2014-02-18,2014,2,18,JPY,1040.01,-1.4,3.75,-6.03,한국무역보험공사_환율_20230718.csv
2014-02-19,2014,2,19,JPY,1039.31,-0.83,3.39,-5.6,한국무역보험공사_환율_20230718.csv
2014-02-20,2014,2,20,JPY,1042.75,-0.54,2.33,-4.84,한국무역보험공사_환율_20230718.csv
2014-02-21,2014,2,21,JPY,1047.24,0.22,2.6,-3.85,한국무역보험공사_환율_20230718.csv
2014-02-24,2014,2,24,JPY,1046.31,0.74,2.91,-3.71,한국무역보험공사_환율_20230718.csv
2014-02-25,2014,2,25,JPY,1050.0,0.86,3.37,-3.4,한국무역보험공사_환율_20230718.csv
2014-02-26,2014,2,26,JPY,1047.25,0.36,2.56,-2.92,한국무역보험공사_환율_20230718.csv
2014-02-27,2014,2,27,JPY,1045.08,0.49,1.93,-3.75,한국무역보험공사_환율_20230718.csv
2014-02-28,2014,2,28,JPY,1044.82,0.53,2.9,-3.66,한국무역보험공사_환율_20230718.csv
2014-03-03,2014,3,3,JPY,1051.06,0.8,3.44,-2.83,한국무역보험공사_환율_20230718.csv
2014-03-04,2014,3,4,JPY,1056.84,0.92,3.6,-2.32,한국무역보험공사_환율_20230718.csv
2014-03-05,2014,3,5,JPY,1048.67,0.23,3.05,-3.36,한국무역보험공사_환율_20230718.csv
2014-03-06,2014,3,6,JPY,1046.07,-0.37,2.43,-3.64,한국무역보험공사_환율_20230718.csv
2014-03-07,2014,3,7,JPY,1035.71,-1.1,1.49,-4.94,한국무역보험공사_환율_20230718.csv
2014-03-10,2014,3,10,JPY,1029.8,-1.46,0.74,-5.23,한국무역보험공사_환율_20230718.csv
2014-03-11,2014,3,11,JPY,1032.05,-1.22,-0.54,-4.52,한국무역보험공사_환율_20230718.csv
2014-03-12,2014,3,12,JPY,1033.94,-1.63,-2.14,-4.04,한국무역보험공사_환율_20230718.csv
2014-03-13,2014,3,13,JPY,1040.74,-1.52,-1.47,-3.45,한국무역보험공사_환율_20230718.csv
2014-03-14,2014,3,14,JPY,1048.37,-0.03,0.45,-2.6,한국무역보험공사_환율_20230718.csv
2014-03-17,2014,3,17,JPY,1057.72,1.11,0.91,-1.79,한국무역보험공사_환율_20230718.csv
2014-03-18,2014,3,18,JPY,1050.47,1.43,-1.91,-2.54,한국무역보험공사_환율_20230718.csv
2014-03-19,2014,3,19,JPY,1052.95,2.25,-1.43,-2.18,한국무역보험공사_환율_20230718.csv
2014-03-20,2014,3,20,JPY,1045.5,1.3,-1.67,-3.26,한국무역보험공사_환율_20230718.csv
2014-03-21,2014,3,21,JPY,1050.15,1.57,-0.44,-2.05,한국무역보험공사_환율_20230718.csv
2014-03-24,2014,3,24,JPY,1057.25,1.59,0.88,-1.86,한국무역보험공사_환율_20230718.csv
2014-03-25,2014,3,25,JPY,1056.2,0.75,0.74,-1.73,한국무역보험공사_환율_20230718.csv
2014-03-26,2014,3,26,JPY,1054.06,-0.35,0.87,-2.46,한국무역보험공사_환율_20230718.csv
2014-03-27,2014,3,27,JPY,1053.3,0.27,1.41,-1.25,한국무역보험공사_환율_20230718.csv
2014-03-28,2014,3,28,JPY,1049.55,-0.32,0.82,-1.29,한국무역보험공사_환율_20230718.csv
2014-03-31,2014,3,31,JPY,1038.73,-0.65,-0.46,-2.15,한국무역보험공사_환율_20230718.csv
2014-04-01,2014,4,1,JPY,1032.84,-1.65,-0.69,-2.02,한국무역보험공사_환율_20230718.csv
2014-04-02,2014,4,2,JPY,1023.35,-3.21,-1.54,-3.05,한국무역보험공사_환율_20230718.csv
2014-04-03,2014,4,3,JPY,1017.67,-3.65,-2.41,-3.04,한국무역보험공사_환율_20230718.csv
2014-04-04,2014,4,4,JPY,1018.29,-3.39,-2.76,-2.85,한국무역보험공사_환율_20230718.csv
2014-04-07,2014,4,7,JPY,1022.07,-2.96,-2.32,-2.15,한국무역보험공사_환율_20230718.csv
2014-04-08,2014,4,8,JPY,1021.58,-2.66,-2.71,-2.38,한국무역보험공사_환율_20230718.csv
2014-04-09,2014,4,9,JPY,1033.85,-0.47,-1.28,-0.38,한국무역보험공사_환율_20230718.csv
2014-04-10,2014,4,10,JPY,1022.34,-1.02,-2.18,-1.52,한국무역보험공사_환율_20230718.csv
2014-04-11,2014,4,11,JPY,1021.04,-0.23,-2.28,-1.1,한국무역보험공사_환율_20230718.csv
2014-04-14,2014,4,14,JPY,1022.22,0.45,-2.74,-0.51,한국무역보험공사_환율_20230718.csv
2014-04-15,2014,4,15,JPY,1019.78,0.15,-3.51,-1.6,한국무역보험공사_환율_20230718.csv
2014-04-16,2014,4,16,JPY,1022.49,0.04,-2.5,-1.39,한국무역보험공사_환율_20230718.csv
2014-04-17,2014,4,17,JPY,1018.69,-0.28,-2.62,-2.38,한국무역보험공사_환율_20230718.csv
2014-04-18,2014,4,18,JPY,1012.74,-2.04,-2.22,-1.28,한국무역보험공사_환율_20230718.csv
2014-04-21,2014,4,21,JPY,1012.54,-0.96,-1.68,-0.68,한국무역보험공사_환율_20230718.csv
2014-04-22,2014,4,22,JPY,1011.2,-0.96,-2.02,-1.18,한국무역보험공사_환율_20230718.csv
2014-04-23,2014,4,23,JPY,1013.01,-0.9,-2.02,-1.34,한국무역보험공사_환율_20230718.csv
2014-04-24,2014,4,24,JPY,1014.25,-0.54,-2.55,-0.32,한국무역보험공사_환율_20230718.csv
2014-04-25,2014,4,25,JPY,1015.3,-0.7,-3.15,-0.49,한국무역보험공사_환율_20230718.csv
2014-04-28,2014,4,28,JPY,1016.83,-0.18,-3.87,-0.44,한국무역보험공사_환율_20230718.csv
2014-04-29,2014,4,29,JPY,1011.9,-0.08,-3.67,-1.29,한국무역보험공사_환율_20230718.csv
2014-04-30,2014,4,30,JPY,1005.31,-0.71,-4.52,-0.33,한국무역보험공사_환율_20230718.csv
2014-05-02,2014,5,2,JPY,1008.94,-0.22,-3.5,-0.6,한국무역보험공사_환율_20230718.csv
2014-05-07,2014,5,7,JPY,1014.26,0.12,-3.42,-0.62,한국무역보험공사_환율_20230718.csv
2014-05-08,2014,5,8,JPY,1006.92,-0.72,-4.76,-1.14,한국무역보험공사_환율_20230718.csv
2014-05-09,2014,5,9,JPY,1007.43,-0.78,-4.62,-0.77,한국무역보험공사_환율_20230718.csv
2014-05-12,2014,5,12,JPY,1004.37,-1.23,-4.71,-0.62,한국무역보험공사_환율_20230718.csv
2014-05-13,2014,5,13,JPY,1002.79,-0.9,-4.8,0.09,한국무역보험공사_환율_20230718.csv
2014-05-14,2014,5,14,JPY,1000.39,-0.49,-4.68,-0.43,한국무역보험공사_환율_20230718.csv
2014-05-15,2014,5,15,JPY,1006.04,-0.29,-3.15,0.45,한국무역보험공사_환율_20230718.csv
2014-05-16,2014,5,16,JPY,1011.08,-0.31,-2.11,0.86,한국무역보험공사_환율_20230718.csv
2014-05-19,2014,5,19,JPY,1010.14,0.32,-1.29,0.49,한국무역보험공사_환율_20230718.csv
2014-05-20,2014,5,20,JPY,1007.83,0.04,-0.97,-1.1,한국무역보험공사_환율_20230718.csv
2014-05-21,2014,5,21,JPY,1011.31,0.69,-0.69,-0.92,한국무역보험공사_환율_20230718.csv
2014-05-22,2014,5,22,JPY,1012.18,0.94,-0.97,-0.44,한국무역보험공사_환율_20230718.csv
2014-05-23,2014,5,23,JPY,1007.32,0.69,-1.4,-0.83,한국무역보험공사_환율_20230718.csv
2014-05-26,2014,5,26,JPY,1004.61,-0.14,-2.83,-1.62,한국무역보험공사_환율_20230718.csv
2014-05-27,2014,5,27,JPY,1004.61,-0.64,-1.73,-2.02,한국무역보험공사_환율_20230718.csv
2014-05-28,2014,5,28,JPY,1003.58,-0.65,-1.71,-1.16,한국무역보험공사_환율_20230718.csv
2014-05-29,2014,5,29,JPY,1004.91,-0.29,-1.69,-1.1,한국무역보험공사_환율_20230718.csv
2014-05-30,2014,5,30,JPY,1004.18,-0.71,-1.53,-1.56,한국무역보험공사_환율_20230718.csv
2014-06-02,2014,6,2,JPY,1002.06,-1.0,-2.0,-1.53,한국무역보험공사_환율_20230718.csv
2014-06-03,2014,6,3,JPY,999.61,-0.77,-1.87,-2.12,한국무역보험공사_환율_20230718.csv
2014-06-05,2014,6,5,JPY,997.23,-0.73,-1.53,-2.28,한국무역보험공사_환율_20230718.csv
2014-06-09,2014,6,9,JPY,996.88,-0.77,-1.55,-2.48,한국무역보험공사_환율_20230718.csv
2014-06-10,2014,6,10,JPY,992.39,-1.12,-1.86,-4.36,한국무역보험공사_환율_20230718.csv
2014-06-11,2014,6,11,JPY,993.4,-1.15,-1.94,-5.98,한국무역보험공사_환율_20230718.csv
2014-06-12,2014,6,12,JPY,996.72,-0.74,-1.73,-5.63,한국무역보험공사_환율_20230718.csv
2014-06-13,2014,6,13,JPY,1000.64,-0.14,-1.44,-4.13,한국무역보험공사_환율_20230718.csv
2014-06-16,2014,6,16,JPY,998.09,-0.15,-1.84,-4.78,한국무역보험공사_환율_20230718.csv
2014-06-17,2014,6,17,JPY,1001.13,0.39,-1.06,-6.52,한국무역보험공사_환율_20230718.csv
2014-06-18,2014,6,18,JPY,1000.34,0.35,-0.49,-6.35,한국무역보험공사_환율_20230718.csv
2014-06-19,2014,6,19,JPY,1003.68,1.14,-0.52,-5.61,한국무역보험공사_환율_20230718.csv
2014-06-20,2014,6,20,JPY,999.02,0.57,-1.5,-5.29,한국무역보험공사_환율_20230718.csv
2014-06-23,2014,6,23,JPY,998.73,0.2,-0.81,-4.7,한국무역보험공사_환율_20230718.csv
2014-06-24,2014,6,24,JPY,999.51,-0.11,-0.79,-4.67,한국무역보험공사_환율_20230718.csv
2014-06-25,2014,6,25,JPY,998.58,0.05,-0.58,-4.44,한국무역보험공사_환율_20230718.csv
2014-06-26,2014,6,26,JPY,1002.46,0.13,-0.03,-3.48,한국무역보험공사_환율_20230718.csv
2014-06-27,2014,6,27,JPY,1000.34,0.0,-0.0,-3.91,한국무역보험공사_환율_20230718.csv
2014-06-30,2014,6,30,JPY,1000.0,-0.37,-0.6,-4.17,한국무역보험공사_환율_20230718.csv
2014-07-01,2014,7,1,JPY,998.96,-0.01,-1.2,-3.95,한국무역보험공사_환율_20230718.csv
2014-07-02,2014,7,2,JPY,996.41,-0.23,-1.36,-4.13,한국무역보험공사_환율_20230718.csv
2014-07-03,2014,7,3,JPY,992.09,-0.74,-1.56,-4.86,한국무역보험공사_환율_20230718.csv
2014-07-04,2014,7,4,JPY,987.82,-1.08,-2.32,-5.67,한국무역보험공사_환율_20230718.csv
2014-07-07,2014,7,7,JPY,988.05,-1.44,-2.38,-5.57,한국무역보험공사_환율_20230718.csv
2014-07-08,2014,7,8,JPY,991.6,-0.87,-1.56,-5.56,한국무역보험공사_환율_20230718.csv
2014-07-09,2014,7,9,JPY,995.91,-0.41,-0.87,-4.9,한국무역보험공사_환율_20230718.csv
2014-07-10,2014,7,10,JPY,996.11,-0.29,-0.85,-4.69,한국무역보험공사_환율_20230718.csv
2014-07-11,2014,7,11,JPY,999.06,0.27,-0.45,-4.38,한국무역보험공사_환율_20230718.csv
2014-07-14,2014,7,14,JPY,1004.14,1.21,-0.08,-4.46,한국무역보험공사_환율_20230718.csv
2014-07-15,2014,7,15,JPY,1003.05,1.54,-0.11,-5.09,한국무역보험공사_환율_20230718.csv
2014-07-16,2014,7,16,JPY,1006.84,1.9,0.48,-3.99,한국무역보험공사_환율_20230718.csv
2014-07-17,2014,7,17,JPY,1015.84,2.44,1.62,-2.89,한국무역보험공사_환율_20230718.csv
2014-07-18,2014,7,18,JPY,1017.64,2.18,2.05,-1.74,한국무역보험공사_환율_20230718.csv
2014-07-21,2014,7,21,JPY,1018.1,2.21,2.13,-1.14,한국무역보험공사_환율_20230718.csv
2014-07-22,2014,7,22,JPY,1013.26,1.42,2.1,-1.82,한국무역보험공사_환율_20230718.csv
2014-07-23,2014,7,23,JPY,1009.81,0.56,1.65,-2.33,한국무역보험공사_환율_20230718.csv
2014-07-24,2014,7,24,JPY,1007.44,0.44,1.08,-3.2,한국무역보험공사_환율_20230718.csv
2014-07-25,2014,7,25,JPY,1009.87,0.3,0.92,-3.67,한국무역보험공사_환율_20230718.csv
2014-07-28,2014,7,28,JPY,1011.45,-0.43,1.34,-4.37,한국무역보험공사_환율_20230718.csv
2014-07-29,2014,7,29,JPY,1006.53,-1.09,0.54,-4.18,한국무역보험공사_환율_20230718.csv
2014-07-30,2014,7,30,JPY,1003.57,-1.43,0.32,-4.69,한국무역보험공사_환율_20230718.csv
2014-07-31,2014,7,31,JPY,995.72,-1.73,-0.79,-4.76,한국무역보험공사_환율_20230718.csv
2014-08-01,2014,8,1,JPY,998.59,-1.11,-0.04,-4.91,한국무역보험공사_환율_20230718.csv
2014-08-04,2014,8,4,JPY,1007.85,0.04,0.91,-4.67,한국무역보험공사_환율_20230718.csv
2014-08-05,2014,8,5,JPY,1006.09,-0.37,0.66,-4.74,한국무역보험공사_환율_20230718.csv
2014-08-06,2014,8,6,JPY,1004.68,-0.67,0.61,-4.68,한국무역보험공사_환율_20230718.csv
2014-08-07,2014,8,7,JPY,1012.88,0.63,1.04,-3.84,한국무역보험공사_환율_20230718.csv
2014-08-08,2014,8,8,JPY,1013.27,0.97,1.29,-3.46,한국무역보험공사_환율_20230718.csv
2014-08-11,2014,8,11,JPY,1016.06,2.04,1.61,-2.18,한국무역보험공사_환율_20230718.csv
2014-08-12,2014,8,12,JPY,1008.17,0.96,0.92,-2.39,한국무역보험공사_환율_20230718.csv
2014-08-13,2014,8,13,JPY,1005.38,-0.25,0.9,-1.76,한국무역보험공사_환율_20230718.csv
2014-08-14,2014,8,14,JPY,1003.66,-0.24,1.17,-1.38,한국무역보험공사_환율_20230718.csv
2014-08-18,2014,8,18,JPY,1001.22,-0.34,1.36,-1.68,한국무역보험공사_환율_20230718.csv
2014-08-19,2014,8,19,JPY,991.62,-2.1,0.36,-2.98,한국무역보험공사_환율_20230718.csv
2014-08-20,2014,8,20,JPY,989.17,-2.38,-0.25,-3.17,한국무역보험공사_환율_20230718.csv
2014-08-21,2014,8,21,JPY,984.43,-3.11,-1.15,-4.78,한국무역보험공사_환율_20230718.csv
2014-08-22,2014,8,22,JPY,985.99,-2.2,-1.02,-3.56,한국무역보험공사_환율_20230718.csv
2014-08-25,2014,8,25,JPY,978.41,-2.68,-2.07,-4.18,한국무역보험공사_환율_20230718.csv
2014-08-26,2014,8,26,JPY,980.78,-2.28,-2.33,-4.05,한국무역보험공사_환율_20230718.csv
2014-08-27,2014,8,27,JPY,978.0,-2.32,-2.5,-4.1,한국무역보험공사_환율_20230718.csv
2014-08-28,2014,8,28,JPY,976.47,-1.53,-3.02,-4.5,한국무역보험공사_환율_20230718.csv
2014-08-29,2014,8,29,JPY,977.58,-1.17,-3.77,-4.04,한국무역보험공사_환율_20230718.csv
2014-09-01,2014,9,1,JPY,974.6,-1.0,-4.23,-3.77,한국무역보험공사_환율_20230718.csv
2014-09-02,2014,9,2,JPY,972.25,-1.39,-4.5,-3.98,한국무역보험공사_환율_20230718.csv
2014-09-03,2014,9,3,JPY,966.04,-1.26,-4.66,-4.47,한국무역보험공사_환율_20230718.csv
2014-09-04,2014,9,4,JPY,971.86,-0.91,-3.76,-4.06,한국무역보험공사_환율_20230718.csv
2014-09-05,2014,9,5,JPY,965.98,-1.23,-4.12,-4.76,한국무역보험공사_환율_20230718.csv
2014-09-11,2014,9,11,JPY,959.18,-1.77,-5.02,-5.53,한국무역보험공사_환율_20230718.csv
2014-09-12,2014,9,12,JPY,966.23,-1.16,-4.47,-4.98,한국무역보험공사_환율_20230718.csv
2014-09-15,2014,9,15,JPY,967.29,-0.75,-3.9,-4.41,한국무역보험공사_환율_20230718.csv
2014-09-16,2014,9,16,JPY,969.71,-0.26,-3.37,-3.54,한국무역보험공사_환율_20230718.csv
2014-09-17,2014,9,17,JPY,966.03,-0.0,-2.98,-4.25,한국무역보험공사_환율_20230718.csv
2014-09-18,2014,9,18,JPY,952.55,-1.99,-4.61,-6.08,한국무역보험공사_환율_20230718.csv
2014-09-19,2014,9,19,JPY,957.44,-0.88,-5.0,-4.91,한국무역보험공사_환율_20230718.csv
2014-09-22,2014,9,22,JPY,958.76,-0.04,-4.7,-4.83,한국무역보험공사_환율_20230718.csv
2014-09-23,2014,9,23,JPY,956.75,-0.98,-4.77,-4.74,한국무역보험공사_환율_20230718.csv
2014-09-24,2014,9,24,JPY,957.5,-1.01,-5.47,-4.52,한국무역보험공사_환율_20230718.csv
2014-09-25,2014,9,25,JPY,952.07,-1.82,-6.04,-4.83,한국무역보험공사_환율_20230718.csv
2014-09-26,2014,9,26,JPY,959.99,-0.63,-5.52,-4.58,한국무역보험공사_환율_20230718.csv
2014-09-29,2014,9,29,JPY,952.63,0.01,-5.51,-5.78,한국무역보험공사_환율_20230718.csv
2014-09-30,2014,9,30,JPY,960.24,0.29,-4.49,-4.94,한국무역보험공사_환율_20230718.csv
2014-10-01,2014,10,1,JPY,962.1,0.35,-4.14,-4.54,한국무역보험공사_환율_20230718.csv
2014-10-02,2014,10,2,JPY,973.6,1.76,-2.76,-3.73,한국무역보험공사_환율_20230718.csv
2014-10-06,2014,10,6,JPY,966.22,0.91,-2.56,-4.54,한국무역보험공사_환율_20230718.csv
2014-10-07,2014,10,7,JPY,983.18,3.27,-0.61,-2.4,한국무역보험공사_환율_20230718.csv
2014-10-08,2014,10,8,JPY,987.87,2.9,0.35,-1.67,한국무역보험공사_환율_20230718.csv
2014-10-10,2014,10,10,JPY,993.84,4.33,0.8,-1.07,한국무역보험공사_환율_20230718.csv
2014-10-13,2014,10,13,JPY,997.58,3.89,1.96,-0.6,한국무역보험공사_환율_20230718.csv
2014-10-14,2014,10,14,JPY,999.02,3.84,1.86,-0.59,한국무역보험공사_환율_20230718.csv
2014-10-15,2014,10,15,JPY,991.84,1.87,1.42,-1.23,한국무역보험공사_환율_20230718.csv
2014-10-16,2014,10,16,JPY,1005.05,4.02,2.93,0.3,한국무역보험공사_환율_20230718.csv
2014-10-17,2014,10,17,JPY,995.63,1.27,1.85,-0.4,한국무역보험공사_환율_20230718.csv
2014-10-20,2014,10,20,JPY,991.46,0.36,1.73,-0.58,한국무역보험공사_환율_20230718.csv
2014-10-21,2014,10,21,JPY,991.72,-0.21,2.0,-0.52,한국무역보험공사_환율_20230718.csv
2014-10-22,2014,10,22,JPY,985.1,-1.25,1.97,-0.73,한국무역보험공사_환율_20230718.csv
2014-10-23,2014,10,23,JPY,983.11,-1.59,1.16,-1.04,한국무역보험공사_환율_20230718.csv
2014-10-24,2014,10,24,JPY,975.64,-1.63,1.0,-2.11,한국무역보험공사_환율_20230718.csv
2014-10-27,2014,10,27,JPY,979.47,-2.55,2.12,-2.12,한국무역보험공사_환율_20230718.csv
2014-10-28,2014,10,28,JPY,976.12,-1.96,1.02,-2.2,한국무역보험공사_환율_20230718.csv
2014-10-29,2014,10,29,JPY,971.74,-1.99,0.46,-2.94,한국무역보험공사_환율_20230718.csv
2014-10-30,2014,10,30,JPY,962.45,-2.95,-0.75,-3.79,한국무역보험공사_환율_20230718.csv
2014-10-31,2014,10,31,JPY,964.05,-2.14,-0.2,-3.95,한국무역보험공사_환율_20230718.csv
2014-11-03,2014,11,3,JPY,937.61,-4.63,-1.57,-6.15,한국무역보험공사_환율_20230718.csv
2014-11-04,2014,11,4,JPY,944.77,-3.16,-1.32,-5.4,한국무역보험공사_환율_20230718.csv
2014-11-05,2014,11,5,JPY,951.79,-2.83,-0.73,-4.77,한국무역보험공사_환율_20230718.csv
2014-11-06,2014,11,6,JPY,940.7,-3.63,-1.68,-5.8,한국무역보험공사_환율_20230718.csv
2014-11-07,2014,11,7,JPY,945.19,-2.73,-1.29,-5.71,한국무역보험공사_환율_20230718.csv
2014-11-10,2014,11,10,JPY,954.23,-0.85,0.23,-4.61,한국무역보험공사_환율_20230718.csv
2014-11-11,2014,11,11,JPY,945.05,-1.97,-1.56,-5.5,한국무역보험공사_환율_20230718.csv
2014-11-12,2014,11,12,JPY,940.66,0.33,-1.26,-5.84,한국무역보험공사_환율_20230718.csv
2014-11-13,2014,11,13,JPY,950.42,0.6,-1.02,-4.62,한국무역보험공사_환율_20230718.csv
2014-11-14,2014,11,14,JPY,947.8,-0.42,-1.49,-4.46,한국무역보험공사_환율_20230718.csv
2014-11-17,2014,11,17,JPY,943.42,0.29,-3.1,-4.49,한국무역보험공사_환율_20230718.csv
2014-11-18,2014,11,18,JPY,940.14,-0.53,-2.7,-4.85,한국무역보험공사_환율_20230718.csv
2014-11-19,2014,11,19,JPY,940.36,-1.45,-4.36,-5.17,한국무역보험공사_환율_20230718.csv
2014-11-20,2014,11,20,JPY,934.57,-1.11,-5.4,-6.16,한국무역보험공사_환율_20230718.csv
2014-11-21,2014,11,21,JPY,940.91,0.03,-5.33,-5.54,한국무역보험공사_환율_20230718.csv
2014-11-24,2014,11,24,JPY,942.0,-0.89,-5.57,-5.71,한국무역보험공사_환율_20230718.csv
2014-11-25,2014,11,25,JPY,939.75,-0.85,-5.93,-6.41,한국무역보험공사_환율_20230718.csv
2014-11-26,2014,11,26,JPY,943.65,0.02,-4.86,-5.92,한국무역보험공사_환율_20230718.csv
2014-11-27,2014,11,27,JPY,941.21,0.11,-6.35,-6.52,한국무역보험공사_환율_20230718.csv
2014-11-28,2014,11,28,JPY,933.85,-0.69,-6.21,-8.07,한국무역보험공사_환율_20230718.csv
2014-12-01,2014,12,1,JPY,930.29,-0.46,-6.17,-8.58,한국무역보험공사_환율_20230718.csv
2014-12-02,2014,12,2,JPY,943.81,0.31,-4.83,-7.3,한국무역보험공사_환율_20230718.csv
2014-12-03,2014,12,3,JPY,928.33,-1.45,-5.76,-8.38,한국무역보험공사_환율_20230718.csv
2014-12-04,2014,12,4,JPY,930.18,-1.02,-5.38,-7.89,한국무역보험공사_환율_20230718.csv
2014-12-05,2014,12,5,JPY,931.27,-1.31,-4.55,-7.56,한국무역보험공사_환율_20230718.csv
2014-12-08,2014,12,8,JPY,914.26,-2.86,-6.66,-9.47,한국무역보험공사_환율_20230718.csv
2014-12-09,2014,12,9,JPY,927.66,-0.66,-4.96,-8.28,한국무역보험공사_환율_20230718.csv
2014-12-10,2014,12,10,JPY,929.38,-0.1,-4.36,-7.66,한국무역보험공사_환율_20230718.csv
2014-12-11,2014,12,11,JPY,936.61,-0.76,-2.68,-6.67,한국무역보험공사_환율_20230718.csv
2014-12-12,2014,12,12,JPY,923.39,-0.53,-4.22,-7.26,한국무역보험공사_환율_20230718.csv
2014-12-15,2014,12,15,JPY,933.1,0.31,-0.48,-6.56,한국무역보험공사_환율_20230718.csv
2014-12-16,2014,12,16,JPY,936.69,0.58,-0.86,-7.06,한국무역보험공사_환율_20230718.csv
2014-12-17,2014,12,17,JPY,937.32,2.52,-1.52,-6.84,한국무역보험공사_환율_20230718.csv
2014-12-18,2014,12,18,JPY,914.45,-1.42,-2.79,-8.98,한국무역보험공사_환율_20230718.csv
2014-12-19,2014,12,19,JPY,927.64,-0.19,-1.86,-8.42,한국무역보험공사_환율_20230718.csv
2014-12-22,2014,12,22,JPY,921.28,-1.64,-3.45,-9.08,한국무역보험공사_환율_20230718.csv
2014-12-23,2014,12,23,JPY,913.47,-1.07,-3.34,-10.1,한국무역보험공사_환율_20230718.csv
2014-12-24,2014,12,24,JPY,911.54,-2.31,-3.1,-9.58,한국무역보험공사_환율_20230718.csv
2014-12-26,2014,12,26,JPY,918.18,-1.98,-3.39,-8.67,한국무역보험공사_환율_20230718.csv
2014-12-29,2014,12,29,JPY,913.28,-2.56,-3.64,-9.01,한국무역보험공사_환율_20230718.csv
2014-12-30,2014,12,30,JPY,910.01,-0.49,-3.54,-9.11,한국무역보험공사_환율_20230718.csv
2014-12-31,2014,12,31,JPY,920.14,-0.81,-2.13,-7.21,한국무역보험공사_환율_20230718.csv
2015-01-02,2015,1,2,JPY,917.3,-0.43,-2.45,-7.27,한국무역보험공사_환율_20230718.csv
2015-01-05,2015,1,5,JPY,914.98,0.17,-2.1,-7.05,한국무역보험공사_환율_20230718.csv
2015-01-06,2015,1,6,JPY,928.79,1.89,-1.29,-5.8,한국무역보험공사_환율_20230718.csv
2015-01-07,2015,1,7,JPY,931.25,1.42,-1.14,-4.82,한국무역보험공사_환율_20230718.csv
2015-01-08,2015,1,8,JPY,921.83,0.94,-1.91,-6.01,한국무역보험공사_환율_20230718.csv
2015-01-09,2015,1,9,JPY,917.1,0.78,-2.81,-6.23,한국무역보험공사_환율_20230718.csv
2015-01-12,2015,1,12,JPY,923.32,0.35,-1.9,-5.44,한국무역보험공사_환율_20230718.csv
2015-01-13,2015,1,13,JPY,914.81,-0.27,-2.04,-6.42,한국무역보험공사_환율_20230718.csv
2015-01-14,2015,1,14,JPY,917.96,0.33,-1.33,-5.81,한국무역보험공사_환율_20230718.csv
2015-01-15,2015,1,15,JPY,920.87,-0.85,-2.43,-5.28,한국무역보험공사_환율_20230718.csv
2015-01-16,2015,1,16,JPY,931.28,0.0,0.32,-3.6,한국무역보험공사_환율_20230718.csv
2015-01-19,2015,1,19,JPY,916.89,-0.54,-1.43,-5.66,한국무역보험공사_환율_20230718.csv
2015-01-20,2015,1,20,JPY,917.11,0.0,-1.52,-5.06,한국무역보험공사_환율_20230718.csv
2015-01-21,2015,1,21,JPY,913.83,-1.03,-0.05,-4.73,한국무역보험공사_환율_20230718.csv
2015-01-22,2015,1,22,JPY,921.37,0.72,-0.68,-4.64,한국무역보험공사_환율_20230718.csv
2015-01-23,2015,1,23,JPY,914.59,-0.37,-1.59,-5.45,한국무역보험공사_환율_20230718.csv
2015-01-26,2015,1,26,JPY,921.62,0.08,-1.6,-4.96,한국무역보험공사_환율_20230718.csv
2015-01-27,2015,1,27,JPY,911.26,-2.15,-1.31,-5.67,한국무역보험공사_환율_20230718.csv
2015-01-28,2015,1,28,JPY,918.94,0.22,-1.52,-3.53,한국무역보험공사_환율_20230718.csv
2015-01-29,2015,1,29,JPY,922.05,0.54,-1.56,-3.7,한국무역보험공사_환율_20230718.csv
2015-01-30,2015,1,30,JPY,921.36,0.82,-1.7,-3.9,한국무역보험공사_환율_20230718.csv
2015-02-02,2015,2,2,JPY,935.83,1.57,2.34,-2.19,한국무역보험공사_환율_20230718.csv
2015-02-03,2015,2,3,JPY,936.2,2.36,0.92,-2.22,한국무역보험공사_환율_20230718.csv
2015-02-04,2015,2,4,JPY,934.37,1.38,1.42,-1.86,한국무역보험공사_환율_20230718.csv
2015-02-05,2015,2,5,JPY,928.92,1.94,1.69,-3.24,한국무역보험공사_환율_20230718.csv
2015-02-06,2015,2,6,JPY,926.94,0.87,1.69,-2.7,한국무역보험공사_환율_20230718.csv
2015-02-09,2015,2,9,JPY,914.15,-0.86,-0.44,-4.8,한국무역보험공사_환율_20230718.csv
2015-02-10,2015,2,10,JPY,924.72,0.36,1.25,-3.89,한국무역보험공사_환율_20230718.csv
2015-02-11,2015,2,11,JPY,913.3,-2.41,0.36,-6.19,한국무역보험공사_환율_20230718.csv
2015-02-12,2015,2,12,JPY,911.92,-2.59,-0.89,-5.62,한국무역보험공사_환율_20230718.csv
2015-02-13,2015,2,13,JPY,929.77,-0.49,1.36,-5.43,한국무역보험공사_환율_20230718.csv
2015-02-16,2015,2,16,JPY,925.59,-0.36,1.16,-6.3,한국무역보험공사_환율_20230718.csv
2015-02-17,2015,2,17,JPY,927.6,0.07,-0.13,-6.67,한국무역보험공사_환율_20230718.csv
2015-02-23,2015,2,23,JPY,925.0,1.19,-0.67,-7.28,한국무역보험공사_환율_20230718.csv
2015-02-24,2015,2,24,JPY,933.74,0.98,1.29,-6.53,한국무역보험공사_환율_20230718.csv
2015-02-25,2015,2,25,JPY,931.83,2.03,1.61,-6.05,한국무역보험공사_환율_20230718.csv
2015-02-26,2015,2,26,JPY,927.64,1.72,0.47,-7.7,한국무역보험공사_환율_20230718.csv
2015-02-27,2015,2,27,JPY,920.72,-0.97,0.65,-7.52,한국무역보험공사_환율_20230718.csv
2015-03-02,2015,3,2,JPY,918.43,-0.77,0.05,-7.37,한국무역보험공사_환율_20230718.csv
2015-03-03,2015,3,3,JPY,917.34,-1.11,-0.38,-7.5,한국무역보험공사_환율_20230718.csv
2015-03-04,2015,3,4,JPY,919.04,-0.64,-1.31,-6.71,한국무역보험공사_환율_20230718.csv
2015-03-05,2015,3,5,JPY,916.19,-1.88,-0.08,-6.81,한국무역보험공사_환율_20230718.csv
2015-03-06,2015,3,6,JPY,915.95,-1.7,-0.13,-6.12,한국무역보험공사_환율_20230718.csv
2015-03-09,2015,3,9,JPY,910.71,-1.83,-0.34,-7.02,한국무역보험공사_환율_20230718.csv
2015-03-10,2015,3,10,JPY,914.81,-0.64,-0.71,-6.28,한국무역보험공사_환율_20230718.csv
2015-03-11,2015,3,11,JPY,924.71,0.68,1.11,-4.84,한국무역보험공사_환율_20230718.csv
2015-03-12,2015,3,12,JPY,927.74,1.13,0.66,-3.61,한국무역보험공사_환율_20230718.csv
2015-03-13,2015,3,13,JPY,931.97,1.41,2.27,-3.33,한국무역보험공사_환율_20230718.csv
2015-03-16,2015,3,16,JPY,927.6,1.25,0.94,-1.07,한국무역보험공사_환율_20230718.csv
2015-03-17,2015,3,17,JPY,934.14,1.99,1.31,-1.13,한국무역보험공사_환율_20230718.csv
2015-03-18,2015,3,18,JPY,931.31,2.26,1.08,-2.15,한국무역보험공사_환율_20230718.csv
2015-03-19,2015,3,19,JPY,937.04,2.43,0.13,-0.39,한국무역보험공사_환율_20230718.csv
2015-03-20,2015,3,20,JPY,922.15,-0.28,-1.5,-2.44,한국무역보험공사_환율_20230718.csv
2015-03-23,2015,3,23,JPY,934.44,0.72,0.01,-2.07,한국무역보험공사_환율_20230718.csv
2015-03-24,2015,3,24,JPY,932.99,0.11,0.44,-1.28,한국무역보험공사_환율_20230718.csv
2015-03-25,2015,3,25,JPY,924.47,-0.34,-0.27,-1.72,한국무역보험공사_환율_20230718.csv
2015-03-26,2015,3,26,JPY,922.95,-1.2,0.96,-2.89,한국무역보험공사_환율_20230718.csv
2015-03-27,2015,3,27,JPY,926.3,-0.54,0.17,-2.27,한국무역보험공사_환율_20230718.csv
2015-03-30,2015,3,30,JPY,926.23,-1.15,1.42,-1.82,한국무역보험공사_환율_20230718.csv
2015-03-31,2015,3,31,JPY,920.26,-0.2,0.91,-2.11,한국무역보험공사_환율_20230718.csv
2015-04-01,2015,4,1,JPY,924.38,-1.08,-0.58,-1.7,한국무역보험공사_환율_20230718.csv
2015-04-02,2015,4,2,JPY,922.41,-1.13,-0.34,-1.3,한국무역보험공사_환율_20230718.csv
2015-04-03,2015,4,3,JPY,917.03,-0.8,-1.14,-2.54,한국무역보험공사_환율_20230718.csv
2015-04-06,2015,4,6,JPY,920.57,-0.26,-0.48,-2.27,한국무역보험공사_환율_20230718.csv
2015-04-07,2015,4,7,JPY,908.79,-1.89,-2.67,-3.29,한국무역보험공사_환율_20230718.csv
2015-04-08,2015,4,8,JPY,905.93,-2.19,-2.78,-4.0,한국무역보험공사_환율_20230718.csv
2015-04-09,2015,4,9,JPY,910.26,-1.09,-1.87,-3.29,한국무역보험공사_환율_20230718.csv
2015-04-10,2015,4,10,JPY,907.46,-1.83,-1.44,-2.83,한국무역보험공사_환율_20230718.csv
2015-04-13,2015,4,13,JPY,910.54,-1.29,-0.86,-2.12,한국무역보험공사_환율_20230718.csv
2015-04-14,2015,4,14,JPY,913.19,-0.42,-0.45,-3.24,한국무역보험공사_환율_20230718.csv
2015-04-15,2015,4,15,JPY,918.63,-0.21,-0.04,-1.04,한국무역보험공사_환율_20230718.csv
2015-04-16,2015,4,16,JPY,919.66,1.2,0.38,-1.13,한국무역보험공사_환율_20230718.csv
2015-04-17,2015,4,17,JPY,915.01,1.0,-0.1,-1.75,한국무역보험공사_환율_20230718.csv
2015-04-20,2015,4,20,JPY,912.19,0.21,0.16,-0.23,한국무역보험공사_환율_20230718.csv
2015-04-21,2015,4,21,JPY,907.66,0.02,-0.78,-2.16,한국무역보험공사_환율_20230718.csv
2015-04-22,2015,4,22,JPY,905.52,-0.55,-2.08,-2.57,한국무역보험공사_환율_20230718.csv
2015-04-23,2015,4,23,JPY,901.61,-1.27,-2.82,-3.74,한국무역보험공사_환율_20230718.csv
2015-04-24,2015,4,24,JPY,905.8,-1.4,-2.81,-1.9,한국무역보험공사_환율_20230718.csv
2015-04-27,2015,4,27,JPY,907.6,-1.31,-2.16,-2.73,한국무역보험공사_환율_20230718.csv
2015-04-28,2015,4,28,JPY,902.22,-1.4,-3.42,-3.68,한국무역보험공사_환율_20230718.csv
2015-04-29,2015,4,29,JPY,901.09,-1.22,-3.24,-3.87,한국무역보험공사_환율_20230718.csv
2015-04-30,2015,4,30,JPY,897.22,-1.15,-4.25,-1.88,한국무역보험공사_환율_20230718.csv
2015-05-04,2015,5,4,JPY,889.99,-1.72,-3.49,-4.06,한국무역보험공사_환율_20230718.csv
2015-05-06,2015,5,6,JPY,900.87,-0.08,-3.59,-2.22,한국무역보험공사_환율_20230718.csv
2015-05-07,2015,5,7,JPY,905.32,-0.05,-2.97,-0.89,한국무역보험공사_환율_20230718.csv
2015-05-08,2015,5,8,JPY,907.58,-0.0,-1.83,-0.43,한국무역보험공사_환율_20230718.csv
2015-05-11,2015,5,11,JPY,910.67,0.94,-1.33,-0.82,한국무역보험공사_환율_20230718.csv
2015-05-12,2015,5,12,JPY,907.3,0.69,-2.05,-0.65,한국무역보험공사_환율_20230718.csv
2015-05-13,2015,5,13,JPY,914.38,1.91,-1.28,0.48,한국무역보험공사_환율_20230718.csv
2015-05-14,2015,5,14,JPY,918.85,3.24,-0.15,-0.14,한국무역보험공사_환율_20230718.csv
2015-05-15,2015,5,15,JPY,917.53,1.85,-0.74,0.03,한국무역보험공사_환율_20230718.csv
2015-05-18,2015,5,18,JPY,912.23,0.76,-1.1,-0.3,한국무역보험공사_환율_20230718.csv
2015-05-19,2015,5,19,JPY,904.96,-0.29,-1.32,-2.57,한국무역보험공사_환율_20230718.csv
2015-05-20,2015,5,20,JPY,904.0,-0.73,-1.8,-2.93,한국무역보험공사_환율_20230718.csv
2015-05-21,2015,5,21,JPY,903.37,-0.43,-0.6,-2.0,한국무역보험공사_환율_20230718.csv
2015-05-22,2015,5,22,JPY,904.13,-1.12,-0.2,-1.41,한국무역보험공사_환율_20230718.csv
2015-05-26,2015,5,26,JPY,897.41,-2.33,-1.41,-2.81,한국무역보험공사_환율_20230718.csv
2015-05-27,2015,5,27,JPY,892.97,-2.68,-1.6,-2.39,한국무역보험공사_환율_20230718.csv
2015-05-28,2015,5,28,JPY,894.73,-1.92,-1.74,-2.53,한국무역보험공사_환율_20230718.csv
2015-05-29,2015,5,29,JPY,894.63,-1.14,-2.03,-2.85,한국무역보험공사_환율_20230718.csv
2015-06-01,2015,6,1,JPY,892.04,-1.32,-2.89,-4.21,한국무역보험공사_환율_20230718.csv
2015-06-02,2015,6,2,JPY,890.53,-1.42,-3.17,-2.87,한국무역보험공사_환율_20230718.csv
2015-06-03,2015,6,3,JPY,898.39,-0.63,-1.82,-2.04,한국무역보험공사_환율_20230718.csv
2015-06-04,2015,6,4,JPY,889.53,-0.88,-2.48,-2.66,한국무역보험공사_환율_20230718.csv
2015-06-05,2015,6,5,JPY,891.95,-0.11,-1.73,-3.19,한국무역보험공사_환율_20230718.csv
2015-06-08,2015,6,8,JPY,885.11,-1.08,-2.25,-3.22,한국무역보험공사_환율_20230718.csv
2015-06-09,2015,6,9,JPY,900.12,0.61,-0.17,-2.33,한국무역보험공사_환율_20230718.csv
2015-06-10,2015,6,10,JPY,899.9,0.88,-0.65,-1.25,한국무역보험공사_환율_20230718.csv
2015-06-11,2015,6,11,JPY,909.74,2.16,0.24,-1.0,한국무역보험공사_환율_20230718.csv
2015-06-12,2015,6,12,JPY,899.11,0.08,-0.34,-2.49,한국무역보험공사_환율_20230718.csv
2015-06-15,2015,6,15,JPY,901.53,1.35,0.05,-2.15,한국무역보험공사_환율_20230718.csv
2015-06-16,2015,6,16,JPY,904.5,1.41,0.81,-3.35,한국무역보험공사_환율_20230718.csv
2015-06-17,2015,6,17,JPY,905.54,2.31,1.75,-3.27,한국무역보험공사_환율_20230718.csv
2015-06-18,2015,6,18,JPY,905.12,0.56,0.47,-3.13,한국무역보험공사_환율_20230718.csv
2015-06-19,2015,6,19,JPY,902.61,0.3,-0.3,-2.83,한국무역보험공사_환율_20230718.csv
2015-06-22,2015,6,22,JPY,899.5,-1.13,-0.89,-2.96,한국무역보험공사_환율_20230718.csv
2015-06-23,2015,6,23,JPY,891.51,-0.85,-2.1,-2.48,한국무역보험공사_환율_20230718.csv
2015-06-24,2015,6,24,JPY,891.12,-1.15,-1.78,-3.63,한국무역보험공사_환율_20230718.csv
2015-06-25,2015,6,25,JPY,894.88,-1.06,-2.13,-2.02,한국무역보험공사_환율_20230718.csv
2015-06-26,2015,6,26,JPY,897.99,-0.83,-2.27,-1.53,한국무역보험공사_환율_20230718.csv
2015-06-29,2015,6,29,JPY,909.43,0.48,-0.88,-2.19,한국무역보험공사_환율_20230718.csv
2015-06-30,2015,6,30,JPY,917.15,1.61,0.54,-0.91,한국무역보험공사_환율_20230718.csv
2015-07-01,2015,7,1,JPY,913.61,1.57,0.96,-1.51,한국무역보험공사_환율_20230718.csv
2015-07-02,2015,7,2,JPY,907.62,1.81,0.4,-1.88,한국무역보험공사_환율_20230718.csv
2015-07-03,2015,7,3,JPY,912.69,2.42,1.03,-2.25,한국무역보험공사_환율_20230718.csv
2015-07-06,2015,7,6,JPY,915.9,2.35,1.3,-1.71,한국무역보험공사_환율_20230718.csv
2015-07-07,2015,7,7,JPY,918.68,2.3,2.37,-0.97,한국무역보험공사_환율_20230718.csv
2015-07-08,2015,7,8,JPY,921.86,1.37,3.24,0.12,한국무역보험공사_환율_20230718.csv
2015-07-09,2015,7,9,JPY,940.81,2.58,5.15,2.44,한국무역보험공사_환율_20230718.csv
2015-07-10,2015,7,10,JPY,933.57,2.18,4.35,1.77,한국무역보험공사_환율_20230718.csv
2015-07-13,2015,7,13,JPY,922.04,1.59,3.36,0.33,한국무역보험공사_환율_20230718.csv
2015-07-14,2015,7,14,JPY,915.86,0.35,2.84,-0.04,한국무역보험공사_환율_20230718.csv
2015-07-15,2015,7,15,JPY,923.68,0.85,2.82,0.84,한국무역보험공사_환율_20230718.csv
2015-07-16,2015,7,16,JPY,921.12,0.27,3.55,1.14,한국무역보험공사_환율_20230718.csv
2015-07-17,2015,7,17,JPY,925.05,0.35,3.71,1.12,한국무역보험공사_환율_20230718.csv
2015-07-20,2015,7,20,JPY,923.65,-1.82,4.35,-0.11,한국무역보험공사_환율_20230718.csv
2015-07-21,2015,7,21,JPY,926.82,-0.72,2.97,-0.1,한국무역보험공사_환율_20230718.csv
2015-07-22,2015,7,22,JPY,935.29,1.44,3.93,0.36,한국무역보험공사_환율_20230718.csv
2015-07-23,2015,7,23,JPY,929.63,1.5,2.19,0.22,한국무역보험공사_환율_20230718.csv
2015-07-24,2015,7,24,JPY,938.21,1.57,4.35,0.44,한국무역보험공사_환율_20230718.csv
2015-07-27,2015,7,27,JPY,940.75,2.13,4.35,1.01,한국무역보험공사_환율_20230718.csv
2015-07-28,2015,7,28,JPY,948.01,2.48,4.81,1.17,한국무역보험공사_환율_20230718.csv
2015-07-29,2015,7,29,JPY,943.68,2.17,4.21,2.33,한국무역보험공사_환율_20230718.csv
2015-07-30,2015,7,30,JPY,934.32,0.81,3.23,-0.01,한국무역보험공사_환율_20230718.csv
2015-07-31,2015,7,31,JPY,939.28,0.43,4.06,0.67,한국무역보험공사_환율_20230718.csv
2015-08-03,2015,8,3,JPY,943.37,1.48,4.88,2.04,한국무역보험공사_환율_20230718.csv
2015-08-04,2015,8,4,JPY,939.83,0.17,5.42,1.83,한국무역보험공사_환율_20230718.csv
2015-08-05,2015,8,5,JPY,940.67,-0.01,5.56,1.55,한국무역보험공사_환율_20230718.csv
2015-08-06,2015,8,6,JPY,939.33,-0.92,4.97,1.41,한국무역보험공사_환율_20230718.csv
2015-08-07,2015,8,7,JPY,938.41,-0.56,4.5,1.97,한국무역보험공사_환율_20230718.csv
2015-08-10,2015,8,10,JPY,936.76,0.26,3.01,1.34,한국무역보험공사_환율_20230718.csv
2015-08-11,2015,8,11,JPY,935.65,-0.39,2.02,1.44,한국무역보험공사_환율_20230718.csv
2015-08-12,2015,8,12,JPY,935.8,-0.8,2.43,2.05,한국무역보험공사_환율_20230718.csv
2015-08-13,2015,8,13,JPY,958.34,1.97,5.59,4.1,한국무역보험공사_환율_20230718.csv
2015-08-17,2015,8,17,JPY,944.57,0.41,3.49,3.94,한국무역보험공사_환율_20230718.csv
2015-08-18,2015,8,18,JPY,950.05,1.14,3.73,4.87,한국무역보험공사_환율_20230718.csv
2015-08-19,2015,8,19,JPY,952.45,1.5,3.68,4.63,한국무역보험공사_환율_20230718.csv
2015-08-20,2015,8,20,JPY,956.5,2.11,3.76,5.4,한국무역보험공사_환율_20230718.csv
2015-08-21,2015,8,21,JPY,959.83,2.58,2.02,5.41,한국무역보험공사_환율_20230718.csv
2015-08-24,2015,8,24,JPY,982.24,4.96,5.21,7.56,한국무역보험공사_환율_20230718.csv
2015-08-25,2015,8,25,JPY,1011.05,5.5,9.65,10.06,한국무역보험공사_환율_20230718.csv
2015-08-26,2015,8,26,JPY,1004.33,6.33,9.66,9.21,한국무역보험공사_환율_20230718.csv
2015-08-27,2015,8,27,JPY,988.57,4.05,7.03,8.04,한국무역보험공사_환율_20230718.csv
2015-08-28,2015,8,28,JPY,978.15,2.7,6.19,7.23,한국무역보험공사_환율_20230718.csv
2015-08-31,2015,8,31,JPY,970.06,1.42,4.87,6.87,한국무역보험공사_환율_20230718.csv
2015-09-01,2015,9,1,JPY,975.91,1.68,5.66,7.77,한국무역보험공사_환율_20230718.csv
2015-09-02,2015,9,2,JPY,982.86,0.06,6.05,9.01,한국무역보험공사_환율_20230718.csv
2015-09-03,2015,9,3,JPY,977.92,-3.28,4.56,7.96,한국무역보험공사_환율_20230718.csv
2015-09-04,2015,9,4,JPY,988.43,-1.58,6.33,8.91,한국무역보험공사_환율_20230718.csv
2015-09-07,2015,9,7,JPY,1000.17,1.17,6.6,10.86,한국무역보험공사_환율_20230718.csv
2015-09-08,2015,9,8,JPY,1007.63,3.01,7.11,11.82,한국무역보험공사_환율_20230718.csv
2015-09-09,2015,9,9,JPY,1002.96,3.39,5.8,11.79,한국무역보험공사_환율_20230718.csv
2015-09-10,2015,9,10,JPY,990.07,1.45,4.92,11.25,한국무역보험공사_환율_20230718.csv
2015-09-11,2015,9,11,JPY,990.56,0.78,6.02,9.96,한국무역보험공사_환율_20230718.csv
2015-09-14,2015,9,14,JPY,980.98,0.31,4.44,8.36,한국무역보험공사_환율_20230718.csv
2015-09-15,2015,9,15,JPY,981.47,-0.7,4.04,8.14,한국무역보험공사_환율_20230718.csv
2015-09-16,2015,9,16,JPY,982.14,-1.8,4.5,7.85,한국무역보험공사_환율_20230718.csv
2015-09-17,2015,9,17,JPY,978.23,-2.92,3.99,7.82,한국무역보험공사_환율_20230718.csv
2015-09-18,2015,9,18,JPY,973.57,-2.93,3.65,6.47,한국무역보험공사_환율_20230718.csv
2015-09-21,2015,9,21,JPY,972.37,-1.79,3.62,5.82,한국무역보험공사_환율_20230718.csv
2015-09-22,2015,9,22,JPY,973.32,-1.74,3.9,6.08,한국무역보험공사_환율_20230718.csv
2015-09-23,2015,9,23,JPY,980.75,-0.02,4.82,7.51,한국무역보험공사_환율_20230718.csv
2015-09-24,2015,9,24,JPY,987.28,0.59,5.5,9.1,한국무역보험공사_환율_20230718.csv
2015-09-25,2015,9,25,JPY,990.85,0.89,3.39,9.61,한국무역보험공사_환율_20230718.csv
2015-09-30,2015,9,30,JPY,996.79,1.9,5.53,10.34,한국무역보험공사_환율_20230718.csv
2015-10-01,2015,10,1,JPY,992.58,1.95,4.48,9.78,한국무역보험공사_환율_20230718.csv
2015-10-02,2015,10,2,JPY,983.89,1.18,3.3,9.64,한국무역보험공사_환율_20230718.csv
2015-10-05,2015,10,5,JPY,984.04,1.1,2.88,10.2,한국무역보험공사_환율_20230718.csv
2015-10-06,2015,10,6,JPY,973.3,-0.76,1.4,8.78,한국무역보험공사_환율_20230718.csv
2015-10-07,2015,10,7,JPY,968.81,-1.87,-1.37,8.29,한국무역보험공사_환율_20230718.csv
2015-10-08,2015,10,8,JPY,971.28,-1.98,-3.93,8.88,한국무역보험공사_환율_20230718.csv
2015-10-12,2015,10,12,JPY,964.36,-3.25,-3.98,8.29,한국무역보험공사_환율_20230718.csv
2015-10-13,2015,10,13,JPY,955.93,-3.69,-3.3,6.4,한국무역보험공사_환율_20230718.csv
2015-10-14,2015,10,14,JPY,958.09,-2.62,-2.05,7.71,한국무역보험공사_환율_20230718.csv
2015-10-15,2015,10,15,JPY,967.77,-1.65,-0.24,8.5,한국무역보험공사_환율_20230718.csv
2015-10-16,2015,10,16,JPY,953.21,-2.06,-2.33,7.69,한국무역보험공사_환율_20230718.csv
2015-10-19,2015,10,19,JPY,945.64,-2.39,-3.79,5.06,한국무역보험공사_환율_20230718.csv
2015-10-20,2015,10,20,JPY,941.44,-3.07,-3.73,4.62,한국무역보험공사_환율_20230718.csv
2015-10-21,2015,10,21,JPY,943.09,-2.21,-4.59,3.67,한국무역보험공사_환율_20230718.csv
2015-10-22,2015,10,22,JPY,943.65,-1.28,-5.65,4.95,한국무역보험공사_환율_20230718.csv
2015-10-23,2015,10,23,JPY,942.73,-1.6,-6.44,4.57,한국무역보험공사_환율_20230718.csv
2015-10-26,2015,10,26,JPY,928.86,-4.02,-7.39,2.69,한국무역보험공사_환율_20230718.csv
2015-10-27,2015,10,27,JPY,936.73,-1.73,-5.39,3.44,한국무역보험공사_환율_20230718.csv
2015-10-28,2015,10,28,JPY,939.38,-0.66,-5.17,3.79,한국무역보험공사_환율_20230718.csv
2015-10-29,2015,10,29,JPY,935.47,-0.63,-4.64,3.64,한국무역보험공사_환율_20230718.csv
2015-10-30,2015,10,30,JPY,944.09,0.11,-3.81,4.96,한국무역보험공사_환율_20230718.csv
2015-11-02,2015,11,2,JPY,944.47,0.09,-3.84,5.94,한국무역보험공사_환율_20230718.csv
2015-11-03,2015,11,3,JPY,944.3,0.17,-3.47,5.97,한국무역보험공사_환율_20230718.csv
2015-11-04,2015,11,4,JPY,936.19,0.79,-3.84,4.62,한국무역보험공사_환율_20230718.csv
2015-11-05,2015,11,5,JPY,929.36,-0.79,-4.42,3.49,한국무역보험공사_환율_20230718.csv
2015-11-06,2015,11,6,JPY,934.19,-0.55,-4.02,2.72,한국무역보험공사_환율_20230718.csv
2015-11-09,2015,11,9,JPY,923.33,-1.3,-5.85,0.67,한국무역보험공사_환율_20230718.csv
2015-11-10,2015,11,10,JPY,937.72,-0.67,-5.02,2.64,한국무역보험공사_환율_20230718.csv
2015-11-11,2015,11,11,JPY,940.06,-0.47,-5.13,3.57,한국무역보험공사_환율_20230718.csv
2015-11-12,2015,11,12,JPY,940.47,-0.41,-5.65,3.04,한국무역보험공사_환율_20230718.csv
2015-11-13,2015,11,13,JPY,941.57,0.57,-5.14,2.8,한국무역보험공사_환율_20230718.csv
2015-11-16,2015,11,16,JPY,948.81,2.09,-3.57,3.28,한국무역보험공사_환율_20230718.csv
2015-11-17,2015,11,17,JPY,951.52,1.86,-3.3,3.22,한국무역보험공사_환율_20230718.csv
2015-11-18,2015,11,18,JPY,947.14,2.58,-2.69,0.67,한국무역보험공사_환율_20230718.csv
2015-11-19,2015,11,19,JPY,949.7,1.28,-1.97,1.73,한국무역보험공사_환율_20230718.csv
2015-11-20,2015,11,20,JPY,947.08,0.75,-2.49,2.72,한국무역보험공사_환율_20230718.csv
2015-11-23,2015,11,23,JPY,941.56,0.12,-2.36,2.81,한국무역보험공사_환율_20230718.csv
2015-11-24,2015,11,24,JPY,942.07,0.05,-1.45,1.99,한국무역보험공사_환율_20230718.csv
2015-11-25,2015,11,25,JPY,943.23,-0.59,-1.55,2.4,한국무역보험공사_환율_20230718.csv
2015-11-26,2015,11,26,JPY,933.18,-1.93,-3.57,0.88,한국무역보험공사_환율_20230718.csv
2015-11-27,2015,11,27,JPY,934.39,-1.35,-1.97,1.16,한국무역보험공사_환율_20230718.csv
2015-11-30,2015,11,30,JPY,936.73,-1.37,-0.94,1.07,한국무역보험공사_환율_20230718.csv
2015-12-01,2015,12,1,JPY,939.88,-0.76,-0.17,0.49,한국무역보험공사_환율_20230718.csv
2015-12-02,2015,12,2,JPY,942.04,0.05,-0.11,1.33,한국무역보험공사_환율_20230718.csv
2015-12-03,2015,12,3,JPY,940.3,-0.19,-0.36,0.22,한국무역보험공사_환율_20230718.csv
2015-12-04,2015,12,4,JPY,951.66,0.89,0.95,1.16,한국무역보험공사_환율_20230718.csv
2015-12-07,2015,12,7,JPY,939.0,0.62,1.09,-0.95,한국무역보험공사_환율_20230718.csv
2015-12-08,2015,12,8,JPY,945.33,1.17,0.92,0.17,한국무역보험공사_환율_20230718.csv
2015-12-09,2015,12,9,JPY,956.99,2.16,1.87,2.43,한국무역보험공사_환율_20230718.csv
2015-12-10,2015,12,10,JPY,968.95,3.09,3.58,3.16,한국무역보험공사_환율_20230718.csv
2015-12-11,2015,12,11,JPY,968.14,2.77,2.55,2.63,한국무역보험공사_환율_20230718.csv
2015-12-14,2015,12,14,JPY,974.39,3.63,3.17,3.68,한국무역보험공사_환율_20230718.csv
2015-12-15,2015,12,15,JPY,980.29,3.01,3.81,4.21,한국무역보험공사_환율_20230718.csv
2015-12-16,2015,12,16,JPY,972.46,3.56,3.87,3.53,한국무역보험공사_환율_20230718.csv
2015-12-17,2015,12,17,JPY,962.54,1.82,3.57,2.57,한국무역보험공사_환율_20230718.csv
2015-12-18,2015,12,18,JPY,961.58,0.48,2.93,2.65,한국무역보험공사_환율_20230718.csv
2015-12-21,2015,12,21,JPY,976.18,0.75,5.72,4.33,한국무역보험공사_환율_20230718.csv
2015-12-22,2015,12,22,JPY,971.91,0.39,3.65,3.86,한국무역보험공사_환율_20230718.csv
2015-12-23,2015,12,23,JPY,971.62,-0.28,3.36,1.39,한국무역보험공사_환율_20230718.csv
2015-12-24,2015,12,24,JPY,968.95,-1.16,3.03,2.58,한국무역보험공사_환율_20230718.csv
2015-12-28,2015,12,28,JPY,974.05,0.16,3.45,2.53,한국무역보험공사_환율_20230718.csv
2015-12-29,2015,12,29,JPY,967.85,0.55,2.01,1.62,한국무역보험공사_환율_20230718.csv
2015-12-30,2015,12,30,JPY,968.97,0.77,1.83,1.3,한국무역보험공사_환율_20230718.csv
2015-12-31,2015,12,31,JPY,972.01,-0.43,2.63,1.27,한국무역보험공사_환율_20230718.csv
2016-01-04,2016,1,4,JPY,974.19,0.23,2.58,-0.82,한국무역보험공사_환율_20230718.csv
2016-01-05,2016,1,5,JPY,992.42,2.14,4.79,-1.84,한국무역보험공사_환율_20230718.csv
2016-01-06,2016,1,6,JPY,997.15,2.91,5.9,-0.71,한국무역보험공사_환율_20230718.csv
2016-01-07,2016,1,7,JPY,1007.72,3.46,6.97,1.94,한국무역보험공사_환율_20230718.csv
2016-01-08,2016,1,8,JPY,1020.54,5.44,8.2,4.33,한국무역보험공사_환율_20230718.csv
2016-01-11,2016,1,11,JPY,1023.49,5.63,9.68,5.51,한국무역보험공사_환율_20230718.csv
2016-01-12,2016,1,12,JPY,1026.98,5.66,9.91,5.23,한국무역보험공사_환율_20230718.csv
2016-01-13,2016,1,13,JPY,1026.63,5.38,9.6,4.45,한국무역보험공사_환율_20230718.csv
2016-01-14,2016,1,14,JPY,1025.68,3.35,9.13,4.88,한국무역보험공사_환율_20230718.csv
2016-01-15,2016,1,15,JPY,1026.45,2.94,8.96,3.85,한국무역보험공사_환율_20230718.csv
2016-01-18,2016,1,18,JPY,1035.71,2.78,10.15,3.55,한국무역보험공사_환율_20230718.csv
2016-01-19,2016,1,19,JPY,1032.75,1.2,8.52,2.49,한국무역보험공사_환율_20230718.csv
2016-01-20,2016,1,20,JPY,1028.61,0.5,9.54,2.56,한국무역보험공사_환율_20230718.csv
2016-01-21,2016,1,21,JPY,1036.13,0.89,9.61,4.65,한국무역보험공사_환율_20230718.csv
2016-01-22,2016,1,22,JPY,1026.99,0.04,7.31,3.68,한국무역보험공사_환율_20230718.csv
2016-01-25,2016,1,25,JPY,1013.43,-1.19,4.59,3.31,한국무역보험공사_환율_20230718.csv
2016-01-26,2016,1,26,JPY,1009.25,-1.68,4.25,2.83,한국무역보험공사_환율_20230718.csv
2016-01-27,2016,1,27,JPY,1014.91,-2.01,4.16,3.34,한국무역보험공사_환율_20230718.csv
2016-01-28,2016,1,28,JPY,1012.6,-1.95,3.3,3.51,한국무역보험공사_환율_20230718.csv
2016-01-29,2016,1,29,JPY,1017.13,-1.12,4.59,4.47,한국무역보험공사_환율_20230718.csv
2016-02-01,2016,2,1,JPY,993.37,-4.13,3.2,2.16,한국무역보험공사_환율_20230718.csv
2016-02-02,2016,2,2,JPY,995.66,-3.05,3.54,2.3,한국무역보험공사_환율_20230718.csv
2016-02-03,2016,2,3,JPY,1004.38,-0.89,2.89,2.41,한국무역보험공사_환율_20230718.csv
2016-02-04,2016,2,4,JPY,1031.58,2.21,6.14,4.49,한국무역보험공사_환율_20230718.csv
2016-02-05,2016,2,5,JPY,1029.4,1.43,5.95,3.89,한국무역보험공사_환율_20230718.csv
2016-02-11,2016,2,11,JPY,1053.37,4.03,8.71,5.68,한국무역보험공사_환율_20230718.csv
2016-02-12,2016,2,12,JPY,1063.95,4.6,9.23,7.19,한국무역보험공사_환율_20230718.csv
2016-02-15,2016,2,15,JPY,1062.2,6.93,9.75,7.96,한국무역보험공사_환율_20230718.csv
2016-02-16,2016,2,16,JPY,1057.37,6.2,9.12,7.45,한국무역보험공사_환율_20230718.csv
2016-02-17,2016,2,17,JPY,1065.56,6.09,9.62,9.48,한국무역보험공사_환율_20230718.csv
2016-02-18,2016,2,18,JPY,1073.21,4.04,10.16,10.78,한국무역보험공사_환율_20230718.csv
2016-02-19,2016,2,19,JPY,1081.96,5.11,9.02,11.4,한국무역보험공사_환율_20230718.csv
2016-02-22,2016,2,22,JPY,1096.95,4.14,10.01,13.75,한국무역보험공사_환율_20230718.csv
2016-02-23,2016,2,23,JPY,1092.1,2.65,8.37,14.24,한국무역보험공사_환율_20230718.csv
2016-02-24,2016,2,24,JPY,1098.25,3.39,7.61,14.63,한국무역보험공사_환율_20230718.csv
2016-02-25,2016,2,25,JPY,1102.75,4.29,7.74,13.95,한국무역보험공사_환율_20230718.csv
2016-02-26,2016,2,26,JPY,1094.81,2.75,6.6,14.86,한국무역보험공사_환율_20230718.csv
2016-02-29,2016,2,29,JPY,1085.83,1.18,5.77,14.82,한국무역보험공사_환율_20230718.csv
2016-03-02,2016,3,2,JPY,1088.37,0.59,6.11,15.61,한국무역보험공사_환율_20230718.csv
2016-03-03,2016,3,3,JPY,1085.46,-1.05,5.75,15.1,한국무역보험공사_환율_20230718.csv
2016-03-04,2016,3,4,JPY,1071.7,-1.87,3.47,13.57,한국무역보험공사_환율_20230718.csv
2016-03-07,2016,3,7,JPY,1061.53,-3.34,2.79,12.6,한국무역보험공사_환율_20230718.csv
2016-03-08,2016,3,8,JPY,1059.57,-3.92,3.01,14.07,한국무역보험공사_환율_20230718.csv
2016-03-09,2016,3,9,JPY,1069.81,-2.28,3.25,14.21,한국무역보험공사_환율_20230718.csv
2016-03-10,2016,3,10,JPY,1071.7,-1.3,4.35,14.09,한국무역보험공사_환율_20230718.csv
2016-03-11,2016,3,11,JPY,1068.46,-1.83,5.43,14.22,한국무역보험공사_환율_20230718.csv
2016-03-14,2016,3,14,JPY,1055.17,-2.79,4.55,11.77,한국무역보험공사_환율_20230718.csv
2016-03-15,2016,3,15,JPY,1042.66,-2.71,2.73,10.4,한국무역보험공사_환율_20230718.csv
2016-03-16,2016,3,16,JPY,1050.85,-1.01,3.78,11.28,한국무역보험공사_환율_20230718.csv
2016-03-17,2016,3,17,JPY,1057.83,-0.16,4.0,12.99,한국무역보험공사_환율_20230718.csv
2016-03-18,2016,3,18,JPY,1054.4,-1.44,6.14,13.45,한국무역보험공사_환율_20230718.csv
2016-03-21,2016,3,21,JPY,1041.1,-2.86,4.56,11.44,한국무역보험공사_환율_20230718.csv
2016-03-22,2016,3,22,JPY,1039.61,-2.7,3.51,12.59,한국무역보험공사_환율_20230718.csv
2016-03-23,2016,3,23,JPY,1032.69,-2.13,0.11,10.13,한국무역보험공사_환율_20230718.csv
2016-03-24,2016,3,24,JPY,1030.73,-1.14,0.13,9.65,한국무역보험공사_환율_20230718.csv
2016-03-25,2016,3,25,JPY,1034.8,-1.53,-1.76,10.03,한국무역보험공사_환율_20230718.csv
2016-03-28,2016,3,28,JPY,1031.81,-2.46,-3.02,9.58,한국무역보험공사_환율_20230718.csv
2016-03-29,2016,3,29,JPY,1031.35,-2.19,-2.9,8.7,한국무역보험공사_환율_20230718.csv
2016-03-30,2016,3,30,JPY,1031.44,-0.93,-2.45,8.4,한국무역보험공사_환율_20230718.csv
2016-03-31,2016,3,31,JPY,1026.02,-1.31,-3.71,8.33,한국무역보험공사_환율_20230718.csv
2016-04-01,2016,4,1,JPY,1016.84,-1.53,-5.25,7.07,한국무역보험공사_환율_20230718.csv
2016-04-04,2016,4,4,JPY,1028.51,-0.22,-4.94,8.6,한국무역보험공사_환율_20230718.csv
2016-04-05,2016,4,5,JPY,1031.87,-0.28,-5.93,9.59,한국무역보험공사_환율_20230718.csv
2016-04-06,2016,4,6,JPY,1047.24,1.5,-4.11,11.16,한국무역보험공사_환율_20230718.csv
2016-04-07,2016,4,7,JPY,1053.45,2.14,-4.08,11.69,한국무역보험공사_환율_20230718.csv
2016-04-08,2016,4,8,JPY,1065.48,3.3,-3.38,14.18,한국무역보험공사_환율_20230718.csv
2016-04-11,2016,4,11,JPY,1068.61,4.15,-2.39,14.36,한국무역보험공사_환율_20230718.csv
2016-04-12,2016,4,12,JPY,1065.11,4.75,-1.91,13.71,한국무역보험공사_환율_20230718.csv
2016-04-14,2016,4,14,JPY,1046.3,1.73,-3.87,11.32,한국무역보험공사_환율_20230718.csv
2016-04-15,2016,4,15,JPY,1054.44,2.19,-2.86,11.93,한국무역보험공사_환율_20230718.csv
2016-04-18,2016,4,18,JPY,1061.73,1.38,-0.93,12.91,한국무역보험공사_환율_20230718.csv
2016-04-19,2016,4,19,JPY,1057.46,0.38,-0.38,11.12,한국무역보험공사_환율_20230718.csv
2016-04-20,2016,4,20,JPY,1044.27,-1.99,-1.44,11.21,한국무역보험공사_환율_20230718.csv
2016-04-21,2016,4,21,JPY,1030.96,-3.52,-3.63,9.06,한국무역보험공사_환율_20230718.csv
2016-04-22,2016,4,22,JPY,1037.05,-2.63,-3.23,8.37,한국무역보험공사_환율_20230718.csv
2016-04-25,2016,4,25,JPY,1023.45,-2.18,-4.21,5.62,한국무역보험공사_환율_20230718.csv
2016-04-26,2016,4,26,JPY,1034.09,-1.93,-2.0,6.81,한국무역보험공사_환율_20230718.csv
2016-04-27,2016,4,27,JPY,1033.02,-2.7,-0.92,6.02,한국무역보험공사_환율_20230718.csv
2016-04-28,2016,4,28,JPY,1027.85,-2.8,-2.19,4.85,한국무역보험공사_환율_20230718.csv
2016-04-29,2016,4,29,JPY,1058.19,1.33,0.03,8.82,한국무역보험공사_환율_20230718.csv
2016-05-02,2016,5,2,JPY,1068.09,3.6,1.3,10.97,한국무역보험공사_환율_20230718.csv
2016-05-03,2016,5,3,JPY,1071.83,3.35,2.95,11.47,한국무역보험공사_환율_20230718.csv
2016-05-04,2016,5,4,JPY,1065.05,4.06,2.45,9.1,한국무역보험공사_환율_20230718.csv
2016-05-09,2016,5,9,JPY,1075.17,3.97,4.11,10.62,한국무역보험공사_환율_20230718.csv
2016-05-10,2016,5,10,JPY,1074.69,4.03,4.26,10.61,한국무역보험공사_환율_20230718.csv
2016-05-11,2016,5,11,JPY,1074.55,4.54,3.84,10.9,한국무역보험공사_환율_20230718.csv
2016-05-12,2016,5,12,JPY,1077.33,1.81,4.41,10.6,한국무역보험공사_환율_20230718.csv
2016-05-13,2016,5,13,JPY,1068.13,0.0,3.57,10.36,한국무역보험공사_환율_20230718.csv
2016-05-16,2016,5,16,JPY,1077.24,0.5,4.44,11.17,한국무역보험공사_환율_20230718.csv
2016-05-17,2016,5,17,JPY,1080.59,1.46,5.32,11.17,한국무역보험공사_환율_20230718.csv
2016-05-18,2016,5,18,JPY,1075.14,-0.0,5.73,10.36,한국무역보험공사_환율_20230718.csv
2016-05-19,2016,5,19,JPY,1072.23,-0.23,4.25,8.04,한국무역보험공사_환율_20230718.csv
2016-05-20,2016,5,20,JPY,1083.28,0.81,4.98,8.64,한국무역보험공사_환율_20230718.csv
2016-05-23,2016,5,23,JPY,1078.75,0.13,3.01,7.05,한국무역보험공사_환율_20230718.csv
2016-05-24,2016,5,24,JPY,1082.88,1.38,2.79,6.11,한국무역보험공사_환율_20230718.csv
2016-05-25,2016,5,25,JPY,1080.1,0.27,1.37,5.53,한국무역보험공사_환율_20230718.csv
2016-05-26,2016,5,26,JPY,1076.39,-0.39,0.73,4.81,한국무역보험공사_환율_20230718.csv
2016-05-27,2016,5,27,JPY,1076.33,0.11,1.05,4.84,한국무역보험공사_환율_20230718.csv
2016-05-30,2016,5,30,JPY,1065.46,-0.63,1.83,3.88,한국무역보험공사_환율_20230718.csv
2016-05-31,2016,5,31,JPY,1072.76,-0.97,1.74,4.51,한국무역보험공사_환율_20230718.csv
2016-06-01,2016,6,1,JPY,1075.67,-0.29,1.31,3.86,한국무역보험공사_환율_20230718.csv
2016-06-02,2016,6,2,JPY,1088.82,0.55,2.97,5.43,한국무역보험공사_환율_20230718.csv
2016-06-03,2016,6,3,JPY,1092.73,1.17,4.64,6.23,한국무역보험공사_환율_20230718.csv
2016-06-07,2016,6,7,JPY,1103.77,2.54,7.06,6.53,한국무역보험공사_환율_20230718.csv
2016-06-08,2016,6,8,JPY,1083.41,0.66,4.47,5.49,한국무역보험공사_환율_20230718.csv
2016-06-09,2016,6,9,JPY,1081.65,1.52,5.69,6.73,한국무역보험공사_환율_20230718.csv
2016-06-10,2016,6,10,JPY,1080.14,0.69,4.45,7.02,한국무역보험공사_환율_20230718.csv
2016-06-13,2016,6,13,JPY,1090.12,1.34,5.53,7.41,한국무역보험공사_환율_20230718.csv
2016-06-14,2016,6,14,JPY,1105.63,1.54,7.57,9.19,한국무역보험공사_환율_20230718.csv
2016-06-15,2016,6,15,JPY,1105.77,1.19,4.5,8.71,한국무역보험공사_환율_20230718.csv
2016-06-16,2016,6,16,JPY,1111.24,0.68,4.04,11.87,한국무역보험공사_환율_20230718.csv
2016-06-17,2016,6,17,JPY,1121.38,3.5,4.62,12.63,한국무역보험공사_환율_20230718.csv
2016-06-20,2016,6,20,JPY,1118.94,3.45,5.06,11.41,한국무역보험공사_환율_20230718.csv
2016-06-21,2016,6,21,JPY,1119.81,3.67,4.15,8.55,한국무역보험공사_환율_20230718.csv
2016-06-22,2016,6,22,JPY,1105.94,1.45,2.91,7.44,한국무역보험공사_환율_20230718.csv
2016-06-23,2016,6,23,JPY,1103.56,-0.19,2.7,4.76,한국무역보험공사_환율_20230718.csv
2016-06-24,2016,6,24,JPY,1086.91,-1.71,0.89,2.16,한국무역보험공사_환율_20230718.csv
2016-06-27,2016,6,27,JPY,1143.96,2.94,7.1,7.7,한국무역보험공사_환율_20230718.csv
2016-06-28,2016,6,28,JPY,1160.84,3.52,7.76,9.79,한국무역보험공사_환율_20230718.csv
2016-06-29,2016,6,29,JPY,1145.77,2.4,6.03,7.53,한국무역보험공사_환율_20230718.csv
2016-06-30,2016,6,30,JPY,1132.15,1.1,5.3,5.49,한국무역보험공사_환율_20230718.csv
2016-07-01,2016,7,1,JPY,1116.86,0.99,4.16,3.23,한국무역보험공사_환율_20230718.csv
2016-07-04,2016,7,4,JPY,1118.48,1.35,3.25,1.96,한국무역보험공사_환율_20230718.csv
2016-07-05,2016,7,5,JPY,1119.72,3.02,3.8,2.53,한국무역보험공사_환율_20230718.csv
2016-07-06,2016,7,6,JPY,1135.12,-0.77,4.82,3.36,한국무역보험공사_환율_20230718.csv
2016-07-07,2016,7,7,JPY,1152.6,-0.71,6.71,4.52,한국무역보험공사_환율_20230718.csv
2016-07-08,2016,7,8,JPY,1148.5,0.24,6.7,4.9,한국무역보험공사_환율_20230718.csv
2016-07-11,2016,7,11,JPY,1151.66,1.72,7.0,6.06,한국무역보험공사_환율_20230718.csv
2016-07-12,2016,7,12,JPY,1117.79,0.08,4.91,2.7,한국무역보험공사_환율_20230718.csv
2016-07-13,2016,7,13,JPY,1097.34,-1.89,2.29,1.09,한국무역보험공사_환율_20230718.csv
2016-07-14,2016,7,14,JPY,1100.21,-1.74,2.28,2.66,한국무역보험공사_환율_20230718.csv
2016-07-15,2016,7,15,JPY,1084.18,-4.49,-0.43,2.13,한국무역보험공사_환율_20230718.csv
2016-07-18,2016,7,18,JPY,1073.29,-6.88,-1.78,1.29,한국무역보험공사_환율_20230718.csv
2016-07-19,2016,7,19,JPY,1069.86,-6.85,-3.07,0.0,한국무역보험공사_환율_20230718.csv
2016-07-20,2016,7,20,JPY,1071.59,-6.95,-1.09,-0.01,한국무역보험공사_환율_20230718.csv
2016-07-21,2016,7,21,JPY,1064.63,-4.76,-1.57,-0.36,한국무역보험공사_환율_20230718.csv
2016-07-22,2016,7,22,JPY,1077.13,-1.84,-0.28,2.08,한국무역보험공사_환율_20230718.csv
2016-07-25,2016,7,25,JPY,1067.48,-2.97,-2.08,2.38,한국무역보험공사_환율_20230718.csv
2016-07-26,2016,7,26,JPY,1075.34,-0.82,-2.74,2.33,한국무역보험공사_환율_20230718.csv
2016-07-27,2016,7,27,JPY,1087.35,1.31,-1.67,2.79,한국무역보험공사_환율_20230718.csv
2016-07-28,2016,7,28,JPY,1077.89,0.75,-3.0,2.23,한국무역보험공사_환율_20230718.csv
2016-07-29,2016,7,29,JPY,1073.68,0.2,-4.25,3.13,한국무역보험공사_환율_20230718.csv
2016-08-01,2016,8,1,JPY,1096.79,3.02,-1.98,5.5,한국무역보험공사_환율_20230718.csv
2016-08-02,2016,8,2,JPY,1084.91,0.72,-3.12,5.06,한국무역보험공사_환율_20230718.csv
2016-08-03,2016,8,3,JPY,1097.76,2.84,-0.74,6.5,한국무역보험공사_환율_20230718.csv
2016-08-04,2016,8,4,JPY,1099.87,2.28,-0.33,6.29,한국무역보험공사_환율_20230718.csv
2016-08-05,2016,8,5,JPY,1100.86,1.24,1.28,6.69,한국무역보험공사_환율_20230718.csv
2016-08-08,2016,8,8,JPY,1087.96,0.93,-4.9,5.49,한국무역보험공사_환율_20230718.csv
2016-08-09,2016,8,9,JPY,1086.57,1.2,-6.4,5.34,한국무역보험공사_환율_20230718.csv
2016-08-10,2016,8,10,JPY,1086.24,-0.96,-5.2,5.87,한국무역보험공사_환율_20230718.csv
2016-08-11,2016,8,11,JPY,1082.94,-0.18,-4.35,6.5,한국무역보험공사_환율_20230718.csv
2016-08-12,2016,8,12,JPY,1078.38,-1.77,-3.45,4.85,한국무역보험공사_환율_20230718.csv
2016-08-16,2016,8,16,JPY,1088.1,-1.07,-2.72,5.45,한국무역보험공사_환율_20230718.csv
2016-08-17,2016,8,17,JPY,1091.56,-0.84,-2.51,4.23,한국무역보험공사_환율_20230718.csv
2016-08-18,2016,8,18,JPY,1101.14,1.21,-2.99,4.53,한국무역보험공사_환율_20230718.csv
2016-08-19,2016,8,19,JPY,1105.35,1.73,-4.1,3.74,한국무역보험공사_환율_20230718.csv
2016-08-22,2016,8,22,JPY,1111.03,2.28,-3.26,3.97,한국무역보험공사_환율_20230718.csv
2016-08-23,2016,8,23,JPY,1121.6,3.57,-2.61,5.3,한국무역보험공사_환율_20230718.csv
2016-08-24,2016,8,24,JPY,1114.45,3.34,-0.3,6.51,한국무역보험공사_환율_20230718.csv
2016-08-25,2016,8,25,JPY,1116.3,2.59,1.73,5.87,한국무역보험공사_환율_20230718.csv
2016-08-26,2016,8,26,JPY,1112.71,1.94,1.14,4.8,한국무역보험공사_환율_20230718.csv
2016-08-29,2016,8,29,JPY,1092.97,-0.74,0.81,3.36,한국무역보험공사_환율_20230718.csv
2016-08-30,2016,8,30,JPY,1103.57,-0.16,2.82,5.68,한국무역보험공사_환율_20230718.csv
2016-08-31,2016,8,31,JPY,1086.29,-2.23,1.54,5.37,한국무역보험공사_환율_20230718.csv
2016-09-01,2016,9,1,JPY,1081.18,-3.6,0.89,4.26,한국무역보험공사_환율_20230718.csv
2016-09-02,2016,9,2,JPY,1084.33,-2.7,1.85,5.95,한국무역보험공사_환율_20230718.csv
2016-09-05,2016,9,5,JPY,1074.36,-3.76,-0.26,3.89,한국무역보험공사_환율_20230718.csv
2016-09-06,2016,9,6,JPY,1071.29,-3.72,0.36,3.7,한국무역보험공사_환율_20230718.csv
2016-09-07,2016,9,7,JPY,1082.64,-0.95,0.68,5.33,한국무역보험공사_환율_20230718.csv
2016-09-08,2016,9,8,JPY,1075.19,-2.57,-1.12,1.61,한국무역보험공사_환율_20230718.csv
2016-09-09,2016,9,9,JPY,1068.36,-1.65,-0.88,0.03,한국무역보험공사_환율_20230718.csv
2016-09-12,2016,9,12,JPY,1073.78,-0.68,0.01,0.18,한국무역보험공사_환율_20230718.csv
2016-09-13,2016,9,13,JPY,1090.53,0.57,-0.57,2.39,한국무역보험공사_환율_20230718.csv
2016-09-19,2016,9,19,JPY,1087.29,1.2,0.22,1.13,한국무역보험공사_환율_20230718.csv
2016-09-20,2016,9,20,JPY,1100.14,2.69,0.22,2.37,한국무역보험공사_환율_20230718.csv
2016-09-21,2016,9,21,JPY,1100.62,1.66,0.07,2.43,한국무역보험공사_환율_20230718.csv
2016-09-22,2016,9,22,JPY,1112.46,3.47,1.05,3.26,한국무역보험공사_환율_20230718.csv
2016-09-23,2016,9,23,JPY,1094.29,2.43,0.58,2.45,한국무역보험공사_환율_20230718.csv
2016-09-26,2016,9,26,JPY,1093.43,1.83,0.63,1.5,한국무역보험공사_환율_20230718.csv
2016-09-27,2016,9,27,JPY,1103.31,1.17,1.57,2.1,한국무역보험공사_환율_20230718.csv
2016-09-28,2016,9,28,JPY,1099.71,1.14,1.55,2.29,한국무역보험공사_환율_20230718.csv
2016-09-29,2016,9,29,JPY,1085.77,-1.31,0.69,1.26,한국무역보험공사_환율_20230718.csv
2016-09-30,2016,9,30,JPY,1083.68,-1.54,-0.41,0.04,한국무역보험공사_환율_20230718.csv
2016-10-04,2016,10,4,JPY,1083.37,-2.61,-0.75,0.43,한국무역보험공사_환율_20230718.csv
2016-10-05,2016,10,5,JPY,1074.79,-1.78,-2.39,-0.75,한국무역보험공사_환율_20230718.csv
2016-10-06,2016,10,6,JPY,1076.19,-1.58,-2.64,-0.36,한국무역보험공사_환율_20230718.csv
2016-10-07,2016,10,7,JPY,1069.95,-3.02,-3.7,-0.6,한국무역보험공사_환율_20230718.csv
2016-10-10,2016,10,10,JPY,1082.73,-1.54,-3.47,0.59,한국무역보험공사_환율_20230718.csv
2016-10-11,2016,10,11,JPY,1071.82,-1.28,-3.83,0.6,한국무역보험공사_환율_20230718.csv
2016-10-12,2016,10,12,JPY,1080.73,-0.27,-3.19,0.74,한국무역보험공사_환율_20230718.csv
2016-10-13,2016,10,13,JPY,1077.51,-0.54,-3.16,0.17,한국무역보험공사_환율_20230718.csv
2016-10-14,2016,10,14,JPY,1091.06,1.51,-0.17,0.21,한국무역보험공사_환율_20230718.csv
2016-10-17,2016,10,17,JPY,1087.5,1.05,-1.46,-0.48,한국무역보험공사_환율_20230718.csv
2016-10-18,2016,10,18,JPY,1097.71,2.59,1.05,-0.55,한국무역보험공사_환율_20230718.csv
2016-10-19,2016,10,19,JPY,1090.22,0.69,0.84,0.63,한국무역보험공사_환율_20230718.csv
2016-10-20,2016,10,20,JPY,1086.04,1.33,0.16,0.41,한국무역보험공사_환율_20230718.csv
2016-10-21,2016,10,21,JPY,1080.61,-0.01,0.58,0.04,한국무역보험공사_환율_20230718.csv
2016-10-24,2016,10,24,JPY,1091.29,1.28,1.87,0.11,한국무역보험공사_환율_20230718.csv
2016-10-25,2016,10,25,JPY,1087.52,-0.32,0.45,-1.64,한국무역보험공사_환율_20230718.csv
2016-10-26,2016,10,26,JPY,1091.79,0.39,1.54,-1.26,한국무역보험공사_환율_20230718.csv
2016-10-27,2016,10,27,JPY,1083.07,-1.33,1.38,-2.54,한국무역보험공사_환율_20230718.csv
2016-10-28,2016,10,28,JPY,1083.33,-0.63,0.89,-3.39,한국무역보험공사_환율_20230718.csv
2016-10-31,2016,10,31,JPY,1094.42,0.77,0.36,-2.19,한국무역보험공사_환율_20230718.csv
2016-11-01,2016,11,1,JPY,1091.71,1.03,0.41,-2.51,한국무역보험공사_환율_20230718.csv
2016-11-02,2016,11,2,JPY,1097.46,0.57,-0.24,-0.77,한국무역보험공사_환율_20230718.csv
2016-11-03,2016,11,3,JPY,1111.36,2.19,0.98,0.71,한국무역보험공사_환율_20230718.csv
2016-11-04,2016,11,4,JPY,1107.81,1.47,-0.42,1.92,한국무역보험공사_환율_20230718.csv
2016-11-07,2016,11,7,JPY,1099.58,1.52,0.48,-3.88,한국무역보험공사_환율_20230718.csv
2016-11-08,2016,11,8,JPY,1091.97,0.8,-0.13,-5.93,한국무역보험공사_환율_20230718.csv
2016-11-09,2016,11,9,JPY,1081.48,-1.18,-1.98,-5.61,한국무역보험공사_환율_20230718.csv
2016-11-10,2016,11,10,JPY,1083.45,-0.76,-1.48,-4.3,한국무역보험공사_환율_20230718.csv
2016-11-11,2016,11,11,JPY,1077.11,-1.85,-0.8,-3.56,한국무역보험공사_환율_20230718.csv
2016-11-14,2016,11,14,JPY,1090.67,-1.86,0.65,-2.49,한국무역보험공사_환율_20230718.csv
2016-11-15,2016,11,15,JPY,1080.5,-2.47,-0.26,-3.5,한국무역보험공사_환율_20230718.csv
2016-11-16,2016,11,16,JPY,1071.8,-2.53,-0.28,-5.58,한국무역보험공사_환율_20230718.csv
2016-11-17,2016,11,17,JPY,1072.6,-1.77,-0.33,-6.94,한국무역보험공사_환율_20230718.csv
2016-11-18,2016,11,18,JPY,1065.84,-1.45,-0.38,-7.2,한국무역보험공사_환율_20230718.csv
2016-11-21,2016,11,21,JPY,1065.28,-1.68,-1.61,-7.5,한국무역보험공사_환율_20230718.csv
2016-11-22,2016,11,22,JPY,1067.56,-0.89,-0.4,-4.49,한국무역보험공사_환율_20230718.csv
2016-11-23,2016,11,23,JPY,1057.68,-3.02,-2.13,-3.61,한국무역보험공사_환율_20230718.csv
2016-11-24,2016,11,24,JPY,1043.98,-3.38,-3.11,-5.11,한국무역보험공사_환율_20230718.csv
2016-11-25,2016,11,25,JPY,1044.02,-2.59,-4.31,-3.7,한국무역보험공사_환율_20230718.csv
2016-11-28,2016,11,28,JPY,1044.34,-2.63,-3.97,-2.7,한국무역보험공사_환율_20230718.csv
2016-11-29,2016,11,29,JPY,1046.64,-1.8,-4.65,-2.17,한국무역보험공사_환율_20230718.csv
2016-11-30,2016,11,30,JPY,1038.81,-2.48,-4.72,-3.06,한국무역보험공사_환율_20230718.csv
2016-12-01,2016,12,1,JPY,1020.76,-4.38,-6.01,-4.12,한국무역보험공사_환율_20230718.csv
2016-12-02,2016,12,2,JPY,1027.47,-2.86,-4.92,-4.61,한국무역보험공사_환율_20230718.csv
2016-12-05,2016,12,5,JPY,1034.01,-0.95,-5.25,-3.14,한국무역보험공사_환율_20230718.csv
2016-12-06,2016,12,6,JPY,1031.37,-1.21,-5.16,-4.09,한국무역보험공사_환율_20230718.csv
2016-12-07,2016,12,7,JPY,1025.52,-1.8,-6.07,-5.69,한국무역보험공사_환율_20230718.csv
2016-12-08,2016,12,8,JPY,1029.27,-1.66,-4.97,-4.51,한국무역보험공사_환율_20230718.csv
2016-12-09,2016,12,9,JPY,1015.73,-2.22,-6.24,-5.4,한국무역보험공사_환율_20230718.csv
2016-12-12,2016,12,12,JPY,1009.83,-1.07,-7.73,-7.93,한국무역보험공사_환율_20230718.csv
2016-12-13,2016,12,13,JPY,1018.5,-0.87,-6.71,-6.12,한국무역보험공사_환율_20230718.csv
2016-12-14,2016,12,14,JPY,1011.5,-2.18,-7.83,-7.86,한국무역보험공사_환율_20230718.csv
2016-12-15,2016,12,15,JPY,996.29,-3.4,-10.35,-9.42,한국무역보험공사_환율_20230718.csv
2016-12-16,2016,12,16,JPY,997.89,-2.69,-9.92,-9.35,한국무역보험공사_환율_20230718.csv
2016-12-19,2016,12,19,JPY,1004.88,-2.37,-8.61,-7.64,한국무역보험공사_환율_20230718.csv
2016-12-20,2016,12,20,JPY,1013.06,-0.26,-7.23,-6.77,한국무역보험공사_환율_20230718.csv
2016-12-21,2016,12,21,JPY,1010.78,0.09,-6.54,-6.95,한국무역보험공사_환율_20230718.csv
2016-12-22,2016,12,22,JPY,1016.47,-0.2,-6.18,-6.14,한국무역보험공사_환율_20230718.csv
2016-12-23,2016,12,23,JPY,1018.75,0.72,-5.42,-5.53,한국무역보험공사_환율_20230718.csv
2016-12-26,2016,12,26,JPY,1025.97,2.98,-5.93,-5.71,한국무역보험공사_환율_20230718.csv
2016-12-27,2016,12,27,JPY,1023.38,2.55,-5.29,-6.25,한국무역보험공사_환율_20230718.csv
2016-12-28,2016,12,28,JPY,1026.01,2.1,-4.27,-6.82,한국무역보험공사_환율_20230718.csv
2016-12-29,2016,12,29,JPY,1031.7,1.84,-3.81,-6.66,한국무역보험공사_환율_20230718.csv
2016-12-30,2016,12,30,JPY,1036.81,2.58,-2.72,-6.68,한국무역보험공사_환율_20230718.csv
2017-01-02,2017,1,2,JPY,1034.45,1.77,-2.89,-7.77,한국무역보험공사_환율_20230718.csv
2017-01-03,2017,1,3,JPY,1028.83,0.99,-3.63,-7.68,한국무역보험공사_환율_20230718.csv
2017-01-04,2017,1,4,JPY,1025.99,0.0,-3.0,-8.09,한국무역보험공사_환율_20230718.csv
2017-01-05,2017,1,5,JPY,1028.51,0.5,-1.48,-7.57,한국무역보험공사_환율_20230718.csv
2017-01-06,2017,1,6,JPY,1031.91,0.58,-1.16,-5.59,한국무역보험공사_환율_20230718.csv
2017-01-09,2017,1,9,JPY,1014.81,-1.64,-2.83,-8.04,한국무역보험공사_환율_20230718.csv
2017-01-10,2017,1,10,JPY,1040.17,0.32,-0.62,-4.25,한국무역보험공사_환율_20230718.csv
2017-01-11,2017,1,11,JPY,1035.01,0.05,-0.37,-4.27,한국무역보험공사_환율_20230718.csv
2017-01-12,2017,1,12,JPY,1036.92,0.79,1.58,-4.37,한국무역보험공사_환율_20230718.csv
2017-01-13,2017,1,13,JPY,1031.44,0.53,0.39,-3.99,한국무역보험공사_환율_20230718.csv
2017-01-16,2017,1,16,JPY,1030.49,0.19,-0.34,-3.81,한국무역보험공사_환율_20230718.csv
2017-01-17,2017,1,17,JPY,1034.75,0.28,0.33,-4.42,한국무역보험공사_환율_20230718.csv
2017-01-18,2017,1,18,JPY,1047.73,3.24,2.17,-2.55,한국무역보험공사_환율_20230718.csv
2017-01-19,2017,1,19,JPY,1017.5,-2.18,-1.14,-4.76,한국무역보험공사_환율_20230718.csv
2017-01-20,2017,1,20,JPY,1023.16,-1.14,0.73,-4.71,한국무역보험공사_환율_20230718.csv
2017-01-23,2017,1,23,JPY,1025.72,-1.08,1.57,-5.94,한국무역보험공사_환율_20230718.csv
2017-01-24,2017,1,24,JPY,1035.87,0.43,1.71,-4.73,한국무역보험공사_환율_20230718.csv
2017-01-25,2017,1,25,JPY,1021.91,-0.83,1.03,-7.11,한국무역보험공사_환율_20230718.csv
2017-01-26,2017,1,26,JPY,1028.58,-0.6,3.24,-6.55,한국무역보험공사_환율_20230718.csv
2017-01-31,2017,1,31,JPY,1017.89,-2.85,2.0,-8.5,한국무역보험공사_환율_20230718.csv
2017-02-01,2017,2,1,JPY,1034.25,1.65,2.92,-5.49,한국무역보험공사_환율_20230718.csv
2017-02-02,2017,2,2,JPY,1019.5,-0.36,0.64,-6.76,한국무역보험공사_환율_20230718.csv
2017-02-03,2017,2,3,JPY,1018.48,-0.71,0.76,-7.69,한국무역보험공사_환율_20230718.csv
2017-02-06,2017,2,6,JPY,1019.15,-1.61,0.26,-7.33,한국무역보험공사_환율_20230718.csv
2017-02-07,2017,2,7,JPY,1017.48,-0.43,-0.12,-6.29,한국무역보험공사_환율_20230718.csv
2017-02-08,2017,2,8,JPY,1016.37,-1.19,-0.94,-6.21,한국무역보험공사_환율_20230718.csv
2017-02-09,2017,2,9,JPY,1023.87,0.59,0.05,-5.49,한국무역보험공사_환율_20230718.csv
2017-02-10,2017,2,10,JPY,1010.81,-2.27,-1.48,-5.95,한국무역보험공사_환율_20230718.csv
2017-02-13,2017,2,13,JPY,1012.44,-0.69,-1.87,-5.92,한국무역보험공사_환율_20230718.csv
2017-02-14,2017,2,14,JPY,1012.39,-0.6,-2.36,-5.38,한국무역보험공사_환율_20230718.csv
2017-02-15,2017,2,15,JPY,1000.83,-1.8,-3.25,-7.56,한국무역보험공사_환율_20230718.csv
2017-02-16,2017,2,16,JPY,999.26,-1.79,-2.87,-6.77,한국무역보험공사_환율_20230718.csv
2017-02-17,2017,2,17,JPY,1005.34,-1.09,-2.01,-6.98,한국무역보험공사_환율_20230718.csv
2017-02-20,2017,2,20,JPY,1014.03,-0.96,-1.41,-5.89,한국무역보험공사_환율_20230718.csv
2017-02-21,2017,2,21,JPY,1014.18,0.33,-1.72,-7.05,한국무역보험공사_환율_20230718.csv
2017-02-22,2017,2,22,JPY,1008.44,-0.4,-0.63,-7.27,한국무역보험공사_환율_20230718.csv
2017-02-23,2017,2,23,JPY,1006.93,-0.54,-3.2,-8.27,한국무역보험공사_환율_20230718.csv
2017-02-24,2017,2,24,JPY,1010.16,0.93,-2.4,-7.34,한국무역보험공사_환율_20230718.csv
2017-02-27,2017,2,27,JPY,1007.53,0.83,-2.83,-7.23,한국무역보험공사_환율_20230718.csv
2017-02-28,2017,2,28,JPY,1004.04,-0.13,-2.66,-7.09,한국무역보험공사_환율_20230718.csv
2017-03-02,2017,3,2,JPY,993.38,-2.04,-3.6,-8.97,한국무역보험공사_환율_20230718.csv
2017-03-03,2017,3,3,JPY,998.21,-1.57,-3.53,-8.21,한국무역보험공사_환율_20230718.csv
2017-03-06,2017,3,6,JPY,1010.65,0.22,-3.54,-7.43,한국무역보험공사_환율_20230718.csv
2017-03-07,2017,3,7,JPY,1014.17,0.72,-0.33,-6.36,한국무역보험공사_환율_20230718.csv
2017-03-08,2017,3,8,JPY,1010.22,0.01,-1.26,-6.75,한국무역보험공사_환율_20230718.csv
2017-03-09,2017,3,9,JPY,1001.97,-0.55,-2.32,-8.45,한국무역보험공사_환율_20230718.csv
2017-03-10,2017,3,10,JPY,1003.95,-0.01,-3.08,-8.04,한국무역보험공사_환율_20230718.csv
2017-03-13,2017,3,13,JPY,1008.53,1.53,-1.31,-8.1,한국무역보험공사_환율_20230718.csv
2017-03-14,2017,3,14,JPY,998.56,0.04,-2.92,-10.15,한국무역보험공사_환율_20230718.csv
2017-03-15,2017,3,15,JPY,1000.39,-1.02,-1.72,-9.7,한국무역보험공사_환율_20230718.csv
2017-03-16,2017,3,16,JPY,1010.89,-0.32,-2.26,-8.07,한국무역보험공사_환율_20230718.csv
2017-03-17,2017,3,17,JPY,998.02,-1.21,-2.11,-8.6,한국무역보험공사_환율_20230718.csv
2017-03-20,2017,3,20,JPY,1003.68,0.17,-1.45,-7.19,한국무역보험공사_환율_20230718.csv
2017-03-21,2017,3,21,JPY,999.87,-0.41,-1.89,-7.71,한국무역보험공사_환율_20230718.csv
2017-03-22,2017,3,22,JPY,1002.11,-0.64,-1.51,-6.96,한국무역보험공사_환율_20230718.csv
2017-03-23,2017,3,23,JPY,1010.2,1.17,-0.61,-7.38,한국무역보험공사_환율_20230718.csv
2017-03-24,2017,3,24,JPY,1008.96,0.86,-1.46,-6.62,한국무역보험공사_환율_20230718.csv
2017-03-27,2017,3,27,JPY,1014.82,0.39,0.4,-5.32,한국무역보험공사_환율_20230718.csv
2017-03-28,2017,3,28,JPY,1007.0,0.9,-0.54,-6.12,한국무역보험공사_환율_20230718.csv
2017-03-29,2017,3,29,JPY,1000.31,-0.34,-1.19,-6.15,한국무역보험공사_환율_20230718.csv
2017-03-30,2017,3,30,JPY,1002.56,0.27,0.17,-5.89,한국무역보험공사_환율_20230718.csv
2017-03-31,2017,3,31,JPY,998.52,-0.36,-0.07,-6.47,한국무역보험공사_환율_20230718.csv
2017-04-03,2017,4,3,JPY,1005.3,-0.49,-0.0,-4.95,한국무역보험공사_환율_20230718.csv
2017-04-04,2017,4,4,JPY,1005.1,-0.38,-0.88,-3.72,한국무역보험공사_환율_20230718.csv
2017-04-05,2017,4,5,JPY,1009.7,-0.5,-0.44,-3.29,한국무역보험공사_환율_20230718.csv
2017-04-06,2017,4,6,JPY,1017.89,1.08,0.94,-2.53,한국무역보험공사_환율_20230718.csv
2017-04-07,2017,4,7,JPY,1020.25,1.99,1.32,-2.52,한국무역보험공사_환율_20230718.csv
2017-04-10,2017,4,10,JPY,1019.36,1.68,0.91,-1.87,한국무역보험공사_환율_20230718.csv
2017-04-11,2017,4,11,JPY,1030.65,3.22,2.29,0.97,한국무역보험공사_환율_20230718.csv
2017-04-12,2017,4,12,JPY,1044.63,3.91,4.04,1.67,한국무역보험공사_환율_20230718.csv
2017-04-13,2017,4,13,JPY,1049.92,4.46,5.69,1.54,한국무역보험공사_환율_20230718.csv
2017-04-14,2017,4,14,JPY,1036.97,2.7,3.88,0.54,한국무역보험공사_환율_20230718.csv
2017-04-17,2017,4,17,JPY,1049.05,3.06,3.8,2.29,한국무역보험공사_환율_20230718.csv
2017-04-18,2017,4,18,JPY,1042.42,2.17,2.79,1.28,한국무역보험공사_환율_20230718.csv
2017-04-19,2017,4,19,JPY,1049.38,2.94,3.88,3.31,한국무역보험공사_환율_20230718.csv
2017-04-20,2017,4,20,JPY,1047.08,1.59,4.5,3.69,한국무역보험공사_환율_20230718.csv
2017-04-21,2017,4,21,JPY,1043.61,-0.1,3.95,2.47,한국무역보험공사_환율_20230718.csv
2017-04-24,2017,4,24,JPY,1032.57,-1.65,2.38,2.08,한국무역보험공사_환율_20230718.csv
2017-04-25,2017,4,25,JPY,1030.55,-0.62,3.2,3.44,한국무역보험공사_환율_20230718.csv
2017-04-26,2017,4,26,JPY,1017.92,-2.97,1.75,2.01,한국무역보험공사_환율_20230718.csv
2017-04-27,2017,4,27,JPY,1012.01,-2.92,0.11,0.71,한국무역보험공사_환율_20230718.csv
2017-04-28,2017,4,28,JPY,1015.96,-3.18,1.8,0.29,한국무역보험공사_환율_20230718.csv
2017-05-02,2017,5,2,JPY,1013.19,-3.24,0.95,0.24,한국무역보험공사_환율_20230718.csv
2017-05-04,2017,5,4,JPY,1003.24,-3.87,0.34,-1.3,한국무역보험공사_환율_20230718.csv
2017-05-08,2017,5,8,JPY,1003.41,-2.82,0.13,-1.51,한국무역보험공사_환율_20230718.csv
2017-05-10,2017,5,10,JPY,995.39,-3.41,-1.47,-2.98,한국무역보험공사_환율_20230718.csv
2017-05-11,2017,5,11,JPY,992.61,-2.49,-1.62,-3.01,한국무역보험공사_환율_20230718.csv
2017-05-12,2017,5,12,JPY,993.63,-1.82,-2.09,-3.16,한국무역보험공사_환율_20230718.csv
2017-05-15,2017,5,15,JPY,994.48,-2.11,-1.24,-3.61,한국무역보험공사_환율_20230718.csv
2017-05-16,2017,5,16,JPY,990.1,-2.28,-1.02,-4.51,한국무역보험공사_환율_20230718.csv
2017-05-17,2017,5,17,JPY,991.22,-1.2,-1.13,-4.18,한국무역보험공사_환율_20230718.csv
2017-05-18,2017,5,18,JPY,1007.89,0.45,0.94,-2.04,한국무역보험공사_환율_20230718.csv
2017-05-19,2017,5,19,JPY,1009.65,1.43,0.43,-1.59,한국무역보험공사_환율_20230718.csv
2017-05-22,2017,5,22,JPY,1014.17,2.17,0.9,-1.39,한국무역보험공사_환율_20230718.csv
2017-05-23,2017,5,23,JPY,1005.72,1.22,-0.39,-2.54,한국무역보험공사_환율_20230718.csv
2017-05-24,2017,5,24,JPY,1002.33,0.79,-1.53,-1.23,한국무역보험공사_환율_20230718.csv
2017-05-25,2017,5,25,JPY,1009.63,1.97,-1.04,-2.94,한국무역보험공사_환율_20230718.csv
2017-05-26,2017,5,26,JPY,1000.31,0.92,-1.87,-3.35,한국무역보험공사_환율_20230718.csv
2017-05-29,2017,5,29,JPY,1006.47,-0.14,-2.35,-2.94,한국무역보험공사_환율_20230718.csv
2017-05-30,2017,5,30,JPY,1006.88,-0.27,-3.61,-2.38,한국무역보험공사_환율_20230718.csv
2017-05-31,2017,5,31,JPY,1014.3,0.01,-3.39,-1.57,한국무역보험공사_환율_20230718.csv
2017-06-01,2017,6,1,JPY,1012.68,0.69,-2.34,-2.13,한국무역보험공사_환율_20230718.csv
2017-06-02,2017,6,2,JPY,1005.7,0.34,-4.13,-4.01,한국무역보험공사_환율_20230718.csv
2017-06-05,2017,6,5,JPY,1015.08,0.54,-2.62,-0.24,한국무역보험공사_환율_20230718.csv
2017-06-07,2017,6,7,JPY,1021.98,2.17,-2.61,-0.12,한국무역보험공사_환율_20230718.csv
2017-06-08,2017,6,8,JPY,1022.18,1.56,-2.38,-0.35,한국무역보험공사_환율_20230718.csv
2017-06-09,2017,6,9,JPY,1022.77,1.58,-2.0,-1.26,한국무역보험공사_환율_20230718.csv
2017-06-12,2017,6,12,JPY,1016.45,0.21,-1.56,-0.53,한국무역보험공사_환율_20230718.csv
2017-06-13,2017,6,13,JPY,1024.89,1.21,-0.55,-0.36,한국무역보험공사_환율_20230718.csv
2017-06-14,2017,6,14,JPY,1025.76,1.99,0.77,0.77,한국무역보험공사_환율_20230718.csv
2017-06-15,2017,6,15,JPY,1029.73,1.44,1.75,-0.44,한국무역보험공사_환율_20230718.csv
2017-06-16,2017,6,16,JPY,1012.72,-0.91,-0.32,-0.67,한국무역보험공사_환율_20230718.csv
2017-06-19,2017,6,19,JPY,1021.96,-0.02,0.87,0.34,한국무역보험공사_환율_20230718.csv
2017-06-20,2017,6,20,JPY,1013.35,-0.92,1.01,-0.57,한국무역보험공사_환율_20230718.csv
2017-06-21,2017,6,21,JPY,1021.24,0.47,1.78,0.37,한국무역보험공사_환율_20230718.csv
2017-06-22,2017,6,22,JPY,1026.1,0.12,3.09,0.96,한국무역보험공사_환율_20230718.csv
2017-06-23,2017,6,23,JPY,1025.02,-0.07,3.27,0.11,한국무역보험공사_환율_20230718.csv
2017-06-26,2017,6,26,JPY,1025.04,-0.46,3.16,1.41,한국무역보험공사_환율_20230718.csv
2017-06-27,2017,6,27,JPY,1014.61,0.19,2.02,0.21,한국무역보험공사_환율_20230718.csv
2017-06-28,2017,6,28,JPY,1012.88,-0.89,2.3,0.05,한국무역보험공사_환율_20230718.csv
2017-06-29,2017,6,29,JPY,1016.34,0.3,2.53,1.55,한국무역보험공사_환율_20230718.csv
2017-06-30,2017,6,30,JPY,1017.55,-0.36,0.96,1.83,한국무역보험공사_환율_20230718.csv
2017-07-03,2017,7,3,JPY,1018.25,-0.77,0.85,1.28,한국무역보험공사_환율_20230718.csv
2017-07-04,2017,7,4,JPY,1010.06,-1.46,-0.41,-0.39,한국무역보험공사_환율_20230718.csv
2017-07-05,2017,7,5,JPY,1016.23,-0.86,1.05,0.2,한국무역보험공사_환율_20230718.csv
2017-07-06,2017,7,6,JPY,1015.6,0.1,1.32,0.71,한국무역보험공사_환율_20230718.csv
2017-07-07,2017,7,7,JPY,1019.26,0.63,0.95,1.22,한국무역보험공사_환율_20230718.csv
2017-07-10,2017,7,10,JPY,1013.99,-0.23,1.37,0.38,한국무역보험공사_환율_20230718.csv
2017-07-11,2017,7,11,JPY,1008.15,-0.92,0.17,0.06,한국무역보험공사_환율_20230718.csv
2017-07-12,2017,7,12,JPY,1010.14,-0.8,0.32,0.61,한국무역보험공사_환율_20230718.csv
2017-07-13,2017,7,13,JPY,1011.17,0.11,-0.31,1.79,한국무역보험공사_환율_20230718.csv
2017-07-14,2017,7,14,JPY,1003.22,-1.28,-0.93,0.5,한국무역보험공사_환율_20230718.csv
2017-07-17,2017,7,17,JPY,1009.91,-0.56,0.42,-0.07,한국무역보험공사_환율_20230718.csv
2017-07-18,2017,7,18,JPY,1001.64,-1.73,-1.32,-1.24,한국무역보험공사_환율_20230718.csv
2017-07-19,2017,7,19,JPY,1005.09,-0.88,-1.65,-0.51,한국무역보험공사_환율_20230718.csv
2017-07-20,2017,7,20,JPY,1003.04,-0.51,-1.87,0.11,한국무역보험공사_환율_20230718.csv
2017-07-21,2017,7,21,JPY,1005.32,-0.48,-1.71,0.14,한국무역보험공사_환율_20230718.csv
2017-07-24,2017,7,24,JPY,1008.95,-0.22,-0.74,0.04,한국무역보험공사_환율_20230718.csv
2017-07-25,2017,7,25,JPY,1004.0,0.08,-2.04,0.54,한국무역보험공사_환율_20230718.csv
2017-07-26,2017,7,26,JPY,997.54,-1.22,-2.75,-0.28,한국무역보험공사_환율_20230718.csv
2017-07-27,2017,7,27,JPY,1007.83,0.62,-2.13,-0.3,한국무역보험공사_환율_20230718.csv
2017-07-28,2017,7,28,JPY,1000.54,-0.45,-1.2,0.25,한국무역보험공사_환율_20230718.csv
2017-07-31,2017,7,31,JPY,1012.26,0.92,-0.95,0.85,한국무역보험공사_환율_20230718.csv
2017-08-01,2017,8,1,JPY,1016.81,1.14,0.34,1.69,한국무역보험공사_환율_20230718.csv
2017-08-02,2017,8,2,JPY,1013.19,0.42,-0.79,1.11,한국무역보험공사_환율_20230718.csv
2017-08-03,2017,8,3,JPY,1013.95,0.99,-1.18,0.37,한국무역보험공사_환율_20230718.csv
2017-08-04,2017,8,4,JPY,1025.65,2.82,0.06,1.65,한국무역보험공사_환율_20230718.csv
2017-08-07,2017,8,7,JPY,1015.93,0.8,-0.89,0.11,한국무역보험공사_환율_20230718.csv
2017-08-08,2017,8,8,JPY,1017.88,1.73,0.32,1.08,한국무역보험공사_환율_20230718.csv
2017-08-09,2017,8,9,JPY,1021.79,0.94,0.88,2.15,한국무역보험공사_환율_20230718.csv
2017-08-10,2017,8,10,JPY,1031.78,1.47,1.52,2.91,한국무역보험공사_환율_20230718.csv
2017-08-11,2017,8,11,JPY,1045.2,3.16,2.72,4.67,한국무역보험공사_환율_20230718.csv
2017-08-14,2017,8,14,JPY,1049.92,3.55,3.11,4.44,한국무역보험공사_환율_20230718.csv
2017-08-16,2017,8,16,JPY,1029.16,0.34,1.89,2.39,한국무역보험공사_환율_20230718.csv
2017-08-17,2017,8,17,JPY,1035.2,1.9,1.87,2.53,한국무역보험공사_환율_20230718.csv
2017-08-18,2017,8,18,JPY,1037.21,1.9,2.13,1.9,한국무역보험공사_환율_20230718.csv
2017-08-21,2017,8,21,JPY,1043.92,2.17,2.42,2.32,한국무역보험공사_환율_20230718.csv
2017-08-22,2017,8,22,JPY,1044.12,1.2,2.97,2.43,한국무역보험공사_환율_20230718.csv
2017-08-23,2017,8,23,JPY,1035.14,-0.96,2.68,0.44,한국무역보험공사_환율_20230718.csv
2017-08-24,2017,8,24,JPY,1038.57,-1.08,2.81,-0.58,한국무역보험공사_환율_20230718.csv
2017-08-25,2017,8,25,JPY,1028.98,-0.02,1.76,-1.99,한국무역보험공사_환율_20230718.csv
2017-08-28,2017,8,28,JPY,1033.26,-0.19,2.99,-0.36,한국무역보험공사_환율_20230718.csv
2017-08-29,2017,8,29,JPY,1031.15,-0.58,2.1,-1.71,한국무역보험공사_환율_20230718.csv
2017-08-30,2017,8,30,JPY,1027.23,-1.6,2.55,-1.46,한국무역보험공사_환율_20230718.csv
2017-08-31,2017,8,31,JPY,1017.44,-2.56,1.23,-3.04,한국무역보험공사_환율_20230718.csv
2017-09-01,2017,9,1,JPY,1022.94,-1.18,1.98,-2.31,한국무역보험공사_환율_20230718.csv
2017-09-04,2017,9,4,JPY,1022.45,-1.55,1.7,-2.03,한국무역보험공사_환율_20230718.csv
2017-09-05,2017,9,5,JPY,1031.5,0.24,2.23,-0.1,한국무역보험공사_환율_20230718.csv
2017-09-06,2017,9,6,JPY,1041.76,0.82,3.76,1.09,한국무역보험공사_환율_20230718.csv
2017-09-07,2017,9,7,JPY,1038.33,0.7,4.09,2.01,한국무역보험공사_환율_20230718.csv
2017-09-08,2017,9,8,JPY,1042.64,1.5,3.45,3.03,한국무역보험공사_환율_20230718.csv
2017-09-11,2017,9,11,JPY,1040.59,2.28,4.0,2.42,한국무역보험공사_환율_20230718.csv
2017-09-12,2017,9,12,JPY,1033.54,1.04,2.1,2.01,한국무역보험공사_환율_20230718.csv
2017-09-13,2017,9,13,JPY,1025.09,0.26,0.81,2.18,한국무역보험공사_환율_20230718.csv
2017-09-14,2017,9,14,JPY,1020.64,-1.05,0.74,1.72,한국무역보험공사_환율_20230718.csv
2017-09-15,2017,9,15,JPY,1028.94,-1.23,1.48,3.37,한국무역보험공사_환율_20230718.csv
2017-09-18,2017,9,18,JPY,1020.53,-1.71,-0.5,2.81,한국무역보험공사_환율_20230718.csv
2017-09-19,2017,9,19,JPY,1011.98,-2.94,-0.39,1.85,한국무역보험공사_환율_20230718.csv
2017-09-20,2017,9,20,JPY,1013.23,-2.63,-0.46,1.89,한국무역보험공사_환율_20230718.csv
2017-09-21,2017,9,21,JPY,1004.58,-2.8,-1.68,1.46,한국무역보험공사_환율_20230718.csv
2017-09-22,2017,9,22,JPY,1007.25,-1.74,-2.38,1.62,한국무역보험공사_환율_20230718.csv
2017-09-25,2017,9,25,JPY,1011.75,-0.87,-3.2,0.38,한국무역보험공사_환율_20230718.csv
2017-09-26,2017,9,26,JPY,1011.86,-1.66,-3.63,0.22,한국무역보험공사_환율_20230718.csv
2017-09-27,2017,9,27,JPY,1012.07,-0.83,-1.66,-0.21,한국무역보험공사_환율_20230718.csv
2017-09-28,2017,9,28,JPY,1009.7,-0.23,-2.46,0.4,한국무역보험공사_환율_20230718.csv
2017-09-29,2017,9,29,JPY,1020.42,0.71,-1.62,1.8,한국무역보험공사_환율_20230718.csv
2017-10-10,2017,10,10,JPY,1016.86,1.22,-2.59,0.72,한국무역보험공사_환율_20230718.csv
2017-10-11,2017,10,11,JPY,1012.99,0.57,-2.98,1.27,한국무역보험공사_환율_20230718.csv
2017-10-12,2017,10,12,JPY,1009.11,-0.26,-2.51,0.26,한국무역보험공사_환율_20230718.csv
2017-10-13,2017,10,13,JPY,1009.75,-0.21,-2.77,0.29,한국무역보험공사_환율_20230718.csv
2017-10-16,2017,10,16,JPY,1010.41,-0.16,-1.8,-0.38,한국무역보험공사_환율_20230718.csv
2017-10-17,2017,10,17,JPY,1004.5,-0.52,-2.78,-0.81,한국무역보험공사_환율_20230718.csv
2017-10-18,2017,10,18,JPY,1008.69,-1.15,-2.18,0.3,한국무역보험공사_환율_20230718.csv
2017-10-19,2017,10,19,JPY,1000.0,-1.66,-2.65,-1.49,한국무역보험공사_환율_20230718.csv
2017-10-20,2017,10,20,JPY,1005.73,-0.72,-1.15,-1.59,한국무역보험공사_환율_20230718.csv
2017-10-23,2017,10,23,JPY,994.33,-1.46,-2.8,-2.72,한국무역보험공사_환율_20230718.csv
2017-10-24,2017,10,24,JPY,998.24,-1.14,-2.37,-2.4,한국무역보험공사_환율_20230718.csv
2017-10-25,2017,10,25,JPY,990.26,-1.99,-4.0,-2.58,한국무역보험공사_환율_20230718.csv
2017-10-26,2017,10,26,JPY,992.92,-1.15,-4.69,-3.12,한국무역보험공사_환율_20230718.csv
2017-10-27,2017,10,27,JPY,985.58,-2.29,-5.08,-3.92,한국무역보험공사_환율_20230718.csv
2017-10-30,2017,10,30,JPY,993.58,-0.64,-4.71,-3.51,한국무역보험공사_환율_20230718.csv
2017-10-31,2017,10,31,JPY,994.17,-1.15,-4.46,-1.83,한국무역보험공사_환율_20230718.csv
2017-11-01,2017,11,1,JPY,986.49,-0.79,-4.55,-3.47,한국무역보험공사_환율_20230718.csv
2017-11-02,2017,11,2,JPY,978.58,-1.97,-4.54,-3.43,한국무역보험공사_환율_20230718.csv
2017-11-03,2017,11,3,JPY,976.11,-1.43,-4.36,-4.42,한국무역보험공사_환율_20230718.csv
2017-11-06,2017,11,6,JPY,974.47,-1.86,-5.29,-5.03,한국무역보험공사_환율_20230718.csv
2017-11-07,2017,11,7,JPY,981.24,-0.44,-3.85,-4.27,한국무역보험공사_환율_20230718.csv
2017-11-08,2017,11,8,JPY,976.59,-1.71,-3.5,-4.73,한국무역보험공사_환율_20230718.csv
2017-11-09,2017,11,9,JPY,978.53,-1.57,-3.42,-3.56,한국무역보험공사_환율_20230718.csv
2017-11-10,2017,11,10,JPY,982.45,-0.41,-2.2,-3.0,한국무역보험공사_환율_20230718.csv
2017-11-13,2017,11,13,JPY,983.1,0.46,-2.4,-3.27,한국무역보험공사_환율_20230718.csv
2017-11-14,2017,11,14,JPY,986.49,1.06,-2.5,-3.05,한국무역보험공사_환율_20230718.csv
2017-11-15,2017,11,15,JPY,985.98,1.18,-2.56,-3.17,한국무역보험공사_환율_20230718.csv
2017-11-16,2017,11,16,JPY,987.42,0.63,-2.44,-2.24,한국무역보험공사_환율_20230718.csv
2017-11-17,2017,11,17,JPY,976.17,-0.04,-3.32,-3.94,한국무역보험공사_환율_20230718.csv
2017-11-20,2017,11,20,JPY,977.83,-0.07,-4.17,-3.72,한국무역보험공사_환율_20230718.csv
2017-11-21,2017,11,21,JPY,976.19,-0.64,-4.0,-4.23,한국무역보험공사_환율_20230718.csv
2017-11-22,2017,11,22,JPY,975.77,-0.75,-3.67,-3.77,한국무역보험공사_환율_20230718.csv
2017-11-23,2017,11,23,JPY,981.08,-0.55,-2.78,-2.69,한국무역보험공사_환율_20230718.csv
2017-11-24,2017,11,24,JPY,978.29,-0.78,-3.12,-3.15,한국무역보험공사_환율_20230718.csv
2017-11-27,2017,11,27,JPY,971.66,-1.6,-3.84,-3.91,한국무역보험공사_환율_20230718.csv
2017-11-28,2017,11,28,JPY,979.33,0.32,-2.51,-2.38,한국무역보험공사_환율_20230718.csv
2017-11-29,2017,11,29,JPY,976.01,-0.19,-3.24,-3.36,한국무역보험공사_환율_20230718.csv
2017-11-30,2017,11,30,JPY,966.51,-0.99,-3.35,-3.51,한국무역보험공사_환율_20230718.csv
2017-12-01,2017,12,1,JPY,963.16,-1.29,-4.23,-4.17,한국무역보험공사_환율_20230718.csv
2017-12-04,2017,12,4,JPY,963.53,-1.79,-3.1,-3.94,한국무역보험공사_환율_20230718.csv
2017-12-05,2017,12,5,JPY,967.64,-1.09,-3.07,-3.75,한국무역보험공사_환율_20230718.csv
2017-12-06,2017,12,6,JPY,962.92,-0.9,-2.76,-4.56,한국무역보험공사_환율_20230718.csv
2017-12-07,2017,12,7,JPY,972.74,-0.67,-2.03,-3.11,한국무역보험공사_환율_20230718.csv
2017-12-08,2017,12,8,JPY,966.09,-1.02,-1.98,-3.15,한국무역보험공사_환율_20230718.csv
2017-12-11,2017,12,11,JPY,962.37,-0.43,-3.14,-4.51,한국무역보험공사_환율_20230718.csv
2017-12-12,2017,12,12,JPY,962.09,-0.11,-3.23,-3.84,한국무역보험공사_환율_20230718.csv
2017-12-13,2017,12,13,JPY,959.85,-0.38,-2.7,-5.18,한국무역보험공사_환율_20230718.csv
2017-12-14,2017,12,14,JPY,968.9,0.13,-0.99,-4.71,한국무역보험공사_환율_20230718.csv
2017-12-15,2017,12,15,JPY,967.5,0.48,-0.88,-4.51,한국무역보험공사_환율_20230718.csv
2017-12-18,2017,12,18,JPY,966.76,-0.61,-0.79,-4.65,한국무역보험공사_환율_20230718.csv
2017-12-19,2017,12,19,JPY,967.57,0.15,-1.39,-5.66,한국무역보험공사_환율_20230718.csv
2017-12-20,2017,12,20,JPY,962.79,0.04,-1.41,-5.23,한국무역보험공사_환율_20230718.csv
2017-12-21,2017,12,21,JPY,955.4,-0.7,-2.36,-6.14,한국무역보험공사_환율_20230718.csv
2017-12-22,2017,12,22,JPY,953.2,-0.69,-2.98,-6.71,한국무역보험공사_환율_20230718.csv
2017-12-26,2017,12,26,JPY,952.39,-1.7,-3.12,-7.69,한국무역보험공사_환율_20230718.csv
2017-12-27,2017,12,27,JPY,951.38,-1.67,-3.56,-8.98,한국무역보험공사_환율_20230718.csv
2017-12-28,2017,12,28,JPY,949.45,-1.79,-3.7,-9.57,한국무역보험공사_환율_20230718.csv
2017-12-29,2017,12,29,JPY,949.11,-1.91,-3.88,-7.78,한국무역보험공사_환율_20230718.csv
2018-01-02,2018,1,2,JPY,951.05,-1.22,-2.57,-8.13,한국무역보험공사_환율_20230718.csv
2018-01-03,2018,1,3,JPY,948.11,-0.76,-3.04,-8.59,한국무역보험공사_환율_20230718.csv
2018-01-04,2018,1,4,JPY,946.64,-0.69,-3.03,-9.32,한국무역보험공사_환율_20230718.csv
2018-01-05,2018,1,5,JPY,944.72,-0.81,-3.18,-9.52,한국무역보험공사_환율_20230718.csv
2018-01-08,2018,1,8,JPY,938.62,-1.34,-4.33,-9.32,한국무역보험공사_환율_20230718.csv
2018-01-09,2018,1,9,JPY,941.28,-0.86,-3.78,-9.37,한국무역보험공사_환율_20230718.csv
2018-01-10,2018,1,10,JPY,947.31,-0.19,-2.51,-7.94,한국무역보험공사_환율_20230718.csv
2018-01-11,2018,1,11,JPY,961.17,1.06,-1.85,-6.98,한국무역보험공사_환율_20230718.csv
2018-01-12,2018,1,12,JPY,962.66,1.53,-1.37,-6.64,한국무역보험공사_환율_20230718.csv
2018-01-15,2018,1,15,JPY,958.07,1.21,-0.87,-6.73,한국무역보험공사_환율_20230718.csv
2018-01-16,2018,1,16,JPY,960.02,1.62,-0.33,-5.64,한국무역보험공사_환율_20230718.csv
2018-01-17,2018,1,17,JPY,963.9,2.69,0.04,-5.77,한국무역보험공사_환율_20230718.csv
2018-01-18,2018,1,18,JPY,957.76,1.75,-1.02,-6.33,한국무역보험공사_환율_20230718.csv
2018-01-19,2018,1,19,JPY,963.38,1.7,0.05,-6.6,한국무역보험공사_환율_20230718.csv
2018-01-22,2018,1,22,JPY,964.62,0.36,-0.83,-7.4,한국무역보험공사_환율_20230718.csv
2018-01-23,2018,1,23,JPY,963.49,0.09,-0.27,-7.21,한국무역보험공사_환율_20230718.csv
2018-01-24,2018,1,24,JPY,970.12,1.26,0.81,-6.96,한국무역보험공사_환율_20230718.csv
2018-01-25,2018,1,25,JPY,980.49,2.13,1.91,-5.78,한국무역보험공사_환율_20230718.csv
2018-01-26,2018,1,26,JPY,968.48,0.48,0.9,-6.29,한국무역보험공사_환율_20230718.csv
2018-01-29,2018,1,29,JPY,979.85,2.31,1.13,-4.41,한국무역보험공사_환율_20230718.csv
2018-01-30,2018,1,30,JPY,977.46,1.46,1.03,-4.23,한국무역보험공사_환율_20230718.csv
2018-01-31,2018,1,31,JPY,985.02,2.11,1.89,-4.27,한국무역보험공사_환율_20230718.csv
2018-02-01,2018,2,1,JPY,980.68,1.78,1.35,-3.9,한국무역보험공사_환율_20230718.csv
2018-02-02,2018,2,2,JPY,978.62,0.88,1.64,-3.3,한국무역보험공사_환율_20230718.csv
2018-02-05,2018,2,5,JPY,977.26,-0.33,2.29,-3.55,한국무역보험공사_환율_20230718.csv
2018-02-06,2018,2,6,JPY,998.31,3.08,4.73,-0.62,한국무역보험공사_환율_20230718.csv
2018-02-07,2018,2,7,JPY,997.58,1.81,4.74,-0.96,한국무역보험공사_환율_20230718.csv
2018-02-08,2018,2,8,JPY,990.45,1.33,4.11,-2.11,한국무역보험공사_환율_20230718.csv
2018-02-09,2018,2,9,JPY,1000.78,1.6,5.41,-1.1,한국무역보험공사_환율_20230718.csv
2018-02-12,2018,2,12,JPY,1004.37,2.42,5.82,-0.76,한국무역보험공사_환율_20230718.csv
2018-02-13,2018,2,13,JPY,996.64,1.84,4.79,-1.29,한국무역보험공사_환율_20230718.csv
2018-02-14,2018,2,14,JPY,1004.13,2.75,5.91,-1.6,한국무역보험공사_환율_20230718.csv
2018-02-19,2018,2,19,JPY,1016.62,1.83,7.39,-0.02,한국무역보험공사_환율_20230718.csv
2018-02-20,2018,2,20,JPY,1001.74,0.42,6.04,-1.11,한국무역보험공사_환율_20230718.csv
2018-02-21,2018,2,21,JPY,997.39,0.7,6.26,-1.16,한국무역보험공사_환율_20230718.csv
2018-02-22,2018,2,22,JPY,998.0,-0.28,6.03,-1.16,한국무역보험공사_환율_20230718.csv
2018-02-23,2018,2,23,JPY,1015.04,1.06,7.15,0.46,한국무역보험공사_환율_20230718.csv
2018-02-26,2018,2,26,JPY,1008.42,1.18,4.92,0.39,한국무역보험공사_환율_20230718.csv
2018-02-27,2018,2,27,JPY,1003.22,-0.09,4.21,-0.54,한국무역보험공사_환율_20230718.csv
2018-02-28,2018,2,28,JPY,997.25,-1.91,4.09,-0.28,한국무역보험공사_환율_20230718.csv
2018-03-02,2018,3,2,JPY,1019.27,1.75,6.17,1.35,한국무역보험공사_환율_20230718.csv
2018-03-05,2018,3,5,JPY,1023.28,2.6,6.16,2.91,한국무역보험공사_환율_20230718.csv
2018-03-06,2018,3,6,JPY,1017.52,1.96,6.24,1.93,한국무역보험공사_환율_20230718.csv
2018-03-07,2018,3,7,JPY,1018.61,0.35,5.73,2.86,한국무역보험공사_환율_20230718.csv
2018-03-08,2018,3,8,JPY,1007.3,-0.11,4.42,1.45,한국무역보험공사_환율_20230718.csv
2018-03-09,2018,3,9,JPY,1005.03,0.18,4.31,1.97,한국무역보험공사_환율_20230718.csv
2018-03-12,2018,3,12,JPY,1000.05,0.28,3.09,0.65,한국무역보험공사_환율_20230718.csv
2018-03-13,2018,3,13,JPY,1000.52,-1.84,2.04,0.64,한국무역보험공사_환율_20230718.csv
2018-03-14,2018,3,14,JPY,1000.99,-2.18,3.36,1.47,한국무역보험공사_환율_20230718.csv
2018-03-15,2018,3,15,JPY,1002.78,-1.45,2.34,2.47,한국무역보험공사_환율_20230718.csv
2018-03-16,2018,3,16,JPY,1002.59,-1.57,2.57,2.71,한국무역보험공사_환율_20230718.csv
2018-03-19,2018,3,19,JPY,1009.2,0.19,2.45,3.56,한국무역보험공사_환율_20230718.csv
2018-03-20,2018,3,20,JPY,1010.14,0.51,3.0,2.95,한국무역보험공사_환율_20230718.csv
2018-03-21,2018,3,21,JPY,1005.4,0.53,2.74,2.95,한국무역보험공사_환율_20230718.csv
2018-03-22,2018,3,22,JPY,1011.42,1.09,3.5,3.36,한국무역보험공사_환율_20230718.csv
2018-03-23,2018,3,23,JPY,1019.6,1.86,2.13,3.78,한국무역보험공사_환율_20230718.csv
2018-03-26,2018,3,26,JPY,1031.49,2.86,3.4,4.92,한국무역보험공사_환율_20230718.csv
2018-03-27,2018,3,27,JPY,1025.47,2.28,3.54,3.95,한국무역보험공사_환율_20230718.csv
2018-03-28,2018,3,28,JPY,1017.36,0.81,1.66,3.18,한국무역보험공사_환율_20230718.csv
2018-03-29,2018,3,29,JPY,1001.17,-0.89,-0.32,1.39,한국무역보험공사_환율_20230718.csv
2018-03-30,2018,3,30,JPY,1001.46,-0.39,0.48,2.59,한국무역보험공사_환율_20230718.csv
2018-04-02,2018,4,2,JPY,1000.8,-1.05,-0.33,2.35,한국무역보험공사_환율_20230718.csv
2018-04-03,2018,4,3,JPY,999.67,-1.95,-1.67,2.41,한국무역보험공사_환율_20230718.csv
2018-04-04,2018,4,4,JPY,992.82,-3.75,-0.89,1.75,한국무역보험공사_환율_20230718.csv
2018-04-05,2018,4,5,JPY,990.68,-3.39,-0.67,0.98,한국무역보험공사_환율_20230718.csv
2018-04-06,2018,4,6,JPY,989.03,-2.78,-0.9,1.1,한국무역보험공사_환율_20230718.csv
2018-04-09,2018,4,9,JPY,997.52,-0.36,-1.73,2.66,한국무역보험공사_환율_20230718.csv
2018-04-10,2018,4,10,JPY,1000.33,-0.11,-0.8,2.14,한국무역보험공사_환율_20230718.csv
2018-04-11,2018,4,11,JPY,996.17,-0.46,-0.7,2.07,한국무역보험공사_환율_20230718.csv
2018-04-12,2018,4,12,JPY,998.27,-0.14,0.1,3.29,한국무역보험공사_환율_20230718.csv
2018-04-13,2018,4,13,JPY,996.5,0.37,-2.23,3.46,한국무역보험공사_환율_20230718.csv
2018-04-16,2018,4,16,JPY,994.75,0.41,-2.79,3.24,한국무역보험공사_환율_20230718.csv
2018-04-17,2018,4,17,JPY,1001.63,1.27,-1.56,3.51,한국무역보험공사_환율_20230718.csv
2018-04-18,2018,4,18,JPY,998.22,0.07,-2.0,3.67,한국무역보험공사_환율_20230718.csv
2018-04-19,2018,4,19,JPY,994.73,-0.56,-1.25,2.26,한국무역보험공사_환율_20230718.csv
2018-04-20,2018,4,20,JPY,990.32,-0.59,-1.46,2.51,한국무역보험공사_환율_20230718.csv
2018-04-23,2018,4,23,JPY,990.12,-0.82,-0.99,2.88,한국무역보험공사_환율_20230718.csv
2018-04-24,2018,4,24,JPY,983.35,-1.32,-1.72,2.21,한국무역보험공사_환율_20230718.csv
2018-04-25,2018,4,25,JPY,989.52,-0.53,-1.15,3.09,한국무역보험공사_환율_20230718.csv
2018-04-26,2018,4,26,JPY,985.79,-1.58,-1.69,1.74,한국무역보험공사_환율_20230718.csv
2018-04-27,2018,4,27,JPY,987.43,-1.08,-1.51,2.06,한국무역보험공사_환율_20230718.csv
2018-04-30,2018,4,30,JPY,985.94,-0.88,-2.3,1.98,한국무역보험공사_환율_20230718.csv
2018-05-02,2018,5,2,JPY,971.38,-1.91,-3.84,0.39,한국무역보험공사_환율_20230718.csv
2018-05-03,2018,5,3,JPY,978.83,-1.14,-2.64,1.67,한국무역보험공사_환율_20230718.csv
2018-05-04,2018,5,4,JPY,986.3,0.3,-2.48,3.23,한국무역보험공사_환율_20230718.csv
2018-05-08,2018,5,8,JPY,986.85,-0.27,-3.21,3.53,한국무역보험공사_환율_20230718.csv
2018-05-09,2018,5,9,JPY,988.49,0.27,-4.17,3.79,한국무역보험공사_환율_20230718.csv
2018-05-10,2018,5,10,JPY,985.46,-0.2,-3.9,3.58,한국무역보험공사_환율_20230718.csv
2018-05-11,2018,5,11,JPY,983.04,-0.29,-3.37,3.54,한국무역보험공사_환율_20230718.csv
2018-05-14,2018,5,14,JPY,977.23,0.6,-2.39,2.96,한국무역보험공사_환율_20230718.csv
2018-05-15,2018,5,15,JPY,972.07,-0.69,-2.93,2.21,한국무역보험공사_환율_20230718.csv
2018-05-16,2018,5,16,JPY,973.1,-1.34,-2.77,2.64,한국무역보험공사_환율_20230718.csv
2018-05-17,2018,5,17,JPY,977.84,-0.91,-2.18,3.3,한국무역보험공사_환율_20230718.csv
2018-05-18,2018,5,18,JPY,974.27,-1.44,-1.87,3.13,한국무역보험공사_환율_20230718.csv
2018-05-21,2018,5,21,JPY,974.33,-1.13,-1.65,3.8,한국무역보험공사_환율_20230718.csv
2018-05-23,2018,5,23,JPY,977.94,-0.52,-1.12,3.89,한국무역보험공사_환율_20230718.csv
2018-05-24,2018,5,24,JPY,980.59,0.34,-1.7,3.51,한국무역보험공사_환율_20230718.csv
2018-05-25,2018,5,25,JPY,988.19,1.66,-1.21,2.81,한국무역보험공사_환율_20230718.csv
2018-05-28,2018,5,28,JPY,983.81,1.1,-1.24,2.2,한국무역보험공사_환율_20230718.csv
2018-05-29,2018,5,29,JPY,980.49,0.27,-1.78,2.34,한국무역보험공사_환율_20230718.csv
2018-05-30,2018,5,30,JPY,991.39,1.76,-0.51,3.27,한국무역보험공사_환율_20230718.csv
2018-05-31,2018,5,31,JPY,993.98,2.02,-0.08,3.12,한국무역보험공사_환율_20230718.csv
2018-06-01,2018,6,1,JPY,989.61,1.19,-1.2,3.33,한국무역보험공사_환율_20230718.csv
2018-06-04,2018,6,4,JPY,982.51,0.2,-1.57,1.99,한국무역보험공사_환율_20230718.csv
2018-06-05,2018,6,5,JPY,974.21,-1.41,-2.06,0.99,한국무역보험공사_환율_20230718.csv
2018-06-07,2018,6,7,JPY,970.91,-1.31,-1.96,0.77,한국무역보험공사_환율_20230718.csv
2018-06-08,2018,6,8,JPY,973.78,-0.68,-1.65,0.38,한국무역보험공사_환율_20230718.csv
2018-06-11,2018,6,11,JPY,980.81,-1.07,-0.26,0.03,한국무역보험공사_환율_20230718.csv
2018-06-12,2018,6,12,JPY,974.18,-1.99,-1.55,0.59,한국무역보험공사_환율_20230718.csv
2018-06-14,2018,6,14,JPY,975.32,-1.44,-1.06,-0.46,한국무역보험공사_환율_20230718.csv
2018-06-15,2018,6,15,JPY,978.53,-0.41,-0.9,0.11,한국무역보험공사_환율_20230718.csv
2018-06-18,2018,6,18,JPY,986.84,1.3,0.09,0.18,한국무역보험공사_환율_20230718.csv
2018-06-19,2018,6,19,JPY,999.23,2.92,2.87,1.89,한국무역보험공사_환율_20230718.csv
2018-06-20,2018,6,20,JPY,1004.68,3.17,2.64,2.66,한국무역보험공사_환율_20230718.csv
2018-06-21,2018,6,21,JPY,1003.67,2.33,1.76,2.7,한국무역보험공사_환율_20230718.csv
2018-06-22,2018,6,22,JPY,1008.78,3.55,2.22,1.05,한국무역보험공사_환율_20230718.csv
2018-06-25,2018,6,25,JPY,1009.24,3.48,2.1,1.17,한국무역보험공사_환율_20230718.csv
2018-06-26,2018,6,26,JPY,1017.74,4.01,3.28,2.76,한국무역보험공사_환율_20230718.csv
2018-06-27,2018,6,27,JPY,1013.22,2.67,3.07,1.24,한국무역보험공사_환율_20230718.csv
2018-06-28,2018,6,28,JPY,1013.97,1.48,3.76,0.96,한국무역보험공사_환율_20230718.csv
2018-06-29,2018,6,29,JPY,1014.79,1.01,4.39,1.82,한국무역보험공사_환율_20230718.csv
2018-07-02,2018,7,2,JPY,1009.26,0.56,3.72,0.51,한국무역보험공사_환율_20230718.csv
2018-07-03,2018,7,3,JPY,1008.26,-0.05,3.11,-0.82,한국무역보험공사_환율_20230718.csv
2018-07-04,2018,7,4,JPY,1014.34,0.51,4.11,1.26,한국무역보험공사_환율_20230718.csv
2018-07-05,2018,7,5,JPY,1009.55,-0.8,3.61,1.22,한국무역보험공사_환율_20230718.csv
2018-07-06,2018,7,6,JPY,1010.85,-0.23,3.37,1.29,한국무역보험공사_환율_20230718.csv
2018-07-09,2018,7,9,JPY,1012.22,-0.17,3.23,-0.28,한국무역보험공사_환율_20230718.csv
2018-07-10,2018,7,10,JPY,1003.2,-1.14,1.52,-0.52,한국무역보험공사_환율_20230718.csv
2018-07-11,2018,7,11,JPY,1004.28,-0.49,2.08,0.11,한국무역보험공사_환율_20230718.csv
2018-07-12,2018,7,12,JPY,1001.16,-0.7,2.11,0.39,한국무역보험공사_환율_20230718.csv
2018-07-13,2018,7,13,JPY,1001.55,-1.26,1.02,-1.74,한국무역보험공사_환율_20230718.csv
2018-07-16,2018,7,16,JPY,999.07,-1.04,0.51,-2.37,한국무역보험공사_환율_20230718.csv
2018-07-17,2018,7,17,JPY,1004.63,-0.62,1.52,-1.27,한국무역보험공사_환율_20230718.csv
2018-07-18,2018,7,18,JPY,995.84,-1.62,1.36,-2.24,한국무역보험공사_환율_20230718.csv
2018-07-19,2018,7,19,JPY,1000.31,-0.29,2.68,-0.69,한국무역보험공사_환율_20230718.csv
2018-07-20,2018,7,20,JPY,1005.91,0.16,3.6,0.09,한국무역보험공사_환율_20230718.csv
2018-07-23,2018,7,23,JPY,1019.91,1.87,4.74,1.99,한국무역보험공사_환율_20230718.csv
2018-07-24,2018,7,24,JPY,1012.79,1.12,3.26,1.23,한국무역보험공사_환율_20230718.csv
2018-07-25,2018,7,25,JPY,1020.63,2.16,4.77,1.96,한국무역보험공사_환율_20230718.csv
2018-07-26,2018,7,26,JPY,1016.73,1.2,4.25,1.39,한국무역보험공사_환율_20230718.csv
2018-07-27,2018,7,27,JPY,1006.52,1.07,2.86,0.39,한국무역보험공사_환율_20230718.csv
2018-07-30,2018,7,30,JPY,1009.46,0.91,2.29,0.03,한국무역보험공사_환율_20230718.csv
2018-07-31,2018,7,31,JPY,1005.95,0.0,0.67,-0.41,한국무역보험공사_환율_20230718.csv
2018-08-01,2018,8,1,JPY,1000.22,-1.93,-0.44,-0.52,한국무역보험공사_환율_20230718.csv
2018-08-02,2018,8,2,JPY,1002.51,-1.02,-0.12,-0.88,한국무역보험공사_환율_20230718.csv
2018-08-03,2018,8,3,JPY,1005.6,-1.47,-0.32,-1.37,한국무역보험공사_환율_20230718.csv
2018-08-06,2018,8,6,JPY,1014.16,-0.25,0.49,-1.68,한국무역보험공사_환율_20230718.csv
2018-08-07,2018,8,7,JPY,1009.07,0.25,-0.85,-1.6,한국무역보험공사_환율_20230718.csv
2018-08-08,2018,8,8,JPY,1010.82,0.13,-0.24,-0.64,한국무역보험공사_환율_20230718.csv
2018-08-09,2018,8,9,JPY,1008.84,0.29,-0.51,0.77,한국무역보험공사_환율_20230718.csv
2018-08-10,2018,8,10,JPY,1005.62,0.54,-0.9,0.42,한국무역보험공사_환율_20230718.csv
2018-08-13,2018,8,13,JPY,1018.22,1.57,0.89,1.74,한국무역보험공사_환율_20230718.csv
2018-08-14,2018,8,14,JPY,1024.3,1.86,1.59,2.46,한국무역보험공사_환율_20230718.csv
2018-08-16,2018,8,16,JPY,1023.41,0.91,0.89,3.08,한국무역보험공사_환율_20230718.csv
2018-08-17,2018,8,17,JPY,1019.02,0.99,0.94,2.86,한국무역보험공사_환율_20230718.csv
2018-08-20,2018,8,20,JPY,1018.5,0.76,0.76,2.98,한국무역보험공사_환율_20230718.csv
2018-08-21,2018,8,21,JPY,1020.14,1.12,0.78,2.27,한국무역보험공사_환율_20230718.csv
2018-08-22,2018,8,22,JPY,1015.58,0.99,1.23,1.52,한국무역보험공사_환율_20230718.csv
2018-08-23,2018,8,23,JPY,1011.94,-0.62,0.76,1.58,한국무역보험공사_환율_20230718.csv
2018-08-24,2018,8,24,JPY,1006.51,-1.74,0.53,0.83,한국무역보험공사_환율_20230718.csv
2018-08-27,2018,8,27,JPY,1008.22,-1.48,0.67,1.18,한국무역보험공사_환율_20230718.csv
2018-08-28,2018,8,28,JPY,1002.47,-1.62,0.34,0.78,한국무역보험공사_환율_20230718.csv
2018-08-29,2018,8,29,JPY,998.47,-1.97,-0.61,-0.32,한국무역보험공사_환율_20230718.csv
2018-08-30,2018,8,30,JPY,992.35,-2.72,-0.35,-0.59,한국무역보험공사_환율_20230718.csv
2018-08-31,2018,8,31,JPY,998.65,-1.67,-0.17,0.39,한국무역보험공사_환율_20230718.csv
2018-09-03,2018,9,3,JPY,1001.75,-1.01,-0.41,1.15,한국무역보험공사_환율_20230718.csv
2018-09-04,2018,9,4,JPY,1002.39,-0.41,-1.72,1.24,한국무역보험공사_환율_20230718.csv
2018-09-05,2018,9,5,JPY,999.46,-0.87,-1.32,1.64,한국무역보험공사_환율_20230718.csv
2018-09-06,2018,9,6,JPY,1002.42,-0.0,-1.78,1.3,한국무역보험공사_환율_20230718.csv
2018-09-07,2018,9,7,JPY,1013.15,1.47,-0.35,2.78,한국무역보험공사_환율_20230718.csv
2018-09-10,2018,9,10,JPY,1012.03,1.98,0.55,2.49,한국무역보험공사_환율_20230718.csv
2018-09-11,2018,9,11,JPY,1014.98,1.64,0.55,2.95,한국무역보험공사_환율_20230718.csv
2018-09-12,2018,9,12,JPY,1009.54,0.78,0.36,3.93,한국무역보험공사_환율_20230718.csv
2018-09-13,2018,9,13,JPY,1013.39,1.1,1.32,3.53,한국무역보험공사_환율_20230718.csv
2018-09-14,2018,9,14,JPY,1000.94,0.15,-0.16,1.48,한국무역보험공사_환율_20230718.csv
2018-09-17,2018,9,17,JPY,999.42,-0.3,-0.61,1.27,한국무역보험공사_환율_20230718.csv
2018-09-18,2018,9,18,JPY,1008.15,-0.49,-0.59,1.99,한국무역보험공사_환율_20230718.csv
2018-09-19,2018,9,19,JPY,1002.49,-0.94,-0.65,1.73,한국무역보험공사_환율_20230718.csv
2018-09-20,2018,9,20,JPY,1000.04,-1.47,-1.07,1.73,한국무역보험공사_환율_20230718.csv
2018-09-21,2018,9,21,JPY,995.73,-1.37,-1.3,1.89,한국무역보험공사_환율_20230718.csv
2018-09-27,2018,9,27,JPY,990.2,-2.29,-1.53,1.87,한국무역보험공사_환율_20230718.csv
2018-09-28,2018,9,28,JPY,981.17,-1.98,-3.64,0.83,한국무역보험공사_환율_20230718.csv
2018-10-01,2018,10,1,JPY,975.79,-2.36,-4.74,-0.21,한국무역보험공사_환율_20230718.csv
2018-10-02,2018,10,2,JPY,974.43,-3.34,-4.79,0.02,한국무역보험공사_환율_20230718.csv
2018-10-04,2018,10,4,JPY,975.15,-2.73,-4.31,0.08,한국무역보험공사_환율_20230718.csv
2018-10-05,2018,10,5,JPY,990.87,-0.92,-2.71,1.32,한국무역보험공사_환율_20230718.csv
2018-10-08,2018,10,8,JPY,994.33,-0.14,-2.53,1.4,한국무역보험공사_환율_20230718.csv
2018-10-10,2018,10,10,JPY,1001.24,1.11,-1.41,1.32,한국무역보험공사_환율_20230718.csv
2018-10-11,2018,10,11,JPY,1008.86,2.82,-0.3,2.55,한국무역보험공사_환율_20230718.csv
2018-10-12,2018,10,12,JPY,1018.91,4.42,1.23,3.92,한국무역보험공사_환율_20230718.csv
2018-10-15,2018,10,15,JPY,1010.21,3.67,0.2,1.9,한국무역보험공사_환율_20230718.csv
2018-10-16,2018,10,16,JPY,1013.82,3.97,1.13,2.0,한국무역보험공사_환율_20230718.csv
2018-10-17,2018,10,17,JPY,1004.59,1.38,0.61,1.51,한국무역보험공사_환율_20230718.csv
2018-10-18,2018,10,18,JPY,998.89,0.46,0.66,1.67,한국무역보험공사_환율_20230718.csv
2018-10-19,2018,10,19,JPY,1009.4,0.81,1.08,3.61,한국무역보험공사_환율_20230718.csv
2018-10-22,2018,10,22,JPY,1008.67,-0.02,0.69,3.89,한국무역보험공사_환율_20230718.csv
2018-10-23,2018,10,23,JPY,1002.35,-1.63,-0.0,2.93,한국무역보험공사_환율_20230718.csv
2018-10-24,2018,10,24,JPY,1010.32,0.01,1.09,3.01,한국무역보험공사_환율_20230718.csv
2018-10-25,2018,10,25,JPY,1009.95,-0.38,0.75,3.67,한국무역보험공사_환율_20230718.csv
2018-10-26,2018,10,26,JPY,1013.13,0.85,-0.0,3.88,한국무역보험공사_환율_20230718.csv
2018-10-29,2018,10,29,JPY,1019.21,2.03,0.71,4.16,한국무역보험공사_환율_20230718.csv
2018-10-30,2018,10,30,JPY,1013.26,0.38,-0.17,2.68,한국무역보험공사_환율_20230718.csv
2018-10-31,2018,10,31,JPY,1008.89,0.02,-0.06,0.97,한국무역보험공사_환율_20230718.csv
2018-11-01,2018,11,1,JPY,1009.08,0.67,-0.43,0.44,한국무역보험공사_환율_20230718.csv
2018-11-02,2018,11,2,JPY,1010.96,0.06,1.0,0.73,한국무역보험공사_환율_20230718.csv
2018-11-05,2018,11,5,JPY,994.57,-1.52,-0.49,-1.41,한국무역보험공사_환율_20230718.csv
2018-11-06,2018,11,6,JPY,991.57,-2.13,-1.64,-1.75,한국무역보험공사_환율_20230718.csv
2018-11-07,2018,11,7,JPY,989.38,-2.93,-1.31,-2.79,한국무역보험공사_환율_20230718.csv
2018-11-08,2018,11,8,JPY,987.36,-2.56,-1.27,-2.55,한국무역보험공사_환율_20230718.csv
2018-11-09,2018,11,9,JPY,980.75,-2.79,-1.5,-3.28,한국무역보험공사_환율_20230718.csv
2018-11-12,2018,11,12,JPY,988.54,-2.04,-0.17,-2.59,한국무역보험공사_환율_20230718.csv
2018-11-13,2018,11,13,JPY,994.68,-1.61,1.38,-1.44,한국무역보험공사_환율_20230718.csv
2018-11-14,2018,11,14,JPY,998.15,0.36,2.29,-1.0,한국무역보험공사_환율_20230718.csv
2018-11-15,2018,11,15,JPY,996.74,0.52,2.29,-1.74,한국무역보험공사_환율_20230718.csv
2018-11-16,2018,11,16,JPY,995.25,0.59,2.06,-1.42,한국무역보험공사_환율_20230718.csv
2018-11-19,2018,11,19,JPY,1001.02,1.38,1.02,-0.97,한국무역보험공사_환율_20230718.csv
2018-11-20,2018,11,20,JPY,1002.31,2.2,0.8,-0.98,한국무역보험공사_환율_20230718.csv
2018-11-21,2018,11,21,JPY,1000.4,1.2,-0.08,-0.28,한국무역보험공사_환율_20230718.csv
2018-11-22,2018,11,22,JPY,1000.49,0.58,-0.83,-0.38,한국무역보험공사_환율_20230718.csv
2018-11-23,2018,11,23,JPY,999.34,0.12,-1.92,-0.18,한국무역보험공사_환율_20230718.csv
2018-11-26,2018,11,26,JPY,1001.11,0.44,-0.9,-0.04,한국무역보험공사_환율_20230718.csv
2018-11-27,2018,11,27,JPY,994.94,-0.03,-1.86,-0.41,한국무역보험공사_환율_20230718.csv
2018-11-28,2018,11,28,JPY,993.06,-0.8,-1.15,-1.15,한국무역보험공사_환율_20230718.csv
2018-11-29,2018,11,29,JPY,993.79,-0.85,-0.51,-0.21,한국무역보험공사_환율_20230718.csv
2018-11-30,2018,11,30,JPY,988.98,-1.14,-2.02,-1.13,한국무역보험공사_환율_20230718.csv
2018-12-03,2018,12,3,JPY,984.4,-1.61,-2.41,-2.14,한국무역보험공사_환율_20230718.csv
2018-12-04,2018,12,4,JPY,980.33,-1.9,-2.2,-3.88,한국무역보험공사_환율_20230718.csv
2018-12-05,2018,12,5,JPY,984.65,-1.64,-2.54,-2.78,한국무역보험공사_환율_20230718.csv
2018-12-06,2018,12,6,JPY,984.4,-1.06,-2.53,-3.55,한국무역보험공사_환율_20230718.csv
2018-12-07,2018,12,7,JPY,991.97,-0.11,-2.09,-2.44,한국무역보험공사_환율_20230718.csv
2018-12-10,2018,12,10,JPY,993.78,-0.0,-2.5,-1.27,한국무역보험공사_환율_20230718.csv
2018-12-11,2018,12,11,JPY,993.16,0.42,-1.98,-1.61,한국무역보험공사_환율_20230718.csv
2018-12-12,2018,12,12,JPY,995.99,1.18,-1.28,-0.99,한국무역보험공사_환율_20230718.csv
2018-12-13,2018,12,13,JPY,995.98,1.6,-1.3,-0.42,한국무역보험공사_환율_20230718.csv
2018-12-14,2018,12,14,JPY,989.44,0.49,-2.13,-1.3,한국무역보험공사_환율_20230718.csv
2018-12-17,2018,12,17,JPY,996.34,1.21,0.18,-0.92,한국무역보험공사_환율_20230718.csv
2018-12-18,2018,12,18,JPY,1003.15,1.13,1.17,-1.09,한국무역보험공사_환율_20230718.csv
2018-12-19,2018,12,19,JPY,1004.94,1.12,1.57,-0.41,한국무역보험공사_환율_20230718.csv
2018-12-20,2018,12,20,JPY,1001.11,0.8,1.39,-0.96,한국무역보험공사_환율_20230718.csv
2018-12-21,2018,12,21,JPY,1015.02,1.91,3.49,0.61,한국무역보험공사_환율_20230718.csv
2018-12-24,2018,12,24,JPY,1011.84,1.59,2.36,0.62,한국무역보험공사_환율_20230718.csv
2018-12-26,2018,12,26,JPY,1021.42,3.23,2.69,0.31,한국무역보험공사_환율_20230718.csv
2018-12-27,2018,12,27,JPY,1012.23,1.59,1.41,-1.18,한국무역보험공사_환율_20230718.csv
2018-12-28,2018,12,28,JPY,1010.95,0.78,1.43,-1.22,한국무역보험공사_환율_20230718.csv
2018-12-31,2018,12,31,JPY,1013.18,0.82,1.8,-0.57,한국무역보험공사_환율_20230718.csv
2019-01-02,2019,1,2,JPY,1019.47,1.83,1.84,0.1,한국무역보험공사_환율_20230718.csv
2019-01-03,2019,1,3,JPY,1044.87,2.94,4.25,2.42,한국무역보험공사_환율_20230718.csv
2019-01-04,2019,1,4,JPY,1046.36,3.41,4.59,3.03,한국무역보험공사_환율_20230718.csv
2019-01-07,2019,1,7,JPY,1038.34,1.66,3.78,2.61,한국무역보험공사_환율_20230718.csv
2019-01-08,2019,1,8,JPY,1028.85,1.64,2.95,2.22,한국무역보험공사_환율_20230718.csv
2019-01-09,2019,1,9,JPY,1031.31,2.01,3.02,2.29,한국무역보험공사_환율_20230718.csv
2019-01-10,2019,1,10,JPY,1036.89,2.34,4.22,3.43,한국무역보험공사_환율_20230718.csv
2019-01-11,2019,1,11,JPY,1031.96,1.23,3.92,3.35,한국무역보험공사_환율_20230718.csv
2019-01-14,2019,1,14,JPY,1030.28,-1.4,3.67,3.82,한국무역보험공사_환율_20230718.csv
2019-01-15,2019,1,15,JPY,1036.75,-0.92,4.83,3.82,한국무역보험공사_환율_20230718.csv
2019-01-16,2019,1,16,JPY,1030.97,-0.71,4.73,2.92,한국무역보험공사_환율_20230718.csv
2019-01-17,2019,1,17,JPY,1028.65,-0.02,4.93,2.62,한국무역보험공사_환율_20230718.csv
2019-01-18,2019,1,18,JPY,1027.35,-0.38,4.34,2.79,한국무역보험공사_환율_20230718.csv
2019-01-21,2019,1,21,JPY,1021.87,-1.45,3.81,1.94,한국무역보험공사_환율_20230718.csv
2019-01-22,2019,1,22,JPY,1027.36,-0.45,3.57,1.4,한국무역보험공사_환율_20230718.csv
2019-01-23,2019,1,23,JPY,1033.66,0.33,4.01,2.14,한국무역보험공사_환율_20230718.csv
2019-01-24,2019,1,24,JPY,1029.71,-0.68,3.68,1.45,한국무역보험공사_환율_20230718.csv
2019-01-25,2019,1,25,JPY,1029.81,-0.11,3.4,2.01,한국무역보험공사_환율_20230718.csv
2019-01-28,2019,1,28,JPY,1026.97,-0.16,3.11,1.34,한국무역보험공사_환율_20230718.csv
2019-01-29,2019,1,29,JPY,1022.19,-0.5,3.31,2.12,한국무역보험공사_환율_20230718.csv
2019-01-30,2019,1,30,JPY,1021.8,-0.01,2.56,2.24,한국무역보험공사_환율_20230718.csv
2019-01-31,2019,1,31,JPY,1024.81,-0.25,2.16,1.65,한국무역보험공사_환율_20230718.csv
2019-02-01,2019,2,1,JPY,1021.36,-1.19,1.63,1.88,한국무역보험공사_환율_20230718.csv
2019-02-07,2019,2,7,JPY,1015.97,-1.33,1.48,1.59,한국무역보험공사_환율_20230718.csv
2019-02-08,2019,2,8,JPY,1023.09,-0.65,0.8,2.75,한국무역보험공사_환율_20230718.csv
2019-02-11,2019,2,11,JPY,1023.9,-0.3,1.19,3.4,한국무역보험공사_환율_20230718.csv
2019-02-12,2019,2,12,JPY,1018.25,-0.39,-0.31,3.78,한국무역보험공사_환율_20230718.csv
2019-02-13,2019,2,13,JPY,1018.15,-0.36,0.58,4.34,한국무역보험공사_환율_20230718.csv
2019-02-14,2019,2,14,JPY,1010.77,-1.37,-0.02,3.73,한국무역보험공사_환율_20230718.csv
2019-02-15,2019,2,15,JPY,1018.05,-0.32,0.48,4.4,한국무역보험공사_환율_20230718.csv
2019-02-18,2019,2,18,JPY,1020.31,0.43,0.08,2.97,한국무역보험공사_환율_20230718.csv
2019-02-19,2019,2,19,JPY,1016.95,-0.6,-2.67,2.27,한국무역보험공사_환율_20230718.csv
2019-02-20,2019,2,20,JPY,1019.72,-0.41,-2.55,1.85,한국무역보험공사_환율_20230718.csv
2019-02-21,2019,2,21,JPY,1012.95,-0.52,-2.45,0.41,한국무역보험공사_환율_20230718.csv
2019-02-22,2019,2,22,JPY,1015.95,-0.22,-1.25,-0.29,한국무역보험공사_환율_20230718.csv
2019-02-25,2019,2,25,JPY,1016.2,0.54,-1.47,0.59,한국무역보험공사_환율_20230718.csv
2019-02-26,2019,2,26,JPY,1009.23,-0.87,-2.67,-0.45,한국무역보험공사_환율_20230718.csv
2019-02-27,2019,2,27,JPY,1011.62,-0.85,-1.97,0.7,한국무역보험공사_환율_20230718.csv
2019-02-28,2019,2,28,JPY,1007.62,-0.92,-2.2,0.87,한국무역보험공사_환율_20230718.csv
2019-03-04,2019,3,4,JPY,1000.49,-1.89,-3.5,-0.88,한국무역보험공사_환율_20230718.csv
2019-03-05,2019,3,5,JPY,1006.85,-0.6,-2.34,-0.18,한국무역보험공사_환율_20230718.csv
2019-03-06,2019,3,6,JPY,1006.21,-0.96,-2.18,0.39,한국무역보험공사_환율_20230718.csv
2019-03-07,2019,3,7,JPY,1009.53,-0.66,-1.73,-0.08,한국무역보험공사_환율_20230718.csv
2019-03-08,2019,3,8,JPY,1011.16,0.19,-1.05,0.12,한국무역보험공사_환율_20230718.csv
2019-03-11,2019,3,11,JPY,1020.38,0.87,-0.68,0.72,한국무역보험공사_환율_20230718.csv
2019-03-12,2019,3,12,JPY,1019.45,1.17,-1.37,0.02,한국무역보험공사_환율_20230718.csv
2019-03-13,2019,3,13,JPY,1014.33,1.38,-1.49,0.11,한국무역보험공사_환율_20230718.csv
2019-03-14,2019,3,14,JPY,1017.4,1.05,-1.21,0.84,한국무역보험공사_환율_20230718.csv
2019-03-15,2019,3,15,JPY,1013.96,0.77,-1.27,0.48,한국무역보험공사_환율_20230718.csv
2019-03-18,2019,3,18,JPY,1018.88,0.93,-0.32,0.78,한국무역보험공사_환율_20230718.csv
2019-03-19,2019,3,19,JPY,1017.82,0.66,-0.39,2.34,한국무역보험공사_환율_20230718.csv
2019-03-20,2019,3,20,JPY,1015.49,-0.48,-0.91,2.41,한국무역보험공사_환율_20230718.csv
2019-03-21,2019,3,21,JPY,1021.37,0.19,0.0,3.23,한국무역보험공사_환율_20230718.csv
2019-03-22,2019,3,22,JPY,1016.39,0.2,0.04,2.94,한국무역보험공사_환율_20230718.csv
2019-03-25,2019,3,25,JPY,1026.58,0.9,0.34,4.67,한국무역보험공사_환율_20230718.csv
2019-03-26,2019,3,26,JPY,1031.31,1.71,0.72,4.33,한국무역보험공사_환율_20230718.csv
2019-03-27,2019,3,27,JPY,1024.29,0.53,0.59,2.98,한국무역보험공사_환율_20230718.csv
2019-03-28,2019,3,28,JPY,1026.92,0.89,0.86,2.88,한국무역보험공사_환율_20230718.csv
2019-03-29,2019,3,29,JPY,1028.24,1.26,1.73,3.16,한국무역보험공사_환율_20230718.csv
2019-04-01,2019,4,1,JPY,1024.11,0.27,0.6,2.9,한국무역보험공사_환율_20230718.csv
2019-04-02,2019,4,2,JPY,1016.7,0.03,-0.35,1.57,한국무역보험공사_환율_20230718.csv
2019-04-03,2019,4,3,JPY,1020.26,-0.62,0.33,1.79,한국무역보험공사_환율_20230718.csv
2019-04-04,2019,4,4,JPY,1018.26,-1.27,-0.14,1.79,한국무역보험공사_환율_20230718.csv
2019-04-05,2019,4,5,JPY,1017.06,-0.71,0.41,1.66,한국무역보험공사_환율_20230718.csv
2019-04-08,2019,4,8,JPY,1017.5,-0.92,0.15,1.82,한국무역보험공사_환율_20230718.csv
2019-04-09,2019,4,9,JPY,1024.09,-0.4,0.78,2.3,한국무역보험공사_환율_20230718.csv
2019-04-10,2019,4,10,JPY,1028.21,0.4,1.88,3.34,한국무역보험공사_환율_20230718.csv
2019-04-11,2019,4,11,JPY,1028.71,1.18,1.69,3.59,한국무역보험공사_환율_20230718.csv
2019-04-12,2019,4,12,JPY,1020.56,0.03,1.28,2.69,한국무역보험공사_환율_20230718.csv
2019-04-15,2019,4,15,JPY,1018.17,-0.01,1.77,2.95,한국무역보험공사_환율_20230718.csv
2019-04-16,2019,4,16,JPY,1012.55,-0.44,0.57,2.86,한국무역보험공사_환율_20230718.csv
2019-04-17,2019,4,17,JPY,1013.97,-0.35,0.77,3.43,한국무역보험공사_환율_20230718.csv
2019-04-18,2019,4,18,JPY,1013.97,-0.99,0.44,2.98,한국무역보험공사_환율_20230718.csv
2019-04-19,2019,4,19,JPY,1014.74,-1.31,0.35,3.08,한국무역보험공사_환율_20230718.csv
2019-04-22,2019,4,22,JPY,1016.04,-1.23,-0.43,2.43,한국무역보험공사_환율_20230718.csv
2019-04-23,2019,4,23,JPY,1019.07,-0.15,-0.04,2.54,한국무역보험공사_환율_20230718.csv
2019-04-24,2019,4,24,JPY,1020.07,0.19,0.57,2.71,한국무역보험공사_환율_20230718.csv
2019-04-25,2019,4,25,JPY,1022.6,0.99,0.51,2.67,한국무역보험공사_환율_20230718.csv
2019-04-26,2019,4,26,JPY,1038.77,2.45,2.45,4.3,한국무역보험공사_환율_20230718.csv
2019-04-29,2019,4,29,JPY,1039.16,2.48,1.99,5.03,한국무역보험공사_환율_20230718.csv
2019-04-30,2019,4,30,JPY,1037.02,2.2,1.89,4.08,한국무역보험공사_환율_20230718.csv
2019-05-02,2019,5,2,JPY,1044.38,2.79,2.84,4.11,한국무역보험공사_환율_20230718.csv
2019-05-03,2019,5,3,JPY,1043.72,2.42,2.19,3.86,한국무역보험공사_환율_20230718.csv
2019-05-07,2019,5,7,JPY,1055.84,3.51,3.88,5.47,한국무역보험공사_환율_20230718.csv
2019-05-08,2019,5,8,JPY,1061.09,3.76,3.36,4.54,한국무역보험공사_환율_20230718.csv
2019-05-09,2019,5,9,JPY,1063.01,2.33,3.07,5.06,한국무역보험공사_환율_20230718.csv
2019-05-10,2019,5,10,JPY,1071.39,3.1,4.6,4.89,한국무역보험공사_환율_20230718.csv
2019-05-13,2019,5,13,JPY,1073.29,3.5,4.52,6.03,한국무역보험공사_환율_20230718.csv
2019-05-14,2019,5,14,JPY,1083.08,3.71,5.33,7.13,한국무역보험공사_환율_20230718.csv
2019-05-15,2019,5,15,JPY,1082.58,3.72,5.71,6.85,한국무역보험공사_환율_20230718.csv
2019-05-16,2019,5,16,JPY,1085.96,2.85,6.81,6.52,한국무역보험공사_환율_20230718.csv
2019-05-17,2019,5,17,JPY,1083.06,2.07,6.16,3.66,한국무역보험공사_환율_20230718.csv
2019-05-20,2019,5,20,JPY,1083.63,1.94,6.42,3.56,한국무역보험공사_환율_20230718.csv
2019-05-21,2019,5,21,JPY,1083.91,1.17,6.57,4.39,한국무역보험공사_환율_20230718.csv
2019-05-22,2019,5,22,JPY,1079.27,0.56,6.07,4.9,한국무역보험공사_환율_20230718.csv
2019-05-23,2019,5,23,JPY,1083.29,0.02,5.78,5.04,한국무역보험공사_환율_20230718.csv
2019-05-24,2019,5,24,JPY,1087.41,0.45,5.76,4.87,한국무역보험공사_환율_20230718.csv
2019-05-27,2019,5,27,JPY,1087.63,0.15,5.73,5.39,한국무역보험공사_환율_20230718.csv
2019-05-28,2019,5,28,JPY,1080.97,-0.19,5.92,4.92,한국무역보험공사_환율_20230718.csv
2019-05-29,2019,5,29,JPY,1085.9,0.21,6.65,4.74,한국무역보험공사_환율_20230718.csv
2019-05-30,2019,5,30,JPY,1088.59,0.43,7.51,5.59,한국무역보험공사_환율_20230718.csv
2019-05-31,2019,5,31,JPY,1085.82,0.61,7.09,5.56,한국무역보험공사_환율_20230718.csv
2019-06-03,2019,6,3,JPY,1100.36,1.58,8.52,7.11,한국무역보험공사_환율_20230718.csv
2019-06-04,2019,6,4,JPY,1095.62,0.76,7.97,7.22,한국무역보험공사_환율_20230718.csv
2019-06-05,2019,6,5,JPY,1091.81,0.38,7.46,6.27,한국무역보험공사_환율_20230718.csv
2019-06-07,2019,6,7,JPY,1087.87,0.64,6.75,5.24,한국무역보험공사_환율_20230718.csv
2019-06-10,2019,6,10,JPY,1087.55,0.15,6.62,5.62,한국무역보험공사_환율_20230718.csv
2019-06-11,2019,6,11,JPY,1092.1,0.32,6.8,6.05,한국무역보험공사_환율_20230718.csv
2019-06-12,2019,6,12,JPY,1088.67,0.26,4.8,6.01,한국무역보험공사_환율_20230718.csv
2019-06-13,2019,6,13,JPY,1089.38,-1.0,4.83,6.57,한국무역보험공사_환율_20230718.csv
2019-06-14,2019,6,14,JPY,1093.45,-0.2,5.44,7.01,한국무역보험공사_환율_20230718.csv
2019-06-17,2019,6,17,JPY,1090.79,-0.09,4.44,6.44,한국무역보험공사_환율_20230718.csv
2019-06-18,2019,6,18,JPY,1092.81,0.45,4.7,7.0,한국무역보험공사_환율_20230718.csv
2019-06-19,2019,6,19,JPY,1092.12,0.42,3.44,7.5,한국무역보험공사_환율_20230718.csv
2019-06-20,2019,6,20,JPY,1089.16,-0.27,2.65,6.46,한국무역보험공사_환율_20230718.csv
2019-06-21,2019,6,21,JPY,1087.9,-0.07,2.34,6.25,한국무역보험공사_환율_20230718.csv
2019-06-24,2019,6,24,JPY,1082.19,-0.66,1.01,6.28,한국무역보험공사_환율_20230718.csv
2019-06-25,2019,6,25,JPY,1078.97,-1.32,0.53,5.97,한국무역보험공사_환율_20230718.csv
2019-06-26,2019,6,26,JPY,1077.35,-1.23,-0.53,6.59,한국무역보험공사_환율_20230718.csv
2019-06-27,2019,6,27,JPY,1075.0,-1.63,-0.7,5.59,한국무역보험공사_환율_20230718.csv
2019-06-28,2019,6,28,JPY,1073.35,-1.72,-1.16,5.2,한국무역보험공사_환율_20230718.csv
2019-07-01,2019,7,1,JPY,1066.74,-2.06,-1.51,4.9,한국무역보험공사_환율_20230718.csv
2019-07-02,2019,7,2,JPY,1066.8,-1.94,-1.55,4.62,한국무역보험공사_환율_20230718.csv
2019-07-03,2019,7,3,JPY,1079.97,-0.21,-0.36,6.62,한국무역보험공사_환율_20230718.csv
2019-07-04,2019,7,4,JPY,1085.87,0.64,0.61,6.88,한국무역보험공사_환율_20230718.csv
2019-07-05,2019,7,5,JPY,1084.6,0.67,0.12,6.73,한국무역보험공사_환율_20230718.csv
2019-07-08,2019,7,8,JPY,1078.56,0.33,-0.81,6.87,한국무역보험공사_환율_20230718.csv
2019-07-09,2019,7,9,JPY,1083.63,0.96,-0.37,7.12,한국무역보험공사_환율_20230718.csv
2019-07-10,2019,7,10,JPY,1083.52,1.57,0.24,7.53,한국무역보험공사_환율_20230718.csv
2019-07-11,2019,7,11,JPY,1090.41,2.21,0.42,8.99,한국무역보험공사_환율_20230718.csv
2019-07-12,2019,7,12,JPY,1081.99,0.19,-0.61,7.46,한국무역보험공사_환율_20230718.csv
2019-07-15,2019,7,15,JPY,1091.15,0.49,0.49,8.44,한국무역보험공사_환율_20230718.csv
2019-07-16,2019,7,16,JPY,1093.42,0.81,-0.63,8.31,한국무역보험공사_환율_20230718.csv
2019-07-17,2019,7,17,JPY,1088.63,0.93,-0.64,7.66,한국무역보험공사_환율_20230718.csv
2019-07-18,2019,7,18,JPY,1093.32,0.89,0.14,7.15,한국무역보험공사_환율_20230718.csv
2019-07-19,2019,7,19,JPY,1097.77,1.32,0.91,7.68,한국무역보험공사_환율_20230718.csv
2019-07-22,2019,7,22,JPY,1088.65,-0.16,0.1,7.33,한국무역보험공사_환율_20230718.csv
2019-07-23,2019,7,23,JPY,1091.33,0.86,-0.07,7.27,한국무역보험공사_환율_20230718.csv
2019-07-24,2019,7,24,JPY,1089.04,-0.19,0.03,7.4,한국무역보험공사_환율_20230718.csv
2019-07-25,2019,7,25,JPY,1089.06,-0.4,-0.03,6.89,한국무역보험공사_환율_20230718.csv
2019-07-26,2019,7,26,JPY,1085.72,-0.27,-0.71,6.67,한국무역보험공사_환율_20230718.csv
2019-07-29,2019,7,29,JPY,1090.07,-0.3,-0.07,7.34,한국무역보험공사_환율_20230718.csv
2019-07-30,2019,7,30,JPY,1087.23,-0.96,-0.51,6.45,한국무역보험공사_환율_20230718.csv
2019-07-31,2019,7,31,JPY,1088.45,-0.02,-0.34,7.09,한국무역보험공사_환율_20230718.csv
2019-08-01,2019,8,1,JPY,1086.45,-0.45,-0.25,5.83,한국무역보험공사_환율_20230718.csv
2019-08-02,2019,8,2,JPY,1106.04,1.56,1.67,7.25,한국무역보험공사_환율_20230718.csv
2019-08-05,2019,8,5,JPY,1121.4,2.97,3.62,9.48,한국무역보험공사_환율_20230718.csv
2019-08-06,2019,8,6,JPY,1146.83,5.63,6.29,11.68,한국무역보험공사_환율_20230718.csv
2019-08-07,2019,8,7,JPY,1141.63,4.73,5.97,11.03,한국무역보험공사_환율_20230718.csv
2019-08-08,2019,8,8,JPY,1143.44,5.17,6.37,11.65,한국무역보험공사_환율_20230718.csv
2019-08-09,2019,8,9,JPY,1144.73,5.17,6.65,12.59,한국무역보험공사_환율_20230718.csv
2019-08-12,2019,8,12,JPY,1146.04,5.48,7.43,12.33,한국무역보험공사_환율_20230718.csv
2019-08-13,2019,8,13,JPY,1154.91,4.42,8.26,13.42,한국무역보험공사_환율_20230718.csv
2019-08-14,2019,8,14,JPY,1142.84,1.91,5.82,12.37,한국무역보험공사_환율_20230718.csv
2019-08-16,2019,8,16,JPY,1141.55,-0.46,5.13,12.19,한국무역보험공사_환율_20230718.csv
2019-08-19,2019,8,19,JPY,1139.68,-0.17,5.08,11.29,한국무역보험공사_환율_20230718.csv
2019-08-20,2019,8,20,JPY,1135.69,-0.68,5.3,10.45,한국무역보험공사_환율_20230718.csv
2019-08-21,2019,8,21,JPY,1138.9,-0.51,5.1,10.71,한국무역보험공사_환율_20230718.csv
2019-08-22,2019,8,22,JPY,1129.4,-1.45,4.23,10.66,한국무역보험공사_환율_20230718.csv
2019-08-23,2019,8,23,JPY,1131.92,-1.99,3.81,11.17,한국무역보험공사_환율_20230718.csv
2019-08-26,2019,8,26,JPY,1155.08,1.07,6.76,14.08,한국무역보험공사_환율_20230718.csv
2019-08-27,2019,8,27,JPY,1148.11,0.57,5.22,13.23,한국무역보험공사_환율_20230718.csv
2019-08-28,2019,8,28,JPY,1146.87,0.63,4.89,13.11,한국무역보험공사_환율_20230718.csv
2019-08-29,2019,8,29,JPY,1144.33,0.76,5.12,12.77,한국무역보험공사_환율_20230718.csv
2019-08-30,2019,8,30,JPY,1140.66,0.15,4.33,12.27,한국무역보험공사_환율_20230718.csv
2019-09-02,2019,9,2,JPY,1139.57,0.9,3.81,11.82,한국무역보험공사_환율_20230718.csv
2019-09-03,2019,9,3,JPY,1141.2,0.82,4.83,11.87,한국무역보험공사_환율_20230718.csv
2019-09-04,2019,9,4,JPY,1146.74,-0.72,5.08,12.14,한국무역보험공사_환율_20230718.csv
2019-09-05,2019,9,5,JPY,1137.47,-0.93,4.45,9.5,한국무역보험공사_환율_20230718.csv
2019-09-06,2019,9,6,JPY,1120.96,-2.26,2.93,7.87,한국무역보험공사_환율_20230718.csv
2019-09-09,2019,9,9,JPY,1119.49,-2.17,3.11,7.95,한국무역보험공사_환율_20230718.csv
2019-09-10,2019,9,10,JPY,1112.0,-2.51,2.01,6.47,한국무역보험공사_환율_20230718.csv
2019-09-11,2019,9,11,JPY,1108.59,-2.72,1.96,6.22,한국무역보험공사_환율_20230718.csv
2019-09-16,2019,9,16,JPY,1105.14,-3.16,1.53,4.67,한국무역보험공사_환율_20230718.csv
2019-09-17,2019,9,17,JPY,1095.13,-4.5,0.8,3.21,한국무역보험공사_환율_20230718.csv
2019-09-18,2019,9,18,JPY,1099.16,-3.37,-0.62,3.4,한국무역보험공사_환율_20230718.csv
2019-09-19,2019,9,19,JPY,1098.15,-2.03,-2.07,2.5,한국무역보험공사_환율_20230718.csv
2019-09-20,2019,9,20,JPY,1106.22,-1.19,-3.54,3.07,한국무역보험공사_환율_20230718.csv
2019-09-23,2019,9,23,JPY,1106.46,-0.5,-3.08,2.16,한국무역보험공사_환율_20230718.csv
2019-09-24,2019,9,24,JPY,1109.4,0.07,-2.98,2.48,한국무역보험공사_환율_20230718.csv
2019-09-25,2019,9,25,JPY,1114.59,0.86,-2.63,2.64,한국무역보험공사_환율_20230718.csv
2019-09-26,2019,9,26,JPY,1112.32,1.57,-2.94,2.7,한국무역보험공사_환율_20230718.csv
2019-09-27,2019,9,27,JPY,1112.13,1.18,-3.7,2.63,한국무역보험공사_환율_20230718.csv
2019-09-30,2019,9,30,JPY,1113.4,1.39,-2.58,2.72,한국무역보험공사_환율_20230718.csv
2019-10-01,2019,10,1,JPY,1109.7,0.31,-2.79,2.82,한국무역보험공사_환율_20230718.csv
2019-10-02,2019,10,2,JPY,1112.17,0.52,-2.41,2.67,한국무역보험공사_환율_20230718.csv
2019-10-04,2019,10,4,JPY,1126.37,1.53,-0.82,3.58,한국무역보험공사_환율_20230718.csv
2019-10-07,2019,10,7,JPY,1120.52,0.53,-1.61,3.02,한국무역보험공사_환율_20230718.csv
2019-10-08,2019,10,8,JPY,1115.51,0.29,-1.23,3.2,한국무역보험공사_환율_20230718.csv
2019-10-10,2019,10,10,JPY,1115.55,0.31,-1.45,2.73,한국무역보험공사_환율_20230718.csv
2019-10-11,2019,10,11,JPY,1108.48,-0.44,-4.03,1.83,한국무역보험공사_환율_20230718.csv
2019-10-14,2019,10,14,JPY,1096.13,-1.22,-4.53,0.95,한국무역보험공사_환율_20230718.csv
2019-10-15,2019,10,15,JPY,1092.13,-1.8,-4.77,-0.75,한국무역보험공사_환율_20230718.csv
2019-10-16,2019,10,16,JPY,1087.93,-3.41,-4.93,-0.7,한국무역보험공사_환율_20230718.csv
2019-10-17,2019,10,17,JPY,1091.75,-2.57,-4.29,-0.01,한국무역보험공사_환율_20230718.csv
2019-10-18,2019,10,18,JPY,1092.99,-2.02,-4.09,0.47,한국무역보험공사_환율_20230718.csv
2019-10-21,2019,10,21,JPY,1089.42,-2.34,-4.54,0.17,한국무역보험공사_환율_20230718.csv
2019-10-22,2019,10,22,JPY,1082.32,-2.36,-5.62,-0.9,한국무역보험공사_환율_20230718.csv
2019-10-23,2019,10,23,JPY,1079.68,-1.5,-5.08,-0.83,한국무역보험공사_환율_20230718.csv
2019-10-24,2019,10,24,JPY,1080.11,-1.1,-3.64,-0.85,한국무역보험공사_환율_20230718.csv
2019-10-25,2019,10,25,JPY,1078.02,-0.91,-3.7,-1.41,한국무역보험공사_환율_20230718.csv
2019-10-28,2019,10,28,JPY,1080.27,-1.05,-2.85,-0.96,한국무역보험공사_환율_20230718.csv
2019-10-29,2019,10,29,JPY,1073.32,-1.8,-3.18,-1.78,한국무역보험공사_환율_20230718.csv
2019-10-30,2019,10,30,JPY,1071.51,-1.64,-3.04,-1.89,한국무역보험공사_환율_20230718.csv
2019-10-31,2019,10,31,JPY,1074.05,-0.76,-1.92,-1.39,한국무역보험공사_환율_20230718.csv
2019-11-01,2019,11,1,JPY,1075.5,-0.39,-2.15,-1.14,한국무역보험공사_환율_20230718.csv
2019-11-04,2019,11,4,JPY,1078.86,-0.12,-1.76,-0.31,한국무역보험공사_환율_20230718.csv
2019-11-05,2019,11,5,JPY,1068.51,-0.88,-3.41,-0.97,한국무역보험공사_환율_20230718.csv
2019-11-06,2019,11,6,JPY,1062.7,-1.63,-3.95,-1.36,한국무역보험공사_환율_20230718.csv
2019-11-07,2019,11,7,JPY,1062.51,-1.01,-4.23,-1.16,한국무역보험공사_환율_20230718.csv
2019-11-08,2019,11,8,JPY,1062.09,-0.88,-4.71,-1.05,한국무역보험공사_환율_20230718.csv
2019-11-11,2019,11,11,JPY,1058.46,-1.45,-4.84,-0.78,한국무역보험공사_환율_20230718.csv
2019-11-12,2019,11,12,JPY,1064.88,-0.99,-4.25,-0.18,한국무역보험공사_환율_20230718.csv
2019-11-13,2019,11,13,JPY,1067.68,-1.04,-4.11,-1.14,한국무역보험공사_환율_20230718.csv
2019-11-14,2019,11,14,JPY,1073.41,0.46,-3.27,-1.15,한국무역보험공사_환율_20230718.csv
2019-11-15,2019,11,15,JPY,1079.75,1.6,-2.92,-0.45,한국무역보험공사_환율_20230718.csv
2019-11-18,2019,11,18,JPY,1072.61,0.95,-4.77,-0.55,한국무역보험공사_환율_20230718.csv
2019-11-19,2019,11,19,JPY,1071.45,0.88,-4.38,-1.12,한국무역보험공사_환율_20230718.csv
2019-11-20,2019,11,20,JPY,1077.8,1.83,-3.38,-0.53,한국무역보험공사_환율_20230718.csv
2019-11-21,2019,11,21,JPY,1078.53,1.28,-3.32,-1.09,한국무역보험공사_환율_20230718.csv
2019-11-22,2019,11,22,JPY,1083.43,1.48,-2.26,0.13,한국무역보험공사_환율_20230718.csv
2019-11-25,2019,11,25,JPY,1083.48,0.94,-1.15,-0.7,한국무역보험공사_환율_20230718.csv
2019-11-26,2019,11,26,JPY,1079.73,-0.0,-1.14,-1.25,한국무역보험공사_환율_20230718.csv
2019-11-27,2019,11,27,JPY,1076.79,0.39,-1.02,-1.09,한국무역보험공사_환율_20230718.csv
2019-11-28,2019,11,28,JPY,1075.3,0.36,-1.51,-1.65,한국무역보험공사_환율_20230718.csv
2019-11-29,2019,11,29,JPY,1076.89,-0.08,-1.47,-1.9,한국무역보험공사_환율_20230718.csv
2019-12-02,2019,12,2,JPY,1077.75,-0.07,-1.07,-1.0,한국무역보험공사_환율_20230718.csv
2019-12-03,2019,12,3,JPY,1082.69,-0.07,0.03,-0.79,한국무역보험공사_환율_20230718.csv
2019-12-04,2019,12,4,JPY,1091.81,0.77,1.12,0.25,한국무역보험공사_환율_20230718.csv
2019-12-05,2019,12,5,JPY,1096.6,1.56,1.53,0.69,한국무역보험공사_환율_20230718.csv
2019-12-06,2019,12,6,JPY,1094.49,1.64,1.53,0.81,한국무역보험공사_환율_20230718.csv
2019-12-09,2019,12,9,JPY,1095.49,1.88,1.41,0.5,한국무역보험공사_환율_20230718.csv
2019-12-10,2019,12,10,JPY,1095.37,1.72,2.05,0.75,한국무역보험공사_환율_20230718.csv
2019-12-11,2019,12,11,JPY,1095.74,1.67,2.26,0.67,한국무역보험공사_환율_20230718.csv
2019-12-12,2019,12,12,JPY,1099.36,1.54,2.36,1.19,한국무역보험공사_환율_20230718.csv
2019-12-13,2019,12,13,JPY,1085.23,-0.6,0.9,-1.88,한국무역보험공사_환율_20230718.csv
2019-12-16,2019,12,16,JPY,1071.46,-2.29,-0.69,-4.45,한국무역보험공사_환율_20230718.csv
2019-12-17,2019,12,17,JPY,1070.16,-2.22,0.15,-6.69,한국무역보험공사_환율_20230718.csv
2019-12-18,2019,12,18,JPY,1065.33,-2.75,0.25,-6.68,한국무역보험공사_환율_20230718.csv
2019-12-19,2019,12,19,JPY,1063.57,-2.9,0.1,-6.99,한국무역보험공사_환율_20230718.csv
2019-12-20,2019,12,20,JPY,1064.78,-2.83,0.25,-6.98,한국무역보험공사_환율_20230718.csv
2019-12-23,2019,12,23,JPY,1061.98,-3.4,0.33,-7.33,한국무역보험공사_환율_20230718.csv
2019-12-24,2019,12,24,JPY,1061.16,-2.22,-0.35,-8.12,한국무역보험공사_환율_20230718.csv
2019-12-26,2019,12,26,JPY,1063.76,-0.72,-0.37,-6.92,한국무역보험공사_환율_20230718.csv
2019-12-27,2019,12,27,JPY,1059.92,-0.96,-1.26,-7.15,한국무역보험공사_환율_20230718.csv
2019-12-30,2019,12,30,JPY,1060.72,-0.43,-1.76,-6.93,한국무역보험공사_환율_20230718.csv
2019-12-31,2019,12,31,JPY,1063.47,-0.01,-0.85,-6.36,한국무역보험공사_환율_20230718.csv
2020-01-02,2020,1,2,JPY,1065.67,0.08,-0.54,-6.43,한국무역보험공사_환율_20230718.csv
2020-01-03,2020,1,3,JPY,1065.53,0.33,-1.14,-5.66,한국무역보험공사_환율_20230718.csv
2020-01-06,2020,1,6,JPY,1078.42,1.63,-0.01,-4.73,한국무역보험공사_환율_20230718.csv
2020-01-07,2020,1,7,JPY,1079.02,1.43,-0.41,-6.58,한국무역보험공사_환율_20230718.csv
2020-01-08,2020,1,8,JPY,1074.95,1.42,-0.79,-6.37,한국무역보험공사_환율_20230718.csv
2020-01-09,2020,1,9,JPY,1076.12,1.45,-0.33,-6.17,한국무역보험공사_환율_20230718.csv
2020-01-10,2020,1,10,JPY,1059.6,-0.36,-1.6,-7.4,한국무역보험공사_환율_20230718.csv
2020-01-13,2020,1,13,JPY,1059.93,-0.54,-1.43,-7.08,한국무역보험공사_환율_20230718.csv
2020-01-14,2020,1,14,JPY,1051.35,-1.33,-2.37,-7.74,한국무역보험공사_환율_20230718.csv
2020-01-15,2020,1,15,JPY,1048.42,-2.78,-2.72,-8.13,한국무역보험공사_환율_20230718.csv
2020-01-16,2020,1,16,JPY,1054.37,-2.28,-2.62,-8.06,한국무역보험공사_환율_20230718.csv
2020-01-17,2020,1,17,JPY,1052.32,-2.11,-3.62,-7.49,한국무역보험공사_환율_20230718.csv
2020-01-20,2020,1,20,JPY,1051.83,-2.26,-4.08,-6.17,한국무역보험공사_환율_20230718.csv
2020-01-21,2020,1,21,JPY,1051.78,-0.74,-3.9,-6.05,한국무역보험공사_환율_20230718.csv
2020-01-22,2020,1,22,JPY,1059.97,0.0,-3.24,-4.68,한국무역보험공사_환율_20230718.csv
2020-01-23,2020,1,23,JPY,1060.87,0.91,-3.15,-4.3,한국무역보험공사_환율_20230718.csv
2020-01-28,2020,1,28,JPY,1071.37,2.19,-2.22,-3.06,한국무역보험공사_환율_20230718.csv
2020-01-29,2020,1,29,JPY,1078.3,2.27,-1.92,-1.54,한국무역보험공사_환율_20230718.csv
2020-01-30,2020,1,30,JPY,1078.45,2.48,-0.62,-1.88,한국무역보험공사_환율_20230718.csv
2020-01-31,2020,1,31,JPY,1086.68,3.31,1.42,-1.04,한국무역보험공사_환율_20230718.csv
2020-02-03,2020,2,3,JPY,1096.21,4.22,2.43,-0.9,한국무역보험공사_환율_20230718.csv
2020-02-04,2020,2,4,JPY,1101.24,3.89,3.37,-0.47,한국무역보험공사_환율_20230718.csv
2020-02-05,2020,2,5,JPY,1086.36,2.4,2.14,-2.08,한국무역보험공사_환율_20230718.csv
2020-02-06,2020,2,6,JPY,1082.27,1.02,1.64,-2.9,한국무역보험공사_환율_20230718.csv
2020-02-07,2020,2,7,JPY,1074.05,-0.39,1.14,-3.44,한국무역보험공사_환율_20230718.csv
2020-02-10,2020,2,10,JPY,1081.58,0.29,1.92,-2.75,한국무역보험공사_환율_20230718.csv
2020-02-11,2020,2,11,JPY,1084.05,-0.24,1.91,-2.64,한국무역보험공사_환율_20230718.csv
2020-02-12,2020,2,12,JPY,1078.42,-1.62,1.75,-2.82,한국무역보험공사_환율_20230718.csv
2020-02-13,2020,2,13,JPY,1071.86,-2.67,1.05,-3.62,한국무역보험공사_환율_20230718.csv
2020-02-14,2020,2,14,JPY,1076.0,-0.95,1.18,-4.47,한국무역보험공사_환율_20230718.csv
2020-02-17,2020,2,17,JPY,1077.62,-0.43,1.12,-3.83,한국무역보험공사_환율_20230718.csv
2020-02-18,2020,2,18,JPY,1076.54,0.23,1.03,-3.49,한국무역보험공사_환율_20230718.csv
2020-02-19,2020,2,19,JPY,1081.27,-0.03,0.26,-3.07,한국무역보험공사_환율_20230718.csv
2020-02-20,2020,2,20,JPY,1070.19,-1.28,-0.82,-3.45,한국무역보험공사_환율_20230718.csv
2020-02-21,2020,2,21,JPY,1068.13,-0.95,-0.63,-2.55,한국무역보험공사_환율_20230718.csv
2020-02-24,2020,2,24,JPY,1081.79,0.93,0.53,-0.95,한국무역보험공사_환율_20230718.csv
2020-02-25,2020,2,25,JPY,1099.26,2.16,3.74,1.04,한국무역보험공사_환율_20230718.csv
2020-02-26,2020,2,26,JPY,1100.25,2.1,3.8,0.78,한국무역보험공사_환율_20230718.csv
2020-02-27,2020,2,27,JPY,1101.92,2.36,4.81,0.82,한국무역보험공사_환율_20230718.csv
2020-02-28,2020,2,28,JPY,1109.95,2.65,5.87,1.88,한국무역보험공사_환율_20230718.csv
2020-03-02,2020,3,2,JPY,1130.25,5.61,7.2,4.43,한국무역보험공사_환율_20230718.csv
2020-03-03,2020,3,3,JPY,1108.46,3.78,5.33,2.67,한국무역보험공사_환율_20230718.csv
2020-03-04,2020,3,4,JPY,1114.55,3.03,5.96,3.19,한국무역보험공사_환율_20230718.csv
2020-03-05,2020,3,5,JPY,1103.27,0.36,4.9,2.34,한국무역보험공사_환율_20230718.csv
2020-03-06,2020,3,6,JPY,1116.82,1.51,5.36,3.38,한국무역보험공사_환율_20230718.csv
2020-03-09,2020,3,9,JPY,1144.97,3.91,7.93,6.68,한국무역보험공사_환율_20230718.csv
2020-03-10,2020,3,10,JPY,1172.73,5.66,9.46,9.45,한국무역보험공사_환율_20230718.csv
2020-03-11,2020,3,11,JPY,1138.58,0.74,5.59,6.01,한국무역보험공사_환율_20230718.csv
2020-03-12,2020,3,12,JPY,1138.77,2.73,5.59,5.88,한국무역보험공사_환율_20230718.csv
2020-03-13,2020,3,13,JPY,1145.91,2.81,5.45,6.21,한국무역보험공사_환율_20230718.csv
2020-03-16,2020,3,16,JPY,1149.39,4.18,4.85,7.57,한국무역보험공사_환율_20230718.csv
2020-03-17,2020,3,17,JPY,1148.24,2.81,4.27,8.05,한국무역보험공사_환율_20230718.csv
2020-03-18,2020,3,18,JPY,1156.7,1.02,6.47,8.86,한국무역보험공사_환율_20230718.csv
2020-03-19,2020,3,19,JPY,1145.0,-2.36,5.8,7.81,한국무역보험공사_환율_20230718.csv
2020-03-20,2020,3,20,JPY,1154.65,1.41,7.5,9.09,한국무역보험공사_환율_20230718.csv
2020-03-23,2020,3,23,JPY,1130.48,-0.73,4.52,6.16,한국무역보험공사_환율_20230718.csv
2020-03-24,2020,3,24,JPY,1147.98,0.18,5.9,7.52,한국무역보험공사_환율_20230718.csv
2020-03-25,2020,3,25,JPY,1128.84,-1.79,4.68,5.16,한국무역보험공사_환율_20230718.csv
2020-03-26,2020,3,26,JPY,1109.04,-3.41,3.47,2.71,한국무역보험공사_환율_20230718.csv
2020-03-27,2020,3,27,JPY,1123.58,-2.86,4.42,4.75,한국무역보험공사_환율_20230718.csv
2020-03-30,2020,3,30,JPY,1125.35,-1.72,4.43,5.03,한국무역보험공사_환율_20230718.csv
2020-03-31,2020,3,31,JPY,1130.83,-2.06,5.04,4.92,한국무역보험공사_환율_20230718.csv
2020-04-01,2020,4,1,JPY,1132.93,0.22,4.78,5.04,한국무역보험공사_환율_20230718.csv
2020-04-02,2020,4,2,JPY,1139.69,-0.72,6.49,5.19,한국무역보험공사_환율_20230718.csv
2020-04-03,2020,4,3,JPY,1144.23,1.36,7.12,5.61,한국무역보험공사_환율_20230718.csv
2020-04-06,2020,4,6,JPY,1132.88,2.15,4.72,4.92,한국무역보험공사_환율_20230718.csv
2020-04-07,2020,4,7,JPY,1129.49,0.53,2.75,4.89,한국무역보험공사_환율_20230718.csv
2020-04-08,2020,4,8,JPY,1124.51,-0.07,2.2,4.58,한국무역보험공사_환율_20230718.csv
2020-04-09,2020,4,9,JPY,1119.97,-0.96,1.64,4.0,한국무역보험공사_환율_20230718.csv
2020-04-10,2020,4,10,JPY,1120.8,-1.07,0.98,3.99,한국무역보험공사_환율_20230718.csv
2020-04-13,2020,4,13,JPY,1118.62,-1.85,-1.03,3.32,한국무역보험공사_환율_20230718.csv
2020-04-14,2020,4,14,JPY,1131.67,-1.1,2.09,3.65,한국무역보험공사_환율_20230718.csv
2020-04-16,2020,4,16,JPY,1131.87,-0.09,1.55,3.22,한국무역보험공사_환율_20230718.csv
2020-04-17,2020,4,17,JPY,1136.47,0.62,3.01,3.84,한국무역보험공사_환율_20230718.csv
2020-04-20,2020,4,20,JPY,1133.23,0.78,1.47,3.45,한국무역보험공사_환율_20230718.csv
2020-04-21,2020,4,21,JPY,1131.1,0.99,-1.21,3.26,한국무역보험공사_환율_20230718.csv
2020-04-22,2020,4,22,JPY,1142.95,1.98,-2.54,4.31,한국무역보험공사_환율_20230718.csv
2020-04-23,2020,4,23,JPY,1146.2,2.47,0.67,4.26,한국무역보험공사_환율_20230718.csv
2020-04-24,2020,4,24,JPY,1145.03,1.18,0.55,5.51,한국무역보험공사_환율_20230718.csv
2020-04-27,2020,4,27,JPY,1150.28,1.63,0.38,7.36,한국무역보험공사_환율_20230718.csv
2020-04-28,2020,4,28,JPY,1147.19,0.94,-0.19,7.2,한국무역보험공사_환율_20230718.csv
2020-04-29,2020,4,29,JPY,1147.14,1.23,-0.1,7.68,한국무역보험공사_환율_20230718.csv
2020-05-04,2020,5,4,JPY,1140.65,0.84,-1.39,7.25,한국무역보험공사_환율_20230718.csv
2020-05-06,2020,5,6,JPY,1153.13,0.89,0.71,8.3,한국무역보험공사_환율_20230718.csv
2020-05-07,2020,5,7,JPY,1153.19,0.61,-0.13,8.59,한국무역보험공사_환율_20230718.csv
2020-05-08,2020,5,8,JPY,1153.86,0.77,2.07,8.74,한국무역보험공사_환율_20230718.csv
2020-05-11,2020,5,11,JPY,1139.69,-0.92,-0.72,7.14,한국무역보험공사_환율_20230718.csv
2020-05-12,2020,5,12,JPY,1131.21,-1.39,0.21,6.73,한국무역보험공사_환율_20230718.csv
2020-05-13,2020,5,13,JPY,1144.15,-0.26,3.17,7.87,한국무역보험공사_환율_20230718.csv
2020-05-14,2020,5,14,JPY,1145.59,0.43,1.96,7.72,한국무역보험공사_환율_20230718.csv
2020-05-15,2020,5,15,JPY,1144.74,-0.73,1.72,7.42,한국무역보험공사_환율_20230718.csv
2020-05-18,2020,5,18,JPY,1146.15,-0.61,1.35,7.57,한국무역보험공사_환율_20230718.csv
2020-05-19,2020,5,19,JPY,1147.28,-0.57,1.27,6.39,한국무역보험공사_환율_20230718.csv
2020-05-20,2020,5,20,JPY,1135.43,-0.37,-0.37,5.23,한국무역보험공사_환율_20230718.csv
2020-05-21,2020,5,21,JPY,1141.24,0.89,-0.26,6.17,한국무역보험공사_환율_20230718.csv
2020-05-22,2020,5,22,JPY,1143.88,-0.02,0.97,6.3,한국무역보험공사_환율_20230718.csv
2020-05-25,2020,5,25,JPY,1148.08,0.22,1.65,8.35,한국무역보험공사_환율_20230718.csv
2020-05-26,2020,5,26,JPY,1152.83,0.71,2.52,8.76,한국무역보험공사_환율_20230718.csv
2020-05-27,2020,5,27,JPY,1150.63,0.39,2.74,9.44,한국무역보험공사_환율_20230718.csv
2020-05-28,2020,5,28,JPY,1144.91,-0.21,2.15,9.2,한국무역보험공사_환율_20230718.csv
2020-05-29,2020,5,29,JPY,1150.63,1.34,2.86,9.13,한국무역보험공사_환율_20230718.csv
2020-06-01,2020,6,1,JPY,1149.12,0.69,1.54,9.2,한국무역보험공사_환율_20230718.csv
2020-06-02,2020,6,2,JPY,1141.66,-0.19,0.86,8.54,한국무역보험공사_환율_20230718.csv
2020-06-03,2020,6,3,JPY,1126.39,-1.89,-0.89,7.09,한국무역보험공사_환율_20230718.csv
2020-06-04,2020,6,4,JPY,1116.52,-3.15,-1.47,5.34,한국무역보험공사_환율_20230718.csv
2020-06-05,2020,6,5,JPY,1114.89,-3.11,-1.43,5.09,한국무역보험공사_환율_20230718.csv
2020-06-08,2020,6,8,JPY,1106.29,-3.37,-3.21,3.26,한국무역보험공사_환율_20230718.csv
2020-06-09,2020,6,9,JPY,1110.53,-3.49,-3.11,2.99,한국무역보험공사_환율_20230718.csv
2020-06-10,2020,6,10,JPY,1111.3,-3.29,-2.95,3.05,한국무역보험공사_환율_20230718.csv
2020-06-11,2020,6,11,JPY,1117.2,-2.14,-2.88,2.81,한국무역보험공사_환율_20230718.csv
2020-06-12,2020,6,12,JPY,1116.91,-0.84,-2.64,1.89,한국무역보험공사_환율_20230718.csv
2020-06-15,2020,6,15,JPY,1123.62,0.64,-2.05,2.03,한국무역보험공사_환율_20230718.csv
2020-06-16,2020,6,16,JPY,1127.27,1.11,-1.17,3.77,한국무역보험공사_환율_20230718.csv
2020-06-17,2020,6,17,JPY,1123.73,1.58,-2.55,3.83,한국무역보험공사_환율_20230718.csv
2020-06-18,2020,6,18,JPY,1135.26,2.23,-1.55,5.7,한국무역보험공사_환율_20230718.csv
2020-06-19,2020,6,19,JPY,1133.91,2.03,-1.73,4.84,한국무역보험공사_환율_20230718.csv
2020-06-22,2020,6,22,JPY,1134.57,1.55,-0.45,4.66,한국무역보험공사_환율_20230718.csv
2020-06-23,2020,6,23,JPY,1134.63,1.59,0.3,5.21,한국무역보험공사_환율_20230718.csv
2020-06-24,2020,6,24,JPY,1136.83,1.18,-0.64,6.06,한국무역보험공사_환율_20230718.csv
2020-06-25,2020,6,25,JPY,1123.52,-0.33,-1.93,4.42,한국무역보험공사_환율_20230718.csv
2020-06-26,2020,6,26,JPY,1124.62,0.08,-1.76,4.36,한국무역보험공사_환율_20230718.csv
2020-06-29,2020,6,29,JPY,1118.25,-1.5,-2.43,3.87,한국무역보험공사_환율_20230718.csv
2020-06-30,2020,6,30,JPY,1116.05,-1.58,-2.72,3.22,한국무역보험공사_환율_20230718.csv
2020-07-01,2020,7,1,JPY,1110.08,-2.16,-2.23,3.73,한국무역보험공사_환율_20230718.csv
2020-07-02,2020,7,2,JPY,1118.39,-1.43,-2.0,4.71,한국무역보험공사_환율_20230718.csv
2020-07-03,2020,7,3,JPY,1116.85,-1.76,-2.36,3.24,한국무역보험공사_환율_20230718.csv
2020-07-06,2020,7,6,JPY,1115.92,-0.68,-2.8,1.52,한국무역보험공사_환율_20230718.csv
2020-07-07,2020,7,7,JPY,1114.86,-0.87,-3.29,1.33,한국무역보험공사_환율_20230718.csv
2020-07-08,2020,7,8,JPY,1108.9,-0.84,-3.63,0.63,한국무역보험공사_환율_20230718.csv
2020-07-09,2020,7,9,JPY,1114.6,-0.13,-2.65,0.42,한국무역보험공사_환율_20230718.csv
2020-07-10,2020,7,10,JPY,1114.06,0.36,-3.18,-1.43,한국무역보험공사_환율_20230718.csv
2020-07-13,2020,7,13,JPY,1125.05,0.6,-2.09,1.5,한국무역보험공사_환율_20230718.csv
2020-07-14,2020,7,14,JPY,1118.69,0.16,-2.01,0.37,한국무역보험공사_환율_20230718.csv
2020-07-15,2020,7,15,JPY,1124.53,0.77,-0.17,1.93,한국무역보험공사_환율_20230718.csv
2020-07-16,2020,7,16,JPY,1123.25,0.75,0.6,0.58,한국무역보험공사_환율_20230718.csv
2020-07-17,2020,7,17,JPY,1121.92,1.17,0.63,-2.01,한국무역보험공사_환율_20230718.csv
2020-07-20,2020,7,20,JPY,1126.51,1.07,1.83,-3.94,한국무역보험공사_환율_20230718.csv
2020-07-21,2020,7,21,JPY,1122.28,0.74,1.06,-1.43,한국무역보험공사_환율_20230718.csv
2020-07-22,2020,7,22,JPY,1121.45,-0.32,0.91,-1.52,한국무역보험공사_환율_20230718.csv
2020-07-23,2020,7,23,JPY,1113.79,-0.44,-0.31,-2.8,한국무역보험공사_환율_20230718.csv
2020-07-24,2020,7,24,JPY,1121.82,-0.24,0.44,-2.4,한국무역보험공사_환율_20230718.csv
2020-07-27,2020,7,27,JPY,1133.03,0.87,0.84,-1.32,한국무역보험공사_환율_20230718.csv
2020-07-28,2020,7,28,JPY,1135.89,1.25,0.76,-1.8,한국무역보험공사_환율_20230718.csv
2020-07-29,2020,7,29,JPY,1137.05,0.94,1.19,-0.69,한국무역보험공사_환율_20230718.csv
2020-07-30,2020,7,30,JPY,1138.39,1.44,0.28,-1.41,한국무역보험공사_환율_20230718.csv
2020-07-31,2020,7,31,JPY,1137.32,1.42,0.3,0.61,한국무역보험공사_환율_20230718.csv
2020-08-03,2020,8,3,JPY,1123.97,0.91,-0.93,-2.09,한국무역보험공사_환율_20230718.csv
2020-08-04,2020,8,4,JPY,1125.87,0.36,-0.77,-0.26,한국무역보험공사_환율_20230718.csv
2020-08-05,2020,8,5,JPY,1128.45,-0.4,-0.74,1.75,한국무역보험공사_환율_20230718.csv
2020-08-06,2020,8,6,JPY,1127.12,-0.77,0.32,0.32,한국무역보험공사_환율_20230718.csv
2020-08-07,2020,8,7,JPY,1122.45,-1.28,-0.19,-0.26,한국무역보험공사_환율_20230718.csv
2020-08-10,2020,8,10,JPY,1119.88,-1.63,0.15,-0.97,한국무역보험공사_환율_20230718.csv
2020-08-11,2020,8,11,JPY,1119.9,-1.53,0.34,-1.15,한국무역보험공사_환율_20230718.csv
2020-08-12,2020,8,12,JPY,1112.63,-1.01,0.23,-2.37,한국무역보험공사_환율_20230718.csv
2020-08-13,2020,8,13,JPY,1109.81,-1.43,-0.77,-3.01,한국무역보험공사_환율_20230718.csv
2020-08-14,2020,8,14,JPY,1106.48,-1.95,-0.93,-2.33,한국무역보험공사_환율_20230718.csv
2020-08-18,2020,8,18,JPY,1118.42,-0.77,0.22,-0.98,한국무역보험공사_환율_20230718.csv
2020-08-19,2020,8,19,JPY,1124.44,0.18,0.86,-0.01,한국무역보험공사_환율_20230718.csv
2020-08-20,2020,8,20,JPY,1115.11,-0.43,0.56,-0.43,한국무역보험공사_환율_20230718.csv
2020-08-21,2020,8,21,JPY,1121.9,0.18,0.65,0.1,한국무역보험공사_환율_20230718.csv
2020-08-24,2020,8,24,JPY,1119.42,0.61,0.48,0.07,한국무역보험공사_환율_20230718.csv
2020-08-25,2020,8,25,JPY,1122.96,1.18,-0.19,-0.77,한국무역보험공사_환율_20230718.csv
2020-08-26,2020,8,26,JPY,1115.21,0.79,-0.31,-1.47,한국무역보험공사_환율_20230718.csv
2020-08-27,2020,8,27,JPY,1120.87,0.22,-0.33,-1.37,한국무역보험공사_환율_20230718.csv
2020-08-28,2020,8,28,JPY,1112.6,-1.05,-0.95,-1.82,한국무역보험공사_환율_20230718.csv
2020-08-31,2020,8,31,JPY,1123.0,0.71,0.1,-0.72,한국무역보험공사_환율_20230718.csv
2020-09-01,2020,9,1,JPY,1117.32,-0.41,-0.82,-2.24,한국무역보험공사_환율_20230718.csv
2020-09-02,2020,9,2,JPY,1118.39,-0.09,-0.35,-2.43,한국무역보험공사_환율_20230718.csv
2020-09-03,2020,9,3,JPY,1116.69,-0.56,-0.42,-2.48,한국무역보험공사_환율_20230718.csv
2020-09-04,2020,9,4,JPY,1119.28,0.36,0.49,-2.69,한국무역보험공사_환율_20230718.csv
2020-09-07,2020,9,7,JPY,1119.92,-0.08,-0.17,-2.38,한국무역보험공사_환율_20230718.csv
2020-09-08,2020,9,8,JPY,1116.79,0.38,-1.43,-2.65,한국무역보험공사_환율_20230718.csv
2020-09-09,2020,9,9,JPY,1120.5,-0.22,-1.35,-1.77,한국무역보험공사_환율_20230718.csv
2020-09-10,2020,9,10,JPY,1120.2,0.26,-1.48,-2.86,한국무역보험공사_환율_20230718.csv
2020-09-11,2020,9,11,JPY,1116.57,-0.16,-1.92,-3.18,한국무역보험공사_환율_20230718.csv
2020-09-14,2020,9,14,JPY,1119.77,0.28,-1.54,-2.95,한국무역보험공사_환율_20230718.csv
2020-09-15,2020,9,15,JPY,1119.97,0.06,-0.36,-1.73,한국무역보험공사_환율_20230718.csv
2020-09-16,2020,9,16,JPY,1120.07,0.01,-0.52,-0.98,한국무역보험공사_환율_20230718.csv
2020-09-17,2020,9,17,JPY,1121.66,0.44,-0.6,-1.97,한국무역보험공사_환율_20230718.csv
2020-09-18,2020,9,18,JPY,1122.48,0.18,-0.41,-2.02,한국무역보험공사_환율_20230718.csv
2020-09-21,2020,9,21,JPY,1113.44,-0.6,-0.8,-2.73,한국무역보험공사_환율_20230718.csv
2020-09-22,2020,9,22,JPY,1108.34,-0.74,-1.03,-3.3,한국무역보험공사_환율_20230718.csv
2020-09-23,2020,9,23,JPY,1108.79,-0.98,-0.99,-3.35,한국무역보험공사_환율_20230718.csv
2020-09-24,2020,9,24,JPY,1104.9,-1.35,-0.69,-2.69,한국무역보험공사_환율_20230718.csv
2020-09-25,2020,9,25,JPY,1110.18,-0.88,0.03,-2.72,한국무역보험공사_환율_20230718.csv
2020-09-28,2020,9,28,JPY,1108.59,-1.17,0.19,-3.09,한국무역보험공사_환율_20230718.csv
2020-09-29,2020,9,29,JPY,1112.06,-0.93,-0.57,-3.14,한국무역보험공사_환율_20230718.csv
2020-10-05,2020,10,5,JPY,1108.48,-0.45,-1.42,-3.85,한국무역보험공사_환율_20230718.csv
2020-10-06,2020,10,6,JPY,1100.19,-0.74,-1.34,-4.38,한국무역보험공사_환율_20230718.csv
2020-10-07,2020,10,7,JPY,1098.22,-0.95,-2.11,-4.08,한국무역보험공사_환율_20230718.csv
2020-10-08,2020,10,8,JPY,1096.91,-0.72,-2.01,-4.67,한국무역보험공사_환율_20230718.csv
2020-10-12,2020,10,12,JPY,1094.63,-1.4,-2.52,-4.74,한국무역보험공사_환율_20230718.csv
2020-10-13,2020,10,13,JPY,1090.04,-1.67,-2.26,-4.52,한국무역보험공사_환율_20230718.csv
2020-10-14,2020,10,14,JPY,1089.68,-2.01,-2.78,-3.26,한국무역보험공사_환율_20230718.csv
2020-10-15,2020,10,15,JPY,1089.38,-1.72,-2.09,-2.43,한국무역보험공사_환율_20230718.csv
2020-10-16,2020,10,16,JPY,1086.22,-1.27,-3.28,-2.57,한국무역보험공사_환율_20230718.csv
2020-10-19,2020,10,19,JPY,1086.7,-1.05,-2.74,-1.77,한국무역보험공사_환율_20230718.csv
2020-10-20,2020,10,20,JPY,1083.01,-1.27,-3.16,-2.48,한국무역보험공사_환율_20230718.csv
2020-10-21,2020,10,21,JPY,1080.03,-1.33,-3.28,-2.81,한국무역보험공사_환율_20230718.csv
2020-10-22,2020,10,22,JPY,1083.9,-0.56,-3.16,-2.98,한국무역보험공사_환율_20230718.csv
2020-10-23,2020,10,23,JPY,1081.28,-0.77,-3.45,-3.19,한국무역보험공사_환율_20230718.csv
2020-10-26,2020,10,26,JPY,1083.51,-0.54,-2.98,-3.57,한국무역보험공사_환율_20230718.csv
2020-10-27,2020,10,27,JPY,1076.72,-0.87,-3.91,-4.48,한국무역보험공사_환율_20230718.csv
2020-10-28,2020,10,28,JPY,1078.99,-0.71,-3.68,-3.98,한국무역보험공사_환율_20230718.csv
2020-10-29,2020,10,29,JPY,1082.28,-0.07,-3.07,-4.67,한국무역보험공사_환율_20230718.csv
2020-10-30,2020,10,30,JPY,1083.5,0.32,-3.24,-4.45,한국무역보험공사_환율_20230718.csv
2020-11-02,2020,11,2,JPY,1080.07,-0.35,-3.56,-4.8,한국무역보험공사_환율_20230718.csv
2020-11-03,2020,11,3,JPY,1083.3,0.19,-3.28,-4.52,한국무역보험공사_환율_20230718.csv
2020-11-04,2020,11,4,JPY,1083.82,0.03,-3.37,-4.66,한국무역보험공사_환율_20230718.csv
2020-11-05,2020,11,5,JPY,1087.61,1.01,-3.11,-3.2,한국무역보험공사_환율_20230718.csv
2020-11-06,2020,11,6,JPY,1091.66,1.17,-1.96,-2.93,한국무역보험공사_환율_20230718.csv
2020-11-09,2020,11,9,JPY,1089.06,0.63,-1.74,-2.61,한국무역보험공사_환율_20230718.csv
2020-11-10,2020,11,10,JPY,1059.6,-2.21,-4.44,-5.06,한국무역보험공사_환율_20230718.csv
2020-11-11,2020,11,11,JPY,1059.89,-1.87,-4.07,-4.52,한국무역보험공사_환율_20230718.csv
2020-11-12,2020,11,12,JPY,1055.46,-2.57,-4.93,-5.63,한국무역보험공사_환율_20230718.csv
2020-11-13,2020,11,13,JPY,1059.53,-2.24,-4.43,-5.13,한국무역보험공사_환율_20230718.csv
2020-11-16,2020,11,16,JPY,1065.4,-2.04,-4.2,-4.53,한국무역보험공사_환율_20230718.csv
2020-11-17,2020,11,17,JPY,1059.73,-2.92,-4.4,-4.95,한국무역보험공사_환율_20230718.csv
2020-11-18,2020,11,18,JPY,1062.34,-2.45,-3.44,-4.2,한국무역보험공사_환율_20230718.csv
2020-11-19,2020,11,19,JPY,1065.26,0.53,-3.0,-4.43,한국무역보험공사_환율_20230718.csv
2020-11-20,2020,11,20,JPY,1071.54,1.1,-2.31,-3.82,한국무역보험공사_환율_20230718.csv
2020-11-23,2020,11,23,JPY,1072.84,1.65,-1.99,-4.64,한국무역보험공사_환율_20230718.csv
2020-11-24,2020,11,24,JPY,1064.49,0.47,-2.34,-4.84,한국무역보험공사_환율_20230718.csv
2020-11-25,2020,11,25,JPY,1063.09,-0.22,-2.44,-5.46,한국무역보험공사_환율_20230718.csv
2020-11-26,2020,11,26,JPY,1060.28,0.05,-2.67,-5.61,한국무역보험공사_환율_20230718.csv
2020-11-27,2020,11,27,JPY,1060.77,-0.15,-2.34,-5.45,한국무역보험공사_환율_20230718.csv
2020-11-30,2020,11,30,JPY,1061.57,-0.35,-2.31,-5.76,한국무역보험공사_환율_20230718.csv
2020-12-01,2020,12,1,JPY,1058.74,-1.19,-2.24,-5.66,한국무역보험공사_환율_20230718.csv
2020-12-02,2020,12,2,JPY,1061.3,-1.08,-1.73,-5.36,한국무역보험공사_환율_20230718.csv
2020-12-03,2020,12,3,JPY,1056.14,-0.78,-2.56,-5.18,한국무역보험공사_환율_20230718.csv
2020-12-04,2020,12,4,JPY,1057.34,-0.54,-2.21,-5.75,한국무역보험공사_환율_20230718.csv
2020-12-07,2020,12,7,JPY,1042.55,-1.67,-3.78,-7.99,한국무역보험공사_환율_20230718.csv
2020-12-08,2020,12,8,JPY,1041.01,-1.86,-3.32,-8.35,한국무역보험공사_환율_20230718.csv
2020-12-09,2020,12,9,JPY,1040.99,-1.94,-3.52,-8.45,한국무역보험공사_환율_20230718.csv
2020-12-10,2020,12,10,JPY,1039.08,-1.86,-3.99,-8.72,한국무역보험공사_환율_20230718.csv
2020-12-11,2020,12,11,JPY,1041.97,-1.82,-3.83,-8.38,한국무역보험공사_환율_20230718.csv
2020-12-14,2020,12,14,JPY,1047.45,-0.82,-3.02,-6.81,한국무역보험공사_환율_20230718.csv
2020-12-15,2020,12,15,JPY,1048.59,-0.83,-3.2,-6.86,한국무역보험공사_환율_20230718.csv
2020-12-16,2020,12,16,JPY,1054.45,1.14,-2.71,-6.56,한국무역보험공사_환율_20230718.csv
2020-12-17,2020,12,17,JPY,1055.83,1.42,-2.92,-6.32,한국무역보험공사_환율_20230718.csv
2020-12-18,2020,12,18,JPY,1059.68,1.8,-2.93,-5.59,한국무역보험공사_환율_20230718.csv
2020-12-21,2020,12,21,JPY,1061.85,2.19,-2.5,-5.18,한국무역보험공사_환율_20230718.csv
2020-12-22,2020,12,22,JPY,1065.66,2.27,0.57,-4.84,한국무역보험공사_환율_20230718.csv
2020-12-23,2020,12,23,JPY,1068.1,1.97,0.77,-4.0,한국무역보험공사_환율_20230718.csv
2020-12-24,2020,12,24,JPY,1070.73,2.11,1.45,-3.52,한국무역보험공사_환율_20230718.csv
2020-12-28,2020,12,28,JPY,1065.5,1.05,0.56,-3.7,한국무역보험공사_환율_20230718.csv
2020-12-29,2020,12,29,JPY,1058.4,0.24,-0.66,-5.37,한국무역보험공사_환율_20230718.csv
2020-12-30,2020,12,30,JPY,1056.18,-0.33,-0.33,-6.07,한국무역보험공사_환율_20230718.csv
2020-12-31,2020,12,31,JPY,1054.26,-0.71,-0.76,-5.46,한국무역보험공사_환율_20230718.csv
2021-01-04,2021,1,4,JPY,1053.8,-1.11,-1.08,-6.07,한국무역보험공사_환율_20230718.csv
2021-01-05,2021,1,5,JPY,1050.08,-1.69,-2.0,-6.19,한국무역보험공사_환율_20230718.csv
2021-01-06,2021,1,6,JPY,1057.49,-1.24,-1.43,-5.83,한국무역보험공사_환율_20230718.csv
2021-01-07,2021,1,7,JPY,1054.48,-1.03,-0.94,-5.45,한국무역보험공사_환율_20230718.csv
2021-01-08,2021,1,8,JPY,1047.68,-1.01,-1.45,-6.53,한국무역보험공사_환율_20230718.csv
2021-01-11,2021,1,11,JPY,1052.36,-0.36,-0.75,-5.41,한국무역보험공사_환율_20230718.csv
2021-01-12,2021,1,12,JPY,1053.5,-0.07,-0.69,-6.19,한국무역보험공사_환율_20230718.csv
2021-01-13,2021,1,13,JPY,1059.68,0.56,-0.18,-5.16,한국무역보험공사_환율_20230718.csv
2021-01-14,2021,1,14,JPY,1054.25,0.4,-0.42,-5.74,한국무역보험공사_환율_20230718.csv
2021-01-15,2021,1,15,JPY,1059.97,0.23,-0.13,-5.08,한국무역보험공사_환율_20230718.csv
2021-01-18,2021,1,18,JPY,1057.35,0.27,0.11,-5.53,한국무역보험공사_환율_20230718.csv
2021-01-19,2021,1,19,JPY,1065.15,1.67,0.74,-4.89,한국무역보험공사_환율_20230718.csv
2021-01-20,2021,1,20,JPY,1060.78,0.8,1.75,-5.02,한국무역보험공사_환율_20230718.csv
2021-01-21,2021,1,21,JPY,1062.39,0.84,2.05,-5.19,한국무역보험공사_환율_20230718.csv
2021-01-22,2021,1,22,JPY,1062.13,0.23,2.03,-5.18,한국무역보험공사_환율_20230718.csv
2021-01-25,2021,1,25,JPY,1061.79,0.72,2.19,-4.91,한국무역보험공사_환율_20230718.csv
2021-01-26,2021,1,26,JPY,1063.27,0.31,2.04,-5.05,한국무역보험공사_환율_20230718.csv
2021-01-27,2021,1,27,JPY,1064.36,0.66,1.61,-4.97,한국무역보험공사_환율_20230718.csv
2021-01-28,2021,1,28,JPY,1060.57,-0.43,1.14,-5.31,한국무역보험공사_환율_20230718.csv
2021-01-29,2021,1,29,JPY,1069.26,0.8,1.4,-4.67,한국무역보험공사_환율_20230718.csv
2021-02-01,2021,2,1,JPY,1066.13,0.35,0.98,-5.02,한국무역보험공사_환율_20230718.csv
2021-02-02,2021,2,2,JPY,1065.42,0.31,0.54,-4.31,한국무역보험공사_환율_20230718.csv
2021-02-03,2021,2,3,JPY,1063.18,0.13,0.13,-4.07,한국무역보험공사_환율_20230718.csv
2021-02-04,2021,2,4,JPY,1060.8,-0.23,-0.46,-4.33,한국무역보험공사_환율_20230718.csv
2021-02-05,2021,2,5,JPY,1057.73,-0.62,-0.97,-4.27,한국무역보험공사_환율_20230718.csv
2021-02-08,2021,2,8,JPY,1066.31,0.54,-0.41,-3.95,한국무역보험공사_환율_20230718.csv
2021-02-09,2021,2,9,JPY,1063.53,-0.54,-0.18,-4.06,한국무역보험공사_환율_20230718.csv
2021-02-10,2021,2,10,JPY,1067.23,0.1,0.83,-4.03,한국무역보험공사_환율_20230718.csv
2021-02-15,2021,2,15,JPY,1057.49,-0.74,0.12,-4.6,한국무역보험공사_환율_20230718.csv
2021-02-16,2021,2,16,JPY,1047.13,-1.51,-0.68,-4.82,한국무역보험공사_환율_20230718.csv
2021-02-17,2021,2,17,JPY,1035.45,-2.39,-1.74,-5.72,한국무역보험공사_환율_20230718.csv
2021-02-18,2021,2,18,JPY,1046.23,-1.09,-0.37,-4.62,한국무역보험공사_환율_20230718.csv
2021-02-19,2021,2,19,JPY,1046.22,-1.88,-1.07,-4.42,한국무역보험공사_환율_20230718.csv
2021-02-22,2021,2,22,JPY,1049.04,-1.36,-0.52,-3.76,한국무역보험공사_환율_20230718.csv
2021-02-23,2021,2,23,JPY,1053.81,-1.26,0.59,-3.29,한국무역보험공사_환율_20230718.csv
2021-02-24,2021,2,24,JPY,1055.44,-0.19,0.29,-3.12,한국무역보험공사_환율_20230718.csv
2021-02-25,2021,2,25,JPY,1048.3,0.11,-0.49,-3.49,한국무역보험공사_환율_20230718.csv
2021-02-26,2021,2,26,JPY,1043.15,0.74,-1.56,-4.01,한국무역보험공사_환율_20230718.csv
2021-03-02,2021,3,2,JPY,1050.62,0.42,-0.34,-2.99,한국무역보험공사_환율_20230718.csv
2021-03-03,2021,3,3,JPY,1050.64,0.42,-0.88,-2.72,한국무역보험공사_환율_20230718.csv
2021-03-04,2021,3,4,JPY,1049.0,-0.0,-0.79,-3.22,한국무역보험공사_환율_20230718.csv
2021-03-05,2021,3,5,JPY,1042.83,-1.04,-2.1,-3.56,한국무역보험공사_환율_20230718.csv
2021-03-08,2021,3,8,JPY,1042.12,-1.26,-1.76,-3.82,한국무역보험공사_환율_20230718.csv
2021-03-09,2021,3,9,JPY,1038.37,-0.95,-2.26,-3.56,한국무역보험공사_환율_20230718.csv
2021-03-10,2021,3,10,JPY,1051.08,0.76,-1.04,-2.59,한국무역보험공사_환율_20230718.csv
2021-03-11,2021,3,11,JPY,1051.97,0.13,-0.92,-2.8,한국무역보험공사_환율_20230718.csv
2021-03-12,2021,3,12,JPY,1047.58,-0.29,-1.48,-3.32,한국무역보험공사_환율_20230718.csv
2021-03-15,2021,3,15,JPY,1036.15,-1.22,-2.65,-4.07,한국무역보험공사_환율_20230718.csv
2021-03-16,2021,3,16,JPY,1040.82,-0.19,-1.86,-3.92,한국무역보험공사_환율_20230718.csv
2021-03-17,2021,3,17,JPY,1039.04,-0.3,-2.83,-4.13,한국무역보험공사_환율_20230718.csv
2021-03-18,2021,3,18,JPY,1039.92,0.15,-2.46,-4.38,한국무역보험공사_환율_20230718.csv
2021-03-19,2021,3,19,JPY,1031.34,-1.88,-3.2,-5.53,한국무역보험공사_환율_20230718.csv
2021-03-22,2021,3,22,JPY,1039.4,-1.19,-2.24,-4.56,한국무역보험공사_환율_20230718.csv
2021-03-23,2021,3,23,JPY,1039.85,-0.74,-1.97,-1.86,한국무역보험공사_환율_20230718.csv
2021-03-24,2021,3,24,JPY,1038.48,0.22,-1.82,-2.02,한국무역보험공사_환율_20230718.csv
2021-03-25,2021,3,25,JPY,1042.44,0.16,-2.24,-1.23,한국무역보험공사_환율_20230718.csv
2021-03-26,2021,3,26,JPY,1038.98,-0.01,-2.31,-1.94,한국무역보험공사_환율_20230718.csv
2021-03-29,2021,3,29,JPY,1030.92,-0.87,-3.4,-3.24,한국무역보험공사_환율_20230718.csv
2021-03-30,2021,3,30,JPY,1030.04,-0.13,-2.6,-2.8,한국무역보험공사_환율_20230718.csv
2021-03-31,2021,3,31,JPY,1027.33,-1.16,-1.89,-3.3,한국무역보험공사_환율_20230718.csv
2021-04-01,2021,4,1,JPY,1022.25,-1.69,-1.27,-4.04,한국무역보험공사_환율_20230718.csv
2021-04-02,2021,4,2,JPY,1020.88,-1.69,-2.42,-4.73,한국무역보험공사_환율_20230718.csv
2021-04-05,2021,4,5,JPY,1018.47,-2.3,-2.65,-5.07,한국무역보험공사_환율_20230718.csv
2021-04-06,2021,4,6,JPY,1023.41,-1.5,-2.44,-3.86,한국무역보험공사_환율_20230718.csv
2021-04-07,2021,4,7,JPY,1023.0,-0.77,-2.92,-3.77,한국무역보험공사_환율_20230718.csv
2021-04-08,2021,4,8,JPY,1016.25,-1.34,-3.71,-4.15,한국무역보험공사_환율_20230718.csv
2021-04-09,2021,4,9,JPY,1023.0,-0.42,-2.41,-3.56,한국무역보험공사_환율_20230718.csv
2021-04-12,2021,4,12,JPY,1018.09,-0.41,-2.4,-4.1,한국무역보험공사_환율_20230718.csv
2021-04-13,2021,4,13,JPY,1027.74,0.67,-2.18,-2.93,한국무역보험공사_환율_20230718.csv
2021-04-14,2021,4,14,JPY,1032.98,1.42,-1.68,-2.67,한국무역보험공사_환율_20230718.csv
2021-04-15,2021,4,15,JPY,1027.86,0.43,-2.02,-2.68,한국무역보험공사_환율_20230718.csv
2021-04-16,2021,4,16,JPY,1027.73,0.46,-1.45,-2.8,한국무역보험공사_환율_20230718.csv
2021-04-19,2021,4,19,JPY,1027.81,1.14,-1.37,-1.41,한국무역보험공사_환율_20230718.csv
2021-04-20,2021,4,20,JPY,1033.89,1.06,-0.43,-0.68,한국무역보험공사_환율_20230718.csv
2021-04-21,2021,4,21,JPY,1030.12,1.18,-1.99,-1.04,한국무역보험공사_환율_20230718.csv
2021-04-22,2021,4,22,JPY,1034.44,0.65,-1.67,-0.45,한국무역보험공사_환율_20230718.csv
2021-04-23,2021,4,23,JPY,1033.75,0.07,-1.32,-0.79,한국무역보험공사_환율_20230718.csv
2021-04-26,2021,4,26,JPY,1037.03,0.89,0.08,-0.99,한국무역보험공사_환율_20230718.csv
2021-04-27,2021,4,27,JPY,1029.62,0.18,-1.08,-1.81,한국무역보험공사_환율_20230718.csv
2021-04-28,2021,4,28,JPY,1021.38,-0.63,-1.7,-3.14,한국무역보험공사_환율_20230718.csv
2021-04-29,2021,4,29,JPY,1024.92,-0.87,-1.44,-2.93,한국무역보험공사_환율_20230718.csv
2021-04-30,2021,4,30,JPY,1016.9,-1.28,-1.4,-4.04,한국무역보험공사_환율_20230718.csv
2021-05-03,2021,5,3,JPY,1015.05,-1.87,-2.34,-4.41,한국무역보험공사_환율_20230718.csv
2021-05-04,2021,5,4,JPY,1026.27,-0.72,-1.31,-3.7,한국무역보험공사_환율_20230718.csv
2021-05-06,2021,5,6,JPY,1026.51,-1.01,-1.15,-3.89,한국무역보험공사_환율_20230718.csv
2021-05-07,2021,5,7,JPY,1032.05,0.24,-1.0,-3.61,한국무역보험공사_환율_20230718.csv
2021-05-10,2021,5,10,JPY,1033.12,1.15,-0.56,-3.04,한국무역보험공사_환율_20230718.csv
2021-05-11,2021,5,11,JPY,1024.21,-0.07,-0.65,-3.23,한국무역보험공사_환율_20230718.csv
2021-05-12,2021,5,12,JPY,1029.96,1.28,-0.01,-2.48,한국무역보험공사_환율_20230718.csv
2021-05-13,2021,5,13,JPY,1024.48,0.93,-0.28,-2.82,한국무역보험공사_환율_20230718.csv
2021-05-14,2021,5,14,JPY,1032.75,0.63,1.03,-2.0,한국무역보험공사_환율_20230718.csv
2021-05-17,2021,5,17,JPY,1032.5,0.58,1.14,-1.67,한국무역보험공사_환율_20230718.csv
2021-05-18,2021,5,18,JPY,1037.59,0.54,1.88,-1.88,한국무역보험공사_환율_20230718.csv
2021-05-20,2021,5,20,JPY,1037.4,0.41,1.37,-1.62,한국무역보험공사_환율_20230718.csv
2021-05-21,2021,5,21,JPY,1040.48,1.59,1.71,-0.69,한국무역보험공사_환율_20230718.csv
2021-05-24,2021,5,24,JPY,1034.57,0.45,1.8,-1.69,한국무역보험공사_환율_20230718.csv
2021-05-25,2021,5,25,JPY,1036.25,1.15,1.3,-1.64,한국무역보험공사_환율_20230718.csv
2021-05-26,2021,5,26,JPY,1032.13,-0.06,1.38,-2.6,한국무역보험공사_환율_20230718.csv
2021-05-27,2021,5,27,JPY,1024.88,-0.74,-0.28,-2.79,한국무역보험공사_환율_20230718.csv
2021-05-28,2021,5,28,JPY,1017.71,-1.92,-1.48,-3.99,한국무역보험공사_환율_20230718.csv
2021-05-31,2021,5,31,JPY,1015.7,-2.09,-1.18,-3.94,한국무역보험공사_환율_20230718.csv
2021-06-01,2021,6,1,JPY,1016.62,-2.29,-1.08,-4.56,한국무역보험공사_환율_20230718.csv
2021-06-02,2021,6,2,JPY,1011.19,-2.26,-1.62,-4.67,한국무역보험공사_환율_20230718.csv
2021-06-03,2021,6,3,JPY,1013.19,-2.23,-2.0,-4.63,한국무역보험공사_환율_20230718.csv
2021-06-04,2021,6,4,JPY,1008.02,-2.34,-2.15,-5.09,한국무역보험공사_환율_20230718.csv
2021-06-07,2021,6,7,JPY,1019.71,-0.5,-1.42,-3.96,한국무역보험공사_환율_20230718.csv
2021-06-08,2021,6,8,JPY,1016.88,-0.08,-1.63,-4.36,한국무역보험공사_환율_20230718.csv
2021-06-09,2021,6,9,JPY,1017.12,0.14,-1.92,-4.44,한국무역보험공사_환율_20230718.csv
2021-06-10,2021,6,10,JPY,1017.74,0.11,-1.15,-4.04,한국무역보험공사_환율_20230718.csv
2021-06-11,2021,6,11,JPY,1019.62,0.83,-0.17,-4.64,한국무역보험공사_환율_20230718.csv
2021-06-14,2021,6,14,JPY,1012.9,-0.03,-1.17,-4.99,한국무역보험공사_환율_20230718.csv
2021-06-15,2021,6,15,JPY,1014.31,0.62,-0.25,-4.8,한국무역보험공사_환율_20230718.csv
2021-06-16,2021,6,16,JPY,1015.63,-0.4,0.06,-4.47,한국무역보험공사_환율_20230718.csv
2021-06-17,2021,6,17,JPY,1009.44,-0.73,-1.64,-4.84,한국무역보험공사_환율_20230718.csv
2021-06-18,2021,6,18,JPY,1024.26,0.7,-0.22,-3.16,한국무역보험공사_환율_20230718.csv
2021-06-21,2021,6,21,JPY,1027.54,0.96,-0.44,-3.64,한국무역보험공사_환율_20230718.csv
2021-06-22,2021,6,22,JPY,1029.05,0.92,-0.39,-3.24,한국무역보험공사_환율_20230718.csv
2021-06-23,2021,6,23,JPY,1023.41,1.04,-0.08,-4.11,한국무역보험공사_환율_20230718.csv
2021-06-24,2021,6,24,JPY,1023.39,0.9,-0.64,-3.22,한국무역보험공사_환율_20230718.csv
2021-06-25,2021,6,25,JPY,1024.4,0.86,-0.01,-2.17,한국무역보험공사_환율_20230718.csv
2021-06-28,2021,6,28,JPY,1018.82,0.93,-1.35,-1.61,한국무역보험공사_환율_20230718.csv
2021-06-29,2021,6,29,JPY,1021.56,-0.26,-1.06,-2.36,한국무역보험공사_환율_20230718.csv
2021-06-30,2021,6,30,JPY,1022.12,-0.53,-1.49,-2.3,한국무역보험공사_환율_20230718.csv
2021-07-01,2021,7,1,JPY,1016.65,-1.2,-2.0,-3.09,한국무역보험공사_환율_20230718.csv
2021-07-02,2021,7,2,JPY,1014.93,-0.83,-2.46,-3.69,한국무역보험공사_환율_20230718.csv
2021-07-05,2021,7,5,JPY,1020.92,-0.24,-1.32,-3.27,한국무역보험공사_환율_20230718.csv
2021-07-06,2021,7,6,JPY,1018.84,-0.54,-1.68,-2.81,한국무역보험공사_환율_20230718.csv
2021-07-07,2021,7,7,JPY,1023.0,0.41,-0.88,-1.93,한국무역보험공사_환율_20230718.csv
2021-07-08,2021,7,8,JPY,1028.48,0.68,0.35,-2.11,한국무역보험공사_환율_20230718.csv
2021-07-09,2021,7,9,JPY,1041.21,1.87,2.31,-0.9,한국무역보험공사_환율_20230718.csv
2021-07-12,2021,7,12,JPY,1042.35,2.53,2.62,-0.63,한국무역보험공사_환율_20230718.csv
2021-07-13,2021,7,13,JPY,1039.02,2.37,2.2,-0.37,한국무역보험공사_환율_20230718.csv
2021-07-14,2021,7,14,JPY,1035.4,1.42,2.39,-0.64,한국무역보험공사_환율_20230718.csv
2021-07-15,2021,7,15,JPY,1045.87,2.65,3.23,0.72,한국무역보험공사_환율_20230718.csv
2021-07-16,2021,7,16,JPY,1041.48,1.81,3.32,-0.91,한국무역보험공사_환율_20230718.csv
2021-07-19,2021,7,19,JPY,1037.6,0.89,1.75,-1.37,한국무역보험공사_환율_20230718.csv
2021-07-20,2021,7,20,JPY,1046.25,0.48,2.89,-0.13,한국무역보험공사_환율_20230718.csv
2021-07-21,2021,7,21,JPY,1047.41,0.49,2.98,1.09,한국무역보험공사_환율_20230718.csv
2021-07-22,2021,7,22,JPY,1043.3,0.41,2.51,0.24,한국무역보험공사_환율_20230718.csv
2021-07-23,2021,7,23,JPY,1044.99,0.93,2.49,0.57,한국무역보험공사_환율_20230718.csv
2021-07-26,2021,7,26,JPY,1039.85,-0.58,2.66,-0.01,한국무역보험공사_환율_20230718.csv
2021-07-27,2021,7,27,JPY,1044.9,0.33,3.02,1.31,한국무역보험공사_환율_20230718.csv
2021-07-28,2021,7,28,JPY,1047.68,0.97,3.16,0.8,한국무역보험공사_환율_20230718.csv
2021-07-29,2021,7,29,JPY,1050.82,0.44,4.1,1.05,한국무역보험공사_환율_20230718.csv
2021-07-30,2021,7,30,JPY,1048.48,0.1,2.36,0.96,한국무역보험공사_환율_20230718.csv
2021-08-02,2021,8,2,JPY,1045.61,0.22,1.76,0.3,한국무역보험공사_환율_20230718.csv
2021-08-03,2021,8,3,JPY,1053.28,0.79,2.35,1.38,한국무역보험공사_환율_20230718.csv
2021-08-04,2021,8,4,JPY,1055.64,1.52,3.15,2.4,한국무역보험공사_환율_20230718.csv
2021-08-05,2021,8,5,JPY,1046.54,0.16,2.26,1.6,한국무역보험공사_환율_20230718.csv
2021-08-06,2021,8,6,JPY,1041.68,-0.57,1.69,1.4,한국무역보험공사_환율_20230718.csv
2021-08-09,2021,8,9,JPY,1035.96,-1.41,1.68,1.34,한국무역보험공사_환율_20230718.csv
2021-08-10,2021,8,10,JPY,1037.84,-1.01,1.59,1.66,한국무역보험공사_환율_20230718.csv
2021-08-11,2021,8,11,JPY,1038.76,-0.66,1.63,1.99,한국무역보험공사_환율_20230718.csv
2021-08-12,2021,8,12,JPY,1045.96,-0.69,2.88,2.2,한국무역보험공사_환율_20230718.csv
2021-08-13,2021,8,13,JPY,1049.82,-0.55,3.44,2.62,한국무역보험공사_환율_20230718.csv
2021-08-17,2021,8,17,JPY,1068.97,2.14,4.71,5.19,한국무역보험공사_환율_20230718.csv
2021-08-18,2021,8,18,JPY,1071.94,2.9,5.21,4.78,한국무역보험공사_환율_20230718.csv
2021-08-19,2021,8,19,JPY,1068.08,3.1,4.41,4.91,한국무역보험공사_환율_20230718.csv
2021-08-20,2021,8,20,JPY,1069.92,3.09,4.03,4.1,한국무역보험공사_환율_20230718.csv
2021-08-23,2021,8,23,JPY,1070.94,3.1,2.86,3.67,한국무역보험공사_환율_20230718.csv
2021-08-24,2021,8,24,JPY,1070.34,2.33,2.69,4.13,한국무역보험공사_환율_20230718.csv
2021-08-25,2021,8,25,JPY,1064.77,1.42,2.48,3.6,한국무역보험공사_환율_20230718.csv
2021-08-26,2021,8,26,JPY,1060.31,-0.81,2.41,3.16,한국무역보험공사_환율_20230718.csv
2021-08-27,2021,8,27,JPY,1061.47,-0.98,1.49,2.67,한국무역보험공사_환율_20230718.csv
2021-08-30,2021,8,30,JPY,1065.87,-0.21,2.34,3.47,한국무역보험공사_환율_20230718.csv
2021-08-31,2021,8,31,JPY,1058.88,-1.03,2.05,2.36,한국무역보험공사_환율_20230718.csv
2021-09-01,2021,9,1,JPY,1057.04,-1.3,1.03,2.25,한국무역보험공사_환율_20230718.csv
2021-09-02,2021,9,2,JPY,1051.84,-1.73,0.42,1.43,한국무역보험공사_환율_20230718.csv
2021-09-03,2021,9,3,JPY,1054.7,-0.95,1.09,2.44,한국무역보험공사_환율_20230718.csv
2021-09-06,2021,9,6,JPY,1053.72,-0.62,0.84,3.17,한국무역보험공사_환율_20230718.csv
2021-09-07,2021,9,7,JPY,1053.67,-0.73,1.33,2.81,한국무역보험공사_환율_20230718.csv
2021-09-08,2021,9,8,JPY,1049.82,-1.51,0.47,3.24,한국무역보험공사_환율_20230718.csv
2021-09-09,2021,9,9,JPY,1056.28,-0.25,0.82,4.06,한국무역보험공사_환율_20230718.csv
2021-09-10,2021,9,10,JPY,1065.81,0.83,1.43,3.85,한국무역보험공사_환율_20230718.csv
2021-09-13,2021,9,13,JPY,1065.36,1.29,1.61,3.78,한국무역보험공사_환율_20230718.csv
2021-09-14,2021,9,14,JPY,1067.4,1.2,2.08,3.43,한국무역보험공사_환율_20230718.csv
2021-09-15,2021,9,15,JPY,1068.4,1.39,1.44,3.41,한국무역보험공사_환율_20230718.csv
2021-09-16,2021,9,16,JPY,1071.66,1.71,1.52,4.63,한국무역보험공사_환율_20230718.csv
2021-09-17,2021,9,17,JPY,1065.58,1.5,1.82,3.46,한국무역보험공사_환율_20230718.csv
2021-09-23,2021,9,23,JPY,1072.64,1.55,2.97,4.7,한국무역보험공사_환율_20230718.csv
2021-09-24,2021,9,24,JPY,1071.45,0.53,3.43,3.75,한국무역보험공사_환율_20230718.csv
2021-09-27,2021,9,27,JPY,1060.79,-0.43,2.21,2.74,한국무역보험공사_환율_20230718.csv
2021-09-28,2021,9,28,JPY,1059.37,-0.75,1.98,2.1,한국무역보험공사_환율_20230718.csv
2021-09-29,2021,9,29,JPY,1059.38,-0.84,1.28,2.12,한국무역보험공사_환율_20230718.csv
2021-09-30,2021,9,30,JPY,1058.18,-1.26,0.8,1.7,한국무역보험공사_환율_20230718.csv
2021-10-01,2021,10,1,JPY,1064.06,-0.14,-0.46,2.85,한국무역보험공사_환율_20230718.csv
2021-10-05,2021,10,5,JPY,1069.98,-0.25,-0.18,3.26,한국무역보험공사_환율_20230718.csv
2021-10-06,2021,10,6,JPY,1064.81,-0.62,-0.31,3.17,한국무역보험공사_환율_20230718.csv
2021-10-07,2021,10,7,JPY,1067.98,0.68,-0.18,4.21,한국무역보험공사_환율_20230718.csv
2021-10-08,2021,10,8,JPY,1066.05,0.63,-0.46,4.75,한국무역보험공사_환율_20230718.csv
2021-10-12,2021,10,12,JPY,1052.38,-0.66,-1.68,3.61,한국무역보험공사_환율_20230718.csv
2021-10-13,2021,10,13,JPY,1055.82,-0.22,-0.84,3.86,한국무역보험공사_환율_20230718.csv
2021-10-14,2021,10,14,JPY,1055.14,-0.84,-0.49,4.35,한국무역보험공사_환율_20230718.csv
2021-10-15,2021,10,15,JPY,1044.71,-2.36,-1.58,3.11,한국무역보험공사_환율_20230718.csv
2021-10-18,2021,10,18,JPY,1034.59,-2.84,-2.93,2.64,한국무역보험공사_환율_20230718.csv
2021-10-19,2021,10,19,JPY,1037.4,-2.86,-2.03,1.73,한국무역보험공사_환율_20230718.csv
2021-10-20,2021,10,20,JPY,1032.73,-3.13,-2.3,1.56,한국무역보험공사_환율_20230718.csv
2021-10-21,2021,10,21,JPY,1027.85,-2.33,-2.28,1.05,한국무역보험공사_환율_20230718.csv
2021-10-22,2021,10,22,JPY,1031.72,-2.28,-2.18,1.37,한국무역보험공사_환율_20230718.csv
2021-10-25,2021,10,25,JPY,1037.92,-1.63,-1.5,1.79,한국무역보험공사_환율_20230718.csv
2021-10-26,2021,10,26,JPY,1030.38,-1.37,-2.21,1.73,한국무역보험공사_환율_20230718.csv
2021-10-27,2021,10,27,JPY,1021.41,-1.27,-2.71,0.7,한국무역보험공사_환율_20230718.csv
2021-10-28,2021,10,28,JPY,1026.63,-1.04,-2.81,1.08,한국무역보험공사_환율_20230718.csv
2021-10-29,2021,10,29,JPY,1031.65,-0.1,-3.21,2.2,한국무역보험공사_환율_20230718.csv
2021-11-01,2021,11,1,JPY,1024.84,-0.29,-3.8,0.06,한국무역보험공사_환율_20230718.csv
2021-11-02,2021,11,2,JPY,1031.25,-0.05,-3.39,0.36,한국무역보험공사_환율_20230718.csv
2021-11-03,2021,11,3,JPY,1031.28,-0.64,-3.47,0.22,한국무역보험공사_환율_20230718.csv
2021-11-04,2021,11,4,JPY,1035.78,0.52,-3.35,1.21,한국무역보험공사_환율_20230718.csv
2021-11-05,2021,11,5,JPY,1036.54,1.48,-2.73,1.28,한국무역보험공사_환율_20230718.csv
2021-11-08,2021,11,8,JPY,1044.83,1.77,-2.59,1.99,한국무역보험공사_환율_20230718.csv
2021-11-09,2021,11,9,JPY,1045.79,1.37,-2.39,2.65,한국무역보험공사_환율_20230718.csv
2021-11-10,2021,11,10,JPY,1043.52,1.82,-1.63,2.15,한국무역보험공사_환율_20230718.csv
2021-11-11,2021,11,11,JPY,1037.01,0.56,-2.11,1.46,한국무역보험공사_환율_20230718.csv
2021-11-12,2021,11,12,JPY,1038.8,0.73,-1.94,2.18,한국무역보험공사_환율_20230718.csv
2021-11-15,2021,11,15,JPY,1034.78,-0.1,-2.21,1.96,한국무역보험공사_환율_20230718.csv
2021-11-16,2021,11,16,JPY,1034.22,-0.22,-2.8,1.3,한국무역보험공사_환율_20230718.csv
2021-11-17,2021,11,17,JPY,1027.03,-1.7,-4.01,0.8,한국무역보험공사_환율_20230718.csv
2021-11-18,2021,11,18,JPY,1036.34,-0.9,-2.67,1.3,한국무역보험공사_환율_20230718.csv
2021-11-19,2021,11,19,JPY,1033.31,-0.98,-3.25,0.47,한국무역보험공사_환율_20230718.csv
2021-11-22,2021,11,22,JPY,1037.57,0.05,-2.67,-0.35,한국무역보험공사_환율_20230718.csv
2021-11-23,2021,11,23,JPY,1033.92,-0.47,-1.75,-0.81,한국무역보험공사_환율_20230718.csv
2021-11-24,2021,11,24,JPY,1032.79,-0.19,-2.18,-0.6,한국무역보험공사_환율_20230718.csv
2021-11-25,2021,11,25,JPY,1029.54,-0.45,-2.43,-0.57,한국무역보험공사_환율_20230718.csv
2021-11-26,2021,11,26,JPY,1031.79,0.46,-1.24,-1.35,한국무역보험공사_환율_20230718.csv
2021-11-29,2021,11,29,JPY,1049.53,1.27,1.44,0.77,한국무역보험공사_환율_20230718.csv
2021-11-30,2021,11,30,JPY,1049.56,1.57,1.17,1.15,한국무역보험공사_환율_20230718.csv
2021-12-01,2021,12,1,JPY,1049.16,1.12,1.59,0.28,한국무역보험공사_환율_20230718.csv
2021-12-02,2021,12,2,JPY,1045.81,1.15,1.75,-0.15,한국무역보험공사_환율_20230718.csv
2021-12-03,2021,12,3,JPY,1039.97,0.7,0.8,-0.32,한국무역보험공사_환율_20230718.csv
2021-12-06,2021,12,6,JPY,1042.69,1.28,0.46,-0.22,한국무역보험공사_환율_20230718.csv
2021-12-07,2021,12,7,JPY,1043.23,1.11,1.25,0.33,한국무역보험공사_환율_20230718.csv
2021-12-08,2021,12,8,JPY,1040.48,-0.86,1.87,-0.42,한국무역보험공사_환율_20230718.csv
2021-12-09,2021,12,9,JPY,1034.43,-1.44,0.76,-1.26,한국무역보험공사_환율_20230718.csv
2021-12-10,2021,12,10,JPY,1034.73,-1.38,0.3,-1.53,한국무역보험공사_환율_20230718.csv
2021-12-13,2021,12,13,JPY,1038.47,-0.7,1.33,-0.95,한국무역보험공사_환율_20230718.csv
2021-12-14,2021,12,14,JPY,1038.0,-0.19,0.65,-0.73,한국무역보험공사_환율_20230718.csv
2021-12-15,2021,12,15,JPY,1040.57,-0.2,0.9,-1.21,한국무역보험공사_환율_20230718.csv
2021-12-16,2021,12,16,JPY,1039.8,-0.33,0.39,-1.5,한국무역보험공사_환율_20230718.csv
2021-12-17,2021,12,17,JPY,1040.81,0.03,0.41,-0.55,한국무역보험공사_환율_20230718.csv
2021-12-20,2021,12,20,JPY,1042.01,0.73,-0.27,0.03,한국무역보험공사_환율_20230718.csv
2021-12-21,2021,12,21,JPY,1047.04,1.19,0.12,1.07,한국무역보험공사_환율_20230718.csv
2021-12-22,2021,12,22,JPY,1044.67,0.6,0.11,0.66,한국무역보험공사_환율_20230718.csv
2021-12-23,2021,12,23,JPY,1043.68,0.55,0.64,0.47,한국무역보험공사_환율_20230718.csv
2021-12-24,2021,12,24,JPY,1037.48,-0.3,-0.13,-0.81,한국무역보험공사_환율_20230718.csv
2021-12-27,2021,12,27,JPY,1037.06,-0.26,0.22,-1.22,한국무역보험공사_환율_20230718.csv
2021-12-28,2021,12,28,JPY,1032.6,-0.79,-0.16,-3.4,한국무역보험공사_환율_20230718.csv
2021-12-29,2021,12,29,JPY,1033.76,-0.79,0.66,-3.56,한국무역보험공사_환율_20230718.csv
2021-12-30,2021,12,30,JPY,1032.14,-1.42,-0.41,-3.36,한국무역보험공사_환율_20230718.csv
2021-12-31,2021,12,31,JPY,1030.24,-1.38,-0.3,-3.71,한국무역보험공사_환율_20230718.csv
2022-01-03,2022,1,3,JPY,1029.57,-1.35,-0.77,-3.86,한국무역보험공사_환율_20230718.csv
2022-01-04,2022,1,4,JPY,1032.38,-0.49,-0.15,-3.55,한국무역보험공사_환율_20230718.csv
2022-01-05,2022,1,5,JPY,1027.93,-0.88,-0.47,-3.46,한국무역보험공사_환율_20230718.csv
2022-01-06,2022,1,6,JPY,1032.09,-0.05,0.25,-2.66,한국무역보험공사_환율_20230718.csv
2022-01-07,2022,1,7,JPY,1035.43,0.16,0.35,-2.45,한국무역보험공사_환율_20230718.csv
2022-01-10,2022,1,10,JPY,1039.82,0.74,-0.93,-2.44,한국무역보험공사_환율_20230718.csv
2022-01-11,2022,1,11,JPY,1041.44,1.09,-0.77,-1.65,한국무역보험공사_환율_20230718.csv
2022-01-12,2022,1,12,JPY,1036.56,0.68,-1.2,-1.94,한국무역보험공사_환율_20230718.csv
2022-01-13,2022,1,13,JPY,1037.99,0.54,-0.75,-1.32,한국무역보험공사_환율_20230718.csv
2022-01-14,2022,1,14,JPY,1040.41,1.21,0.04,-1.35,한국무역보험공사_환율_20230718.csv
2022-01-17,2022,1,17,JPY,1038.7,0.64,-0.38,-1.43,한국무역보험공사_환율_20230718.csv
2022-01-18,2022,1,18,JPY,1040.36,0.48,-0.28,-1.26,한국무역보험공사_환율_20230718.csv
2022-01-19,2022,1,19,JPY,1037.48,-0.23,-0.29,-1.18,한국무역보험공사_환율_20230718.csv
2022-01-20,2022,1,20,JPY,1041.97,0.05,0.73,-1.35,한국무역보험공사_환율_20230718.csv
2022-01-21,2022,1,21,JPY,1044.16,0.73,0.91,-2.03,한국무역보험공사_환율_20230718.csv
2022-01-24,2022,1,24,JPY,1049.36,1.1,1.05,-1.5,한국무역보험공사_환율_20230718.csv
2022-01-25,2022,1,25,JPY,1047.5,0.68,0.92,-1.86,한국무역보험공사_환율_20230718.csv
2022-01-26,2022,1,26,JPY,1051.62,1.24,1.06,-1.57,한국무역보험공사_환율_20230718.csv
2022-01-27,2022,1,27,JPY,1043.36,0.29,0.34,-2.64,한국무역보험공사_환율_20230718.csv
2022-01-28,2022,1,28,JPY,1042.8,0.51,0.19,-2.14,한국무역보험공사_환율_20230718.csv
2022-02-03,2022,2,3,JPY,1053.75,1.13,1.13,-1.76,한국무역보험공사_환율_20230718.csv
2022-02-04,2022,2,4,JPY,1048.4,0.41,0.13,-2.15,한국무역보험공사_환율_20230718.csv
2022-02-07,2022,2,7,JPY,1040.19,-0.87,-0.43,-1.94,한국무역보험공사_환율_20230718.csv
2022-02-08,2022,2,8,JPY,1042.37,-0.49,-0.13,-1.6,한국무역보험공사_환율_20230718.csv
2022-02-09,2022,2,9,JPY,1035.94,-1.49,-0.15,-2.21,한국무역보험공사_환율_20230718.csv
2022-02-10,2022,2,10,JPY,1035.09,-0.79,-0.19,-2.18,한국무역보험공사_환율_20230718.csv
2022-02-11,2022,2,11,JPY,1030.46,-1.18,-0.21,-3.16,한국무역보험공사_환율_20230718.csv
2022-02-14,2022,2,14,JPY,1038.57,-1.44,0.47,-2.94,한국무역보험공사_환율_20230718.csv
2022-02-15,2022,2,15,JPY,1037.22,-1.07,0.49,-2.59,한국무역보험공사_환율_20230718.csv
2022-02-16,2022,2,16,JPY,1036.63,-0.34,0.62,-2.94,한국무역보험공사_환율_20230718.csv
2022-02-17,2022,2,17,JPY,1036.77,-0.54,0.7,-2.75,한국무역보험공사_환율_20230718.csv
2022-02-18,2022,2,18,JPY,1042.45,0.63,0.98,-0.94,한국무역보험공사_환율_20230718.csv
2022-02-21,2022,2,21,JPY,1041.25,0.6,1.3,-1.38,한국무역보험공사_환율_20230718.csv
2022-02-22,2022,2,22,JPY,1042.45,1.16,1.0,-1.2,한국무역보험공사_환율_20230718.csv
2022-02-23,2022,2,23,JPY,1038.33,-0.02,0.28,-0.61,한국무역보험공사_환율_20230718.csv
2022-02-24,2022,2,24,JPY,1037.19,-0.0,-0.25,0.25,한국무역보험공사_환율_20230718.csv
2022-02-25,2022,2,25,JPY,1038.76,0.21,-0.26,0.13,한국무역보험공사_환율_20230718.csv
2022-02-28,2022,2,28,JPY,1041.52,0.46,0.48,0.85,한국무역보험공사_환율_20230718.csv
2022-03-02,2022,3,2,JPY,1049.49,0.68,1.11,2.11,한국무역보험공사_환율_20230718.csv
2022-03-03,2022,3,3,JPY,1043.52,0.22,0.3,1.14,한국무역보험공사_환율_20230718.csv
2022-03-04,2022,3,4,JPY,1042.21,-0.02,0.34,0.41,한국무역보험공사_환율_20230718.csv
2022-03-07,2022,3,7,JPY,1054.17,1.53,1.33,2.31,한국무역보험공사_환율_20230718.csv
2022-03-08,2022,3,8,JPY,1062.65,2.45,2.43,4.04,한국무역보험공사_환율_20230718.csv
2022-03-10,2022,3,10,JPY,1065.56,2.58,2.26,3.79,한국무역보험공사_환율_20230718.csv
2022-03-11,2022,3,11,JPY,1057.81,1.56,1.31,2.54,한국무역보험공사_환율_20230718.csv
2022-03-14,2022,3,14,JPY,1048.9,-0.06,-0.04,2.35,한국무역보험공사_환율_20230718.csv
2022-03-15,2022,3,15,JPY,1047.22,0.35,-0.03,1.55,한국무역보험공사_환율_20230718.csv
2022-03-16,2022,3,16,JPY,1049.49,0.7,-0.2,1.77,한국무역보험공사_환율_20230718.csv
2022-03-17,2022,3,17,JPY,1043.89,-0.98,0.05,0.78,한국무역보험공사_환율_20230718.csv
2022-03-18,2022,3,18,JPY,1029.82,-3.09,-1.24,-0.65,한국무역보험공사_환율_20230718.csv
2022-03-21,2022,3,21,JPY,1015.38,-4.71,-3.64,-2.82,한국무역보험공사_환율_20230718.csv
2022-03-22,2022,3,22,JPY,1015.1,-4.04,-3.18,-2.93,한국무역보험공사_환율_20230718.csv
2022-03-23,2022,3,23,JPY,1007.71,-3.93,-3.12,-3.43,한국무역보험공사_환율_20230718.csv
2022-03-24,2022,3,24,JPY,1001.61,-4.36,-3.91,-3.41,한국무역보험공사_환율_20230718.csv
2022-03-25,2022,3,25,JPY,996.53,-5.05,-3.8,-4.07,한국무역보험공사_환율_20230718.csv
2022-03-28,2022,3,28,JPY,995.79,-4.61,-3.8,-3.77,한국무역보험공사_환율_20230718.csv
2022-03-29,2022,3,29,JPY,988.27,-4.03,-4.09,-4.44,한국무역보험공사_환율_20230718.csv
2022-03-30,2022,3,30,JPY,992.48,-2.26,-4.44,-3.36,한국무역보험공사_환율_20230718.csv
2022-03-31,2022,3,31,JPY,992.74,-2.2,-4.29,-4.21,한국무역보험공사_환율_20230718.csv
2022-04-01,2022,4,1,JPY,993.88,-1.37,-4.12,-3.82,한국무역보험공사_환율_20230718.csv
2022-04-04,2022,4,4,JPY,991.64,-1.0,-4.35,-4.43,한국무역보험공사_환율_20230718.csv
2022-04-05,2022,4,5,JPY,991.0,-0.55,-4.94,-4.15,한국무역보험공사_환율_20230718.csv
2022-04-06,2022,4,6,JPY,981.11,-1.47,-5.78,-5.0,한국무역보험공사_환율_20230718.csv
2022-04-07,2022,4,7,JPY,984.14,-0.42,-5.59,-4.41,한국무역보험공사_환율_20230718.csv
2022-04-08,2022,4,8,JPY,981.47,-1.11,-5.48,-4.88,한국무역보험공사_환율_20230718.csv
2022-04-11,2022,4,11,JPY,984.2,-0.86,-5.11,-6.22,한국무역보험공사_환율_20230718.csv
2022-04-12,2022,4,12,JPY,982.03,-1.19,-5.46,-6.43,한국무역보험공사_환율_20230718.csv
2022-04-13,2022,4,13,JPY,985.69,-0.6,-5.36,-6.05,한국무역보험공사_환율_20230718.csv
2022-04-14,2022,4,14,JPY,977.82,-1.33,-6.83,-6.5,한국무역보험공사_환율_20230718.csv
2022-04-15,2022,4,15,JPY,971.55,-0.97,-6.9,-6.58,한국무역보험공사_환율_20230718.csv
2022-04-18,2022,4,18,JPY,971.91,-1.24,-6.75,-6.79,한국무역보험공사_환율_20230718.csv
2022-04-19,2022,4,19,JPY,969.45,-1.22,-8.04,-7.07,한국무역보험공사_환율_20230718.csv
2022-04-20,2022,4,20,JPY,956.06,-2.86,-10.03,-8.11,한국무역보험공사_환율_20230718.csv
2022-04-21,2022,4,21,JPY,967.13,-1.52,-9.24,-6.51,한국무역보험공사_환율_20230718.csv
2022-04-22,2022,4,22,JPY,963.42,-2.26,-8.92,-6.89,한국무역보험공사_환율_20230718.csv
2022-04-25,2022,4,25,JPY,964.61,-1.35,-8.04,-7.11,한국무역보험공사_환율_20230718.csv
2022-04-26,2022,4,26,JPY,974.03,0.26,-6.99,-6.16,한국무역보험공사_환율_20230718.csv
2022-04-27,2022,4,27,JPY,980.79,0.91,-6.55,-5.74,한국무역보험공사_환율_20230718.csv
2022-04-28,2022,4,28,JPY,982.92,1.39,-5.84,-5.47,한국무역보험공사_환율_20230718.csv
2022-04-29,2022,4,29,JPY,970.16,1.47,-5.79,-6.79,한국무역보험공사_환율_20230718.csv
2022-05-02,2022,5,2,JPY,973.35,0.64,-4.14,-6.59,한국무역보험공사_환율_20230718.csv
2022-05-03,2022,5,3,JPY,972.23,0.91,-4.22,-7.14,한국무역보험공사_환율_20230718.csv
2022-05-04,2022,5,4,JPY,972.75,0.84,-3.47,-6.88,한국무역보험공사_환율_20230718.csv
2022-05-06,2022,5,6,JPY,968.94,-0.52,-3.26,-7.16,한국무역보험공사_환율_20230718.csv
2022-05-09,2022,5,9,JPY,973.87,-0.71,-2.27,-6.13,한국무역보험공사_환율_20230718.csv
2022-05-10,2022,5,10,JPY,977.57,-0.54,-1.83,-5.74,한국무역보험공사_환율_20230718.csv
2022-05-11,2022,5,11,JPY,978.48,0.86,-0.99,-5.24,한국무역보험공사_환율_20230718.csv
2022-05-12,2022,5,12,JPY,982.95,0.99,-0.96,-4.92,한국무역보험공사_환율_20230718.csv
2022-05-13,2022,5,13,JPY,1000.58,2.92,0.79,-3.06,한국무역보험공사_환율_20230718.csv
2022-05-16,2022,5,16,JPY,993.86,2.17,-0.0,-3.53,한국무역보험공사_환율_20230718.csv
2022-05-17,2022,5,17,JPY,993.3,2.51,0.17,-3.52,한국무역보험공사_환율_20230718.csv
2022-05-18,2022,5,18,JPY,986.67,1.31,-0.44,-4.43,한국무역보험공사_환율_20230718.csv
2022-05-19,2022,5,19,JPY,988.98,1.17,0.8,-3.79,한국무역보험공사_환율_20230718.csv
2022-05-20,2022,5,20,JPY,997.61,1.96,1.37,-3.34,한국무역보험공사_환율_20230718.csv
2022-05-23,2022,5,23,JPY,992.69,0.99,1.14,-4.13,한국무역보험공사_환율_20230718.csv
2022-05-24,2022,5,24,JPY,991.79,-0.88,0.77,-4.62,한국무역보험공사_환율_20230718.csv
2022-05-25,2022,5,25,JPY,996.57,0.27,1.48,-4.31,한국무역보험공사_환율_20230718.csv
2022-05-26,2022,5,26,JPY,992.97,-0.03,0.74,-4.21,한국무역보험공사_환율_20230718.csv
2022-05-27,2022,5,27,JPY,996.5,1.0,1.91,-4.0,한국무역보험공사_환율_20230718.csv
2022-05-30,2022,5,30,JPY,988.01,-0.1,1.69,-5.04,한국무역보험공사_환율_20230718.csv
2022-05-31,2022,5,31,JPY,975.61,-2.21,0.38,-6.07,한국무역보험공사_환율_20230718.csv
2022-06-02,2022,6,2,JPY,951.41,-4.16,-1.86,-8.55,한국무역보험공사_환율_20230718.csv
2022-06-03,2022,6,3,JPY,963.31,-2.87,0.76,-7.15,한국무역보험공사_환율_20230718.csv
2022-06-07,2022,6,7,JPY,940.19,-5.66,-2.79,-9.77,한국무역보험공사_환율_20230718.csv
2022-06-08,2022,6,8,JPY,947.0,-4.63,-1.7,-9.31,한국무역보험공사_환율_20230718.csv
2022-06-09,2022,6,9,JPY,934.18,-6.25,-3.15,-10.98,한국무역보험공사_환율_20230718.csv
2022-06-10,2022,6,10,JPY,935.4,-5.32,-3.97,-10.7,한국무역보험공사_환율_20230718.csv
2022-06-13,2022,6,13,JPY,939.97,-3.65,-4.16,-10.62,한국무역보험공사_환율_20230718.csv
2022-06-14,2022,6,14,JPY,957.88,0.68,-2.55,-8.19,한국무역보험공사_환율_20230718.csv
2022-06-15,2022,6,15,JPY,953.32,-1.04,-1.74,-8.58,한국무역보험공사_환율_20230718.csv
2022-06-16,2022,6,16,JPY,963.12,2.44,-1.05,-8.6,한국무역보험공사_환율_20230718.csv
2022-06-17,2022,6,17,JPY,968.73,2.29,-0.36,-7.6,한국무역보험공사_환율_20230718.csv
2022-06-20,2022,6,20,JPY,952.4,1.95,-2.09,-8.44,한국무역보험공사_환율_20230718.csv
2022-06-21,2022,6,21,JPY,955.93,2.19,-1.34,-8.29,한국무역보험공사_환율_20230718.csv
2022-06-22,2022,6,22,JPY,945.63,0.6,-2.9,-8.72,한국무역보험공사_환율_20230718.csv
2022-06-23,2022,6,23,JPY,951.78,-0.64,-2.64,-8.05,한국무역보험공사_환율_20230718.csv
2022-06-24,2022,6,24,JPY,964.66,1.19,-1.41,-6.39,한국무역보험공사_환율_20230718.csv
2022-06-27,2022,6,27,JPY,961.27,-0.19,-2.21,-7.44,한국무역보험공사_환율_20230718.csv
2022-06-28,2022,6,28,JPY,949.87,-1.95,-5.07,-8.42,한국무역보험공사_환율_20230718.csv
2022-06-29,2022,6,29,JPY,944.26,-0.85,-4.99,-8.91,한국무역보험공사_환율_20230718.csv
2022-06-30,2022,6,30,JPY,946.45,-0.99,-4.72,-8.71,한국무역보험공사_환율_20230718.csv
2022-07-01,2022,7,1,JPY,957.18,1.22,-2.99,-8.18,한국무역보험공사_환율_20230718.csv
2022-07-04,2022,7,4,JPY,957.14,0.56,-3.22,-8.08,한국무역보험공사_환율_20230718.csv
2022-07-05,2022,7,5,JPY,955.43,-0.96,-4.23,-8.35,한국무역보험공사_환율_20230718.csv
2022-07-06,2022,7,6,JPY,957.05,-0.44,-3.59,-7.83,한국무역보험공사_환율_20230718.csv
2022-07-07,2022,7,7,JPY,960.93,1.16,-3.11,-7.35,한국무역보험공사_환율_20230718.csv
2022-07-08,2022,7,8,JPY,958.11,1.47,-3.86,-7.76,한국무역보험공사_환율_20230718.csv
2022-07-11,2022,7,11,JPY,954.0,0.8,-3.92,-8.4,한국무역보험공사_환율_20230718.csv
2022-07-12,2022,7,12,JPY,947.1,-1.05,-4.96,-9.76,한국무역보험공사_환율_20230718.csv
2022-07-13,2022,7,13,JPY,959.06,0.2,-2.93,-8.09,한국무역보험공사_환율_20230718.csv
2022-07-14,2022,7,14,JPY,949.99,-0.57,-2.63,-8.85,한국무역보험공사_환율_20230718.csv
2022-07-15,2022,7,15,JPY,942.24,-1.55,-0.96,-10.62,한국무역보험공사_환율_20230718.csv
2022-07-18,2022,7,18,JPY,956.19,-0.49,-0.74,-10.02,한국무역보험공사_환율_20230718.csv
2022-07-19,2022,7,19,JPY,953.51,-0.48,1.42,-10.52,한국무역보험공사_환율_20230718.csv
2022-07-20,2022,7,20,JPY,951.34,-0.28,0.46,-10.07,한국무역보험공사_환율_20230718.csv
2022-07-21,2022,7,21,JPY,946.14,-0.1,1.28,-9.8,한국무역보험공사_환율_20230718.csv
2022-07-22,2022,7,22,JPY,956.17,-0.3,2.22,-8.69,한국무역보험공사_환율_20230718.csv
2022-07-25,2022,7,25,JPY,962.26,1.29,2.37,-8.31,한국무역보험공사_환율_20230718.csv
2022-07-26,2022,7,26,JPY,960.47,1.93,0.27,-7.99,한국무역보험공사_환율_20230718.csv
2022-07-27,2022,7,27,JPY,957.15,0.1,0.4,-7.06,한국무역보험공사_환율_20230718.csv
2022-07-28,2022,7,28,JPY,962.57,0.95,-0.06,-5.2,한국무역보험공사_환율_20230718.csv
2022-07-29,2022,7,29,JPY,970.53,2.02,0.19,-4.39,한국무역보험공사_환율_20230718.csv
2022-08-01,2022,8,1,JPY,973.43,2.88,2.21,-3.4,한국무역보험공사_환율_20230718.csv
2022-08-02,2022,8,2,JPY,993.08,3.86,3.89,-0.85,한국무역보험공사_환율_20230718.csv
2022-08-03,2022,8,3,JPY,981.57,2.01,3.8,-1.5,한국무역보험공사_환율_20230718.csv
2022-08-04,2022,8,4,JPY,977.66,1.79,2.72,-1.82,한국무역보험공사_환율_20230718.csv
2022-08-05,2022,8,5,JPY,986.22,3.04,2.23,-0.21,한국무역보험공사_환율_20230718.csv
2022-08-08,2022,8,8,JPY,961.91,-0.07,0.07,-3.08,한국무역보험공사_환율_20230718.csv
2022-08-09,2022,8,9,JPY,967.06,-0.36,1.81,-2.59,한국무역보험공사_환율_20230718.csv
2022-08-10,2022,8,10,JPY,965.77,-0.79,2.28,-2.83,한국무역보험공사_환율_20230718.csv
2022-08-11,2022,8,11,JPY,985.29,-0.78,4.1,-0.64,한국무역보험공사_환율_20230718.csv
2022-08-12,2022,8,12,JPY,979.21,-0.24,2.3,-1.19,한국무역보험공사_환율_20230718.csv
2022-08-16,2022,8,16,JPY,979.22,0.16,2.31,-0.19,한국무역보험공사_환율_20230718.csv
2022-08-17,2022,8,17,JPY,975.46,-1.09,2.1,-0.88,한국무역보험공사_환율_20230718.csv
2022-08-18,2022,8,18,JPY,969.32,0.77,1.28,-1.24,한국무역보험공사_환율_20230718.csv
2022-08-19,2022,8,19,JPY,969.71,0.27,0.91,-1.47,한국무역보험공사_환율_20230718.csv
2022-08-22,2022,8,22,JPY,968.75,0.31,1.11,-1.35,한국무역보험공사_환율_20230718.csv
2022-08-23,2022,8,23,JPY,973.34,-1.21,2.03,-1.25,한국무역보험공사_환율_20230718.csv
2022-08-24,2022,8,24,JPY,981.82,0.27,3.67,0.41,한국무역보험공사_환율_20230718.csv
2022-08-25,2022,8,25,JPY,978.09,-0.12,1.98,0.67,한국무역보험공사_환율_20230718.csv
2022-08-26,2022,8,26,JPY,978.95,0.36,3.05,0.72,한국무역보험공사_환율_20230718.csv
2022-08-29,2022,8,29,JPY,965.89,-0.35,2.51,-0.37,한국무역보험공사_환율_20230718.csv
2022-08-30,2022,8,30,JPY,971.35,0.17,1.59,1.6,한국무역보험공사_환율_20230718.csv
2022-08-31,2022,8,31,JPY,970.65,0.2,1.8,0.36,한국무역보험공사_환율_20230718.csv
2022-09-01,2022,9,1,JPY,966.34,-0.72,1.58,0.3,한국무역보험공사_환율_20230718.csv
2022-09-02,2022,9,2,JPY,964.29,-1.79,1.92,-0.03,한국무역보험공사_환율_20230718.csv
2022-09-05,2022,9,5,JPY,966.34,-1.2,1.06,-0.79,한국무역보험공사_환율_20230718.csv
2022-09-06,2022,9,6,JPY,974.98,-0.41,1.32,-0.59,한국무역보험공사_환율_20230718.csv
2022-09-07,2022,9,7,JPY,956.05,-1.02,-0.46,-2.73,한국무역보험공사_환율_20230718.csv
2022-09-08,2022,9,8,JPY,961.25,-1.04,0.43,-0.92,한국무역보험공사_환율_20230718.csv
2022-09-13,2022,9,13,JPY,968.07,-0.27,0.57,-0.54,한국무역보험공사_환율_20230718.csv
2022-09-14,2022,9,14,JPY,948.69,-1.83,-2.25,-2.42,한국무역보험공사_환율_20230718.csv
2022-09-15,2022,9,15,JPY,973.25,0.93,-0.02,0.05,한국무역보험공사_환율_20230718.csv
2022-09-16,2022,9,16,JPY,972.58,0.65,-2.06,0.38,한국무역보험공사_환율_20230718.csv
2022-09-19,2022,9,19,JPY,975.54,0.06,-0.61,0.17,한국무역보험공사_환율_20230718.csv
2022-09-20,2022,9,20,JPY,969.83,1.44,-0.8,-0.79,한국무역보험공사_환율_20230718.csv
2022-09-21,2022,9,21,JPY,967.17,0.62,-1.93,-1.16,한국무역보험공사_환율_20230718.csv
2022-09-22,2022,9,22,JPY,965.8,-0.23,0.4,-1.74,한국무역보험공사_환율_20230718.csv
2022-09-23,2022,9,23,JPY,989.15,4.26,2.28,-1.14,한국무역보험공사_환율_20230718.csv
2022-09-26,2022,9,26,JPY,981.53,0.85,1.63,-1.24,한국무역보험공사_환율_20230718.csv
2022-09-27,2022,9,27,JPY,988.8,1.67,0.36,-0.45,한국무역보험공사_환율_20230718.csv
2022-09-28,2022,9,28,JPY,985.43,1.01,0.64,-0.13,한국무역보험공사_환율_20230718.csv
2022-09-29,2022,9,29,JPY,995.67,2.66,1.68,0.68,한국무역보험공사_환율_20230718.csv
2022-09-30,2022,9,30,JPY,993.25,2.7,1.82,-0.44,한국무역보험공사_환율_20230718.csv
2022-10-04,2022,10,4,JPY,991.38,2.65,2.28,-0.13,한국무역보험공사_환율_20230718.csv
2022-10-05,2022,10,5,JPY,993.58,0.45,2.46,0.18,한국무역보험공사_환율_20230718.csv
2022-10-06,2022,10,6,JPY,982.08,0.06,1.38,-1.45,한국무역보험공사_환율_20230718.csv
2022-10-07,2022,10,7,JPY,968.58,-2.04,-0.49,-2.46,한국무역보험공사_환율_20230718.csv
2022-10-11,2022,10,11,JPY,968.31,-1.74,-1.38,-2.83,한국무역보험공사_환율_20230718.csv
2022-10-12,2022,10,12,JPY,982.96,-1.28,0.5,-0.51,한국무역보험공사_환율_20230718.csv
2022-10-13,2022,10,13,JPY,974.88,-1.85,-0.42,-0.07,한국무역보험공사_환율_20230718.csv
2022-10-14,2022,10,14,JPY,968.87,-2.27,0.31,1.84,한국무역보험공사_환율_20230718.csv
2022-10-17,2022,10,17,JPY,961.67,-3.21,-1.0,-0.17,한국무역보험공사_환율_20230718.csv
2022-10-18,2022,10,18,JPY,964.1,-1.83,-0.67,2.54,한국무역보험공사_환율_20230718.csv
2022-10-19,2022,10,19,JPY,955.82,-1.32,-1.09,0.93,한국무역보험공사_환율_20230718.csv
2022-10-20,2022,10,20,JPY,948.11,-2.09,-1.68,1.49,한국무역보험공사_환율_20230718.csv
2022-10-21,2022,10,21,JPY,953.42,-3.01,-1.34,1.93,한국무역보험공사_환율_20230718.csv
2022-10-24,2022,10,24,JPY,962.03,-1.32,-1.33,2.35,한국무역보험공사_환율_20230718.csv
2022-10-25,2022,10,25,JPY,965.39,-0.36,0.98,0.78,한국무역보험공사_환율_20230718.csv
2022-10-26,2022,10,26,JPY,969.92,0.86,0.9,1.74,한국무역보험공사_환율_20230718.csv
2022-10-27,2022,10,27,JPY,975.58,1.19,0.78,1.29,한국무역보험공사_환율_20230718.csv
2022-10-28,2022,10,28,JPY,969.91,1.47,2.24,0.12,한국무역보험공사_환율_20230718.csv
2022-10-31,2022,10,31,JPY,961.19,1.38,-1.24,0.92,한국무역보험공사_환율_20230718.csv
2022-11-01,2022,11,1,JPY,956.97,0.37,-1.61,0.11,한국무역보험공사_환율_20230718.csv
2022-11-02,2022,11,2,JPY,960.9,-0.12,-1.5,1.61,한국무역보험공사_환율_20230718.csv
2022-11-03,2022,11,3,JPY,958.33,-0.73,-1.19,0.69,한국무역보험공사_환율_20230718.csv
2022-11-04,2022,11,4,JPY,959.39,-1.09,-0.8,-0.55,한국무역보험공사_환율_20230718.csv
2022-11-07,2022,11,7,JPY,967.85,-0.79,0.21,0.68,한국무역보험공사_환율_20230718.csv
2022-11-08,2022,11,8,JPY,959.12,-1.11,-3.04,0.97,한국무역보험공사_환율_20230718.csv
2022-11-09,2022,11,9,JPY,952.75,-0.88,-2.93,0.9,한국무역보험공사_환율_20230718.csv
2022-11-10,2022,11,10,JPY,934.22,-2.38,-5.52,-1.29,한국무역보험공사_환율_20230718.csv
2022-11-11,2022,11,11,JPY,966.39,0.57,-1.93,0.96,한국무역보험공사_환율_20230718.csv
2022-11-14,2022,11,14,JPY,954.74,-0.37,-4.11,-0.25,한국무역보험공사_환율_20230718.csv
2022-11-15,2022,11,15,JPY,942.84,-1.73,-5.08,-1.32,한국무역보험공사_환율_20230718.csv
2022-11-16,2022,11,16,JPY,950.31,-1.81,-4.14,-0.7,한국무역보험공사_환율_20230718.csv
2022-11-17,2022,11,17,JPY,950.8,-0.87,-4.31,-1.05,한국무역보험공사_환율_20230718.csv
2022-11-18,2022,11,18,JPY,954.3,0.16,-2.83,-0.4,한국무역보험공사_환율_20230718.csv
2022-11-21,2022,11,21,JPY,955.2,2.25,-1.38,0.13,한국무역보험공사_환율_20230718.csv
2022-11-22,2022,11,22,JPY,951.96,-1.49,-1.69,0.51,한국무역보험공사_환율_20230718.csv
2022-11-23,2022,11,23,JPY,960.37,0.59,-2.3,0.14,한국무역보험공사_환율_20230718.csv
2022-11-24,2022,11,24,JPY,969.63,2.84,-0.54,2.07,한국무역보험공사_환율_20230718.csv
2022-11-25,2022,11,25,JPY,961.18,1.14,-0.79,2.01,한국무역보험공사_환율_20230718.csv
2022-11-28,2022,11,28,JPY,952.31,0.16,-0.97,-0.41,한국무역보험공사_환율_20230718.csv
2022-11-29,2022,11,29,JPY,964.18,1.04,0.01,1.12,한국무역보험공사_환율_20230718.csv
2022-11-30,2022,11,30,JPY,959.54,0.45,0.39,0.86,한국무역보험공사_환율_20230718.csv
2022-12-01,2022,12,1,JPY,957.74,0.61,1.02,1.23,한국무역보험공사_환율_20230718.csv
2022-12-02,2022,12,2,JPY,961.74,0.14,0.87,0.58,한국무역보험공사_환율_20230718.csv
2022-12-05,2022,12,5,JPY,966.59,-0.31,0.47,0.45,한국무역보험공사_환율_20230718.csv
2022-12-06,2022,12,6,JPY,945.63,-1.62,-2.05,-1.55,한국무역보험공사_환율_20230718.csv
2022-12-07,2022,12,7,JPY,955.93,0.38,-1.44,-0.13,한국무역보험공사_환율_20230718.csv
2022-12-08,2022,12,8,JPY,967.13,0.31,-0.87,0.47,한국무역보험공사_환율_20230718.csv
2022-12-09,2022,12,9,JPY,966.3,0.7,-0.37,-0.44,한국무역보험공사_환율_20230718.csv
2022-12-12,2022,12,12,JPY,955.75,-0.21,-0.57,-1.82,한국무역보험공사_환율_20230718.csv
2022-12-13,2022,12,13,JPY,952.35,-0.98,-0.48,-4.1,한국무역보험공사_환율_20230718.csv
2022-12-14,2022,12,14,JPY,963.05,-0.37,0.22,-1.89,한국무역보험공사_환율_20230718.csv
2022-12-15,2022,12,15,JPY,956.74,1.17,-0.17,-2.14,한국무역보험공사_환율_20230718.csv
2022-12-16,2022,12,16,JPY,944.43,-1.2,-1.56,-4.24,한국무역보험공사_환율_20230718.csv
2022-12-19,2022,12,19,JPY,961.58,-0.57,-0.65,-0.03,한국무역보험공사_환율_20230718.csv
2022-12-20,2022,12,20,JPY,950.89,-1.59,-0.86,-1.67,한국무역보험공사_환율_20230718.csv
2022-12-21,2022,12,21,JPY,983.74,2.93,3.25,1.86,한국무역보험공사_환율_20230718.csv
2022-12-22,2022,12,22,JPY,972.45,2.11,4.09,-1.3,한국무역보험공사_환율_20230718.csv
2022-12-23,2022,12,23,JPY,963.68,0.07,-0.28,-1.59,한국무역보험공사_환율_20230718.csv
2022-12-26,2022,12,26,JPY,965.4,0.91,1.12,-1.41,한국무역보험공사_환율_20230718.csv
2022-12-27,2022,12,27,JPY,961.04,1.76,1.93,-1.48,한국무역보험공사_환율_20230718.csv
2022-12-28,2022,12,28,JPY,950.18,-1.19,-0.01,-1.97,한국무역보험공사_환율_20230718.csv
2022-12-29,2022,12,29,JPY,945.19,-0.6,-0.59,-2.53,한국무역보험공사_환율_20230718.csv
2022-12-30,2022,12,30,JPY,953.18,-3.11,-0.12,-1.61,한국무역보험공사_환율_20230718.csv
2023-01-02,2023,1,2,JPY,968.55,-0.4,1.4,-0.49,한국무역보험공사_환율_20230718.csv
2023-01-03,2023,1,3,JPY,971.93,0.86,2.1,-1.01,한국무역보험공사_환율_20230718.csv
2023-01-04,2023,1,4,JPY,970.77,0.56,1.08,-0.75,한국무역보험공사_환율_20230718.csv
2023-01-05,2023,1,5,JPY,962.62,0.16,-0.72,-1.67,한국무역보험공사_환율_20230718.csv
2023-01-06,2023,1,6,JPY,952.14,0.21,-0.94,-1.42,한국무역보험공사_환율_20230718.csv
2023-01-09,2023,1,9,JPY,958.55,1.41,0.66,-1.32,한국무역보험공사_환율_20230718.csv
2023-01-10,2023,1,10,JPY,945.94,-0.76,-1.89,-2.55,한국무역보험공사_환율_20230718.csv
2023-01-11,2023,1,11,JPY,938.72,-3.08,-2.17,-2.86,한국무역보험공사_환율_20230718.csv
2023-01-12,2023,1,12,JPY,942.09,-3.07,-1.63,-2.3,한국무역보험공사_환율_20230718.csv
2023-01-13,2023,1,13,JPY,962.46,-0.86,0.07,-0.4,한국무역보험공사_환율_20230718.csv
2023-01-16,2023,1,16,JPY,969.86,0.75,0.34,-0.53,한국무역보험공사_환율_20230718.csv
2023-01-17,2023,1,17,JPY,961.92,1.03,1.72,0.61,한국무역보험공사_환율_20230718.csv
2023-01-18,2023,1,18,JPY,965.69,0.74,1.02,0.46,한국무역보험공사_환율_20230718.csv
2023-01-19,2023,1,19,JPY,962.99,1.8,-0.43,-0.52,한국무역보험공사_환율_20230718.csv
2023-01-20,2023,1,20,JPY,962.35,2.52,-0.41,1.44,한국무역보험공사_환율_20230718.csv
2023-01-25,2023,1,25,JPY,948.92,0.72,-0.71,-2.5,한국무역보험공사_환율_20230718.csv
2023-01-26,2023,1,26,JPY,953.21,-0.96,0.09,-1.99,한국무역보험공사_환율_20230718.csv
2023-01-27,2023,1,27,JPY,946.68,-2.39,-1.7,-2.96,한국무역보험공사_환율_20230718.csv
2023-01-30,2023,1,30,JPY,947.51,-1.5,-0.96,-2.3,한국무역보험공사_환율_20230718.csv
2023-01-31,2023,1,31,JPY,942.22,-2.43,-0.23,-2.58,한국무역보험공사_환율_20230718.csv
2023-02-01,2023,2,1,JPY,946.15,-1.75,-1.6,-2.03,한국무역보험공사_환율_20230718.csv
2023-02-02,2023,2,2,JPY,957.06,-0.55,0.65,-3.24,한국무역보험공사_환율_20230718.csv
2023-02-03,2023,2,3,JPY,947.47,-0.15,-3.69,-3.47,한국무역보험공사_환율_20230718.csv
2023-02-06,2023,2,6,JPY,931.18,-2.31,-4.24,-5.83,한국무역보험공사_환율_20230718.csv
2023-02-07,2023,2,7,JPY,940.34,-0.67,-2.42,-4.58,한국무역보험공사_환율_20230718.csv
2023-02-08,2023,2,8,JPY,957.94,1.1,-0.77,-3.79,한국무역보험공사_환율_20230718.csv
2023-02-09,2023,2,9,JPY,957.32,1.6,-0.39,-3.62,한국무역보험공사_환율_20230718.csv
2023-02-10,2023,2,10,JPY,960.79,1.55,1.12,-3.09,한국무역보험공사_환율_20230718.csv
2023-02-13,2023,2,13,JPY,961.48,0.46,1.72,-3.23,한국무역보험공사_환율_20230718.csv
2023-02-14,2023,2,14,JPY,962.43,1.58,0.97,-2.0,한국무역보험공사_환율_20230718.csv
2023-02-15,2023,2,15,JPY,954.06,2.46,-1.5,-1.5,한국무역보험공사_환율_20230718.csv
2023-02-16,2023,2,16,JPY,955.27,1.59,-1.71,-1.35,한국무역보험공사_환율_20230718.csv
2023-02-17,2023,2,17,JPY,957.16,-0.08,-1.4,-2.62,한국무역보험공사_환율_20230718.csv
2023-02-20,2023,2,20,JPY,966.34,0.94,0.39,-0.88,한국무역보험공사_환율_20230718.csv
2023-02-21,2023,2,21,JPY,965.07,0.45,1.36,-0.39,한국무역보험공사_환율_20230718.csv
2023-02-22,2023,2,22,JPY,960.07,-0.15,0.16,-0.17,한국무역보험공사_환율_20230718.csv
2023-02-23,2023,2,23,JPY,966.67,0.44,2.19,0.27,한국무역보험공사_환율_20230718.csv
2023-02-24,2023,2,24,JPY,965.78,1.23,2.88,1.04,한국무역보험공사_환율_20230718.csv
2023-02-27,2023,2,27,JPY,953.69,-0.17,1.23,0.59,한국무역보험공사_환율_20230718.csv
2023-02-28,2023,2,28,JPY,967.36,1.07,0.51,1.46,한국무역보험공사_환율_20230718.csv
2023-03-02,2023,3,2,JPY,969.39,0.32,-0.05,0.77,한국무역보험공사_환율_20230718.csv
2023-03-03,2023,3,3,JPY,958.49,-0.68,-0.36,-0.71,한국무역보험공사_환율_20230718.csv
2023-03-06,2023,3,6,JPY,960.22,0.02,-0.57,-1.0,한국무역보험공사_환율_20230718.csv
2023-03-07,2023,3,7,JPY,954.19,-1.29,-0.91,-2.19,한국무역보험공사_환율_20230718.csv
2023-03-08,2023,3,8,JPY,946.87,-1.96,-1.61,-2.38,한국무역보험공사_환율_20230718.csv
2023-03-09,2023,3,9,JPY,961.66,0.84,1.34,0.05,한국무역보험공사_환율_20230718.csv
2023-03-10,2023,3,10,JPY,969.26,0.2,1.68,1.28,한국무역보험공사_환율_20230718.csv
2023-03-13,2023,3,13,JPY,988.26,1.95,4.39,2.85,한국무역보험공사_환율_20230718.csv
2023-03-14,2023,3,14,JPY,980.9,2.34,3.52,2.36,한국무역보험공사_환율_20230718.csv
2023-03-15,2023,3,15,JPY,971.81,1.21,3.14,1.29,한국무역보험공사_환율_20230718.csv
2023-03-16,2023,3,16,JPY,977.73,2.47,3.34,1.02,한국무역보험공사_환율_20230718.csv
2023-03-17,2023,3,17,JPY,983.4,3.86,2.75,2.53,한국무역보험공사_환율_20230718.csv
2023-03-20,2023,3,20,JPY,987.09,2.64,4.18,3.6,한국무역보험공사_환율_20230718.csv
2023-03-21,2023,3,21,JPY,996.0,2.76,6.96,6.61,한국무역보험공사_환율_20230718.csv
2023-03-22,2023,3,22,JPY,988.62,0.04,5.13,2.3,한국무역보험공사_환율_20230718.csv
2023-03-23,2023,3,23,JPY,994.94,1.43,3.86,4.21,한국무역보험공사_환율_20230718.csv
2023-03-24,2023,3,24,JPY,984.21,1.28,2.81,4.39,한국무역보험공사_환율_20230718.csv
2023-03-27,2023,3,27,JPY,986.27,0.87,2.65,3.78,한국무역보험공사_환율_20230718.csv
2023-03-28,2023,3,28,JPY,989.54,0.62,2.92,4.07,한국무역보험공사_환율_20230718.csv
2023-03-29,2023,3,29,JPY,991.4,0.44,3.01,3.89,한국무역보험공사_환율_20230718.csv
2023-03-30,2023,3,30,JPY,979.09,-1.7,2.62,2.5,한국무역보험공사_환율_20230718.csv
2023-03-31,2023,3,31,JPY,981.44,-0.73,2.74,3.1,한국무역보험공사_환율_20230718.csv
2023-04-03,2023,4,3,JPY,972.71,-2.23,1.62,1.28,한국무역보험공사_환율_20230718.csv
2023-04-04,2023,4,4,JPY,995.27,1.12,2.99,2.64,한국무역보험공사_환율_20230718.csv
2023-04-05,2023,4,5,JPY,995.03,0.89,3.1,3.52,한국무역보험공사_환율_20230718.csv
2023-04-06,2023,4,6,JPY,1001.34,1.19,4.3,5.15,한국무역보험공사_환율_20230718.csv
2023-04-07,2023,4,7,JPY,999.77,0.84,3.42,3.69,한국무역보험공사_환율_20230718.csv
2023-04-10,2023,4,10,JPY,999.36,2.07,3.48,4.15,한국무역보험공사_환율_20230718.csv
2023-04-11,2023,4,11,JPY,988.28,0.7,3.63,3.19,한국무역보험공사_환율_20230718.csv
2023-04-12,2023,4,12,JPY,987.32,1.5,2.06,2.66,한국무역보험공사_환율_20230718.csv
2023-04-13,2023,4,13,JPY,995.34,0.01,2.68,2.97,한국무역보험공사_환율_20230718.csv
2023-04-14,2023,4,14,JPY,994.15,-0.09,3.72,5.13,한국무역보험공사_환율_20230718.csv
2023-04-17,2023,4,17,JPY,970.1,-3.12,1.03,1.48,한국무역보험공사_환율_20230718.csv
2023-04-18,2023,4,18,JPY,975.27,-2.45,2.21,0.84,한국무역보험공사_환율_20230718.csv
2023-04-19,2023,4,19,JPY,984.07,-1.53,3.93,1.84,한국무역보험공사_환율_20230718.csv
2023-04-20,2023,4,20,JPY,978.66,-0.97,1.77,2.4,한국무역보험공사_환율_20230718.csv
2023-04-21,2023,4,21,JPY,989.6,0.23,2.1,3.91,한국무역보험공사_환율_20230718.csv
2023-04-24,2023,4,24,JPY,990.86,-0.45,0.26,2.89,한국무역보험공사_환율_20230718.csv
2023-04-25,2023,4,25,JPY,993.7,-0.05,1.3,3.86,한국무역보험공사_환율_20230718.csv
2023-04-26,2023,4,26,JPY,997.42,2.82,2.64,5.61,한국무역보험공사_환율_20230718.csv
2023-04-27,2023,4,27,JPY,1001.61,2.7,2.44,4.16,한국무역보험공사_환율_20230718.csv
2023-04-28,2023,4,28,JPY,1000.63,1.68,1.75,5.23,한국무역보험공사_환율_20230718.csv
2023-05-02,2023,5,2,JPY,974.0,-0.48,-1.33,-0.99,한국무역보험공사_환율_20230718.csv
2023-05-03,2023,5,3,JPY,982.34,-0.73,-1.37,1.02,한국무역보험공사_환율_20230718.csv
2023-05-04,2023,5,4,JPY,995.21,0.44,0.67,3.27,한국무역보험공사_환율_20230718.csv
2023-05-08,2023,5,8,JPY,980.87,-1.29,-1.41,1.6,한국무역보험공사_환율_20230718.csv
2023-05-09,2023,5,9,JPY,979.52,-1.79,-0.48,1.92,한국무역보험공사_환율_20230718.csv
2023-05-10,2023,5,10,JPY,978.22,-2.34,-0.82,2.95,한국무역보험공사_환율_20230718.csv
2023-05-11,2023,5,11,JPY,987.36,-1.33,-0.22,4.46,한국무역보험공사_환율_20230718.csv
2023-05-12,2023,5,12,JPY,981.85,0.81,-0.96,3.01,한국무역보험공사_환율_20230718.csv
2023-05-15,2023,5,15,JPY,982.21,-0.01,0.32,1.41,한국무역보험공사_환율_20230718.csv
2023-05-16,2023,5,16,JPY,983.57,-1.17,0.22,1.2,한국무역보험공사_환율_20230718.csv
2023-05-17,2023,5,17,JPY,979.29,-0.16,0.68,0.88,한국무역보험공사_환율_20230718.csv
2023-05-18,2023,5,18,JPY,973.44,-0.62,-2.19,1.12,한국무역보험공사_환율_20230718.csv
2023-05-19,2023,5,19,JPY,962.0,-1.66,-3.32,1.04,한국무역보험공사_환율_20230718.csv
2023-05-22,2023,5,22,JPY,967.34,-2.03,-3.4,0.92,한국무역보험공사_환율_20230718.csv
2023-05-23,2023,5,23,JPY,951.9,-3.05,-4.79,0.63,한국무역보험공사_환율_20230718.csv
2023-05-24,2023,5,24,JPY,946.59,-3.63,-5.28,0.84,한국무역보험공사_환율_20230718.csv
2023-05-25,2023,5,25,JPY,946.31,-3.79,-4.25,0.45,한국무역보험공사_환율_20230718.csv
2023-05-26,2023,5,26,JPY,945.72,-3.43,-4.21,-1.74,한국무역보험공사_환율_20230718.csv
2023-05-30,2023,5,30,JPY,943.72,-3.05,-5.19,-2.7,한국무역보험공사_환율_20230718.csv
2023-05-31,2023,5,31,JPY,945.98,-1.67,-4.85,-1.66,한국무역보험공사_환율_20230718.csv
2023-06-01,2023,6,1,JPY,950.01,-1.79,-2.07,-1.62,한국무역보험공사_환율_20230718.csv
2023-06-02,2023,6,2,JPY,951.75,-0.02,-2.41,-1.17,한국무역보험공사_환율_20230718.csv
2023-06-05,2023,6,5,JPY,934.02,-1.33,-5.09,-2.94,한국무역보험공사_환율_20230718.csv
2023-06-07,2023,6,7,JPY,937.28,-0.95,-4.23,-1.23,한국무역보험공사_환율_20230718.csv
2023-06-08,2023,6,8,JPY,928.63,-1.81,-6.16,-2.58,한국무역보험공사_환율_20230718.csv
2023-06-09,2023,6,9,JPY,940.69,-0.32,-5.06,-0.63,한국무역보험공사_환율_20230718.csv
2023-06-12,2023,6,12,JPY,928.81,-1.82,-6.53,-1.97,한국무역보험공사_환율_20230718.csv
2023-06-13,2023,6,13,JPY,925.75,-2.55,-7.19,-1.75,한국무역보험공사_환율_20230718.csv
2023-06-14,2023,6,14,JPY,911.49,-4.23,-9.0,-3.66,한국무역보험공사_환율_20230718.csv
2023-06-15,2023,6,15,JPY,911.0,-2.46,-8.96,-4.81,한국무역보험공사_환율_20230718.csv
2023-06-16,2023,6,16,JPY,913.48,-2.54,-6.21,-3.59,한국무역보험공사_환율_20230718.csv
2023-06-19,2023,6,19,JPY,897.49,-3.35,-8.64,-3.62,한국무역보험공사_환율_20230718.csv
2023-06-20,2023,6,20,JPY,902.31,-4.08,-9.33,-4.04,한국무역보험공사_환율_20230718.csv
2023-06-21,2023,6,21,JPY,907.46,-2.3,-7.48,-5.27,한국무역보험공사_환율_20230718.csv
2023-06-22,2023,6,22,JPY,911.5,-1.54,-6.94,-4.79,한국무역보험공사_환율_20230718.csv
2023-06-23,2023,6,23,JPY,902.67,-0.97,-7.72,-6.05,한국무역보험공사_환율_20230718.csv
2023-06-26,2023,6,26,JPY,907.01,-0.44,-8.14,-5.67,한국무역보험공사_환율_20230718.csv
2023-06-27,2023,6,27,JPY,909.11,-0.48,-7.41,-5.54,한국무역보험공사_환율_20230718.csv
2023-06-28,2023,6,28,JPY,905.34,0.87,-7.83,-5.11,한국무역보험공사_환율_20230718.csv
2023-06-29,2023,6,29,JPY,903.35,0.12,-8.16,-5.44,한국무역보험공사_환율_20230718.csv
2023-06-30,2023,6,30,JPY,906.97,-0.05,-7.38,-5.24,한국무역보험공사_환율_20230718.csv
2023-07-03,2023,7,3,JPY,913.87,0.26,-6.12,-5.43,한국무역보험공사_환율_20230718.csv
2023-07-04,2023,7,4,JPY,905.57,0.32,-5.87,-6.17,한국무역보험공사_환율_20230718.csv
2023-07-05,2023,7,5,JPY,900.92,-0.67,-6.87,-6.16,한국무역보험공사_환율_20230718.csv
2023-07-06,2023,7,6,JPY,900.05,-1.0,-5.45,-6.89,한국무역보험공사_환율_20230718.csv
2023-07-07,2023,7,7,JPY,905.51,0.02,-4.34,-6.24,한국무역보험공사_환율_20230718.csv
2023-07-10,2023,7,10,JPY,919.11,1.74,-2.87,-3.63,한국무역보험공사_환율_20230718.csv
2023-07-11,2023,7,11,JPY,922.82,1.75,-2.42,-4.6,한국무역보험공사_환율_20230718.csv
2023-07-12,2023,7,12,JPY,923.25,1.03,-2.17,-4.76,한국무역보험공사_환율_20230718.csv
2023-07-13,2023,7,13,JPY,932.92,3.02,-1.38,-2.67,한국무역보험공사_환율_20230718.csv
2023-07-14,2023,7,14,JPY,925.22,2.7,-2.61,-3.64,한국무역보험공사_환율_20230718.csv
2023-07-17,2023,7,17,JPY,911.99,1.33,-4.18,-4.42,한국무역보험공사_환율_20230718.csv
2023-07-18,2023,7,18,JPY,912.87,0.81,-2.26,-3.59,한국무역보험공사_환율_20230718.csv
