airline,flightId,scheduleDateTime,estimatedDateTime,airport,chkinrange,gatenumber,codeshare,masterflightid,remark,airportCode,terminalid,target_airport_code
에어부산,BX1667,202609220630,202609220640,도쿄/나리타,E11-E19,286,Master,,출발,NRT,P03,NRT
아시아나항공,OZ1087,202609220700,202609220710,도쿄/나리타,G17-J40,282,Master,,출발,NRT,P03,NRT
에티하드 항공,EY8455,202609220700,202609220710,도쿄/나리타,G17-J40,282,Slave,OZ1087,출발,NRT,P03,NRT
전일본공수,NH6978,202609220700,202609220710,도쿄/나리타,G17-J40,282,Slave,OZ1087,출발,NRT,P03,NRT
유나이티드항공,UA7297,202609220700,202609220710,도쿄/나리타,G17-J40,282,Slave,OZ1087,출발,NRT,P03,NRT
대한항공,KE5497,202609220700,202609220710,도쿄/나리타,G17-J40,282,Slave,OZ1087,출발,NRT,P03,NRT
제주항공,7C1191,202609220720,202609220718,도쿄/나리타,L13-L36,122,Master,,출발,NRT,P02,NRT
이스타항공,ZE605,202609220725,202609220724,도쿄/나리타,F22-G13,18,Master,,출발,NRT,P01,NRT
진에어,LJ201,202609220725,202609220734,도쿄/나리타,E21-F17,208,Master,,출발,NRT,P03,NRT
대한항공,KE5741,202609220725,202609220734,도쿄/나리타,E21-F17,208,Slave,LJ201,출발,NRT,P03,NRT
제주항공,7C1193,202609220745,202609220740,도쿄/나리타,L13-L36,43,Master,,출발,NRT,P01,NRT
대한항공,KE8705,202609220735,202609220806,도쿄/나리타,A B C D,222,Master,,출발,NRT,P03,NRT
에어 프랑스,AF5376,202609220735,202609220806,도쿄/나리타,A B C D,222,Slave,KE8705,출발,NRT,P03,NRT
아에로멕시코,AM6700,202609220735,202609220806,도쿄/나리타,A B C D,222,Slave,KE8705,출발,NRT,P03,NRT
델타항공,DL7781,202609220735,202609220806,도쿄/나리타,A B C D,222,Slave,KE8705,출발,NRT,P03,NRT
일본항공,JL5206,202609220735,202609220806,도쿄/나리타,A B C D,222,Slave,KE8705,출발,NRT,P03,NRT
버진 애틀랜틱 항공,VS5503,202609220735,202609220806,도쿄/나리타,A B C D,222,Slave,KE8705,출발,NRT,P03,NRT
아시아나항공,OZ9851,202609220735,202609220806,도쿄/나리타,A B C D,222,Slave,KE8705,출발,NRT,P03,NRT
진에어,LJ203,202609220755,202609220818,도쿄/나리타,E21-F17,236,Master,,출발,NRT,P03,NRT
이스타항공,ZE601,202609220800,202609220757,도쿄/나리타,F22-G13,105,Master,,출발,NRT,P02,NRT
대한항공,KE8707,202609220805,202609220818,도쿄/나리타,A B C D,245,Master,,출발,NRT,P03,NRT
아시아나항공,OZ9847,202609220805,202609220818,도쿄/나리타,A B C D,245,Slave,KE8707,출발,NRT,P03,NRT
제주항공,7C1101,202609220810,202609220804,도쿄/나리타,L13-L36,28,Master,,출발,NRT,P01,NRT
아시아나항공,OZ102,202609220825,202609220900,도쿄/나리타,G17-J40,266,Master,,출발,NRT,P03,NRT
에티하드 항공,EY8453,202609220825,202609220900,도쿄/나리타,G17-J40,266,Slave,OZ102,출발,NRT,P03,NRT
전일본공수,NH6972,202609220825,202609220900,도쿄/나리타,G17-J40,266,Slave,OZ102,출발,NRT,P03,NRT
에어 뉴질랜드,NZ4060,202609220825,202609220900,도쿄/나리타,G17-J40,266,Slave,OZ102,출발,NRT,P03,NRT
유나이티드항공,UA7318,202609220825,202609220900,도쿄/나리타,G17-J40,266,Slave,OZ102,출발,NRT,P03,NRT
대한항공,KE5703,202609220825,202609220900,도쿄/나리타,G17-J40,266,Slave,OZ102,출발,NRT,P03,NRT
에어서울,RS705,202609220810,202609220837,도쿄/나리타,E01-E10,286,Master,,출발,NRT,P03,NRT
트리니티항공,TW241,202609220835,202609220842,도쿄/나리타,B01-B18,110,Master,,출발,NRT,P02,NRT
진에어,LJ211,202609220805,202609220852,도쿄/나리타,E21-F17,211,Master,,출발,NRT,P03,NRT
에어부산,BX164,202609220710,202609220921,도쿄/나리타,E11-E19,289,Master,,출발,NRT,P03,NRT
에어서울,RS701,202609220920,202609220924,도쿄/나리타,E01-E10,284,Master,,출발,NRT,P03,NRT
에어프레미아,YP733,202609220925,202609220923,도쿄/나리타,C07-C32,19,Master,,출발,NRT,P01,NRT
제주항공,7C1175,202609220945,202609220955,도쿄/나리타,L13-L36,130,Master,,출발,NRT,P02,NRT
파라타항공,WE501,202609220950,202609221002,도쿄/나리타,B25-B32,8,Master,,출발,NRT,P01,NRT
대한항공,KE703,202609221010,202609221024,도쿄/나리타,A B C D,267,Master,,출발,NRT,P03,NRT
아시아나항공,OZ9843,202609221010,202609221024,도쿄/나리타,A B C D,267,Slave,KE703,출발,NRT,P03,NRT
델타항공,DL7779,202609221010,202609221024,도쿄/나리타,A B C D,267,Slave,KE703,출발,NRT,P03,NRT
아에로멕시코,AM6750,202609221010,202609221024,도쿄/나리타,A B C D,267,Slave,KE703,출발,NRT,P03,NRT
에어 타히티 누이,TN1577,202609221010,202609221024,도쿄/나리타,A B C D,267,Slave,KE703,출발,NRT,P03,NRT
일본항공,JL5202,202609221010,202609221024,도쿄/나리타,A B C D,267,Slave,KE703,출발,NRT,P03,NRT
트리니티항공,TW243,202609221020,202609221012,도쿄/나리타,B01-B18,24,Master,,출발,NRT,P01,NRT
제주항공,7C1103,202609221025,202609221026,도쿄/나리타,L13-L36,38,Master,,출발,NRT,P01,NRT
이스타항공,ZE609,202609221030,202609221036,도쿄/나리타,F22-G13,126,Master,,출발,NRT,P02,NRT
파라타항공,WE503,202609221120,202609221114,도쿄/나리타,B25-B32,26,Master,,출발,NRT,P01,NRT
대한항공,KE711,202609221300,202609221320,도쿄/나리타,A B C D,254,Master,,지연,NRT,P03,NRT
델타항공,DL7895,202609221300,202609221320,도쿄/나리타,A B C D,254,Slave,KE711,지연,NRT,P03,NRT
아에로멕시코,AM6705,202609221300,202609221320,도쿄/나리타,A B C D,254,Slave,KE711,지연,NRT,P03,NRT
버진 애틀랜틱 항공,VS5541,202609221300,202609221320,도쿄/나리타,A B C D,254,Slave,KE711,지연,NRT,P03,NRT
에어 타히티 누이,TN1575,202609221300,202609221320,도쿄/나리타,A B C D,254,Slave,KE711,지연,NRT,P03,NRT
일본항공,JL5250,202609221300,202609221320,도쿄/나리타,A B C D,254,Slave,KE711,지연,NRT,P03,NRT
에어 프랑스,AF7904,202609221300,202609221320,도쿄/나리타,A B C D,254,Slave,KE711,지연,NRT,P03,NRT
아시아나항공,OZ9845,202609221300,202609221320,도쿄/나리타,A B C D,254,Slave,KE711,지연,NRT,P03,NRT
피치항공,MM652,202609221335,202609221335,도쿄/나리타,K28-K34,106,Master,,,NRT,P02,NRT
제주항공,7C1171,202609221345,202609221345,도쿄/나리타,L13-L36,23,Master,,탑승준비,NRT,P01,NRT
에어프레미아,YP735,202609221350,202609221350,도쿄/나리타,C05-C32,7,Master,,탑승준비,NRT,P01,NRT
집에어,ZG046,202609221255,202609221410,도쿄/나리타,K10-K16,113,Master,,지연,NRT,P02,NRT
이스타항공,ZE607,202609221410,202609221410,도쿄/나리타,F24-G13,9,Master,,,NRT,P01,NRT
제주항공,7C1105,202609221320,202609221430,도쿄/나리타,L13-L36,38,Master,,지연,NRT,P01,NRT
진에어,LJ209,202609221445,202609221445,도쿄/나리타,E21-F17,233,Master,,,NRT,P03,NRT
대한항공,KE5093,202609221445,202609221445,도쿄/나리타,E21-F17,233,Slave,LJ209,,NRT,P03,NRT
대한항공,KE707,202609221445,202609221445,도쿄/나리타,A B C D,255,Master,,,NRT,P03,NRT
아시아나항공,OZ9847,202609221445,202609221445,도쿄/나리타,A B C D,255,Slave,KE707,,NRT,P03,NRT
트리니티항공,TW245,202609221500,202609221500,도쿄/나리타,B01-B18,103,Master,,,NRT,P02,NRT
제주항공,7C1107,202609221500,202609221530,도쿄/나리타,L13-L36,102,Master,,지연,NRT,P02,NRT
아시아나항공,OZ106,202609221545,202609221545,도쿄/나리타,G17-J34,265,Master,,,NRT,P03,NRT
대한항공,KE5495,202609221545,202609221545,도쿄/나리타,G17-J34,265,Slave,OZ106,,NRT,P03,NRT
에티하드 항공,EY8454,202609221545,202609221545,도쿄/나리타,G17-J34,265,Slave,OZ106,,NRT,P03,NRT
전일본공수,NH6976,202609221545,202609221545,도쿄/나리타,G17-J34,265,Slave,OZ106,,NRT,P03,NRT
에어 뉴질랜드,NZ4056,202609221545,202609221545,도쿄/나리타,G17-J34,265,Slave,OZ106,,NRT,P03,NRT
유나이티드항공,UA7322,202609221545,202609221545,도쿄/나리타,G17-J34,265,Slave,OZ106,,NRT,P03,NRT
집에어,ZG044,202609221505,202609221610,도쿄/나리타,K10-K16,107,Master,,지연,NRT,P02,NRT
에어부산,BX166,202609221615,202609221615,도쿄/나리타,E11-E19,289,Master,,,NRT,P03,NRT
제주항공,7C1109,202609221625,202609221625,도쿄/나리타,L13-L36,114,Master,,,NRT,P02,NRT
에어서울,RS703,202609221645,202609221645,도쿄/나리타,E01-E10,287,Master,,,NRT,P03,NRT
이스타항공,ZE603,202609221510,202609221650,도쿄/나리타,F22-G13,108,Master,,지연,NRT,P02,NRT
대한항공,KE713,202609221715,202609221715,도쿄/나리타,A B C D,219,Master,,,NRT,P03,NRT
에어 프랑스,AF5378,202609221715,202609221715,도쿄/나리타,A B C D,219,Slave,KE713,,NRT,P03,NRT
아에로멕시코,AM6752,202609221715,202609221715,도쿄/나리타,A B C D,219,Slave,KE713,,NRT,P03,NRT
델타항공,DL7897,202609221715,202609221715,도쿄/나리타,A B C D,219,Slave,KE713,,NRT,P03,NRT
일본항공,JL5252,202609221715,202609221715,도쿄/나리타,A B C D,219,Slave,KE713,,NRT,P03,NRT
아시아나항공,OZ9849,202609221715,202609221715,도쿄/나리타,A B C D,219,Slave,KE713,,NRT,P03,NRT
트리니티항공,TW247,202609221815,202609221815,도쿄/나리타,B01-B18,103,Master,,,NRT,P02,NRT
아시아나항공,OZ108,202609221830,202609221830,도쿄/나리타,G17-J34,266,Master,,,NRT,P03,NRT
에티하드 항공,EY8455,202609221830,202609221830,도쿄/나리타,G17-J34,266,Slave,OZ108,,NRT,P03,NRT
전일본공수,NH6978,202609221830,202609221830,도쿄/나리타,G17-J34,266,Slave,OZ108,,NRT,P03,NRT
유나이티드항공,UA7297,202609221830,202609221830,도쿄/나리타,G17-J34,266,Slave,OZ108,,NRT,P03,NRT
대한항공,KE5497,202609221830,202609221830,도쿄/나리타,G17-J34,266,Slave,OZ108,,NRT,P03,NRT
대한항공,KE705,202609221835,202609221835,도쿄/나리타,A B C D,264,Master,,,NRT,P03,NRT
에어 프랑스,AF5376,202609221835,202609221835,도쿄/나리타,A B C D,264,Slave,KE705,,NRT,P03,NRT
아에로멕시코,AM6700,202609221835,202609221835,도쿄/나리타,A B C D,264,Slave,KE705,,NRT,P03,NRT
델타항공,DL7781,202609221835,202609221835,도쿄/나리타,A B C D,264,Slave,KE705,,NRT,P03,NRT
일본항공,JL5206,202609221835,202609221835,도쿄/나리타,A B C D,264,Slave,KE705,,NRT,P03,NRT
버진 애틀랜틱 항공,VS5503,202609221835,202609221835,도쿄/나리타,A B C D,264,Slave,KE705,,NRT,P03,NRT
아시아나항공,OZ9851,202609221835,202609221835,도쿄/나리타,A B C D,264,Slave,KE705,,NRT,P03,NRT
트리니티항공,TW249,202609222010,202609222010,도쿄/나리타,B01-B18,9,Master,,,NRT,P01,NRT
에어부산,BX164,202609230710,202609230710,도쿄/나리타,E11-E19,289,Master,,,NRT,P03,NRT
이스타항공,ZE605,202609230725,202609230725,도쿄/나리타,F22-G13,,Master,,,NRT,P02,NRT
진에어,LJ201,202609230725,202609230725,도쿄/나리타,E21-F17,213,Master,,,NRT,P03,NRT
대한항공,KE5741,202609230725,202609230725,도쿄/나리타,E21-F17,213,Slave,LJ201,,NRT,P03,NRT
이스타항공,ZE601,202609230800,202609230800,도쿄/나리타,F22-G13,115,Master,,,NRT,P02,NRT
에어서울,RS705,202609230810,202609230810,도쿄/나리타,E01-E10,,Master,,,NRT,P03,NRT
제주항공,7C1101,202609230810,202609230810,도쿄/나리타,L13-L36,18,Master,,,NRT,P01,NRT
아시아나항공,OZ102,202609230825,202609230825,도쿄/나리타,G17-J40,,Master,,,NRT,P03,NRT
에티하드 항공,EY8453,202609230825,202609230825,도쿄/나리타,G17-J40,,Slave,OZ102,,NRT,P03,NRT
전일본공수,NH6972,202609230825,202609230825,도쿄/나리타,G17-J40,,Slave,OZ102,,NRT,P03,NRT
에어 뉴질랜드,NZ4060,202609230825,202609230825,도쿄/나리타,G17-J40,,Slave,OZ102,,NRT,P03,NRT
유나이티드항공,UA7318,202609230825,202609230825,도쿄/나리타,G17-J40,,Slave,OZ102,,NRT,P03,NRT
대한항공,KE5703,202609230825,202609230825,도쿄/나리타,G17-J40,,Slave,OZ102,,NRT,P03,NRT
트리니티항공,TW241,202609230835,202609230835,도쿄/나리타,A01-C34,,Master,,,NRT,P02,NRT
에어프레미아,YP731,202609230850,202609230850,도쿄/나리타,C05-C32,,Master,,,NRT,P01,NRT
에어서울,RS701,202609230920,202609230920,도쿄/나리타,E01-E10,,Master,,,NRT,P03,NRT
진에어,LJ205,202609230945,202609230945,도쿄/나리타,E21-F17,210,Master,,,NRT,P03,NRT
제주항공,7C1175,202609230945,202609230945,도쿄/나리타,L13-L36,24,Master,,,NRT,P01,NRT
파라타항공,WE501,202609230950,202609230950,도쿄/나리타,B25-B32,,Master,,,NRT,P02,NRT
대한항공,KE703,202609231010,202609231010,도쿄/나리타,A B C D,,Master,,,NRT,P03,NRT
델타항공,DL7779,202609231010,202609231010,도쿄/나리타,A B C D,,Slave,KE703,,NRT,P03,NRT
아에로멕시코,AM6750,202609231010,202609231010,도쿄/나리타,A B C D,,Slave,KE703,,NRT,P03,NRT
에어 타히티 누이,TN1577,202609231010,202609231010,도쿄/나리타,A B C D,,Slave,KE703,,NRT,P03,NRT
일본항공,JL5202,202609231010,202609231010,도쿄/나리타,A B C D,,Slave,KE703,,NRT,P03,NRT
아시아나항공,OZ9843,202609231010,202609231010,도쿄/나리타,A B C D,,Slave,KE703,,NRT,P03,NRT
트리니티항공,TW243,202609231020,202609231020,도쿄/나리타,A01-C34,,Master,,,NRT,P02,NRT
제주항공,7C1103,202609231025,202609231025,도쿄/나리타,L13-L36,,Master,,,NRT,P02,NRT
파라타항공,WE503,202609231120,202609231120,도쿄/나리타,B25-B32,23,Master,,,NRT,P01,NRT
이스타항공,ZE609,202609231220,202609231220,도쿄/나리타,F24-G13,,Master,,,NRT,P02,NRT
집에어,ZG046,202609231255,202609231255,도쿄/나리타,K10-K16,,Master,,,NRT,P02,NRT
대한항공,KE711,202609231300,202609231300,도쿄/나리타,A B C D,,Master,,,NRT,P03,NRT
델타항공,DL7895,202609231300,202609231300,도쿄/나리타,A B C D,,Slave,KE711,,NRT,P03,NRT
아에로멕시코,AM6705,202609231300,202609231300,도쿄/나리타,A B C D,,Slave,KE711,,NRT,P03,NRT
버진 애틀랜틱 항공,VS5541,202609231300,202609231300,도쿄/나리타,A B C D,,Slave,KE711,,NRT,P03,NRT
에어 타히티 누이,TN1575,202609231300,202609231300,도쿄/나리타,A B C D,,Slave,KE711,,NRT,P03,NRT
일본항공,JL5250,202609231300,202609231300,도쿄/나리타,A B C D,,Slave,KE711,,NRT,P03,NRT
에어 프랑스,AF7904,202609231300,202609231300,도쿄/나리타,A B C D,,Slave,KE711,,NRT,P03,NRT
아시아나항공,OZ9845,202609231300,202609231300,도쿄/나리타,A B C D,,Slave,KE711,,NRT,P03,NRT
제주항공,7C1105,202609231320,202609231320,도쿄/나리타,L13-L36,,Master,,,NRT,P02,NRT
피치항공,MM652,202609231335,202609231335,도쿄/나리타,K29-K34,,Master,,,NRT,P02,NRT
제주항공,7C1171,202609231345,202609231345,도쿄/나리타,L13-L36,,Master,,,NRT,P02,NRT
에어프레미아,YP735,202609231350,202609231350,도쿄/나리타,C07-C31,21,Master,,,NRT,P01,NRT
이스타항공,ZE607,202609231410,202609231410,도쿄/나리타,F22-G13,,Master,,,NRT,P02,NRT
진에어,LJ209,202609231445,202609231445,도쿄/나리타,E21-F17,,Master,,,NRT,P03,NRT
대한항공,KE707,202609231445,202609231445,도쿄/나리타,A B C D,,Master,,,NRT,P03,NRT
아시아나항공,OZ9847,202609231445,202609231445,도쿄/나리타,A B C D,,Slave,KE707,,NRT,P03,NRT
대한항공,KE5093,202609231445,202609231445,도쿄/나리타,E21-F17,,Slave,LJ209,,NRT,P03,NRT
제주항공,7C1107,202609231500,202609231500,도쿄/나리타,L13-L36,,Master,,,NRT,P02,NRT
트리니티항공,TW245,202609231500,202609231500,도쿄/나리타,A01-C34,,Master,,,NRT,P02,NRT
집에어,ZG044,202609231505,202609231505,도쿄/나리타,K10-K16,,Master,,,NRT,P02,NRT
이스타항공,ZE603,202609231510,202609231510,도쿄/나리타,F22-G13,,Master,,,NRT,P02,NRT
아시아나항공,OZ106,202609231545,202609231545,도쿄/나리타,G17-J40,,Master,,,NRT,P03,NRT
에티하드 항공,EY8454,202609231545,202609231545,도쿄/나리타,G17-J40,,Slave,OZ106,,NRT,P03,NRT
전일본공수,NH6976,202609231545,202609231545,도쿄/나리타,G17-J40,,Slave,OZ106,,NRT,P03,NRT
에어 뉴질랜드,NZ4056,202609231545,202609231545,도쿄/나리타,G17-J40,,Slave,OZ106,,NRT,P03,NRT
유나이티드항공,UA7322,202609231545,202609231545,도쿄/나리타,G17-J40,,Slave,OZ106,,NRT,P03,NRT
대한항공,KE5495,202609231545,202609231545,도쿄/나리타,G17-J40,,Slave,OZ106,,NRT,P03,NRT
에어부산,BX166,202609231615,202609231615,도쿄/나리타,E11-E19,,Master,,,NRT,P03,NRT
제주항공,7C1109,202609231625,202609231625,도쿄/나리타,L13-L36,,Master,,,NRT,P02,NRT
에어서울,RS703,202609231645,202609231645,도쿄/나리타,E01-E10,,Master,,,NRT,P03,NRT
에티오피아항공,ET672,202609231715,202609231715,도쿄/나리타,D19-D23,,Master,,,NRT,P01,NRT
대한항공,KE713,202609231715,202609231715,도쿄/나리타,A B C D,,Master,,,NRT,P03,NRT
전일본공수,NH5340,202609231715,202609231715,도쿄/나리타,D19-D23,,Slave,ET672,,NRT,P01,NRT
에어 프랑스,AF5378,202609231715,202609231715,도쿄/나리타,A B C D,,Slave,KE713,,NRT,P03,NRT
아에로멕시코,AM6752,202609231715,202609231715,도쿄/나리타,A B C D,,Slave,KE713,,NRT,P03,NRT
델타항공,DL7897,202609231715,202609231715,도쿄/나리타,A B C D,,Slave,KE713,,NRT,P03,NRT
일본항공,JL5252,202609231715,202609231715,도쿄/나리타,A B C D,,Slave,KE713,,NRT,P03,NRT
아시아나항공,OZ9849,202609231715,202609231715,도쿄/나리타,A B C D,,Slave,KE713,,NRT,P03,NRT
트리니티항공,TW247,202609231815,202609231815,도쿄/나리타,A01-C34,,Master,,,NRT,P02,NRT
아시아나항공,OZ108,202609231830,202609231830,도쿄/나리타,G17-J40,,Master,,,NRT,P03,NRT
에티하드 항공,EY8455,202609231830,202609231830,도쿄/나리타,G17-J40,,Slave,OZ108,,NRT,P03,NRT
전일본공수,NH6978,202609231830,202609231830,도쿄/나리타,G17-J40,,Slave,OZ108,,NRT,P03,NRT
유나이티드항공,UA7297,202609231830,202609231830,도쿄/나리타,G17-J40,,Slave,OZ108,,NRT,P03,NRT
대한항공,KE5497,202609231830,202609231830,도쿄/나리타,G17-J40,,Slave,OZ108,,NRT,P03,NRT
대한항공,KE705,202609231835,202609231835,도쿄/나리타,A B C D,,Master,,,NRT,P03,NRT
에어 프랑스,AF5376,202609231835,202609231835,도쿄/나리타,A B C D,,Slave,KE705,,NRT,P03,NRT
아에로멕시코,AM6700,202609231835,202609231835,도쿄/나리타,A B C D,,Slave,KE705,,NRT,P03,NRT
델타항공,DL7781,202609231835,202609231835,도쿄/나리타,A B C D,,Slave,KE705,,NRT,P03,NRT
일본항공,JL5206,202609231835,202609231835,도쿄/나리타,A B C D,,Slave,KE705,,NRT,P03,NRT
버진 애틀랜틱 항공,VS5503,202609231835,202609231835,도쿄/나리타,A B C D,,Slave,KE705,,NRT,P03,NRT
아시아나항공,OZ9851,202609231835,202609231835,도쿄/나리타,A B C D,,Slave,KE705,,NRT,P03,NRT
트리니티항공,TW249,202609232010,202609232010,도쿄/나리타,A01-C34,,Master,,,NRT,P02,NRT
에어부산,BX164,202609240710,202609240710,도쿄/나리타,E11-E19,,Master,,,NRT,P03,NRT
이스타항공,ZE605,202609240725,202609240725,도쿄/나리타,F19-G13,,Master,,,NRT,P02,NRT
진에어,LJ201,202609240725,202609240725,도쿄/나리타,E21-F17,,Master,,,NRT,P03,NRT
대한항공,KE5741,202609240725,202609240725,도쿄/나리타,E21-F17,,Slave,LJ201,,NRT,P03,NRT
이스타항공,ZE601,202609240800,202609240800,도쿄/나리타,F19-G13,,Master,,,NRT,P02,NRT
에어서울,RS705,202609240810,202609240810,도쿄/나리타,E01-E10,,Master,,,NRT,P03,NRT
제주항공,7C1101,202609240810,202609240810,도쿄/나리타,L13-L36,,Master,,,NRT,P02,NRT
아시아나항공,OZ102,202609240825,202609240825,도쿄/나리타,G17-J40,,Master,,,NRT,P03,NRT
에티하드 항공,EY8453,202609240825,202609240825,도쿄/나리타,G17-J40,,Slave,OZ102,,NRT,P03,NRT
전일본공수,NH6972,202609240825,202609240825,도쿄/나리타,G17-J40,,Slave,OZ102,,NRT,P03,NRT
에어 뉴질랜드,NZ4060,202609240825,202609240825,도쿄/나리타,G17-J40,,Slave,OZ102,,NRT,P03,NRT
유나이티드항공,UA7318,202609240825,202609240825,도쿄/나리타,G17-J40,,Slave,OZ102,,NRT,P03,NRT
대한항공,KE5703,202609240825,202609240825,도쿄/나리타,G17-J40,,Slave,OZ102,,NRT,P03,NRT
트리니티항공,TW241,202609240835,202609240835,도쿄/나리타,A01-C34,,Master,,,NRT,P02,NRT
에어프레미아,YP731,202609240850,202609240850,도쿄/나리타,C12-C31,,Master,,,NRT,P01,NRT
에어서울,RS701,202609240920,202609240920,도쿄/나리타,E01-E10,,Master,,,NRT,P03,NRT
진에어,LJ205,202609240945,202609240945,도쿄/나리타,E21-F17,,Master,,,NRT,P03,NRT
제주항공,7C1175,202609240945,202609240945,도쿄/나리타,L13-L36,,Master,,,NRT,P02,NRT
파라타항공,WE501,202609240950,202609240950,도쿄/나리타,B21-B32,,Master,,,NRT,P02,NRT
대한항공,KE703,202609241010,202609241010,도쿄/나리타,A B C D,,Master,,,NRT,P03,NRT
델타항공,DL7779,202609241010,202609241010,도쿄/나리타,A B C D,,Slave,KE703,,NRT,P03,NRT
아에로멕시코,AM6750,202609241010,202609241010,도쿄/나리타,A B C D,,Slave,KE703,,NRT,P03,NRT
에어 타히티 누이,TN1577,202609241010,202609241010,도쿄/나리타,A B C D,,Slave,KE703,,NRT,P03,NRT
일본항공,JL5202,202609241010,202609241010,도쿄/나리타,A B C D,,Slave,KE703,,NRT,P03,NRT
아시아나항공,OZ9843,202609241010,202609241010,도쿄/나리타,A B C D,,Slave,KE703,,NRT,P03,NRT
트리니티항공,TW243,202609241020,202609241020,도쿄/나리타,A01-C34,,Master,,,NRT,P02,NRT
제주항공,7C1103,202609241025,202609241025,도쿄/나리타,L13-L36,,Master,,,NRT,P02,NRT
파라타항공,WE503,202609241120,202609241120,도쿄/나리타,B21-B32,,Master,,,NRT,P02,NRT
이스타항공,ZE609,202609241220,202609241220,도쿄/나리타,F22-G13,,Master,,,NRT,P02,NRT
집에어,ZG046,202609241255,202609241255,도쿄/나리타,K10-K16,,Master,,,NRT,P02,NRT
대한항공,KE711,202609241300,202609241300,도쿄/나리타,A B C D,,Master,,,NRT,P03,NRT
델타항공,DL7895,202609241300,202609241300,도쿄/나리타,A B C D,,Slave,KE711,,NRT,P03,NRT
아에로멕시코,AM6705,202609241300,202609241300,도쿄/나리타,A B C D,,Slave,KE711,,NRT,P03,NRT
버진 애틀랜틱 항공,VS5541,202609241300,202609241300,도쿄/나리타,A B C D,,Slave,KE711,,NRT,P03,NRT
에어 타히티 누이,TN1575,202609241300,202609241300,도쿄/나리타,A B C D,,Slave,KE711,,NRT,P03,NRT
일본항공,JL5250,202609241300,202609241300,도쿄/나리타,A B C D,,Slave,KE711,,NRT,P03,NRT
에어 프랑스,AF7904,202609241300,202609241300,도쿄/나리타,A B C D,,Slave,KE711,,NRT,P03,NRT
아시아나항공,OZ9845,202609241300,202609241300,도쿄/나리타,A B C D,,Slave,KE711,,NRT,P03,NRT
제주항공,7C1105,202609241320,202609241320,도쿄/나리타,L13-L36,,Master,,,NRT,P02,NRT
피치항공,MM652,202609241335,202609241335,도쿄/나리타,K29-K34,,Master,,,NRT,P02,NRT
제주항공,7C1171,202609241345,202609241345,도쿄/나리타,L13-L36,,Master,,,NRT,P02,NRT
에어프레미아,YP735,202609241350,202609241350,도쿄/나리타,C03-C31,,Master,,,NRT,P01,NRT
이스타항공,ZE607,202609241410,202609241410,도쿄/나리타,F22-G13,,Master,,,NRT,P02,NRT
진에어,LJ209,202609241445,202609241445,도쿄/나리타,E21-F17,,Master,,,NRT,P03,NRT
대한항공,KE707,202609241445,202609241445,도쿄/나리타,A B C D,,Master,,,NRT,P03,NRT
아시아나항공,OZ9847,202609241445,202609241445,도쿄/나리타,A B C D,,Slave,KE707,,NRT,P03,NRT
대한항공,KE5093,202609241445,202609241445,도쿄/나리타,E21-F17,,Slave,LJ209,,NRT,P03,NRT
제주항공,7C1107,202609241500,202609241500,도쿄/나리타,L13-L36,,Master,,,NRT,P02,NRT
트리니티항공,TW245,202609241500,202609241500,도쿄/나리타,A01-C34,,Master,,,NRT,P02,NRT
집에어,ZG044,202609241505,202609241505,도쿄/나리타,K10-K16,,Master,,,NRT,P02,NRT
이스타항공,ZE603,202609241510,202609241510,도쿄/나리타,F22-G13,,Master,,,NRT,P02,NRT
아시아나항공,OZ106,202609241545,202609241545,도쿄/나리타,G17-J40,,Master,,,NRT,P03,NRT
에티하드 항공,EY8454,202609241545,202609241545,도쿄/나리타,G17-J40,,Slave,OZ106,,NRT,P03,NRT
전일본공수,NH6976,202609241545,202609241545,도쿄/나리타,G17-J40,,Slave,OZ106,,NRT,P03,NRT
에어 뉴질랜드,NZ4056,202609241545,202609241545,도쿄/나리타,G17-J40,,Slave,OZ106,,NRT,P03,NRT
유나이티드항공,UA7322,202609241545,202609241545,도쿄/나리타,G17-J40,,Slave,OZ106,,NRT,P03,NRT
대한항공,KE5495,202609241545,202609241545,도쿄/나리타,G17-J40,,Slave,OZ106,,NRT,P03,NRT
에어부산,BX166,202609241615,202609241615,도쿄/나리타,E11-E19,,Master,,,NRT,P03,NRT
제주항공,7C1109,202609241625,202609241625,도쿄/나리타,L13-L36,,Master,,,NRT,P02,NRT
에어서울,RS703,202609241645,202609241645,도쿄/나리타,E01-E10,,Master,,,NRT,P03,NRT
에티오피아항공,ET672,202609241715,202609241715,도쿄/나리타,,,Master,,,NRT,P01,NRT
대한항공,KE713,202609241715,202609241715,도쿄/나리타,A B C D,,Master,,,NRT,P03,NRT
전일본공수,NH5340,202609241715,202609241715,도쿄/나리타,,,Slave,ET672,,NRT,P01,NRT
에어 프랑스,AF5378,202609241715,202609241715,도쿄/나리타,A B C D,,Slave,KE713,,NRT,P03,NRT
아에로멕시코,AM6752,202609241715,202609241715,도쿄/나리타,A B C D,,Slave,KE713,,NRT,P03,NRT
델타항공,DL7897,202609241715,202609241715,도쿄/나리타,A B C D,,Slave,KE713,,NRT,P03,NRT
일본항공,JL5252,202609241715,202609241715,도쿄/나리타,A B C D,,Slave,KE713,,NRT,P03,NRT
아시아나항공,OZ9849,202609241715,202609241715,도쿄/나리타,A B C D,,Slave,KE713,,NRT,P03,NRT
트리니티항공,TW247,202609241815,202609241815,도쿄/나리타,A01-C34,,Master,,,NRT,P02,NRT
아시아나항공,OZ108,202609241830,202609241830,도쿄/나리타,G17-J40,,Master,,,NRT,P03,NRT
에티하드 항공,EY8455,202609241830,202609241830,도쿄/나리타,G17-J40,,Slave,OZ108,,NRT,P03,NRT
전일본공수,NH6978,202609241830,202609241830,도쿄/나리타,G17-J40,,Slave,OZ108,,NRT,P03,NRT
유나이티드항공,UA7297,202609241830,202609241830,도쿄/나리타,G17-J40,,Slave,OZ108,,NRT,P03,NRT
대한항공,KE5497,202609241830,202609241830,도쿄/나리타,G17-J40,,Slave,OZ108,,NRT,P03,NRT
대한항공,KE705,202609241835,202609241835,도쿄/나리타,A B C D,,Master,,,NRT,P03,NRT
에어 프랑스,AF5376,202609241835,202609241835,도쿄/나리타,A B C D,,Slave,KE705,,NRT,P03,NRT
아에로멕시코,AM6700,202609241835,202609241835,도쿄/나리타,A B C D,,Slave,KE705,,NRT,P03,NRT
델타항공,DL7781,202609241835,202609241835,도쿄/나리타,A B C D,,Slave,KE705,,NRT,P03,NRT
일본항공,JL5206,202609241835,202609241835,도쿄/나리타,A B C D,,Slave,KE705,,NRT,P03,NRT
버진 애틀랜틱 항공,VS5503,202609241835,202609241835,도쿄/나리타,A B C D,,Slave,KE705,,NRT,P03,NRT
아시아나항공,OZ9851,202609241835,202609241835,도쿄/나리타,A B C D,,Slave,KE705,,NRT,P03,NRT
트리니티항공,TW249,202609242010,202609242010,도쿄/나리타,A01-C34,,Master,,,NRT,P02,NRT
에어부산,BX164,202609250710,202609250710,도쿄/나리타,E11-E19,,Master,,,NRT,P03,NRT
이스타항공,ZE605,202609250725,202609250725,도쿄/나리타,F19-G13,,Master,,,NRT,P02,NRT
진에어,LJ201,202609250725,202609250725,도쿄/나리타,E21-F17,,Master,,,NRT,P03,NRT
대한항공,KE5741,202609250725,202609250725,도쿄/나리타,E21-F17,,Slave,LJ201,,NRT,P03,NRT
진에어,LJ203,202609250755,202609250755,도쿄/나리타,E21-F17,,Master,,,NRT,P03,NRT
이스타항공,ZE601,202609250800,202609250800,도쿄/나리타,F19-G13,,Master,,,NRT,P02,NRT
에어서울,RS705,202609250810,202609250810,도쿄/나리타,E01-E10,,Master,,,NRT,P03,NRT
제주항공,7C1101,202609250810,202609250810,도쿄/나리타,L13-L36,,Master,,,NRT,P02,NRT
아시아나항공,OZ102,202609250825,202609250825,도쿄/나리타,G17-J40,,Master,,,NRT,P03,NRT
에티하드 항공,EY8453,202609250825,202609250825,도쿄/나리타,G17-J40,,Slave,OZ102,,NRT,P03,NRT
전일본공수,NH6972,202609250825,202609250825,도쿄/나리타,G17-J40,,Slave,OZ102,,NRT,P03,NRT
에어 뉴질랜드,NZ4060,202609250825,202609250825,도쿄/나리타,G17-J40,,Slave,OZ102,,NRT,P03,NRT
유나이티드항공,UA7318,202609250825,202609250825,도쿄/나리타,G17-J40,,Slave,OZ102,,NRT,P03,NRT
대한항공,KE5703,202609250825,202609250825,도쿄/나리타,G17-J40,,Slave,OZ102,,NRT,P03,NRT
트리니티항공,TW241,202609250835,202609250835,도쿄/나리타,A01-C34,,Master,,,NRT,P02,NRT
에어프레미아,YP731,202609250850,202609250850,도쿄/나리타,C05-C31,,Master,,,NRT,P01,NRT
에어서울,RS701,202609250920,202609250920,도쿄/나리타,E01-E10,,Master,,,NRT,P03,NRT
진에어,LJ205,202609250945,202609250945,도쿄/나리타,E21-F17,,Master,,,NRT,P03,NRT
제주항공,7C1175,202609250945,202609250945,도쿄/나리타,L13-L36,,Master,,,NRT,P02,NRT
파라타항공,WE501,202609250950,202609250950,도쿄/나리타,B21-B32,,Master,,,NRT,P02,NRT
대한항공,KE703,202609251010,202609251010,도쿄/나리타,A B C D,,Master,,,NRT,P03,NRT
델타항공,DL7779,202609251010,202609251010,도쿄/나리타,A B C D,,Slave,KE703,,NRT,P03,NRT
아에로멕시코,AM6750,202609251010,202609251010,도쿄/나리타,A B C D,,Slave,KE703,,NRT,P03,NRT
에어 타히티 누이,TN1577,202609251010,202609251010,도쿄/나리타,A B C D,,Slave,KE703,,NRT,P03,NRT
일본항공,JL5202,202609251010,202609251010,도쿄/나리타,A B C D,,Slave,KE703,,NRT,P03,NRT
아시아나항공,OZ9843,202609251010,202609251010,도쿄/나리타,A B C D,,Slave,KE703,,NRT,P03,NRT
트리니티항공,TW243,202609251020,202609251020,도쿄/나리타,A01-C34,,Master,,,NRT,P02,NRT
제주항공,7C1103,202609251025,202609251025,도쿄/나리타,L13-L36,,Master,,,NRT,P02,NRT
이스타항공,ZE609,202609251030,202609251030,도쿄/나리타,F19-G13,,Master,,,NRT,P02,NRT
파라타항공,WE503,202609251120,202609251120,도쿄/나리타,B21-B32,,Master,,,NRT,P02,NRT
집에어,ZG046,202609251255,202609251255,도쿄/나리타,K10-K16,,Master,,,NRT,P02,NRT
대한항공,KE711,202609251300,202609251300,도쿄/나리타,A B C D,,Master,,,NRT,P03,NRT
델타항공,DL7895,202609251300,202609251300,도쿄/나리타,A B C D,,Slave,KE711,,NRT,P03,NRT
아에로멕시코,AM6705,202609251300,202609251300,도쿄/나리타,A B C D,,Slave,KE711,,NRT,P03,NRT
버진 애틀랜틱 항공,VS5541,202609251300,202609251300,도쿄/나리타,A B C D,,Slave,KE711,,NRT,P03,NRT
에어 타히티 누이,TN1575,202609251300,202609251300,도쿄/나리타,A B C D,,Slave,KE711,,NRT,P03,NRT
일본항공,JL5250,202609251300,202609251300,도쿄/나리타,A B C D,,Slave,KE711,,NRT,P03,NRT
에어 프랑스,AF7904,202609251300,202609251300,도쿄/나리타,A B C D,,Slave,KE711,,NRT,P03,NRT
아시아나항공,OZ9845,202609251300,202609251300,도쿄/나리타,A B C D,,Slave,KE711,,NRT,P03,NRT
제주항공,7C1105,202609251320,202609251320,도쿄/나리타,L13-L36,,Master,,,NRT,P02,NRT
피치항공,MM652,202609251335,202609251335,도쿄/나리타,K29-K34,,Master,,,NRT,P02,NRT
제주항공,7C1171,202609251345,202609251345,도쿄/나리타,L13-L36,,Master,,,NRT,P02,NRT
에어프레미아,YP735,202609251350,202609251350,도쿄/나리타,C03-C31,,Master,,,NRT,P01,NRT
이스타항공,ZE607,202609251410,202609251410,도쿄/나리타,F22-G13,,Master,,,NRT,P02,NRT
진에어,LJ209,202609251445,202609251445,도쿄/나리타,E21-F17,,Master,,,NRT,P03,NRT
대한항공,KE707,202609251445,202609251445,도쿄/나리타,A B C D,,Master,,,NRT,P03,NRT
아시아나항공,OZ9847,202609251445,202609251445,도쿄/나리타,A B C D,,Slave,KE707,,NRT,P03,NRT
대한항공,KE5093,202609251445,202609251445,도쿄/나리타,E21-F17,,Slave,LJ209,,NRT,P03,NRT
제주항공,7C1107,202609251500,202609251500,도쿄/나리타,L13-L36,,Master,,,NRT,P02,NRT
트리니티항공,TW245,202609251500,202609251500,도쿄/나리타,A01-C34,,Master,,,NRT,P02,NRT
집에어,ZG044,202609251505,202609251505,도쿄/나리타,K10-K16,,Master,,,NRT,P02,NRT
이스타항공,ZE603,202609251510,202609251510,도쿄/나리타,F22-G13,,Master,,,NRT,P02,NRT
진에어,LJ211,202609251535,202609251535,도쿄/나리타,E21-F17,,Master,,,NRT,P03,NRT
아시아나항공,OZ106,202609251545,202609251545,도쿄/나리타,G17-J40,,Master,,,NRT,P03,NRT
에티하드 항공,EY8454,202609251545,202609251545,도쿄/나리타,G17-J40,,Slave,OZ106,,NRT,P03,NRT
전일본공수,NH6976,202609251545,202609251545,도쿄/나리타,G17-J40,,Slave,OZ106,,NRT,P03,NRT
에어 뉴질랜드,NZ4056,202609251545,202609251545,도쿄/나리타,G17-J40,,Slave,OZ106,,NRT,P03,NRT
유나이티드항공,UA7322,202609251545,202609251545,도쿄/나리타,G17-J40,,Slave,OZ106,,NRT,P03,NRT
대한항공,KE5495,202609251545,202609251545,도쿄/나리타,G17-J40,,Slave,OZ106,,NRT,P03,NRT
에어부산,BX166,202609251615,202609251615,도쿄/나리타,E11-E19,,Master,,,NRT,P03,NRT
제주항공,7C1109,202609251625,202609251625,도쿄/나리타,L13-L36,,Master,,,NRT,P02,NRT
에어서울,RS703,202609251645,202609251645,도쿄/나리타,E01-E10,,Master,,,NRT,P03,NRT
에티오피아항공,ET672,202609251715,202609251715,도쿄/나리타,D19-D23,,Master,,,NRT,P01,NRT
대한항공,KE713,202609251715,202609251715,도쿄/나리타,A B C D,,Master,,,NRT,P03,NRT
전일본공수,NH5340,202609251715,202609251715,도쿄/나리타,D19-D23,,Slave,ET672,,NRT,P01,NRT
에어 프랑스,AF5378,202609251715,202609251715,도쿄/나리타,A B C D,,Slave,KE713,,NRT,P03,NRT
아에로멕시코,AM6752,202609251715,202609251715,도쿄/나리타,A B C D,,Slave,KE713,,NRT,P03,NRT
델타항공,DL7897,202609251715,202609251715,도쿄/나리타,A B C D,,Slave,KE713,,NRT,P03,NRT
일본항공,JL5252,202609251715,202609251715,도쿄/나리타,A B C D,,Slave,KE713,,NRT,P03,NRT
아시아나항공,OZ9849,202609251715,202609251715,도쿄/나리타,A B C D,,Slave,KE713,,NRT,P03,NRT
트리니티항공,TW247,202609251815,202609251815,도쿄/나리타,A01-C34,,Master,,,NRT,P02,NRT
아시아나항공,OZ108,202609251830,202609251830,도쿄/나리타,G17-J40,,Master,,,NRT,P03,NRT
에티하드 항공,EY8455,202609251830,202609251830,도쿄/나리타,G17-J40,,Slave,OZ108,,NRT,P03,NRT
전일본공수,NH6978,202609251830,202609251830,도쿄/나리타,G17-J40,,Slave,OZ108,,NRT,P03,NRT
유나이티드항공,UA7297,202609251830,202609251830,도쿄/나리타,G17-J40,,Slave,OZ108,,NRT,P03,NRT
대한항공,KE5497,202609251830,202609251830,도쿄/나리타,G17-J40,,Slave,OZ108,,NRT,P03,NRT
대한항공,KE705,202609251835,202609251835,도쿄/나리타,A B C D,,Master,,,NRT,P03,NRT
에어 프랑스,AF5376,202609251835,202609251835,도쿄/나리타,A B C D,,Slave,KE705,,NRT,P03,NRT
아에로멕시코,AM6700,202609251835,202609251835,도쿄/나리타,A B C D,,Slave,KE705,,NRT,P03,NRT
델타항공,DL7781,202609251835,202609251835,도쿄/나리타,A B C D,,Slave,KE705,,NRT,P03,NRT
일본항공,JL5206,202609251835,202609251835,도쿄/나리타,A B C D,,Slave,KE705,,NRT,P03,NRT
버진 애틀랜틱 항공,VS5503,202609251835,202609251835,도쿄/나리타,A B C D,,Slave,KE705,,NRT,P03,NRT
아시아나항공,OZ9851,202609251835,202609251835,도쿄/나리타,A B C D,,Slave,KE705,,NRT,P03,NRT
트리니티항공,TW249,202609252010,202609252010,도쿄/나리타,A01-C34,,Master,,,NRT,P02,NRT
에어부산,BX164,202609260710,202609260710,도쿄/나리타,E11-E19,,Master,,,NRT,P03,NRT
이스타항공,ZE605,202609260725,202609260725,도쿄/나리타,F19-G13,,Master,,,NRT,P02,NRT
진에어,LJ201,202609260725,202609260725,도쿄/나리타,E21-F17,,Master,,,NRT,P03,NRT
대한항공,KE5741,202609260725,202609260725,도쿄/나리타,E21-F17,,Slave,LJ201,,NRT,P03,NRT
진에어,LJ203,202609260755,202609260755,도쿄/나리타,E21-F17,,Master,,,NRT,P03,NRT
이스타항공,ZE601,202609260800,202609260800,도쿄/나리타,F19-G13,,Master,,,NRT,P02,NRT
에어서울,RS705,202609260810,202609260810,도쿄/나리타,E01-E10,,Master,,,NRT,P03,NRT
제주항공,7C1101,202609260810,202609260810,도쿄/나리타,L13-L36,,Master,,,NRT,P02,NRT
아시아나항공,OZ102,202609260825,202609260825,도쿄/나리타,G17-J40,,Master,,,NRT,P03,NRT
에티하드 항공,EY8453,202609260825,202609260825,도쿄/나리타,G17-J40,,Slave,OZ102,,NRT,P03,NRT
전일본공수,NH6972,202609260825,202609260825,도쿄/나리타,G17-J40,,Slave,OZ102,,NRT,P03,NRT
에어 뉴질랜드,NZ4060,202609260825,202609260825,도쿄/나리타,G17-J40,,Slave,OZ102,,NRT,P03,NRT
유나이티드항공,UA7318,202609260825,202609260825,도쿄/나리타,G17-J40,,Slave,OZ102,,NRT,P03,NRT
대한항공,KE5703,202609260825,202609260825,도쿄/나리타,G17-J40,,Slave,OZ102,,NRT,P03,NRT
트리니티항공,TW241,202609260835,202609260835,도쿄/나리타,A01-C34,,Master,,,NRT,P02,NRT
에어프레미아,YP731,202609260850,202609260850,도쿄/나리타,C12-C31,,Master,,,NRT,P01,NRT
에어서울,RS701,202609260920,202609260920,도쿄/나리타,E01-E10,,Master,,,NRT,P03,NRT
진에어,LJ205,202609260945,202609260945,도쿄/나리타,E21-F17,,Master,,,NRT,P03,NRT
제주항공,7C1175,202609260945,202609260945,도쿄/나리타,L13-L36,,Master,,,NRT,P02,NRT
파라타항공,WE501,202609260950,202609260950,도쿄/나리타,B21-B32,,Master,,,NRT,P02,NRT
대한항공,KE703,202609261010,202609261010,도쿄/나리타,A B C D,,Master,,,NRT,P03,NRT
델타항공,DL7779,202609261010,202609261010,도쿄/나리타,A B C D,,Slave,KE703,,NRT,P03,NRT
아에로멕시코,AM6750,202609261010,202609261010,도쿄/나리타,A B C D,,Slave,KE703,,NRT,P03,NRT
에어 타히티 누이,TN1577,202609261010,202609261010,도쿄/나리타,A B C D,,Slave,KE703,,NRT,P03,NRT
일본항공,JL5202,202609261010,202609261010,도쿄/나리타,A B C D,,Slave,KE703,,NRT,P03,NRT
아시아나항공,OZ9843,202609261010,202609261010,도쿄/나리타,A B C D,,Slave,KE703,,NRT,P03,NRT
트리니티항공,TW243,202609261020,202609261020,도쿄/나리타,A01-C34,,Master,,,NRT,P02,NRT
제주항공,7C1103,202609261025,202609261025,도쿄/나리타,L13-L36,,Master,,,NRT,P02,NRT
이스타항공,ZE609,202609261030,202609261030,도쿄/나리타,F19-G13,,Master,,,NRT,P02,NRT
파라타항공,WE503,202609261120,202609261120,도쿄/나리타,B21-B32,,Master,,,NRT,P02,NRT
집에어,ZG046,202609261255,202609261255,도쿄/나리타,K10-K16,,Master,,,NRT,P02,NRT
대한항공,KE711,202609261300,202609261300,도쿄/나리타,A B C D,,Master,,,NRT,P03,NRT
델타항공,DL7895,202609261300,202609261300,도쿄/나리타,A B C D,,Slave,KE711,,NRT,P03,NRT
아에로멕시코,AM6705,202609261300,202609261300,도쿄/나리타,A B C D,,Slave,KE711,,NRT,P03,NRT
버진 애틀랜틱 항공,VS5541,202609261300,202609261300,도쿄/나리타,A B C D,,Slave,KE711,,NRT,P03,NRT
에어 타히티 누이,TN1575,202609261300,202609261300,도쿄/나리타,A B C D,,Slave,KE711,,NRT,P03,NRT
일본항공,JL5250,202609261300,202609261300,도쿄/나리타,A B C D,,Slave,KE711,,NRT,P03,NRT
에어 프랑스,AF7904,202609261300,202609261300,도쿄/나리타,A B C D,,Slave,KE711,,NRT,P03,NRT
아시아나항공,OZ9845,202609261300,202609261300,도쿄/나리타,A B C D,,Slave,KE711,,NRT,P03,NRT
제주항공,7C1105,202609261320,202609261320,도쿄/나리타,L13-L36,,Master,,,NRT,P02,NRT
피치항공,MM652,202609261335,202609261335,도쿄/나리타,K29-K34,,Master,,,NRT,P02,NRT
제주항공,7C1171,202609261345,202609261345,도쿄/나리타,L13-L36,,Master,,,NRT,P02,NRT
에어프레미아,YP735,202609261350,202609261350,도쿄/나리타,C05-C31,,Master,,,NRT,P01,NRT
이스타항공,ZE607,202609261410,202609261410,도쿄/나리타,F22-G13,,Master,,,NRT,P02,NRT
진에어,LJ209,202609261445,202609261445,도쿄/나리타,E21-F17,,Master,,,NRT,P03,NRT
대한항공,KE707,202609261445,202609261445,도쿄/나리타,A B C D,,Master,,,NRT,P03,NRT
아시아나항공,OZ9847,202609261445,202609261445,도쿄/나리타,A B C D,,Slave,KE707,,NRT,P03,NRT
대한항공,KE5093,202609261445,202609261445,도쿄/나리타,E21-F17,,Slave,LJ209,,NRT,P03,NRT
제주항공,7C1107,202609261500,202609261500,도쿄/나리타,L13-L36,,Master,,,NRT,P02,NRT
트리니티항공,TW245,202609261500,202609261500,도쿄/나리타,A01-C34,,Master,,,NRT,P02,NRT
집에어,ZG044,202609261505,202609261505,도쿄/나리타,K10-K16,,Master,,,NRT,P02,NRT
이스타항공,ZE603,202609261510,202609261510,도쿄/나리타,F22-G13,,Master,,,NRT,P02,NRT
진에어,LJ211,202609261535,202609261535,도쿄/나리타,E21-F17,,Master,,,NRT,P03,NRT
아시아나항공,OZ106,202609261545,202609261545,도쿄/나리타,G17-J40,,Master,,,NRT,P03,NRT
에티하드 항공,EY8454,202609261545,202609261545,도쿄/나리타,G17-J40,,Slave,OZ106,,NRT,P03,NRT
전일본공수,NH6976,202609261545,202609261545,도쿄/나리타,G17-J40,,Slave,OZ106,,NRT,P03,NRT
에어 뉴질랜드,NZ4056,202609261545,202609261545,도쿄/나리타,G17-J40,,Slave,OZ106,,NRT,P03,NRT
유나이티드항공,UA7322,202609261545,202609261545,도쿄/나리타,G17-J40,,Slave,OZ106,,NRT,P03,NRT
대한항공,KE5495,202609261545,202609261545,도쿄/나리타,G17-J40,,Slave,OZ106,,NRT,P03,NRT
에어부산,BX166,202609261615,202609261615,도쿄/나리타,E11-E19,,Master,,,NRT,P03,NRT
제주항공,7C1109,202609261625,202609261625,도쿄/나리타,L13-L36,,Master,,,NRT,P02,NRT
에어서울,RS703,202609261645,202609261645,도쿄/나리타,E01-E10,,Master,,,NRT,P03,NRT
에티오피아항공,ET672,202609261715,202609261715,도쿄/나리타,D19-D23,,Master,,,NRT,P01,NRT
대한항공,KE713,202609261715,202609261715,도쿄/나리타,A B C D,,Master,,,NRT,P03,NRT
전일본공수,NH5340,202609261715,202609261715,도쿄/나리타,D19-D23,,Slave,ET672,,NRT,P01,NRT
에어 프랑스,AF5378,202609261715,202609261715,도쿄/나리타,A B C D,,Slave,KE713,,NRT,P03,NRT
아에로멕시코,AM6752,202609261715,202609261715,도쿄/나리타,A B C D,,Slave,KE713,,NRT,P03,NRT
델타항공,DL7897,202609261715,202609261715,도쿄/나리타,A B C D,,Slave,KE713,,NRT,P03,NRT
일본항공,JL5252,202609261715,202609261715,도쿄/나리타,A B C D,,Slave,KE713,,NRT,P03,NRT
아시아나항공,OZ9849,202609261715,202609261715,도쿄/나리타,A B C D,,Slave,KE713,,NRT,P03,NRT
트리니티항공,TW247,202609261815,202609261815,도쿄/나리타,A01-C34,,Master,,,NRT,P02,NRT
아시아나항공,OZ108,202609261830,202609261830,도쿄/나리타,G17-J40,,Master,,,NRT,P03,NRT
에티하드 항공,EY8455,202609261830,202609261830,도쿄/나리타,G17-J40,,Slave,OZ108,,NRT,P03,NRT
전일본공수,NH6978,202609261830,202609261830,도쿄/나리타,G17-J40,,Slave,OZ108,,NRT,P03,NRT
유나이티드항공,UA7297,202609261830,202609261830,도쿄/나리타,G17-J40,,Slave,OZ108,,NRT,P03,NRT
대한항공,KE5497,202609261830,202609261830,도쿄/나리타,G17-J40,,Slave,OZ108,,NRT,P03,NRT
대한항공,KE705,202609261835,202609261835,도쿄/나리타,A B C D,,Master,,,NRT,P03,NRT
에어 프랑스,AF5376,202609261835,202609261835,도쿄/나리타,A B C D,,Slave,KE705,,NRT,P03,NRT
아에로멕시코,AM6700,202609261835,202609261835,도쿄/나리타,A B C D,,Slave,KE705,,NRT,P03,NRT
델타항공,DL7781,202609261835,202609261835,도쿄/나리타,A B C D,,Slave,KE705,,NRT,P03,NRT
일본항공,JL5206,202609261835,202609261835,도쿄/나리타,A B C D,,Slave,KE705,,NRT,P03,NRT
버진 애틀랜틱 항공,VS5503,202609261835,202609261835,도쿄/나리타,A B C D,,Slave,KE705,,NRT,P03,NRT
아시아나항공,OZ9851,202609261835,202609261835,도쿄/나리타,A B C D,,Slave,KE705,,NRT,P03,NRT
트리니티항공,TW249,202609262010,202609262010,도쿄/나리타,A01-C34,,Master,,,NRT,P02,NRT
에어부산,BX164,202609270710,202609270710,도쿄/나리타,E11-E19,,Master,,,NRT,P03,NRT
이스타항공,ZE605,202609270725,202609270725,도쿄/나리타,F19-G13,,Master,,,NRT,P02,NRT
진에어,LJ201,202609270725,202609270725,도쿄/나리타,E21-F17,,Master,,,NRT,P03,NRT
대한항공,KE5741,202609270725,202609270725,도쿄/나리타,E21-F17,,Slave,LJ201,,NRT,P03,NRT
진에어,LJ203,202609270755,202609270755,도쿄/나리타,E21-F17,,Master,,,NRT,P03,NRT
이스타항공,ZE601,202609270800,202609270800,도쿄/나리타,F19-G13,,Master,,,NRT,P02,NRT
에어서울,RS705,202609270810,202609270810,도쿄/나리타,E01-E10,,Master,,,NRT,P03,NRT
제주항공,7C1101,202609270810,202609270810,도쿄/나리타,L13-L36,,Master,,,NRT,P02,NRT
아시아나항공,OZ102,202609270825,202609270825,도쿄/나리타,G17-J40,,Master,,,NRT,P03,NRT
에티하드 항공,EY8453,202609270825,202609270825,도쿄/나리타,G17-J40,,Slave,OZ102,,NRT,P03,NRT
전일본공수,NH6972,202609270825,202609270825,도쿄/나리타,G17-J40,,Slave,OZ102,,NRT,P03,NRT
에어 뉴질랜드,NZ4060,202609270825,202609270825,도쿄/나리타,G17-J40,,Slave,OZ102,,NRT,P03,NRT
유나이티드항공,UA7318,202609270825,202609270825,도쿄/나리타,G17-J40,,Slave,OZ102,,NRT,P03,NRT
대한항공,KE5703,202609270825,202609270825,도쿄/나리타,G17-J40,,Slave,OZ102,,NRT,P03,NRT
트리니티항공,TW241,202609270835,202609270835,도쿄/나리타,A01-C34,,Master,,,NRT,P02,NRT
에어프레미아,YP731,202609270850,202609270850,도쿄/나리타,C05-C31,,Master,,,NRT,P01,NRT
에어서울,RS701,202609270920,202609270920,도쿄/나리타,E01-E10,,Master,,,NRT,P03,NRT
진에어,LJ205,202609270945,202609270945,도쿄/나리타,E21-F17,,Master,,,NRT,P03,NRT
제주항공,7C1175,202609270945,202609270945,도쿄/나리타,L13-L36,,Master,,,NRT,P02,NRT
파라타항공,WE501,202609270950,202609270950,도쿄/나리타,B21-B32,,Master,,,NRT,P02,NRT
대한항공,KE703,202609271010,202609271010,도쿄/나리타,A B C D,,Master,,,NRT,P03,NRT
델타항공,DL7779,202609271010,202609271010,도쿄/나리타,A B C D,,Slave,KE703,,NRT,P03,NRT
아에로멕시코,AM6750,202609271010,202609271010,도쿄/나리타,A B C D,,Slave,KE703,,NRT,P03,NRT
에어 타히티 누이,TN1577,202609271010,202609271010,도쿄/나리타,A B C D,,Slave,KE703,,NRT,P03,NRT
일본항공,JL5202,202609271010,202609271010,도쿄/나리타,A B C D,,Slave,KE703,,NRT,P03,NRT
아시아나항공,OZ9843,202609271010,202609271010,도쿄/나리타,A B C D,,Slave,KE703,,NRT,P03,NRT
트리니티항공,TW243,202609271020,202609271020,도쿄/나리타,A01-C34,,Master,,,NRT,P02,NRT
제주항공,7C1103,202609271025,202609271025,도쿄/나리타,L13-L36,,Master,,,NRT,P02,NRT
파라타항공,WE503,202609271120,202609271120,도쿄/나리타,B21-B32,,Master,,,NRT,P02,NRT
트리니티항공,TW237,202609271210,202609271210,도쿄/나리타,A01-C34,,Master,,,NRT,P02,NRT
이스타항공,ZE609,202609271220,202609271220,도쿄/나리타,F22-G13,,Master,,,NRT,P02,NRT
집에어,ZG046,202609271255,202609271255,도쿄/나리타,K10-K16,,Master,,,NRT,P02,NRT
대한항공,KE711,202609271300,202609271300,도쿄/나리타,A B C D,,Master,,,NRT,P03,NRT
델타항공,DL7895,202609271300,202609271300,도쿄/나리타,A B C D,,Slave,KE711,,NRT,P03,NRT
아에로멕시코,AM6705,202609271300,202609271300,도쿄/나리타,A B C D,,Slave,KE711,,NRT,P03,NRT
버진 애틀랜틱 항공,VS5541,202609271300,202609271300,도쿄/나리타,A B C D,,Slave,KE711,,NRT,P03,NRT
에어 타히티 누이,TN1575,202609271300,202609271300,도쿄/나리타,A B C D,,Slave,KE711,,NRT,P03,NRT
일본항공,JL5250,202609271300,202609271300,도쿄/나리타,A B C D,,Slave,KE711,,NRT,P03,NRT
에어 프랑스,AF7904,202609271300,202609271300,도쿄/나리타,A B C D,,Slave,KE711,,NRT,P03,NRT
아시아나항공,OZ9845,202609271300,202609271300,도쿄/나리타,A B C D,,Slave,KE711,,NRT,P03,NRT
제주항공,7C1105,202609271320,202609271320,도쿄/나리타,L13-L36,,Master,,,NRT,P02,NRT
피치항공,MM652,202609271335,202609271335,도쿄/나리타,K29-K34,,Master,,,NRT,P02,NRT
제주항공,7C1171,202609271345,202609271345,도쿄/나리타,L13-L36,,Master,,,NRT,P02,NRT
이스타항공,ZE607,202609271410,202609271410,도쿄/나리타,F22-G13,,Master,,,NRT,P02,NRT
진에어,LJ209,202609271445,202609271445,도쿄/나리타,E21-F17,,Master,,,NRT,P03,NRT
대한항공,KE707,202609271445,202609271445,도쿄/나리타,A B C D,,Master,,,NRT,P03,NRT
아시아나항공,OZ9847,202609271445,202609271445,도쿄/나리타,A B C D,,Slave,KE707,,NRT,P03,NRT
대한항공,KE5093,202609271445,202609271445,도쿄/나리타,E21-F17,,Slave,LJ209,,NRT,P03,NRT
제주항공,7C1107,202609271500,202609271500,도쿄/나리타,L13-L36,,Master,,,NRT,P02,NRT
트리니티항공,TW245,202609271500,202609271500,도쿄/나리타,A01-C34,,Master,,,NRT,P02,NRT
집에어,ZG044,202609271505,202609271505,도쿄/나리타,K10-K16,,Master,,,NRT,P02,NRT
이스타항공,ZE603,202609271510,202609271510,도쿄/나리타,F22-G13,,Master,,,NRT,P02,NRT
진에어,LJ211,202609271535,202609271535,도쿄/나리타,E21-F17,,Master,,,NRT,P03,NRT
아시아나항공,OZ106,202609271545,202609271545,도쿄/나리타,G17-J40,,Master,,,NRT,P03,NRT
에티하드 항공,EY8454,202609271545,202609271545,도쿄/나리타,G17-J40,,Slave,OZ106,,NRT,P03,NRT
전일본공수,NH6976,202609271545,202609271545,도쿄/나리타,G17-J40,,Slave,OZ106,,NRT,P03,NRT
에어 뉴질랜드,NZ4056,202609271545,202609271545,도쿄/나리타,G17-J40,,Slave,OZ106,,NRT,P03,NRT
유나이티드항공,UA7322,202609271545,202609271545,도쿄/나리타,G17-J40,,Slave,OZ106,,NRT,P03,NRT
대한항공,KE5495,202609271545,202609271545,도쿄/나리타,G17-J40,,Slave,OZ106,,NRT,P03,NRT
에어부산,BX166,202609271615,202609271615,도쿄/나리타,E11-E19,,Master,,,NRT,P03,NRT
제주항공,7C1109,202609271625,202609271625,도쿄/나리타,L13-L36,,Master,,,NRT,P02,NRT
에어서울,RS703,202609271645,202609271645,도쿄/나리타,E01-E10,,Master,,,NRT,P03,NRT
에티오피아항공,ET672,202609271715,202609271715,도쿄/나리타,D19-D23,,Master,,,NRT,P01,NRT
대한항공,KE713,202609271715,202609271715,도쿄/나리타,A B C D,,Master,,,NRT,P03,NRT
전일본공수,NH5340,202609271715,202609271715,도쿄/나리타,D19-D23,,Slave,ET672,,NRT,P01,NRT
에어 프랑스,AF5378,202609271715,202609271715,도쿄/나리타,A B C D,,Slave,KE713,,NRT,P03,NRT
아에로멕시코,AM6752,202609271715,202609271715,도쿄/나리타,A B C D,,Slave,KE713,,NRT,P03,NRT
델타항공,DL7897,202609271715,202609271715,도쿄/나리타,A B C D,,Slave,KE713,,NRT,P03,NRT
일본항공,JL5252,202609271715,202609271715,도쿄/나리타,A B C D,,Slave,KE713,,NRT,P03,NRT
아시아나항공,OZ9849,202609271715,202609271715,도쿄/나리타,A B C D,,Slave,KE713,,NRT,P03,NRT
트리니티항공,TW247,202609271815,202609271815,도쿄/나리타,A01-C34,,Master,,,NRT,P02,NRT
아시아나항공,OZ108,202609271830,202609271830,도쿄/나리타,G17-J40,,Master,,,NRT,P03,NRT
에티하드 항공,EY8455,202609271830,202609271830,도쿄/나리타,G17-J40,,Slave,OZ108,,NRT,P03,NRT
전일본공수,NH6978,202609271830,202609271830,도쿄/나리타,G17-J40,,Slave,OZ108,,NRT,P03,NRT
유나이티드항공,UA7297,202609271830,202609271830,도쿄/나리타,G17-J40,,Slave,OZ108,,NRT,P03,NRT
대한항공,KE5497,202609271830,202609271830,도쿄/나리타,G17-J40,,Slave,OZ108,,NRT,P03,NRT
대한항공,KE705,202609271835,202609271835,도쿄/나리타,A B C D,,Master,,,NRT,P03,NRT
에어 프랑스,AF5376,202609271835,202609271835,도쿄/나리타,A B C D,,Slave,KE705,,NRT,P03,NRT
아에로멕시코,AM6700,202609271835,202609271835,도쿄/나리타,A B C D,,Slave,KE705,,NRT,P03,NRT
델타항공,DL7781,202609271835,202609271835,도쿄/나리타,A B C D,,Slave,KE705,,NRT,P03,NRT
일본항공,JL5206,202609271835,202609271835,도쿄/나리타,A B C D,,Slave,KE705,,NRT,P03,NRT
버진 애틀랜틱 항공,VS5503,202609271835,202609271835,도쿄/나리타,A B C D,,Slave,KE705,,NRT,P03,NRT
아시아나항공,OZ9851,202609271835,202609271835,도쿄/나리타,A B C D,,Slave,KE705,,NRT,P03,NRT
트리니티항공,TW249,202609272010,202609272010,도쿄/나리타,A01-C34,,Master,,,NRT,P02,NRT
에어부산,BX164,202609280710,202609280710,도쿄/나리타,E11-E19,,Master,,,NRT,P03,NRT
이스타항공,ZE605,202609280725,202609280725,도쿄/나리타,F19-G13,,Master,,,NRT,P02,NRT
진에어,LJ201,202609280725,202609280725,도쿄/나리타,E21-F17,,Master,,,NRT,P03,NRT
대한항공,KE5741,202609280725,202609280725,도쿄/나리타,E21-F17,,Slave,LJ201,,NRT,P03,NRT
진에어,LJ203,202609280755,202609280755,도쿄/나리타,E21-F17,,Master,,,NRT,P03,NRT
이스타항공,ZE601,202609280800,202609280800,도쿄/나리타,F19-G13,,Master,,,NRT,P02,NRT
에어서울,RS705,202609280810,202609280810,도쿄/나리타,E01-E10,,Master,,,NRT,P03,NRT
제주항공,7C1101,202609280810,202609280810,도쿄/나리타,L13-L36,,Master,,,NRT,P02,NRT
아시아나항공,OZ1041,202609280810,202609280810,도쿄/나리타,G17-J40,,Master,,,NRT,P03,NRT
아시아나항공,OZ102,202609280825,202609280825,도쿄/나리타,G17-J40,,Master,,,NRT,P03,NRT
에티하드 항공,EY8453,202609280825,202609280825,도쿄/나리타,G17-J40,,Slave,OZ102,,NRT,P03,NRT
전일본공수,NH6972,202609280825,202609280825,도쿄/나리타,G17-J40,,Slave,OZ102,,NRT,P03,NRT
에어 뉴질랜드,NZ4060,202609280825,202609280825,도쿄/나리타,G17-J40,,Slave,OZ102,,NRT,P03,NRT
유나이티드항공,UA7318,202609280825,202609280825,도쿄/나리타,G17-J40,,Slave,OZ102,,NRT,P03,NRT
대한항공,KE5703,202609280825,202609280825,도쿄/나리타,G17-J40,,Slave,OZ102,,NRT,P03,NRT
트리니티항공,TW241,202609280835,202609280835,도쿄/나리타,A01-C34,,Master,,,NRT,P02,NRT
에어프레미아,YP731,202609280850,202609280850,도쿄/나리타,C05-C31,,Master,,,NRT,P01,NRT
에어서울,RS701,202609280920,202609280920,도쿄/나리타,E01-E10,,Master,,,NRT,P03,NRT
진에어,LJ205,202609280945,202609280945,도쿄/나리타,E21-F17,,Master,,,NRT,P03,NRT
제주항공,7C1175,202609280945,202609280945,도쿄/나리타,L13-L36,,Master,,,NRT,P02,NRT
파라타항공,WE501,202609280950,202609280950,도쿄/나리타,B21-B32,,Master,,,NRT,P02,NRT
대한항공,KE703,202609281010,202609281010,도쿄/나리타,A B C D,,Master,,,NRT,P03,NRT
델타항공,DL7779,202609281010,202609281010,도쿄/나리타,A B C D,,Slave,KE703,,NRT,P03,NRT
아에로멕시코,AM6750,202609281010,202609281010,도쿄/나리타,A B C D,,Slave,KE703,,NRT,P03,NRT
에어 타히티 누이,TN1577,202609281010,202609281010,도쿄/나리타,A B C D,,Slave,KE703,,NRT,P03,NRT
일본항공,JL5202,202609281010,202609281010,도쿄/나리타,A B C D,,Slave,KE703,,NRT,P03,NRT
아시아나항공,OZ9843,202609281010,202609281010,도쿄/나리타,A B C D,,Slave,KE703,,NRT,P03,NRT
트리니티항공,TW243,202609281020,202609281020,도쿄/나리타,A01-C34,,Master,,,NRT,P02,NRT
제주항공,7C1103,202609281025,202609281025,도쿄/나리타,L13-L36,,Master,,,NRT,P02,NRT
파라타항공,WE503,202609281120,202609281120,도쿄/나리타,B21-B32,,Master,,,NRT,P02,NRT
이스타항공,ZE609,202609281220,202609281220,도쿄/나리타,F22-G13,,Master,,,NRT,P02,NRT
집에어,ZG046,202609281255,202609281255,도쿄/나리타,K10-K16,,Master,,,NRT,P02,NRT
대한항공,KE711,202609281300,202609281300,도쿄/나리타,A B C D,,Master,,,NRT,P03,NRT
아시아나항공,OZ9845,202609281300,202609281300,도쿄/나리타,A B C D,,Slave,KE711,,NRT,P03,NRT
제주항공,7C1105,202609281320,202609281320,도쿄/나리타,L13-L36,,Master,,,NRT,P02,NRT
피치항공,MM652,202609281335,202609281335,도쿄/나리타,K29-K34,,Master,,,NRT,P02,NRT
제주항공,7C1171,202609281345,202609281345,도쿄/나리타,L13-L36,,Master,,,NRT,P02,NRT
이스타항공,ZE607,202609281410,202609281410,도쿄/나리타,F22-G13,,Master,,,NRT,P02,NRT
진에어,LJ209,202609281445,202609281445,도쿄/나리타,E21-F17,,Master,,,NRT,P03,NRT
대한항공,KE707,202609281445,202609281445,도쿄/나리타,A B C D,,Master,,,NRT,P03,NRT
아시아나항공,OZ9847,202609281445,202609281445,도쿄/나리타,A B C D,,Slave,KE707,,NRT,P03,NRT
대한항공,KE5093,202609281445,202609281445,도쿄/나리타,E21-F17,,Slave,LJ209,,NRT,P03,NRT
제주항공,7C1107,202609281500,202609281500,도쿄/나리타,L13-L36,,Master,,,NRT,P02,NRT
트리니티항공,TW245,202609281500,202609281500,도쿄/나리타,A01-C34,,Master,,,NRT,P02,NRT
집에어,ZG044,202609281505,202609281505,도쿄/나리타,K10-K16,,Master,,,NRT,P02,NRT
이스타항공,ZE603,202609281510,202609281510,도쿄/나리타,F22-G13,,Master,,,NRT,P02,NRT
진에어,LJ211,202609281535,202609281535,도쿄/나리타,E21-F17,,Master,,,NRT,P03,NRT
아시아나항공,OZ106,202609281545,202609281545,도쿄/나리타,G17-J40,,Master,,,NRT,P03,NRT
에티하드 항공,EY8454,202609281545,202609281545,도쿄/나리타,G17-J40,,Slave,OZ106,,NRT,P03,NRT
전일본공수,NH6976,202609281545,202609281545,도쿄/나리타,G17-J40,,Slave,OZ106,,NRT,P03,NRT
에어 뉴질랜드,NZ4056,202609281545,202609281545,도쿄/나리타,G17-J40,,Slave,OZ106,,NRT,P03,NRT
유나이티드항공,UA7322,202609281545,202609281545,도쿄/나리타,G17-J40,,Slave,OZ106,,NRT,P03,NRT
대한항공,KE5495,202609281545,202609281545,도쿄/나리타,G17-J40,,Slave,OZ106,,NRT,P03,NRT
에어부산,BX166,202609281615,202609281615,도쿄/나리타,E11-E19,,Master,,,NRT,P03,NRT
제주항공,7C1109,202609281625,202609281625,도쿄/나리타,L13-L36,,Master,,,NRT,P02,NRT
에어서울,RS703,202609281645,202609281645,도쿄/나리타,E01-E10,,Master,,,NRT,P03,NRT
에티오피아항공,ET672,202609281715,202609281715,도쿄/나리타,,,Master,,,NRT,P01,NRT
대한항공,KE713,202609281715,202609281715,도쿄/나리타,A B C D,,Master,,,NRT,P03,NRT
전일본공수,NH5340,202609281715,202609281715,도쿄/나리타,,,Slave,ET672,,NRT,P01,NRT
에어 프랑스,AF5378,202609281715,202609281715,도쿄/나리타,A B C D,,Slave,KE713,,NRT,P03,NRT
아에로멕시코,AM6752,202609281715,202609281715,도쿄/나리타,A B C D,,Slave,KE713,,NRT,P03,NRT
델타항공,DL7897,202609281715,202609281715,도쿄/나리타,A B C D,,Slave,KE713,,NRT,P03,NRT
일본항공,JL5252,202609281715,202609281715,도쿄/나리타,A B C D,,Slave,KE713,,NRT,P03,NRT
아시아나항공,OZ9849,202609281715,202609281715,도쿄/나리타,A B C D,,Slave,KE713,,NRT,P03,NRT
트리니티항공,TW247,202609281815,202609281815,도쿄/나리타,A01-C34,,Master,,,NRT,P02,NRT
아시아나항공,OZ108,202609281830,202609281830,도쿄/나리타,G17-J40,,Master,,,NRT,P03,NRT
에티하드 항공,EY8455,202609281830,202609281830,도쿄/나리타,G17-J40,,Slave,OZ108,,NRT,P03,NRT
전일본공수,NH6978,202609281830,202609281830,도쿄/나리타,G17-J40,,Slave,OZ108,,NRT,P03,NRT
유나이티드항공,UA7297,202609281830,202609281830,도쿄/나리타,G17-J40,,Slave,OZ108,,NRT,P03,NRT
대한항공,KE5497,202609281830,202609281830,도쿄/나리타,G17-J40,,Slave,OZ108,,NRT,P03,NRT
대한항공,KE705,202609281835,202609281835,도쿄/나리타,A B C D,,Master,,,NRT,P03,NRT
에어 프랑스,AF5376,202609281835,202609281835,도쿄/나리타,A B C D,,Slave,KE705,,NRT,P03,NRT
아에로멕시코,AM6700,202609281835,202609281835,도쿄/나리타,A B C D,,Slave,KE705,,NRT,P03,NRT
델타항공,DL7781,202609281835,202609281835,도쿄/나리타,A B C D,,Slave,KE705,,NRT,P03,NRT
일본항공,JL5206,202609281835,202609281835,도쿄/나리타,A B C D,,Slave,KE705,,NRT,P03,NRT
버진 애틀랜틱 항공,VS5503,202609281835,202609281835,도쿄/나리타,A B C D,,Slave,KE705,,NRT,P03,NRT
아시아나항공,OZ9851,202609281835,202609281835,도쿄/나리타,A B C D,,Slave,KE705,,NRT,P03,NRT
트리니티항공,TW249,202609282010,202609282010,도쿄/나리타,A01-C34,,Master,,,NRT,P02,NRT
아시아나항공,OZ1785,202609220040,202609220037,도쿄/하네다,J06-J11,276,Master,,출발,HND,P03,HND
전일본공수,NH6896,202609220040,202609220037,도쿄/하네다,J06-J11,276,Slave,OZ1785,출발,HND,P03,HND
대한항공,KE5705,202609220040,202609220037,도쿄/하네다,J06-J11,276,Slave,OZ1785,출발,HND,P03,HND
대한항공,KE8751,202609220830,202609220840,도쿄/하네다,A B C D,220,Master,,출발,HND,P03,HND
아시아나항공,OZ9853,202609220830,202609220840,도쿄/하네다,A B C D,220,Slave,KE8751,출발,HND,P03,HND
에어 프랑스,AF5366,202609220830,202609220840,도쿄/하네다,A B C D,220,Slave,KE8751,출발,HND,P03,HND
일본항공,JL5256,202609220830,202609220840,도쿄/하네다,A B C D,220,Slave,KE8751,출발,HND,P03,HND
버진 애틀랜틱 항공,VS5529,202609220830,202609220840,도쿄/하네다,A B C D,220,Slave,KE8751,출발,HND,P03,HND
대한항공,KE751,202609222030,202609222030,도쿄/하네다,A B C D,254,Master,,,HND,P03,HND
에어 프랑스,AF5366,202609222030,202609222030,도쿄/하네다,A B C D,254,Slave,KE751,,HND,P03,HND
일본항공,JL5256,202609222030,202609222030,도쿄/하네다,A B C D,254,Slave,KE751,,HND,P03,HND
버진 애틀랜틱 항공,VS5529,202609222030,202609222030,도쿄/하네다,A B C D,254,Slave,KE751,,HND,P03,HND
아시아나항공,OZ9853,202609222030,202609222030,도쿄/하네다,A B C D,254,Slave,KE751,,HND,P03,HND
아시아나항공,OZ178,202609222110,202609222110,도쿄/하네다,G17-J34,263,Master,,,HND,P03,HND
전일본공수,NH6896,202609222110,202609222110,도쿄/하네다,G17-J34,263,Slave,OZ178,,HND,P03,HND
대한항공,KE5705,202609222110,202609222110,도쿄/하네다,G17-J34,263,Slave,OZ178,,HND,P03,HND
피치항공,MM808,202609222235,202609222235,도쿄/하네다,K29-K34,112,Master,,,HND,P02,HND
대한항공,KE751,202609232030,202609232030,도쿄/하네다,A B C D,,Master,,,HND,P03,HND
에어 프랑스,AF5366,202609232030,202609232030,도쿄/하네다,A B C D,,Slave,KE751,,HND,P03,HND
일본항공,JL5256,202609232030,202609232030,도쿄/하네다,A B C D,,Slave,KE751,,HND,P03,HND
버진 애틀랜틱 항공,VS5529,202609232030,202609232030,도쿄/하네다,A B C D,,Slave,KE751,,HND,P03,HND
아시아나항공,OZ9853,202609232030,202609232030,도쿄/하네다,A B C D,,Slave,KE751,,HND,P03,HND
아시아나항공,OZ178,202609232110,202609232110,도쿄/하네다,G17-J40,,Master,,,HND,P03,HND
전일본공수,NH6896,202609232110,202609232110,도쿄/하네다,G17-J40,,Slave,OZ178,,HND,P03,HND
대한항공,KE5705,202609232110,202609232110,도쿄/하네다,G17-J40,,Slave,OZ178,,HND,P03,HND
피치항공,MM808,202609232235,202609232235,도쿄/하네다,K29-K34,,Master,,,HND,P02,HND
대한항공,KE751,202609242030,202609242030,도쿄/하네다,A B C D,,Master,,,HND,P03,HND
에어 프랑스,AF5366,202609242030,202609242030,도쿄/하네다,A B C D,,Slave,KE751,,HND,P03,HND
일본항공,JL5256,202609242030,202609242030,도쿄/하네다,A B C D,,Slave,KE751,,HND,P03,HND
버진 애틀랜틱 항공,VS5529,202609242030,202609242030,도쿄/하네다,A B C D,,Slave,KE751,,HND,P03,HND
아시아나항공,OZ9853,202609242030,202609242030,도쿄/하네다,A B C D,,Slave,KE751,,HND,P03,HND
아시아나항공,OZ178,202609242110,202609242110,도쿄/하네다,G17-J40,,Master,,,HND,P03,HND
전일본공수,NH6896,202609242110,202609242110,도쿄/하네다,G17-J40,,Slave,OZ178,,HND,P03,HND
대한항공,KE5705,202609242110,202609242110,도쿄/하네다,G17-J40,,Slave,OZ178,,HND,P03,HND
피치항공,MM808,202609242235,202609242235,도쿄/하네다,K29-K34,,Master,,,HND,P02,HND
대한항공,KE751,202609252030,202609252030,도쿄/하네다,A B C D,,Master,,,HND,P03,HND
에어 프랑스,AF5366,202609252030,202609252030,도쿄/하네다,A B C D,,Slave,KE751,,HND,P03,HND
일본항공,JL5256,202609252030,202609252030,도쿄/하네다,A B C D,,Slave,KE751,,HND,P03,HND
버진 애틀랜틱 항공,VS5529,202609252030,202609252030,도쿄/하네다,A B C D,,Slave,KE751,,HND,P03,HND
아시아나항공,OZ9853,202609252030,202609252030,도쿄/하네다,A B C D,,Slave,KE751,,HND,P03,HND
아시아나항공,OZ178,202609252110,202609252110,도쿄/하네다,G17-J40,,Master,,,HND,P03,HND
전일본공수,NH6896,202609252110,202609252110,도쿄/하네다,G17-J40,,Slave,OZ178,,HND,P03,HND
대한항공,KE5705,202609252110,202609252110,도쿄/하네다,G17-J40,,Slave,OZ178,,HND,P03,HND
피치항공,MM808,202609252235,202609252235,도쿄/하네다,K29-K34,,Master,,,HND,P02,HND
대한항공,KE751,202609262030,202609262030,도쿄/하네다,A B C D,,Master,,,HND,P03,HND
에어 프랑스,AF5366,202609262030,202609262030,도쿄/하네다,A B C D,,Slave,KE751,,HND,P03,HND
일본항공,JL5256,202609262030,202609262030,도쿄/하네다,A B C D,,Slave,KE751,,HND,P03,HND
버진 애틀랜틱 항공,VS5529,202609262030,202609262030,도쿄/하네다,A B C D,,Slave,KE751,,HND,P03,HND
아시아나항공,OZ9853,202609262030,202609262030,도쿄/하네다,A B C D,,Slave,KE751,,HND,P03,HND
아시아나항공,OZ178,202609262110,202609262110,도쿄/하네다,G17-J40,,Master,,,HND,P03,HND
전일본공수,NH6896,202609262110,202609262110,도쿄/하네다,G17-J40,,Slave,OZ178,,HND,P03,HND
대한항공,KE5705,202609262110,202609262110,도쿄/하네다,G17-J40,,Slave,OZ178,,HND,P03,HND
피치항공,MM808,202609262235,202609262235,도쿄/하네다,K29-K34,,Master,,,HND,P02,HND
대한항공,KE751,202609272030,202609272030,도쿄/하네다,A B C D,,Master,,,HND,P03,HND
에어 프랑스,AF5366,202609272030,202609272030,도쿄/하네다,A B C D,,Slave,KE751,,HND,P03,HND
일본항공,JL5256,202609272030,202609272030,도쿄/하네다,A B C D,,Slave,KE751,,HND,P03,HND
버진 애틀랜틱 항공,VS5529,202609272030,202609272030,도쿄/하네다,A B C D,,Slave,KE751,,HND,P03,HND
아시아나항공,OZ9853,202609272030,202609272030,도쿄/하네다,A B C D,,Slave,KE751,,HND,P03,HND
아시아나항공,OZ178,202609272110,202609272110,도쿄/하네다,G17-J40,,Master,,,HND,P03,HND
전일본공수,NH6896,202609272110,202609272110,도쿄/하네다,G17-J40,,Slave,OZ178,,HND,P03,HND
대한항공,KE5705,202609272110,202609272110,도쿄/하네다,G17-J40,,Slave,OZ178,,HND,P03,HND
피치항공,MM808,202609272235,202609272235,도쿄/하네다,K29-K34,,Master,,,HND,P02,HND
대한항공,KE751,202609282030,202609282030,도쿄/하네다,A B C D,,Master,,,HND,P03,HND
에어 프랑스,AF5366,202609282030,202609282030,도쿄/하네다,A B C D,,Slave,KE751,,HND,P03,HND
일본항공,JL5256,202609282030,202609282030,도쿄/하네다,A B C D,,Slave,KE751,,HND,P03,HND
버진 애틀랜틱 항공,VS5529,202609282030,202609282030,도쿄/하네다,A B C D,,Slave,KE751,,HND,P03,HND
아시아나항공,OZ9853,202609282030,202609282030,도쿄/하네다,A B C D,,Slave,KE751,,HND,P03,HND
아시아나항공,OZ178,202609282110,202609282110,도쿄/하네다,G17-J40,,Master,,,HND,P03,HND
전일본공수,NH6896,202609282110,202609282110,도쿄/하네다,G17-J40,,Slave,OZ178,,HND,P03,HND
대한항공,KE5705,202609282110,202609282110,도쿄/하네다,G17-J40,,Slave,OZ178,,HND,P03,HND
피치항공,MM808,202609282235,202609282235,도쿄/하네다,K29-K34,,Master,,,HND,P02,HND
아시아나항공,OZ112,202609220655,202609220705,오사카/ 간사이,G17-J40,263,Master,,출발,KIX,P03,KIX
에티하드 항공,EY8448,202609220655,202609220705,오사카/ 간사이,G17-J40,263,Slave,OZ112,출발,KIX,P03,KIX
전일본공수,NH6952,202609220655,202609220705,오사카/ 간사이,G17-J40,263,Slave,OZ112,출발,KIX,P03,KIX
대한항공,KE5721,202609220655,202609220705,오사카/ 간사이,G17-J40,263,Slave,OZ112,출발,KIX,P03,KIX
제주항공,7C1301,202609220710,202609220714,오사카/ 간사이,L13-L36,101,Master,,출발,KIX,P02,KIX
에어서울,RS711,202609220715,202609220720,오사카/ 간사이,E01-E10,289,Master,,출발,KIX,P03,KIX
피치항공,MM712,202609220730,202609220731,오사카/ 간사이,K29-K34,107,Master,,출발,KIX,P02,KIX
전일본공수,NH3512,202609220730,202609220731,오사카/ 간사이,K29-K34,107,Slave,MM712,출발,KIX,P02,KIX
진에어,LJ231,202609220740,202609220804,오사카/ 간사이,E21-F17,210,Master,,출발,KIX,P03,KIX
대한항공,KE5071,202609220740,202609220804,오사카/ 간사이,E21-F17,210,Slave,LJ231,출발,KIX,P03,KIX
제주항공,7C1391,202609220755,202609220757,오사카/ 간사이,L13-L36,45,Master,,출발,KIX,P01,KIX
트리니티항공,TW301,202609220800,202609220757,오사카/ 간사이,B01-B18,114,Master,,출발,KIX,P02,KIX
진에어,LJ241,202609220810,202609220821,오사카/ 간사이,E21-F17,233,Master,,출발,KIX,P03,KIX
제주항공,7C1303,202609220905,202609220908,오사카/ 간사이,L13-L36,36,Master,,출발,KIX,P01,KIX
이스타항공,ZE611,202609220915,202609220911,오사카/ 간사이,F22-G13,11,Master,,출발,KIX,P01,KIX
대한항공,KE723,202609220935,202609220941,오사카/ 간사이,A B C D,221,Master,,출발,KIX,P03,KIX
델타항공,DL7785,202609220935,202609220941,오사카/ 간사이,A B C D,221,Slave,KE723,출발,KIX,P03,KIX
몽골항공,OM6703,202609220935,202609220941,오사카/ 간사이,A B C D,221,Slave,KE723,출발,KIX,P03,KIX
일본항공,JL5210,202609220935,202609220941,오사카/ 간사이,A B C D,221,Slave,KE723,출발,KIX,P03,KIX
아시아나항공,OZ9855,202609220935,202609220941,오사카/ 간사이,A B C D,221,Slave,KE723,출발,KIX,P03,KIX
에어부산,BX172,202609220940,202609220959,오사카/ 간사이,E11-E19,288,Master,,출발,KIX,P03,KIX
아시아나항공,OZ9568,202609220940,202609220959,오사카/ 간사이,E11-E19,288,Slave,BX172,출발,KIX,P03,KIX
진에어,LJ233,202609221010,202609221014,오사카/ 간사이,E21-F17,208,Master,,출발,KIX,P03,KIX
피치항공,MM714,202609221020,202609221021,오사카/ 간사이,K29-K34,114,Master,,출발,KIX,P02,KIX
전일본공수,NH3524,202609221020,202609221021,오사카/ 간사이,K29-K34,114,Slave,MM714,출발,KIX,P02,KIX
제주항공,7C1305,202609221040,202609221044,오사카/ 간사이,L13-L36,119,Master,,출발,KIX,P02,KIX
트리니티항공,TW303,202609221050,202609221051,오사카/ 간사이,B01-B18,108,Master,,출발,KIX,P02,KIX
파라타항공,WE511,202609221110,202609221105,오사카/ 간사이,B25-B32,15,Master,,출발,KIX,P01,KIX
에어서울,RS713,202609221315,202609221315,오사카/ 간사이,E01-E10,289,Master,,탑승중,KIX,P03,KIX
에어부산,BX174,202609221300,202609221345,오사카/ 간사이,E11-E19,287,Master,,지연,KIX,P03,KIX
아시아나항공,OZ9570,202609221300,202609221345,오사카/ 간사이,E11-E19,287,Slave,BX174,지연,KIX,P03,KIX
제주항공,7C1393,202609221405,202609221405,오사카/ 간사이,L13-L36,27,Master,,탑승준비,KIX,P01,KIX
피치항공,MM706,202609221440,202609221440,오사카/ 간사이,K28-K34,105,Master,,,KIX,P02,KIX
대한항공,KE725,202609221505,202609221505,오사카/ 간사이,A B C D,263,Master,,,KIX,P03,KIX
에어 프랑스,AF5374,202609221505,202609221505,오사카/ 간사이,A B C D,263,Slave,KE725,,KIX,P03,KIX
델타항공,DL7787,202609221505,202609221505,오사카/ 간사이,A B C D,263,Slave,KE725,,KIX,P03,KIX
일본항공,JL5212,202609221505,202609221505,오사카/ 간사이,A B C D,263,Slave,KE725,,KIX,P03,KIX
몽골항공,OM6705,202609221505,202609221505,오사카/ 간사이,A B C D,263,Slave,KE725,,KIX,P03,KIX
버진 애틀랜틱 항공,VS5548,202609221505,202609221505,오사카/ 간사이,A B C D,263,Slave,KE725,,KIX,P03,KIX
아시아나항공,OZ9857,202609221505,202609221505,오사카/ 간사이,A B C D,263,Slave,KE725,,KIX,P03,KIX
이스타항공,ZE613,202609221515,202609221515,오사카/ 간사이,F24-G13,16,Master,,,KIX,P01,KIX
에어서울,RS715,202609221520,202609221520,오사카/ 간사이,E01-E10,288,Master,,,KIX,P03,KIX
에어부산,BX176,202609221450,202609221550,오사카/ 간사이,E11-E19,284,Master,,지연,KIX,P03,KIX
아시아나항공,OZ9572,202609221450,202609221550,오사카/ 간사이,E11-E19,284,Slave,BX176,지연,KIX,P03,KIX
트리니티항공,TW305,202609221555,202609221555,오사카/ 간사이,B01-B18,104,Master,,,KIX,P02,KIX
진에어,LJ239,202609221610,202609221610,오사카/ 간사이,E21-F17,215,Master,,,KIX,P03,KIX
아시아나항공,OZ114,202609221640,202609221640,오사카/ 간사이,G17-J34,254,Master,,,KIX,P03,KIX
에티하드 항공,EY8449,202609221640,202609221640,오사카/ 간사이,G17-J34,254,Slave,OZ114,,KIX,P03,KIX
전일본공수,NH6954,202609221640,202609221640,오사카/ 간사이,G17-J34,254,Slave,OZ114,,KIX,P03,KIX
대한항공,KE5723,202609221640,202609221640,오사카/ 간사이,G17-J34,254,Slave,OZ114,,KIX,P03,KIX
제주항공,7C1307,202609221700,202609221700,오사카/ 간사이,L13-L36,101,Master,,,KIX,P02,KIX
대한항공,KE721,202609221845,202609221900,오사카/ 간사이,A B C D,214,Master,,,KIX,P03,KIX
아시아나항공,OZ9859,202609221845,202609221900,오사카/ 간사이,A B C D,214,Slave,KE721,,KIX,P03,KIX
제주항공,7C1395,202609221920,202609221920,오사카/ 간사이,L13-L36,101,Master,,,KIX,P02,KIX
아시아나항공,OZ116,202609221935,202609221935,오사카/ 간사이,G17-J34,283,Master,,,KIX,P03,KIX
에어캐나다,AC6974,202609221935,202609221935,오사카/ 간사이,G17-J34,283,Slave,OZ116,,KIX,P03,KIX
에티오피아항공,ET1290,202609221935,202609221935,오사카/ 간사이,G17-J34,283,Slave,OZ116,,KIX,P03,KIX
에티하드 항공,EY8450,202609221935,202609221935,오사카/ 간사이,G17-J34,283,Slave,OZ116,,KIX,P03,KIX
전일본공수,NH6956,202609221935,202609221935,오사카/ 간사이,G17-J34,283,Slave,OZ116,,KIX,P03,KIX
대한항공,KE5499,202609221935,202609221935,오사카/ 간사이,G17-J34,283,Slave,OZ116,,KIX,P03,KIX
아시아나항공,OZ118,202609222040,202609222040,오사카/ 간사이,G17-J34,276,Master,,,KIX,P03,KIX
대한항공,KE5501,202609222040,202609222040,오사카/ 간사이,G17-J34,276,Slave,OZ118,,KIX,P03,KIX
대한항공,KE737,202609222050,202609222050,오사카/ 간사이,A B C D,238,Master,,,KIX,P03,KIX
델타항공,DL7874,202609222050,202609222050,오사카/ 간사이,A B C D,238,Slave,KE737,,KIX,P03,KIX
일본항공,JL5268,202609222050,202609222050,오사카/ 간사이,A B C D,238,Slave,KE737,,KIX,P03,KIX
아시아나항공,OZ9861,202609222050,202609222050,오사카/ 간사이,A B C D,238,Slave,KE737,,KIX,P03,KIX
피치항공,MM710,202609222055,202609222055,오사카/ 간사이,K29-K34,117,Master,,,KIX,P02,KIX
트리니티항공,TW307,202609222105,202609222105,오사카/ 간사이,B01-B18,115,Master,,,KIX,P02,KIX
트리니티항공,TW317,202609222230,202609222230,오사카/ 간사이,B01-B18,11,Master,,,KIX,P01,KIX
피치항공,MM716,202609230325,202609230325,오사카/ 간사이,K29-K34,,Master,,,KIX,P02,KIX
아시아나항공,OZ112,202609230655,202609230655,오사카/ 간사이,G17-J40,,Master,,,KIX,P03,KIX
에티하드 항공,EY8448,202609230655,202609230655,오사카/ 간사이,G17-J40,,Slave,OZ112,,KIX,P03,KIX
전일본공수,NH6952,202609230655,202609230655,오사카/ 간사이,G17-J40,,Slave,OZ112,,KIX,P03,KIX
대한항공,KE5721,202609230655,202609230655,오사카/ 간사이,G17-J40,,Slave,OZ112,,KIX,P03,KIX
제주항공,7C1301,202609230710,202609230710,오사카/ 간사이,L13-L36,,Master,,,KIX,P02,KIX
에어서울,RS711,202609230715,202609230715,오사카/ 간사이,E01-E10,287,Master,,,KIX,P03,KIX
피치항공,MM712,202609230730,202609230730,오사카/ 간사이,K29-K34,,Master,,,KIX,P02,KIX
전일본공수,NH3512,202609230730,202609230730,오사카/ 간사이,K29-K34,,Slave,MM712,,KIX,P02,KIX
진에어,LJ231,202609230740,202609230740,오사카/ 간사이,E21-F17,212,Master,,,KIX,P03,KIX
대한항공,KE5071,202609230740,202609230740,오사카/ 간사이,E21-F17,212,Slave,LJ231,,KIX,P03,KIX
제주항공,7C1391,202609230755,202609230755,오사카/ 간사이,L13-L36,34,Master,,,KIX,P01,KIX
트리니티항공,TW301,202609230800,202609230800,오사카/ 간사이,A01-C34,,Master,,,KIX,P02,KIX
진에어,LJ241,202609230810,202609230810,오사카/ 간사이,E21-F17,210,Master,,,KIX,P03,KIX
제주항공,7C1303,202609230905,202609230905,오사카/ 간사이,L13-L36,,Master,,,KIX,P02,KIX
이스타항공,ZE611,202609230915,202609230915,오사카/ 간사이,F22-G13,,Master,,,KIX,P02,KIX
대한항공,KE723,202609230935,202609230935,오사카/ 간사이,A B C D,224,Master,,,KIX,P03,KIX
델타항공,DL7785,202609230935,202609230935,오사카/ 간사이,A B C D,224,Slave,KE723,,KIX,P03,KIX
몽골항공,OM6703,202609230935,202609230935,오사카/ 간사이,A B C D,224,Slave,KE723,,KIX,P03,KIX
일본항공,JL5210,202609230935,202609230935,오사카/ 간사이,A B C D,224,Slave,KE723,,KIX,P03,KIX
아시아나항공,OZ9855,202609230935,202609230935,오사카/ 간사이,A B C D,224,Slave,KE723,,KIX,P03,KIX
에어부산,BX172,202609230940,202609230940,오사카/ 간사이,E11-E19,289,Master,,,KIX,P03,KIX
아시아나항공,OZ9568,202609230940,202609230940,오사카/ 간사이,E11-E19,289,Slave,BX172,,KIX,P03,KIX
진에어,LJ233,202609231010,202609231010,오사카/ 간사이,E21-F17,,Master,,,KIX,P03,KIX
피치항공,MM714,202609231020,202609231020,오사카/ 간사이,K29-K34,,Master,,,KIX,P02,KIX
전일본공수,NH3524,202609231020,202609231020,오사카/ 간사이,K29-K34,,Slave,MM714,,KIX,P02,KIX
제주항공,7C1305,202609231040,202609231040,오사카/ 간사이,L13-L36,,Master,,,KIX,P02,KIX
트리니티항공,TW303,202609231050,202609231050,오사카/ 간사이,A01-C34,,Master,,,KIX,P02,KIX
파라타항공,WE511,202609231110,202609231110,오사카/ 간사이,B25-B32,,Master,,,KIX,P02,KIX
에어부산,BX174,202609231300,202609231300,오사카/ 간사이,E11-E19,,Master,,,KIX,P03,KIX
아시아나항공,OZ9570,202609231300,202609231300,오사카/ 간사이,E11-E19,,Slave,BX174,,KIX,P03,KIX
에어서울,RS713,202609231315,202609231315,오사카/ 간사이,E01-E10,,Master,,,KIX,P03,KIX
제주항공,7C1393,202609231405,202609231405,오사카/ 간사이,L13-L36,,Master,,,KIX,P02,KIX
피치항공,MM706,202609231440,202609231440,오사카/ 간사이,K29-K34,,Master,,,KIX,P02,KIX
에어부산,BX176,202609231450,202609231450,오사카/ 간사이,E11-E19,,Master,,,KIX,P03,KIX
아시아나항공,OZ9572,202609231450,202609231450,오사카/ 간사이,E11-E19,,Slave,BX176,,KIX,P03,KIX
대한항공,KE725,202609231505,202609231505,오사카/ 간사이,A B C D,,Master,,,KIX,P03,KIX
에어 프랑스,AF5374,202609231505,202609231505,오사카/ 간사이,A B C D,,Slave,KE725,,KIX,P03,KIX
델타항공,DL7787,202609231505,202609231505,오사카/ 간사이,A B C D,,Slave,KE725,,KIX,P03,KIX
일본항공,JL5212,202609231505,202609231505,오사카/ 간사이,A B C D,,Slave,KE725,,KIX,P03,KIX
몽골항공,OM6705,202609231505,202609231505,오사카/ 간사이,A B C D,,Slave,KE725,,KIX,P03,KIX
버진 애틀랜틱 항공,VS5548,202609231505,202609231505,오사카/ 간사이,A B C D,,Slave,KE725,,KIX,P03,KIX
아시아나항공,OZ9857,202609231505,202609231505,오사카/ 간사이,A B C D,,Slave,KE725,,KIX,P03,KIX
이스타항공,ZE613,202609231515,202609231515,오사카/ 간사이,F22-G13,,Master,,,KIX,P02,KIX
에어서울,RS715,202609231520,202609231520,오사카/ 간사이,E01-E10,,Master,,,KIX,P03,KIX
트리니티항공,TW305,202609231555,202609231555,오사카/ 간사이,A01-C34,,Master,,,KIX,P02,KIX
진에어,LJ239,202609231610,202609231610,오사카/ 간사이,E21-F17,234,Master,,,KIX,P03,KIX
아시아나항공,OZ114,202609231640,202609231640,오사카/ 간사이,G17-J40,,Master,,,KIX,P03,KIX
에티하드 항공,EY8449,202609231640,202609231640,오사카/ 간사이,G17-J40,,Slave,OZ114,,KIX,P03,KIX
전일본공수,NH6954,202609231640,202609231640,오사카/ 간사이,G17-J40,,Slave,OZ114,,KIX,P03,KIX
대한항공,KE5723,202609231640,202609231640,오사카/ 간사이,G17-J40,,Slave,OZ114,,KIX,P03,KIX
제주항공,7C1307,202609231700,202609231700,오사카/ 간사이,L13-L36,,Master,,,KIX,P02,KIX
파라타항공,WE513,202609231745,202609231745,오사카/ 간사이,B21-B32,,Master,,,KIX,P02,KIX
대한항공,KE721,202609231845,202609231845,오사카/ 간사이,A B C D,,Master,,,KIX,P03,KIX
아시아나항공,OZ9859,202609231845,202609231845,오사카/ 간사이,A B C D,,Slave,KE721,,KIX,P03,KIX
제주항공,7C1395,202609231920,202609231920,오사카/ 간사이,L13-L36,,Master,,,KIX,P02,KIX
진에어,LJ243,202609231930,202609231930,오사카/ 간사이,E21-F17,,Master,,,KIX,P03,KIX
아시아나항공,OZ116,202609231935,202609231935,오사카/ 간사이,G17-J40,,Master,,,KIX,P03,KIX
에어캐나다,AC6974,202609231935,202609231935,오사카/ 간사이,G17-J40,,Slave,OZ116,,KIX,P03,KIX
에티오피아항공,ET1290,202609231935,202609231935,오사카/ 간사이,G17-J40,,Slave,OZ116,,KIX,P03,KIX
에티하드 항공,EY8450,202609231935,202609231935,오사카/ 간사이,G17-J40,,Slave,OZ116,,KIX,P03,KIX
전일본공수,NH6956,202609231935,202609231935,오사카/ 간사이,G17-J40,,Slave,OZ116,,KIX,P03,KIX
대한항공,KE5499,202609231935,202609231935,오사카/ 간사이,G17-J40,,Slave,OZ116,,KIX,P03,KIX
아시아나항공,OZ118,202609232040,202609232040,오사카/ 간사이,G17-J40,,Master,,,KIX,P03,KIX
대한항공,KE5501,202609232040,202609232040,오사카/ 간사이,G17-J40,,Slave,OZ118,,KIX,P03,KIX
대한항공,KE737,202609232050,202609232050,오사카/ 간사이,A B C D,,Master,,,KIX,P03,KIX
델타항공,DL7874,202609232050,202609232050,오사카/ 간사이,A B C D,,Slave,KE737,,KIX,P03,KIX
일본항공,JL5268,202609232050,202609232050,오사카/ 간사이,A B C D,,Slave,KE737,,KIX,P03,KIX
아시아나항공,OZ9861,202609232050,202609232050,오사카/ 간사이,A B C D,,Slave,KE737,,KIX,P03,KIX
피치항공,MM710,202609232055,202609232055,오사카/ 간사이,K29-K34,,Master,,,KIX,P02,KIX
트리니티항공,TW307,202609232105,202609232105,오사카/ 간사이,A01-C34,,Master,,,KIX,P02,KIX
트리니티항공,TW317,202609232230,202609232230,오사카/ 간사이,A01-C34,,Master,,,KIX,P02,KIX
피치항공,MM716,202609240325,202609240325,오사카/ 간사이,K29-K34,,Master,,,KIX,P02,KIX
아시아나항공,OZ112,202609240655,202609240655,오사카/ 간사이,G17-J40,,Master,,,KIX,P03,KIX
에티하드 항공,EY8448,202609240655,202609240655,오사카/ 간사이,G17-J40,,Slave,OZ112,,KIX,P03,KIX
전일본공수,NH6952,202609240655,202609240655,오사카/ 간사이,G17-J40,,Slave,OZ112,,KIX,P03,KIX
대한항공,KE5721,202609240655,202609240655,오사카/ 간사이,G17-J40,,Slave,OZ112,,KIX,P03,KIX
제주항공,7C1301,202609240710,202609240710,오사카/ 간사이,L13-L36,,Master,,,KIX,P02,KIX
에어서울,RS711,202609240715,202609240715,오사카/ 간사이,E01-E10,,Master,,,KIX,P03,KIX
피치항공,MM712,202609240730,202609240730,오사카/ 간사이,K29-K34,,Master,,,KIX,P02,KIX
전일본공수,NH3512,202609240730,202609240730,오사카/ 간사이,K29-K34,,Slave,MM712,,KIX,P02,KIX
진에어,LJ231,202609240740,202609240740,오사카/ 간사이,E21-F17,,Master,,,KIX,P03,KIX
대한항공,KE5071,202609240740,202609240740,오사카/ 간사이,E21-F17,,Slave,LJ231,,KIX,P03,KIX
제주항공,7C1391,202609240755,202609240755,오사카/ 간사이,L13-L36,,Master,,,KIX,P02,KIX
트리니티항공,TW301,202609240800,202609240800,오사카/ 간사이,A01-C34,,Master,,,KIX,P02,KIX
진에어,LJ241,202609240810,202609240810,오사카/ 간사이,E21-F17,,Master,,,KIX,P03,KIX
트리니티항공,TW323,202609240830,202609240830,오사카/ 간사이,A01-C34,,Master,,,KIX,P02,KIX
제주항공,7C1303,202609240905,202609240905,오사카/ 간사이,L13-L36,,Master,,,KIX,P02,KIX
이스타항공,ZE611,202609240915,202609240915,오사카/ 간사이,F19-G13,,Master,,,KIX,P02,KIX
대한항공,KE723,202609240935,202609240935,오사카/ 간사이,A B C D,,Master,,,KIX,P03,KIX
델타항공,DL7785,202609240935,202609240935,오사카/ 간사이,A B C D,,Slave,KE723,,KIX,P03,KIX
몽골항공,OM6703,202609240935,202609240935,오사카/ 간사이,A B C D,,Slave,KE723,,KIX,P03,KIX
일본항공,JL5210,202609240935,202609240935,오사카/ 간사이,A B C D,,Slave,KE723,,KIX,P03,KIX
아시아나항공,OZ9855,202609240935,202609240935,오사카/ 간사이,A B C D,,Slave,KE723,,KIX,P03,KIX
에어부산,BX172,202609240940,202609240940,오사카/ 간사이,E11-E19,,Master,,,KIX,P03,KIX
아시아나항공,OZ9568,202609240940,202609240940,오사카/ 간사이,E11-E19,,Slave,BX172,,KIX,P03,KIX
진에어,LJ233,202609241010,202609241010,오사카/ 간사이,E21-F17,,Master,,,KIX,P03,KIX
피치항공,MM714,202609241020,202609241020,오사카/ 간사이,K29-K34,,Master,,,KIX,P02,KIX
전일본공수,NH3524,202609241020,202609241020,오사카/ 간사이,K29-K34,,Slave,MM714,,KIX,P02,KIX
제주항공,7C1305,202609241040,202609241040,오사카/ 간사이,L13-L36,,Master,,,KIX,P02,KIX
트리니티항공,TW303,202609241050,202609241050,오사카/ 간사이,A01-C34,,Master,,,KIX,P02,KIX
트리니티항공,TW309,202609241100,202609241100,오사카/ 간사이,A01-C34,,Master,,,KIX,P02,KIX
파라타항공,WE511,202609241110,202609241110,오사카/ 간사이,B21-B32,,Master,,,KIX,P02,KIX
에어부산,BX174,202609241300,202609241300,오사카/ 간사이,E11-E19,,Master,,,KIX,P03,KIX
아시아나항공,OZ9570,202609241300,202609241300,오사카/ 간사이,E11-E19,,Slave,BX174,,KIX,P03,KIX
제주항공,7C1393,202609241405,202609241405,오사카/ 간사이,L13-L36,,Master,,,KIX,P02,KIX
피치항공,MM706,202609241440,202609241440,오사카/ 간사이,K29-K34,,Master,,,KIX,P02,KIX
에어부산,BX176,202609241450,202609241450,오사카/ 간사이,E11-E19,,Master,,,KIX,P03,KIX
아시아나항공,OZ9572,202609241450,202609241450,오사카/ 간사이,E11-E19,,Slave,BX176,,KIX,P03,KIX
대한항공,KE725,202609241505,202609241505,오사카/ 간사이,A B C D,,Master,,,KIX,P03,KIX
에어 프랑스,AF5374,202609241505,202609241505,오사카/ 간사이,A B C D,,Slave,KE725,,KIX,P03,KIX
델타항공,DL7787,202609241505,202609241505,오사카/ 간사이,A B C D,,Slave,KE725,,KIX,P03,KIX
일본항공,JL5212,202609241505,202609241505,오사카/ 간사이,A B C D,,Slave,KE725,,KIX,P03,KIX
몽골항공,OM6705,202609241505,202609241505,오사카/ 간사이,A B C D,,Slave,KE725,,KIX,P03,KIX
버진 애틀랜틱 항공,VS5548,202609241505,202609241505,오사카/ 간사이,A B C D,,Slave,KE725,,KIX,P03,KIX
아시아나항공,OZ9857,202609241505,202609241505,오사카/ 간사이,A B C D,,Slave,KE725,,KIX,P03,KIX
이스타항공,ZE613,202609241515,202609241515,오사카/ 간사이,F22-G13,,Master,,,KIX,P02,KIX
에어서울,RS715,202609241520,202609241520,오사카/ 간사이,E01-E10,,Master,,,KIX,P03,KIX
트리니티항공,TW305,202609241555,202609241555,오사카/ 간사이,A01-C34,,Master,,,KIX,P02,KIX
진에어,LJ239,202609241610,202609241610,오사카/ 간사이,E21-F17,,Master,,,KIX,P03,KIX
아시아나항공,OZ114,202609241640,202609241640,오사카/ 간사이,G17-J40,,Master,,,KIX,P03,KIX
에티하드 항공,EY8449,202609241640,202609241640,오사카/ 간사이,G17-J40,,Slave,OZ114,,KIX,P03,KIX
전일본공수,NH6954,202609241640,202609241640,오사카/ 간사이,G17-J40,,Slave,OZ114,,KIX,P03,KIX
대한항공,KE5723,202609241640,202609241640,오사카/ 간사이,G17-J40,,Slave,OZ114,,KIX,P03,KIX
제주항공,7C1307,202609241700,202609241700,오사카/ 간사이,L13-L36,,Master,,,KIX,P02,KIX
파라타항공,WE513,202609241745,202609241745,오사카/ 간사이,B21-B32,,Master,,,KIX,P02,KIX
대한항공,KE721,202609241845,202609241845,오사카/ 간사이,A B C D,,Master,,,KIX,P03,KIX
아시아나항공,OZ9859,202609241845,202609241845,오사카/ 간사이,A B C D,,Slave,KE721,,KIX,P03,KIX
제주항공,7C1395,202609241920,202609241920,오사카/ 간사이,L13-L36,,Master,,,KIX,P02,KIX
진에어,LJ243,202609241930,202609241930,오사카/ 간사이,E21-F17,,Master,,,KIX,P03,KIX
아시아나항공,OZ116,202609241935,202609241935,오사카/ 간사이,G17-J40,,Master,,,KIX,P03,KIX
에어캐나다,AC6974,202609241935,202609241935,오사카/ 간사이,G17-J40,,Slave,OZ116,,KIX,P03,KIX
에티오피아항공,ET1290,202609241935,202609241935,오사카/ 간사이,G17-J40,,Slave,OZ116,,KIX,P03,KIX
에티하드 항공,EY8450,202609241935,202609241935,오사카/ 간사이,G17-J40,,Slave,OZ116,,KIX,P03,KIX
전일본공수,NH6956,202609241935,202609241935,오사카/ 간사이,G17-J40,,Slave,OZ116,,KIX,P03,KIX
대한항공,KE5499,202609241935,202609241935,오사카/ 간사이,G17-J40,,Slave,OZ116,,KIX,P03,KIX
아시아나항공,OZ118,202609242040,202609242040,오사카/ 간사이,G17-J40,,Master,,,KIX,P03,KIX
대한항공,KE5501,202609242040,202609242040,오사카/ 간사이,G17-J40,,Slave,OZ118,,KIX,P03,KIX
대한항공,KE737,202609242050,202609242050,오사카/ 간사이,A B C D,,Master,,,KIX,P03,KIX
델타항공,DL7874,202609242050,202609242050,오사카/ 간사이,A B C D,,Slave,KE737,,KIX,P03,KIX
일본항공,JL5268,202609242050,202609242050,오사카/ 간사이,A B C D,,Slave,KE737,,KIX,P03,KIX
아시아나항공,OZ9861,202609242050,202609242050,오사카/ 간사이,A B C D,,Slave,KE737,,KIX,P03,KIX
피치항공,MM710,202609242055,202609242055,오사카/ 간사이,K29-K34,,Master,,,KIX,P02,KIX
트리니티항공,TW307,202609242105,202609242105,오사카/ 간사이,A01-C34,,Master,,,KIX,P02,KIX
트리니티항공,TW317,202609242230,202609242230,오사카/ 간사이,A01-C34,,Master,,,KIX,P02,KIX
피치항공,MM716,202609250325,202609250325,오사카/ 간사이,K29-K34,,Master,,,KIX,P02,KIX
아시아나항공,OZ112,202609250655,202609250655,오사카/ 간사이,G17-J40,,Master,,,KIX,P03,KIX
에티하드 항공,EY8448,202609250655,202609250655,오사카/ 간사이,G17-J40,,Slave,OZ112,,KIX,P03,KIX
전일본공수,NH6952,202609250655,202609250655,오사카/ 간사이,G17-J40,,Slave,OZ112,,KIX,P03,KIX
대한항공,KE5721,202609250655,202609250655,오사카/ 간사이,G17-J40,,Slave,OZ112,,KIX,P03,KIX
제주항공,7C1301,202609250710,202609250710,오사카/ 간사이,L13-L36,,Master,,,KIX,P02,KIX
에어서울,RS711,202609250715,202609250715,오사카/ 간사이,E01-E10,,Master,,,KIX,P03,KIX
피치항공,MM712,202609250730,202609250730,오사카/ 간사이,K29-K34,,Master,,,KIX,P02,KIX
전일본공수,NH3512,202609250730,202609250730,오사카/ 간사이,K29-K34,,Slave,MM712,,KIX,P02,KIX
진에어,LJ231,202609250740,202609250740,오사카/ 간사이,E21-F17,,Master,,,KIX,P03,KIX
대한항공,KE5071,202609250740,202609250740,오사카/ 간사이,E21-F17,,Slave,LJ231,,KIX,P03,KIX
제주항공,7C1391,202609250755,202609250755,오사카/ 간사이,L13-L36,,Master,,,KIX,P02,KIX
트리니티항공,TW301,202609250800,202609250800,오사카/ 간사이,A01-C34,,Master,,,KIX,P02,KIX
진에어,LJ241,202609250810,202609250810,오사카/ 간사이,E21-F17,,Master,,,KIX,P03,KIX
제주항공,7C1303,202609250905,202609250905,오사카/ 간사이,L13-L36,,Master,,,KIX,P02,KIX
이스타항공,ZE611,202609250915,202609250915,오사카/ 간사이,F19-G13,,Master,,,KIX,P02,KIX
대한항공,KE723,202609250935,202609250935,오사카/ 간사이,A B C D,,Master,,,KIX,P03,KIX
델타항공,DL7785,202609250935,202609250935,오사카/ 간사이,A B C D,,Slave,KE723,,KIX,P03,KIX
몽골항공,OM6703,202609250935,202609250935,오사카/ 간사이,A B C D,,Slave,KE723,,KIX,P03,KIX
일본항공,JL5210,202609250935,202609250935,오사카/ 간사이,A B C D,,Slave,KE723,,KIX,P03,KIX
아시아나항공,OZ9855,202609250935,202609250935,오사카/ 간사이,A B C D,,Slave,KE723,,KIX,P03,KIX
에어부산,BX172,202609250940,202609250940,오사카/ 간사이,E11-E19,,Master,,,KIX,P03,KIX
아시아나항공,OZ9568,202609250940,202609250940,오사카/ 간사이,E11-E19,,Slave,BX172,,KIX,P03,KIX
진에어,LJ233,202609251010,202609251010,오사카/ 간사이,E21-F17,,Master,,,KIX,P03,KIX
피치항공,MM714,202609251020,202609251020,오사카/ 간사이,K29-K34,,Master,,,KIX,P02,KIX
전일본공수,NH3524,202609251020,202609251020,오사카/ 간사이,K29-K34,,Slave,MM714,,KIX,P02,KIX
제주항공,7C1305,202609251040,202609251040,오사카/ 간사이,L13-L36,,Master,,,KIX,P02,KIX
트리니티항공,TW303,202609251050,202609251050,오사카/ 간사이,A01-C34,,Master,,,KIX,P02,KIX
트리니티항공,TW309,202609251100,202609251100,오사카/ 간사이,A01-C34,,Master,,,KIX,P02,KIX
파라타항공,WE511,202609251110,202609251110,오사카/ 간사이,B21-B32,,Master,,,KIX,P02,KIX
에어부산,BX174,202609251300,202609251300,오사카/ 간사이,E11-E19,,Master,,,KIX,P03,KIX
아시아나항공,OZ9570,202609251300,202609251300,오사카/ 간사이,E11-E19,,Slave,BX174,,KIX,P03,KIX
에어서울,RS713,202609251315,202609251315,오사카/ 간사이,E01-E10,,Master,,,KIX,P03,KIX
제주항공,7C1393,202609251405,202609251405,오사카/ 간사이,L13-L36,,Master,,,KIX,P02,KIX
피치항공,MM706,202609251440,202609251440,오사카/ 간사이,K29-K34,,Master,,,KIX,P02,KIX
에어부산,BX176,202609251450,202609251450,오사카/ 간사이,E11-E19,,Master,,,KIX,P03,KIX
아시아나항공,OZ9572,202609251450,202609251450,오사카/ 간사이,E11-E19,,Slave,BX176,,KIX,P03,KIX
대한항공,KE725,202609251505,202609251505,오사카/ 간사이,A B C D,,Master,,,KIX,P03,KIX
에어 프랑스,AF5374,202609251505,202609251505,오사카/ 간사이,A B C D,,Slave,KE725,,KIX,P03,KIX
델타항공,DL7787,202609251505,202609251505,오사카/ 간사이,A B C D,,Slave,KE725,,KIX,P03,KIX
일본항공,JL5212,202609251505,202609251505,오사카/ 간사이,A B C D,,Slave,KE725,,KIX,P03,KIX
몽골항공,OM6705,202609251505,202609251505,오사카/ 간사이,A B C D,,Slave,KE725,,KIX,P03,KIX
버진 애틀랜틱 항공,VS5548,202609251505,202609251505,오사카/ 간사이,A B C D,,Slave,KE725,,KIX,P03,KIX
아시아나항공,OZ9857,202609251505,202609251505,오사카/ 간사이,A B C D,,Slave,KE725,,KIX,P03,KIX
이스타항공,ZE613,202609251515,202609251515,오사카/ 간사이,F22-G13,,Master,,,KIX,P02,KIX
에어서울,RS715,202609251520,202609251520,오사카/ 간사이,E01-E10,,Master,,,KIX,P03,KIX
트리니티항공,TW305,202609251555,202609251555,오사카/ 간사이,A01-C34,,Master,,,KIX,P02,KIX
진에어,LJ239,202609251610,202609251610,오사카/ 간사이,E21-F17,,Master,,,KIX,P03,KIX
아시아나항공,OZ114,202609251640,202609251640,오사카/ 간사이,G17-J40,,Master,,,KIX,P03,KIX
에티하드 항공,EY8449,202609251640,202609251640,오사카/ 간사이,G17-J40,,Slave,OZ114,,KIX,P03,KIX
전일본공수,NH6954,202609251640,202609251640,오사카/ 간사이,G17-J40,,Slave,OZ114,,KIX,P03,KIX
대한항공,KE5723,202609251640,202609251640,오사카/ 간사이,G17-J40,,Slave,OZ114,,KIX,P03,KIX
제주항공,7C1307,202609251700,202609251700,오사카/ 간사이,L13-L36,,Master,,,KIX,P02,KIX
대한항공,KE721,202609251845,202609251845,오사카/ 간사이,A B C D,,Master,,,KIX,P03,KIX
아시아나항공,OZ9859,202609251845,202609251845,오사카/ 간사이,A B C D,,Slave,KE721,,KIX,P03,KIX
에어서울,RS717,202609251905,202609251905,오사카/ 간사이,E01-E10,,Master,,,KIX,P03,KIX
제주항공,7C1395,202609251920,202609251920,오사카/ 간사이,L13-L36,,Master,,,KIX,P02,KIX
진에어,LJ243,202609251930,202609251930,오사카/ 간사이,E21-F17,,Master,,,KIX,P03,KIX
아시아나항공,OZ116,202609251935,202609251935,오사카/ 간사이,G17-J40,,Master,,,KIX,P03,KIX
에어캐나다,AC6974,202609251935,202609251935,오사카/ 간사이,G17-J40,,Slave,OZ116,,KIX,P03,KIX
에티오피아항공,ET1290,202609251935,202609251935,오사카/ 간사이,G17-J40,,Slave,OZ116,,KIX,P03,KIX
에티하드 항공,EY8450,202609251935,202609251935,오사카/ 간사이,G17-J40,,Slave,OZ116,,KIX,P03,KIX
전일본공수,NH6956,202609251935,202609251935,오사카/ 간사이,G17-J40,,Slave,OZ116,,KIX,P03,KIX
대한항공,KE5499,202609251935,202609251935,오사카/ 간사이,G17-J40,,Slave,OZ116,,KIX,P03,KIX
아시아나항공,OZ118,202609252040,202609252040,오사카/ 간사이,G17-J40,,Master,,,KIX,P03,KIX
대한항공,KE5501,202609252040,202609252040,오사카/ 간사이,G17-J40,,Slave,OZ118,,KIX,P03,KIX
대한항공,KE737,202609252050,202609252050,오사카/ 간사이,A B C D,,Master,,,KIX,P03,KIX
델타항공,DL7874,202609252050,202609252050,오사카/ 간사이,A B C D,,Slave,KE737,,KIX,P03,KIX
일본항공,JL5268,202609252050,202609252050,오사카/ 간사이,A B C D,,Slave,KE737,,KIX,P03,KIX
아시아나항공,OZ9861,202609252050,202609252050,오사카/ 간사이,A B C D,,Slave,KE737,,KIX,P03,KIX
피치항공,MM710,202609252055,202609252055,오사카/ 간사이,K29-K34,,Master,,,KIX,P02,KIX
트리니티항공,TW307,202609252105,202609252105,오사카/ 간사이,A01-C34,,Master,,,KIX,P02,KIX
트리니티항공,TW317,202609252230,202609252230,오사카/ 간사이,A01-C34,,Master,,,KIX,P02,KIX
피치항공,MM716,202609260325,202609260325,오사카/ 간사이,K29-K34,,Master,,,KIX,P02,KIX
아시아나항공,OZ112,202609260655,202609260655,오사카/ 간사이,G17-J40,,Master,,,KIX,P03,KIX
에티하드 항공,EY8448,202609260655,202609260655,오사카/ 간사이,G17-J40,,Slave,OZ112,,KIX,P03,KIX
전일본공수,NH6952,202609260655,202609260655,오사카/ 간사이,G17-J40,,Slave,OZ112,,KIX,P03,KIX
대한항공,KE5721,202609260655,202609260655,오사카/ 간사이,G17-J40,,Slave,OZ112,,KIX,P03,KIX
제주항공,7C1301,202609260710,202609260710,오사카/ 간사이,L13-L36,,Master,,,KIX,P02,KIX
에어서울,RS711,202609260715,202609260715,오사카/ 간사이,E01-E10,,Master,,,KIX,P03,KIX
피치항공,MM712,202609260730,202609260730,오사카/ 간사이,K29-K34,,Master,,,KIX,P02,KIX
전일본공수,NH3512,202609260730,202609260730,오사카/ 간사이,K29-K34,,Slave,MM712,,KIX,P02,KIX
진에어,LJ231,202609260740,202609260740,오사카/ 간사이,E21-F17,,Master,,,KIX,P03,KIX
대한항공,KE5071,202609260740,202609260740,오사카/ 간사이,E21-F17,,Slave,LJ231,,KIX,P03,KIX
제주항공,7C1391,202609260755,202609260755,오사카/ 간사이,L13-L36,,Master,,,KIX,P02,KIX
트리니티항공,TW301,202609260800,202609260800,오사카/ 간사이,A01-C34,,Master,,,KIX,P02,KIX
진에어,LJ241,202609260810,202609260810,오사카/ 간사이,E21-F17,,Master,,,KIX,P03,KIX
제주항공,7C1303,202609260905,202609260905,오사카/ 간사이,L13-L36,,Master,,,KIX,P02,KIX
이스타항공,ZE611,202609260915,202609260915,오사카/ 간사이,F19-G13,,Master,,,KIX,P02,KIX
대한항공,KE723,202609260935,202609260935,오사카/ 간사이,A B C D,,Master,,,KIX,P03,KIX
델타항공,DL7785,202609260935,202609260935,오사카/ 간사이,A B C D,,Slave,KE723,,KIX,P03,KIX
몽골항공,OM6703,202609260935,202609260935,오사카/ 간사이,A B C D,,Slave,KE723,,KIX,P03,KIX
일본항공,JL5210,202609260935,202609260935,오사카/ 간사이,A B C D,,Slave,KE723,,KIX,P03,KIX
아시아나항공,OZ9855,202609260935,202609260935,오사카/ 간사이,A B C D,,Slave,KE723,,KIX,P03,KIX
에어부산,BX172,202609260940,202609260940,오사카/ 간사이,E11-E19,,Master,,,KIX,P03,KIX
아시아나항공,OZ9568,202609260940,202609260940,오사카/ 간사이,E11-E19,,Slave,BX172,,KIX,P03,KIX
진에어,LJ233,202609261010,202609261010,오사카/ 간사이,E21-F17,,Master,,,KIX,P03,KIX
피치항공,MM714,202609261020,202609261020,오사카/ 간사이,K29-K34,,Master,,,KIX,P02,KIX
전일본공수,NH3524,202609261020,202609261020,오사카/ 간사이,K29-K34,,Slave,MM714,,KIX,P02,KIX
제주항공,7C1305,202609261040,202609261040,오사카/ 간사이,L13-L36,,Master,,,KIX,P02,KIX
트리니티항공,TW303,202609261050,202609261050,오사카/ 간사이,A01-C34,,Master,,,KIX,P02,KIX
트리니티항공,TW309,202609261100,202609261100,오사카/ 간사이,A01-C34,,Master,,,KIX,P02,KIX
파라타항공,WE511,202609261110,202609261110,오사카/ 간사이,B21-B32,,Master,,,KIX,P02,KIX
에어부산,BX174,202609261300,202609261300,오사카/ 간사이,E11-E19,,Master,,,KIX,P03,KIX
아시아나항공,OZ9570,202609261300,202609261300,오사카/ 간사이,E11-E19,,Slave,BX174,,KIX,P03,KIX
에어서울,RS713,202609261315,202609261315,오사카/ 간사이,E01-E10,,Master,,,KIX,P03,KIX
제주항공,7C1393,202609261405,202609261405,오사카/ 간사이,L13-L36,,Master,,,KIX,P02,KIX
피치항공,MM706,202609261440,202609261440,오사카/ 간사이,K29-K34,,Master,,,KIX,P02,KIX
에어부산,BX176,202609261450,202609261450,오사카/ 간사이,E11-E19,,Master,,,KIX,P03,KIX
아시아나항공,OZ9572,202609261450,202609261450,오사카/ 간사이,E11-E19,,Slave,BX176,,KIX,P03,KIX
대한항공,KE725,202609261505,202609261505,오사카/ 간사이,A B C D,,Master,,,KIX,P03,KIX
에어 프랑스,AF5374,202609261505,202609261505,오사카/ 간사이,A B C D,,Slave,KE725,,KIX,P03,KIX
델타항공,DL7787,202609261505,202609261505,오사카/ 간사이,A B C D,,Slave,KE725,,KIX,P03,KIX
일본항공,JL5212,202609261505,202609261505,오사카/ 간사이,A B C D,,Slave,KE725,,KIX,P03,KIX
몽골항공,OM6705,202609261505,202609261505,오사카/ 간사이,A B C D,,Slave,KE725,,KIX,P03,KIX
버진 애틀랜틱 항공,VS5548,202609261505,202609261505,오사카/ 간사이,A B C D,,Slave,KE725,,KIX,P03,KIX
아시아나항공,OZ9857,202609261505,202609261505,오사카/ 간사이,A B C D,,Slave,KE725,,KIX,P03,KIX
이스타항공,ZE613,202609261515,202609261515,오사카/ 간사이,F22-G13,,Master,,,KIX,P02,KIX
에어서울,RS715,202609261520,202609261520,오사카/ 간사이,E01-E10,,Master,,,KIX,P03,KIX
트리니티항공,TW305,202609261555,202609261555,오사카/ 간사이,A01-C34,,Master,,,KIX,P02,KIX
진에어,LJ239,202609261610,202609261610,오사카/ 간사이,E21-F17,,Master,,,KIX,P03,KIX
아시아나항공,OZ114,202609261640,202609261640,오사카/ 간사이,G17-J40,,Master,,,KIX,P03,KIX
에티하드 항공,EY8449,202609261640,202609261640,오사카/ 간사이,G17-J40,,Slave,OZ114,,KIX,P03,KIX
전일본공수,NH6954,202609261640,202609261640,오사카/ 간사이,G17-J40,,Slave,OZ114,,KIX,P03,KIX
대한항공,KE5723,202609261640,202609261640,오사카/ 간사이,G17-J40,,Slave,OZ114,,KIX,P03,KIX
제주항공,7C1307,202609261700,202609261700,오사카/ 간사이,L13-L36,,Master,,,KIX,P02,KIX
파라타항공,WE513,202609261745,202609261745,오사카/ 간사이,B21-B32,,Master,,,KIX,P02,KIX
대한항공,KE721,202609261845,202609261845,오사카/ 간사이,A B C D,,Master,,,KIX,P03,KIX
아시아나항공,OZ9859,202609261845,202609261845,오사카/ 간사이,A B C D,,Slave,KE721,,KIX,P03,KIX
제주항공,7C1395,202609261920,202609261920,오사카/ 간사이,L13-L36,,Master,,,KIX,P02,KIX
진에어,LJ243,202609261930,202609261930,오사카/ 간사이,E21-F17,,Master,,,KIX,P03,KIX
아시아나항공,OZ116,202609261935,202609261935,오사카/ 간사이,G17-J40,,Master,,,KIX,P03,KIX
에어캐나다,AC6974,202609261935,202609261935,오사카/ 간사이,G17-J40,,Slave,OZ116,,KIX,P03,KIX
에티오피아항공,ET1290,202609261935,202609261935,오사카/ 간사이,G17-J40,,Slave,OZ116,,KIX,P03,KIX
에티하드 항공,EY8450,202609261935,202609261935,오사카/ 간사이,G17-J40,,Slave,OZ116,,KIX,P03,KIX
전일본공수,NH6956,202609261935,202609261935,오사카/ 간사이,G17-J40,,Slave,OZ116,,KIX,P03,KIX
대한항공,KE5499,202609261935,202609261935,오사카/ 간사이,G17-J40,,Slave,OZ116,,KIX,P03,KIX
아시아나항공,OZ118,202609262040,202609262040,오사카/ 간사이,G17-J40,,Master,,,KIX,P03,KIX
대한항공,KE5501,202609262040,202609262040,오사카/ 간사이,G17-J40,,Slave,OZ118,,KIX,P03,KIX
대한항공,KE737,202609262050,202609262050,오사카/ 간사이,A B C D,,Master,,,KIX,P03,KIX
델타항공,DL7874,202609262050,202609262050,오사카/ 간사이,A B C D,,Slave,KE737,,KIX,P03,KIX
일본항공,JL5268,202609262050,202609262050,오사카/ 간사이,A B C D,,Slave,KE737,,KIX,P03,KIX
아시아나항공,OZ9861,202609262050,202609262050,오사카/ 간사이,A B C D,,Slave,KE737,,KIX,P03,KIX
피치항공,MM710,202609262055,202609262055,오사카/ 간사이,K29-K34,,Master,,,KIX,P02,KIX
트리니티항공,TW307,202609262105,202609262105,오사카/ 간사이,A01-C34,,Master,,,KIX,P02,KIX
트리니티항공,TW317,202609262230,202609262230,오사카/ 간사이,A01-C34,,Master,,,KIX,P02,KIX
피치항공,MM716,202609270325,202609270325,오사카/ 간사이,K29-K34,,Master,,,KIX,P02,KIX
아시아나항공,OZ112,202609270655,202609270655,오사카/ 간사이,G17-J40,,Master,,,KIX,P03,KIX
에티하드 항공,EY8448,202609270655,202609270655,오사카/ 간사이,G17-J40,,Slave,OZ112,,KIX,P03,KIX
전일본공수,NH6952,202609270655,202609270655,오사카/ 간사이,G17-J40,,Slave,OZ112,,KIX,P03,KIX
대한항공,KE5721,202609270655,202609270655,오사카/ 간사이,G17-J40,,Slave,OZ112,,KIX,P03,KIX
제주항공,7C1301,202609270710,202609270710,오사카/ 간사이,L13-L36,,Master,,,KIX,P02,KIX
에어서울,RS711,202609270715,202609270715,오사카/ 간사이,E01-E10,,Master,,,KIX,P03,KIX
피치항공,MM712,202609270730,202609270730,오사카/ 간사이,K29-K34,,Master,,,KIX,P02,KIX
진에어,LJ231,202609270740,202609270740,오사카/ 간사이,E21-F17,,Master,,,KIX,P03,KIX
대한항공,KE5071,202609270740,202609270740,오사카/ 간사이,E21-F17,,Slave,LJ231,,KIX,P03,KIX
제주항공,7C1391,202609270755,202609270755,오사카/ 간사이,L13-L36,,Master,,,KIX,P02,KIX
트리니티항공,TW301,202609270800,202609270800,오사카/ 간사이,A01-C34,,Master,,,KIX,P02,KIX
진에어,LJ241,202609270810,202609270810,오사카/ 간사이,E21-F17,,Master,,,KIX,P03,KIX
제주항공,7C1303,202609270905,202609270905,오사카/ 간사이,L13-L36,,Master,,,KIX,P02,KIX
이스타항공,ZE611,202609270915,202609270915,오사카/ 간사이,F19-G13,,Master,,,KIX,P02,KIX
대한항공,KE723,202609270935,202609270935,오사카/ 간사이,A B C D,,Master,,,KIX,P03,KIX
델타항공,DL7785,202609270935,202609270935,오사카/ 간사이,A B C D,,Slave,KE723,,KIX,P03,KIX
몽골항공,OM6703,202609270935,202609270935,오사카/ 간사이,A B C D,,Slave,KE723,,KIX,P03,KIX
일본항공,JL5210,202609270935,202609270935,오사카/ 간사이,A B C D,,Slave,KE723,,KIX,P03,KIX
아시아나항공,OZ9855,202609270935,202609270935,오사카/ 간사이,A B C D,,Slave,KE723,,KIX,P03,KIX
에어부산,BX172,202609270940,202609270940,오사카/ 간사이,E11-E19,,Master,,,KIX,P03,KIX
아시아나항공,OZ9568,202609270940,202609270940,오사카/ 간사이,E11-E19,,Slave,BX172,,KIX,P03,KIX
진에어,LJ233,202609271010,202609271010,오사카/ 간사이,E21-F17,,Master,,,KIX,P03,KIX
트리니티항공,TW309,202609271020,202609271020,오사카/ 간사이,A01-C34,,Master,,,KIX,P02,KIX
피치항공,MM714,202609271020,202609271020,오사카/ 간사이,K29-K34,,Master,,,KIX,P02,KIX
전일본공수,NH3524,202609271020,202609271020,오사카/ 간사이,K29-K34,,Slave,MM714,,KIX,P02,KIX
제주항공,7C1305,202609271040,202609271040,오사카/ 간사이,L13-L36,,Master,,,KIX,P02,KIX
트리니티항공,TW303,202609271050,202609271050,오사카/ 간사이,A01-C34,,Master,,,KIX,P02,KIX
파라타항공,WE511,202609271110,202609271110,오사카/ 간사이,B21-B32,,Master,,,KIX,P02,KIX
에어부산,BX174,202609271300,202609271300,오사카/ 간사이,E11-E19,,Master,,,KIX,P03,KIX
아시아나항공,OZ9570,202609271300,202609271300,오사카/ 간사이,E11-E19,,Slave,BX174,,KIX,P03,KIX
에어서울,RS713,202609271315,202609271315,오사카/ 간사이,E01-E10,,Master,,,KIX,P03,KIX
제주항공,7C1393,202609271405,202609271405,오사카/ 간사이,L13-L36,,Master,,,KIX,P02,KIX
피치항공,MM706,202609271440,202609271440,오사카/ 간사이,K29-K34,,Master,,,KIX,P02,KIX
에어부산,BX176,202609271450,202609271450,오사카/ 간사이,E11-E19,,Master,,,KIX,P03,KIX
아시아나항공,OZ9572,202609271450,202609271450,오사카/ 간사이,E11-E19,,Slave,BX176,,KIX,P03,KIX
대한항공,KE725,202609271505,202609271505,오사카/ 간사이,A B C D,,Master,,,KIX,P03,KIX
에어 프랑스,AF5374,202609271505,202609271505,오사카/ 간사이,A B C D,,Slave,KE725,,KIX,P03,KIX
델타항공,DL7787,202609271505,202609271505,오사카/ 간사이,A B C D,,Slave,KE725,,KIX,P03,KIX
일본항공,JL5212,202609271505,202609271505,오사카/ 간사이,A B C D,,Slave,KE725,,KIX,P03,KIX
몽골항공,OM6705,202609271505,202609271505,오사카/ 간사이,A B C D,,Slave,KE725,,KIX,P03,KIX
버진 애틀랜틱 항공,VS5548,202609271505,202609271505,오사카/ 간사이,A B C D,,Slave,KE725,,KIX,P03,KIX
아시아나항공,OZ9857,202609271505,202609271505,오사카/ 간사이,A B C D,,Slave,KE725,,KIX,P03,KIX
이스타항공,ZE613,202609271515,202609271515,오사카/ 간사이,F22-G13,,Master,,,KIX,P02,KIX
에어서울,RS715,202609271520,202609271520,오사카/ 간사이,E01-E10,,Master,,,KIX,P03,KIX
트리니티항공,TW305,202609271555,202609271555,오사카/ 간사이,A01-C34,,Master,,,KIX,P02,KIX
진에어,LJ239,202609271610,202609271610,오사카/ 간사이,E21-F17,,Master,,,KIX,P03,KIX
아시아나항공,OZ114,202609271640,202609271640,오사카/ 간사이,G17-J40,,Master,,,KIX,P03,KIX
에티하드 항공,EY8449,202609271640,202609271640,오사카/ 간사이,G17-J40,,Slave,OZ114,,KIX,P03,KIX
전일본공수,NH6954,202609271640,202609271640,오사카/ 간사이,G17-J40,,Slave,OZ114,,KIX,P03,KIX
대한항공,KE5723,202609271640,202609271640,오사카/ 간사이,G17-J40,,Slave,OZ114,,KIX,P03,KIX
제주항공,7C1307,202609271700,202609271700,오사카/ 간사이,L13-L36,,Master,,,KIX,P02,KIX
파라타항공,WE513,202609271745,202609271745,오사카/ 간사이,B21-B32,,Master,,,KIX,P02,KIX
대한항공,KE721,202609271845,202609271845,오사카/ 간사이,A B C D,,Master,,,KIX,P03,KIX
아시아나항공,OZ9859,202609271845,202609271845,오사카/ 간사이,A B C D,,Slave,KE721,,KIX,P03,KIX
에어서울,RS717,202609271905,202609271905,오사카/ 간사이,E01-E10,,Master,,,KIX,P03,KIX
제주항공,7C1395,202609271920,202609271920,오사카/ 간사이,L13-L36,,Master,,,KIX,P02,KIX
진에어,LJ243,202609271930,202609271930,오사카/ 간사이,E21-F17,,Master,,,KIX,P03,KIX
아시아나항공,OZ116,202609271935,202609271935,오사카/ 간사이,G17-J40,,Master,,,KIX,P03,KIX
에어캐나다,AC6974,202609271935,202609271935,오사카/ 간사이,G17-J40,,Slave,OZ116,,KIX,P03,KIX
에티오피아항공,ET1290,202609271935,202609271935,오사카/ 간사이,G17-J40,,Slave,OZ116,,KIX,P03,KIX
에티하드 항공,EY8450,202609271935,202609271935,오사카/ 간사이,G17-J40,,Slave,OZ116,,KIX,P03,KIX
전일본공수,NH6956,202609271935,202609271935,오사카/ 간사이,G17-J40,,Slave,OZ116,,KIX,P03,KIX
대한항공,KE5499,202609271935,202609271935,오사카/ 간사이,G17-J40,,Slave,OZ116,,KIX,P03,KIX
아시아나항공,OZ118,202609272040,202609272040,오사카/ 간사이,G17-J40,,Master,,,KIX,P03,KIX
대한항공,KE5501,202609272040,202609272040,오사카/ 간사이,G17-J40,,Slave,OZ118,,KIX,P03,KIX
대한항공,KE737,202609272050,202609272050,오사카/ 간사이,A B C D,,Master,,,KIX,P03,KIX
델타항공,DL7874,202609272050,202609272050,오사카/ 간사이,A B C D,,Slave,KE737,,KIX,P03,KIX
일본항공,JL5268,202609272050,202609272050,오사카/ 간사이,A B C D,,Slave,KE737,,KIX,P03,KIX
아시아나항공,OZ9861,202609272050,202609272050,오사카/ 간사이,A B C D,,Slave,KE737,,KIX,P03,KIX
피치항공,MM710,202609272055,202609272055,오사카/ 간사이,K29-K34,,Master,,,KIX,P02,KIX
트리니티항공,TW307,202609272105,202609272105,오사카/ 간사이,A01-C34,,Master,,,KIX,P02,KIX
트리니티항공,TW317,202609272230,202609272230,오사카/ 간사이,A01-C34,,Master,,,KIX,P02,KIX
피치항공,MM716,202609280325,202609280325,오사카/ 간사이,K29-K34,,Master,,,KIX,P02,KIX
아시아나항공,OZ112,202609280655,202609280655,오사카/ 간사이,G17-J40,,Master,,,KIX,P03,KIX
에티하드 항공,EY8448,202609280655,202609280655,오사카/ 간사이,G17-J40,,Slave,OZ112,,KIX,P03,KIX
전일본공수,NH6952,202609280655,202609280655,오사카/ 간사이,G17-J40,,Slave,OZ112,,KIX,P03,KIX
대한항공,KE5721,202609280655,202609280655,오사카/ 간사이,G17-J40,,Slave,OZ112,,KIX,P03,KIX
제주항공,7C1301,202609280710,202609280710,오사카/ 간사이,L13-L36,,Master,,,KIX,P02,KIX
에어서울,RS711,202609280715,202609280715,오사카/ 간사이,E01-E10,,Master,,,KIX,P03,KIX
피치항공,MM712,202609280730,202609280730,오사카/ 간사이,K29-K34,,Master,,,KIX,P02,KIX
진에어,LJ231,202609280740,202609280740,오사카/ 간사이,E21-F17,,Master,,,KIX,P03,KIX
대한항공,KE5071,202609280740,202609280740,오사카/ 간사이,E21-F17,,Slave,LJ231,,KIX,P03,KIX
제주항공,7C1391,202609280755,202609280755,오사카/ 간사이,L13-L36,,Master,,,KIX,P02,KIX
트리니티항공,TW301,202609280800,202609280800,오사카/ 간사이,A01-C34,,Master,,,KIX,P02,KIX
진에어,LJ241,202609280810,202609280810,오사카/ 간사이,E21-F17,,Master,,,KIX,P03,KIX
제주항공,7C1303,202609280905,202609280905,오사카/ 간사이,L13-L36,,Master,,,KIX,P02,KIX
이스타항공,ZE611,202609280915,202609280915,오사카/ 간사이,F19-G13,,Master,,,KIX,P02,KIX
대한항공,KE723,202609280935,202609280935,오사카/ 간사이,A B C D,,Master,,,KIX,P03,KIX
델타항공,DL7785,202609280935,202609280935,오사카/ 간사이,A B C D,,Slave,KE723,,KIX,P03,KIX
몽골항공,OM6703,202609280935,202609280935,오사카/ 간사이,A B C D,,Slave,KE723,,KIX,P03,KIX
일본항공,JL5210,202609280935,202609280935,오사카/ 간사이,A B C D,,Slave,KE723,,KIX,P03,KIX
아시아나항공,OZ9855,202609280935,202609280935,오사카/ 간사이,A B C D,,Slave,KE723,,KIX,P03,KIX
에어부산,BX172,202609280940,202609280940,오사카/ 간사이,E11-E19,,Master,,,KIX,P03,KIX
아시아나항공,OZ9568,202609280940,202609280940,오사카/ 간사이,E11-E19,,Slave,BX172,,KIX,P03,KIX
진에어,LJ233,202609281010,202609281010,오사카/ 간사이,E21-F17,,Master,,,KIX,P03,KIX
피치항공,MM714,202609281020,202609281020,오사카/ 간사이,K29-K34,,Master,,,KIX,P02,KIX
전일본공수,NH3524,202609281020,202609281020,오사카/ 간사이,K29-K34,,Slave,MM714,,KIX,P02,KIX
제주항공,7C1305,202609281040,202609281040,오사카/ 간사이,L13-L36,,Master,,,KIX,P02,KIX
트리니티항공,TW303,202609281050,202609281050,오사카/ 간사이,A01-C34,,Master,,,KIX,P02,KIX
파라타항공,WE511,202609281110,202609281110,오사카/ 간사이,B21-B32,,Master,,,KIX,P02,KIX
에어부산,BX174,202609281300,202609281300,오사카/ 간사이,E11-E19,,Master,,,KIX,P03,KIX
아시아나항공,OZ9570,202609281300,202609281300,오사카/ 간사이,E11-E19,,Slave,BX174,,KIX,P03,KIX
에어서울,RS713,202609281315,202609281315,오사카/ 간사이,E01-E10,,Master,,,KIX,P03,KIX
제주항공,7C1393,202609281405,202609281405,오사카/ 간사이,L13-L36,,Master,,,KIX,P02,KIX
피치항공,MM706,202609281440,202609281440,오사카/ 간사이,K29-K34,,Master,,,KIX,P02,KIX
에어부산,BX176,202609281450,202609281450,오사카/ 간사이,E11-E19,,Master,,,KIX,P03,KIX
아시아나항공,OZ9572,202609281450,202609281450,오사카/ 간사이,E11-E19,,Slave,BX176,,KIX,P03,KIX
대한항공,KE725,202609281505,202609281505,오사카/ 간사이,A B C D,,Master,,,KIX,P03,KIX
에어 프랑스,AF5374,202609281505,202609281505,오사카/ 간사이,A B C D,,Slave,KE725,,KIX,P03,KIX
델타항공,DL7787,202609281505,202609281505,오사카/ 간사이,A B C D,,Slave,KE725,,KIX,P03,KIX
일본항공,JL5212,202609281505,202609281505,오사카/ 간사이,A B C D,,Slave,KE725,,KIX,P03,KIX
몽골항공,OM6705,202609281505,202609281505,오사카/ 간사이,A B C D,,Slave,KE725,,KIX,P03,KIX
버진 애틀랜틱 항공,VS5548,202609281505,202609281505,오사카/ 간사이,A B C D,,Slave,KE725,,KIX,P03,KIX
아시아나항공,OZ9857,202609281505,202609281505,오사카/ 간사이,A B C D,,Slave,KE725,,KIX,P03,KIX
이스타항공,ZE613,202609281515,202609281515,오사카/ 간사이,F22-G13,,Master,,,KIX,P02,KIX
에어서울,RS715,202609281520,202609281520,오사카/ 간사이,E01-E10,,Master,,,KIX,P03,KIX
트리니티항공,TW305,202609281555,202609281555,오사카/ 간사이,A01-C34,,Master,,,KIX,P02,KIX
진에어,LJ239,202609281610,202609281610,오사카/ 간사이,E21-F17,,Master,,,KIX,P03,KIX
아시아나항공,OZ114,202609281640,202609281640,오사카/ 간사이,G17-J40,,Master,,,KIX,P03,KIX
에티하드 항공,EY8449,202609281640,202609281640,오사카/ 간사이,G17-J40,,Slave,OZ114,,KIX,P03,KIX
전일본공수,NH6954,202609281640,202609281640,오사카/ 간사이,G17-J40,,Slave,OZ114,,KIX,P03,KIX
대한항공,KE5723,202609281640,202609281640,오사카/ 간사이,G17-J40,,Slave,OZ114,,KIX,P03,KIX
제주항공,7C1307,202609281700,202609281700,오사카/ 간사이,L13-L36,,Master,,,KIX,P02,KIX
파라타항공,WE513,202609281745,202609281745,오사카/ 간사이,B21-B32,,Master,,,KIX,P02,KIX
대한항공,KE721,202609281845,202609281845,오사카/ 간사이,A B C D,,Master,,,KIX,P03,KIX
아시아나항공,OZ9859,202609281845,202609281845,오사카/ 간사이,A B C D,,Slave,KE721,,KIX,P03,KIX
제주항공,7C1395,202609281920,202609281920,오사카/ 간사이,L13-L36,,Master,,,KIX,P02,KIX
아시아나항공,OZ116,202609281935,202609281935,오사카/ 간사이,G17-J40,,Master,,,KIX,P03,KIX
에어캐나다,AC6974,202609281935,202609281935,오사카/ 간사이,G17-J40,,Slave,OZ116,,KIX,P03,KIX
에티오피아항공,ET1290,202609281935,202609281935,오사카/ 간사이,G17-J40,,Slave,OZ116,,KIX,P03,KIX
에티하드 항공,EY8450,202609281935,202609281935,오사카/ 간사이,G17-J40,,Slave,OZ116,,KIX,P03,KIX
전일본공수,NH6956,202609281935,202609281935,오사카/ 간사이,G17-J40,,Slave,OZ116,,KIX,P03,KIX
대한항공,KE5499,202609281935,202609281935,오사카/ 간사이,G17-J40,,Slave,OZ116,,KIX,P03,KIX
아시아나항공,OZ118,202609282040,202609282040,오사카/ 간사이,G17-J40,,Master,,,KIX,P03,KIX
대한항공,KE5501,202609282040,202609282040,오사카/ 간사이,G17-J40,,Slave,OZ118,,KIX,P03,KIX
대한항공,KE737,202609282050,202609282050,오사카/ 간사이,A B C D,,Master,,,KIX,P03,KIX
델타항공,DL7874,202609282050,202609282050,오사카/ 간사이,A B C D,,Slave,KE737,,KIX,P03,KIX
일본항공,JL5268,202609282050,202609282050,오사카/ 간사이,A B C D,,Slave,KE737,,KIX,P03,KIX
아시아나항공,OZ9861,202609282050,202609282050,오사카/ 간사이,A B C D,,Slave,KE737,,KIX,P03,KIX
피치항공,MM710,202609282055,202609282055,오사카/ 간사이,K29-K34,,Master,,,KIX,P02,KIX
트리니티항공,TW307,202609282105,202609282105,오사카/ 간사이,A01-C34,,Master,,,KIX,P02,KIX
트리니티항공,TW317,202609282230,202609282230,오사카/ 간사이,A01-C34,,Master,,,KIX,P02,KIX
아시아나항공,OZ132,202609220630,202609220635,후쿠오카,G17-J40,260,Master,,출발,FUK,P03,FUK
대한항공,KE5481,202609220630,202609220635,후쿠오카,G17-J40,260,Slave,OZ132,출발,FUK,P03,FUK
제주항공,7C1401,202609220630,202609220623,후쿠오카,L13-L36,45,Master,,출발,FUK,P01,FUK
진에어,LJ261,202609220715,202609220712,후쿠오카,E21-F17,221,Master,,출발,FUK,P03,FUK
에어서울,RS723,202609220720,202609220733,후쿠오카,E01-E10,285,Master,,출발,FUK,P03,FUK
에어부산,BX156,202609220720,202609220731,후쿠오카,E11-E19,290,Master,,출발,FUK,P03,FUK
아시아나항공,OZ9576,202609220720,202609220731,후쿠오카,E11-E19,290,Slave,BX156,출발,FUK,P03,FUK
대한항공,KE787,202609220800,202609220805,후쿠오카,A B C D,232,Master,,출발,FUK,P03,FUK
델타항공,DL7892,202609220800,202609220805,후쿠오카,A B C D,232,Slave,KE787,출발,FUK,P03,FUK
몽골항공,OM6709,202609220800,202609220805,후쿠오카,A B C D,232,Slave,KE787,출발,FUK,P03,FUK
일본항공,JL5220,202609220800,202609220805,후쿠오카,A B C D,232,Slave,KE787,출발,FUK,P03,FUK
KLM네덜란드항공,KL4252,202609220800,202609220805,후쿠오카,A B C D,232,Slave,KE787,출발,FUK,P03,FUK
아시아나항공,OZ9867,202609220800,202609220805,후쿠오카,A B C D,232,Slave,KE787,출발,FUK,P03,FUK
이스타항공,ZE645,202609220845,202609220844,후쿠오카,F22-G13,119,Master,,출발,FUK,P02,FUK
제주항공,7C1403,202609220945,202609220939,후쿠오카,L13-L36,34,Master,,출발,FUK,P01,FUK
트리니티항공,TW203,202609221005,202609221003,후쿠오카,B01-B18,18,Master,,출발,FUK,P01,FUK
대한항공,KE791,202609221105,202609221107,후쿠오카,A B C D,285,Master,,출발,FUK,P03,FUK
델타항공,DL7801,202609221105,202609221107,후쿠오카,A B C D,285,Slave,KE791,출발,FUK,P03,FUK
일본항공,JL5272,202609221105,202609221107,후쿠오카,A B C D,285,Slave,KE791,출발,FUK,P03,FUK
KLM네덜란드항공,KL3394,202609221105,202609221107,후쿠오카,A B C D,285,Slave,KE791,출발,FUK,P03,FUK
아시아나항공,OZ9869,202609221105,202609221107,후쿠오카,A B C D,285,Slave,KE791,출발,FUK,P03,FUK
제주항공,7C1471,202609221110,202609221139,후쿠오카,L13-L36,23,Master,,출발,FUK,P01,FUK
에어부산,BX158,202609221130,202609221224,후쿠오카,E11-E19,284,Master,,출발,FUK,P03,FUK
아시아나항공,OZ9578,202609221130,202609221224,후쿠오카,E11-E19,284,Slave,BX158,출발,FUK,P03,FUK
이스타항공,ZE647,202609221230,202609221224,후쿠오카,F24-G13,20,Master,,출발,FUK,P01,FUK
아시아나항공,OZ134,202609221355,202609221355,후쿠오카,G17-J34,257,Master,,,FUK,P03,FUK
에어캐나다,AC6998,202609221355,202609221355,후쿠오카,G17-J34,257,Slave,OZ134,,FUK,P03,FUK
에티오피아항공,ET1444,202609221355,202609221355,후쿠오카,G17-J34,257,Slave,OZ134,,FUK,P03,FUK
에티하드 항공,EY8467,202609221355,202609221355,후쿠오카,G17-J34,257,Slave,OZ134,,FUK,P03,FUK
전일본공수,NH6960,202609221355,202609221355,후쿠오카,G17-J34,257,Slave,OZ134,,FUK,P03,FUK
터키항공,TK8094,202609221355,202609221355,후쿠오카,G17-J34,257,Slave,OZ134,,FUK,P03,FUK
대한항공,KE5487,202609221355,202609221355,후쿠오카,G17-J34,257,Slave,OZ134,,FUK,P03,FUK
에어서울,RS727,202609221425,202609221425,후쿠오카,E01-E10,286,Master,,,FUK,P03,FUK
트리니티항공,TW205,202609221500,202609221500,후쿠오카,B01-B18,115,Master,,,FUK,P02,FUK
진에어,LJ265,202609221535,202609221535,후쿠오카,E21-F17,249,Master,,,FUK,P03,FUK
제주항공,7C1405,202609221515,202609221550,후쿠오카,L13-L36,37,Master,,지연,FUK,P01,FUK
대한항공,KE795,202609221625,202609221625,후쿠오카,A B C D,245,Master,,,FUK,P03,FUK
아시아나항공,OZ9871,202609221625,202609221625,후쿠오카,A B C D,245,Slave,KE795,,FUK,P03,FUK
진에어,LJ271,202609221700,202609221700,후쿠오카,E21-F17,218,Master,,,FUK,P03,FUK
대한항공,KE5095,202609221700,202609221700,후쿠오카,E21-F17,218,Slave,LJ271,,FUK,P03,FUK
제주항공,7C1407,202609221720,202609221740,후쿠오카,L13-L36,36,Master,,지연,FUK,P01,FUK
트리니티항공,TW207,202609221805,202609221805,후쿠오카,B01-B18,16,Master,,,FUK,P01,FUK
이스타항공,ZE649,202609221820,202609221820,후쿠오카,F22-G13,115,Master,,,FUK,P02,FUK
이스타항공,ZE643,202609221830,202609221830,후쿠오카,F22-G13,118,Master,,,FUK,P02,FUK
대한항공,KE781,202609221835,202609221850,후쿠오카,A B C D,284,Master,,,FUK,P03,FUK
에어 프랑스,AF7894,202609221835,202609221850,후쿠오카,A B C D,284,Slave,KE781,,FUK,P03,FUK
델타항공,DL7797,202609221835,202609221850,후쿠오카,A B C D,284,Slave,KE781,,FUK,P03,FUK
일본항공,JL5224,202609221835,202609221850,후쿠오카,A B C D,284,Slave,KE781,,FUK,P03,FUK
KLM네덜란드항공,KL4258,202609221835,202609221850,후쿠오카,A B C D,284,Slave,KE781,,FUK,P03,FUK
몽골항공,OM6711,202609221835,202609221850,후쿠오카,A B C D,284,Slave,KE781,,FUK,P03,FUK
버진 애틀랜틱 항공,VS5509,202609221835,202609221850,후쿠오카,A B C D,284,Slave,KE781,,FUK,P03,FUK
아시아나항공,OZ9873,202609221835,202609221850,후쿠오카,A B C D,284,Slave,KE781,,FUK,P03,FUK
아시아나항공,OZ132,202609230630,202609230630,후쿠오카,G17-J40,264,Master,,,FUK,P03,FUK
대한항공,KE5481,202609230630,202609230630,후쿠오카,G17-J40,264,Slave,OZ132,,FUK,P03,FUK
제주항공,7C1401,202609230630,202609230630,후쿠오카,L13-L36,45,Master,,,FUK,P01,FUK
진에어,LJ261,202609230715,202609230715,후쿠오카,E21-F17,208,Master,,,FUK,P03,FUK
에어부산,BX156,202609230720,202609230720,후쿠오카,E11-E19,286,Master,,,FUK,P03,FUK
아시아나항공,OZ9576,202609230720,202609230720,후쿠오카,E11-E19,286,Slave,BX156,,FUK,P03,FUK
대한항공,KE787,202609230800,202609230800,후쿠오카,A B C D,,Master,,,FUK,P03,FUK
델타항공,DL7892,202609230800,202609230800,후쿠오카,A B C D,,Slave,KE787,,FUK,P03,FUK
몽골항공,OM6709,202609230800,202609230800,후쿠오카,A B C D,,Slave,KE787,,FUK,P03,FUK
일본항공,JL5220,202609230800,202609230800,후쿠오카,A B C D,,Slave,KE787,,FUK,P03,FUK
KLM네덜란드항공,KL4252,202609230800,202609230800,후쿠오카,A B C D,,Slave,KE787,,FUK,P03,FUK
아시아나항공,OZ9867,202609230800,202609230800,후쿠오카,A B C D,,Slave,KE787,,FUK,P03,FUK
에어서울,RS723,202609230805,202609230805,후쿠오카,E01-E10,,Master,,,FUK,P03,FUK
이스타항공,ZE645,202609230845,202609230845,후쿠오카,F22-G13,,Master,,,FUK,P02,FUK
진에어,LJ269,202609230935,202609230935,후쿠오카,E21-F17,219,Master,,,FUK,P03,FUK
진에어,LJ273,202609230940,202609230940,후쿠오카,E21-F17,,Master,,,FUK,P03,FUK
제주항공,7C1403,202609230945,202609230945,후쿠오카,L13-L36,101,Master,,,FUK,P02,FUK
트리니티항공,TW203,202609231005,202609231005,후쿠오카,A01-C34,,Master,,,FUK,P02,FUK
대한항공,KE791,202609231105,202609231105,후쿠오카,A B C D,231,Master,,,FUK,P03,FUK
델타항공,DL7801,202609231105,202609231105,후쿠오카,A B C D,231,Slave,KE791,,FUK,P03,FUK
일본항공,JL5272,202609231105,202609231105,후쿠오카,A B C D,231,Slave,KE791,,FUK,P03,FUK
KLM네덜란드항공,KL3394,202609231105,202609231105,후쿠오카,A B C D,231,Slave,KE791,,FUK,P03,FUK
아시아나항공,OZ9869,202609231105,202609231105,후쿠오카,A B C D,231,Slave,KE791,,FUK,P03,FUK
제주항공,7C1471,202609231110,202609231110,후쿠오카,L13-L36,,Master,,,FUK,P02,FUK
에어부산,BX158,202609231130,202609231130,후쿠오카,E11-E19,,Master,,,FUK,P03,FUK
아시아나항공,OZ9578,202609231130,202609231130,후쿠오카,E11-E19,,Slave,BX158,,FUK,P03,FUK
진에어,LJ263,202609231215,202609231215,후쿠오카,E21-F17,,Master,,,FUK,P03,FUK
대한항공,KE5075,202609231215,202609231215,후쿠오카,E21-F17,,Slave,LJ263,,FUK,P03,FUK
이스타항공,ZE647,202609231230,202609231230,후쿠오카,F24-G13,,Master,,,FUK,P02,FUK
아시아나항공,OZ134,202609231355,202609231355,후쿠오카,G17-J40,,Master,,,FUK,P03,FUK
에어캐나다,AC6998,202609231355,202609231355,후쿠오카,G17-J40,,Slave,OZ134,,FUK,P03,FUK
에티오피아항공,ET1444,202609231355,202609231355,후쿠오카,G17-J40,,Slave,OZ134,,FUK,P03,FUK
에티하드 항공,EY8467,202609231355,202609231355,후쿠오카,G17-J40,,Slave,OZ134,,FUK,P03,FUK
전일본공수,NH6960,202609231355,202609231355,후쿠오카,G17-J40,,Slave,OZ134,,FUK,P03,FUK
터키항공,TK8094,202609231355,202609231355,후쿠오카,G17-J40,,Slave,OZ134,,FUK,P03,FUK
대한항공,KE5487,202609231355,202609231355,후쿠오카,G17-J40,,Slave,OZ134,,FUK,P03,FUK
에어서울,RS727,202609231425,202609231425,후쿠오카,E01-E10,,Master,,,FUK,P03,FUK
트리니티항공,TW205,202609231500,202609231500,후쿠오카,A01-C34,19,Master,,,FUK,P01,FUK
제주항공,7C1405,202609231515,202609231515,후쿠오카,L13-L36,,Master,,,FUK,P02,FUK
진에어,LJ265,202609231535,202609231535,후쿠오카,E21-F17,,Master,,,FUK,P03,FUK
대한항공,KE795,202609231625,202609231625,후쿠오카,A B C D,,Master,,,FUK,P03,FUK
아시아나항공,OZ9871,202609231625,202609231625,후쿠오카,A B C D,,Slave,KE795,,FUK,P03,FUK
진에어,LJ271,202609231700,202609231700,후쿠오카,E21-F17,,Master,,,FUK,P03,FUK
대한항공,KE5095,202609231700,202609231700,후쿠오카,E21-F17,,Slave,LJ271,,FUK,P03,FUK
제주항공,7C1407,202609231720,202609231720,후쿠오카,L13-L36,,Master,,,FUK,P02,FUK
트리니티항공,TW207,202609231805,202609231805,후쿠오카,A01-C34,,Master,,,FUK,P02,FUK
이스타항공,ZE649,202609231820,202609231820,후쿠오카,F22-G13,,Master,,,FUK,P02,FUK
이스타항공,ZE643,202609231830,202609231830,후쿠오카,F22-G13,,Master,,,FUK,P02,FUK
대한항공,KE781,202609231835,202609231835,후쿠오카,A B C D,,Master,,,FUK,P03,FUK
에어 프랑스,AF7894,202609231835,202609231835,후쿠오카,A B C D,,Slave,KE781,,FUK,P03,FUK
델타항공,DL7797,202609231835,202609231835,후쿠오카,A B C D,,Slave,KE781,,FUK,P03,FUK
일본항공,JL5224,202609231835,202609231835,후쿠오카,A B C D,,Slave,KE781,,FUK,P03,FUK
KLM네덜란드항공,KL4258,202609231835,202609231835,후쿠오카,A B C D,,Slave,KE781,,FUK,P03,FUK
몽골항공,OM6711,202609231835,202609231835,후쿠오카,A B C D,,Slave,KE781,,FUK,P03,FUK
버진 애틀랜틱 항공,VS5509,202609231835,202609231835,후쿠오카,A B C D,,Slave,KE781,,FUK,P03,FUK
아시아나항공,OZ9873,202609231835,202609231835,후쿠오카,A B C D,,Slave,KE781,,FUK,P03,FUK
제주항공,7C1401,202609240630,202609240630,후쿠오카,L13-L36,,Master,,,FUK,P02,FUK
아시아나항공,OZ132,202609240630,202609240630,후쿠오카,G17-J40,,Master,,,FUK,P03,FUK
대한항공,KE5481,202609240630,202609240630,후쿠오카,G17-J40,,Slave,OZ132,,FUK,P03,FUK
진에어,LJ261,202609240715,202609240715,후쿠오카,E21-F17,,Master,,,FUK,P03,FUK
에어서울,RS723,202609240720,202609240720,후쿠오카,E01-E10,,Master,,,FUK,P03,FUK
에어부산,BX156,202609240720,202609240720,후쿠오카,E11-E19,,Master,,,FUK,P03,FUK
아시아나항공,OZ9576,202609240720,202609240720,후쿠오카,E11-E19,,Slave,BX156,,FUK,P03,FUK
대한항공,KE787,202609240800,202609240800,후쿠오카,A B C D,,Master,,,FUK,P03,FUK
델타항공,DL7892,202609240800,202609240800,후쿠오카,A B C D,,Slave,KE787,,FUK,P03,FUK
몽골항공,OM6709,202609240800,202609240800,후쿠오카,A B C D,,Slave,KE787,,FUK,P03,FUK
일본항공,JL5220,202609240800,202609240800,후쿠오카,A B C D,,Slave,KE787,,FUK,P03,FUK
KLM네덜란드항공,KL4252,202609240800,202609240800,후쿠오카,A B C D,,Slave,KE787,,FUK,P03,FUK
아시아나항공,OZ9867,202609240800,202609240800,후쿠오카,A B C D,,Slave,KE787,,FUK,P03,FUK
이스타항공,ZE645,202609240845,202609240845,후쿠오카,F19-G13,,Master,,,FUK,P02,FUK
진에어,LJ269,202609240935,202609240935,후쿠오카,E21-F17,,Master,,,FUK,P03,FUK
진에어,LJ273,202609240940,202609240940,후쿠오카,E21-F17,,Master,,,FUK,P03,FUK
제주항공,7C1403,202609240945,202609240945,후쿠오카,L13-L36,,Master,,,FUK,P02,FUK
트리니티항공,TW203,202609241005,202609241005,후쿠오카,A01-C34,,Master,,,FUK,P02,FUK
대한항공,KE791,202609241105,202609241105,후쿠오카,A B C D,,Master,,,FUK,P03,FUK
델타항공,DL7801,202609241105,202609241105,후쿠오카,A B C D,,Slave,KE791,,FUK,P03,FUK
일본항공,JL5272,202609241105,202609241105,후쿠오카,A B C D,,Slave,KE791,,FUK,P03,FUK
KLM네덜란드항공,KL3394,202609241105,202609241105,후쿠오카,A B C D,,Slave,KE791,,FUK,P03,FUK
아시아나항공,OZ9869,202609241105,202609241105,후쿠오카,A B C D,,Slave,KE791,,FUK,P03,FUK
제주항공,7C1471,202609241110,202609241110,후쿠오카,L13-L36,,Master,,,FUK,P02,FUK
에어부산,BX158,202609241130,202609241130,후쿠오카,E11-E19,,Master,,,FUK,P03,FUK
아시아나항공,OZ9578,202609241130,202609241130,후쿠오카,E11-E19,,Slave,BX158,,FUK,P03,FUK
진에어,LJ263,202609241215,202609241215,후쿠오카,E21-F17,,Master,,,FUK,P03,FUK
대한항공,KE5075,202609241215,202609241215,후쿠오카,E21-F17,,Slave,LJ263,,FUK,P03,FUK
이스타항공,ZE647,202609241230,202609241230,후쿠오카,F22-G13,,Master,,,FUK,P02,FUK
아시아나항공,OZ134,202609241355,202609241355,후쿠오카,G17-J40,,Master,,,FUK,P03,FUK
에어캐나다,AC6998,202609241355,202609241355,후쿠오카,G17-J40,,Slave,OZ134,,FUK,P03,FUK
에티오피아항공,ET1444,202609241355,202609241355,후쿠오카,G17-J40,,Slave,OZ134,,FUK,P03,FUK
에티하드 항공,EY8467,202609241355,202609241355,후쿠오카,G17-J40,,Slave,OZ134,,FUK,P03,FUK
전일본공수,NH6960,202609241355,202609241355,후쿠오카,G17-J40,,Slave,OZ134,,FUK,P03,FUK
터키항공,TK8094,202609241355,202609241355,후쿠오카,G17-J40,,Slave,OZ134,,FUK,P03,FUK
대한항공,KE5487,202609241355,202609241355,후쿠오카,G17-J40,,Slave,OZ134,,FUK,P03,FUK
에어서울,RS727,202609241425,202609241425,후쿠오카,E01-E10,,Master,,,FUK,P03,FUK
트리니티항공,TW205,202609241500,202609241500,후쿠오카,A01-C34,,Master,,,FUK,P02,FUK
제주항공,7C1405,202609241515,202609241515,후쿠오카,L13-L36,,Master,,,FUK,P02,FUK
진에어,LJ265,202609241535,202609241535,후쿠오카,E21-F17,,Master,,,FUK,P03,FUK
대한항공,KE795,202609241625,202609241625,후쿠오카,A B C D,,Master,,,FUK,P03,FUK
아시아나항공,OZ9871,202609241625,202609241625,후쿠오카,A B C D,,Slave,KE795,,FUK,P03,FUK
진에어,LJ271,202609241700,202609241700,후쿠오카,E21-F17,,Master,,,FUK,P03,FUK
대한항공,KE5095,202609241700,202609241700,후쿠오카,E21-F17,,Slave,LJ271,,FUK,P03,FUK
제주항공,7C1407,202609241720,202609241720,후쿠오카,L13-L36,,Master,,,FUK,P02,FUK
트리니티항공,TW207,202609241805,202609241805,후쿠오카,A01-C34,,Master,,,FUK,P02,FUK
이스타항공,ZE649,202609241820,202609241820,후쿠오카,F22-G13,,Master,,,FUK,P02,FUK
이스타항공,ZE643,202609241830,202609241830,후쿠오카,F22-G13,,Master,,,FUK,P02,FUK
대한항공,KE781,202609241835,202609241835,후쿠오카,A B C D,,Master,,,FUK,P03,FUK
에어 프랑스,AF7894,202609241835,202609241835,후쿠오카,A B C D,,Slave,KE781,,FUK,P03,FUK
델타항공,DL7797,202609241835,202609241835,후쿠오카,A B C D,,Slave,KE781,,FUK,P03,FUK
일본항공,JL5224,202609241835,202609241835,후쿠오카,A B C D,,Slave,KE781,,FUK,P03,FUK
KLM네덜란드항공,KL4258,202609241835,202609241835,후쿠오카,A B C D,,Slave,KE781,,FUK,P03,FUK
몽골항공,OM6711,202609241835,202609241835,후쿠오카,A B C D,,Slave,KE781,,FUK,P03,FUK
버진 애틀랜틱 항공,VS5509,202609241835,202609241835,후쿠오카,A B C D,,Slave,KE781,,FUK,P03,FUK
아시아나항공,OZ9873,202609241835,202609241835,후쿠오카,A B C D,,Slave,KE781,,FUK,P03,FUK
제주항공,7C1401,202609250630,202609250630,후쿠오카,L13-L36,,Master,,,FUK,P02,FUK
아시아나항공,OZ132,202609250630,202609250630,후쿠오카,G17-J40,,Master,,,FUK,P03,FUK
대한항공,KE5481,202609250630,202609250630,후쿠오카,G17-J40,,Slave,OZ132,,FUK,P03,FUK
진에어,LJ261,202609250715,202609250715,후쿠오카,E21-F17,,Master,,,FUK,P03,FUK
에어부산,BX156,202609250720,202609250720,후쿠오카,E11-E19,,Master,,,FUK,P03,FUK
아시아나항공,OZ9576,202609250720,202609250720,후쿠오카,E11-E19,,Slave,BX156,,FUK,P03,FUK
대한항공,KE787,202609250800,202609250800,후쿠오카,A B C D,,Master,,,FUK,P03,FUK
델타항공,DL7892,202609250800,202609250800,후쿠오카,A B C D,,Slave,KE787,,FUK,P03,FUK
몽골항공,OM6709,202609250800,202609250800,후쿠오카,A B C D,,Slave,KE787,,FUK,P03,FUK
일본항공,JL5220,202609250800,202609250800,후쿠오카,A B C D,,Slave,KE787,,FUK,P03,FUK
KLM네덜란드항공,KL4252,202609250800,202609250800,후쿠오카,A B C D,,Slave,KE787,,FUK,P03,FUK
아시아나항공,OZ9867,202609250800,202609250800,후쿠오카,A B C D,,Slave,KE787,,FUK,P03,FUK
에어서울,RS723,202609250805,202609250805,후쿠오카,E01-E10,,Master,,,FUK,P03,FUK
이스타항공,ZE645,202609250845,202609250845,후쿠오카,F19-G13,,Master,,,FUK,P02,FUK
진에어,LJ269,202609250935,202609250935,후쿠오카,E21-F17,,Master,,,FUK,P03,FUK
진에어,LJ273,202609250940,202609250940,후쿠오카,E21-F17,,Master,,,FUK,P03,FUK
제주항공,7C1403,202609250945,202609250945,후쿠오카,L13-L36,,Master,,,FUK,P02,FUK
트리니티항공,TW203,202609251005,202609251005,후쿠오카,A01-C34,,Master,,,FUK,P02,FUK
대한항공,KE791,202609251105,202609251105,후쿠오카,A B C D,,Master,,,FUK,P03,FUK
델타항공,DL7801,202609251105,202609251105,후쿠오카,A B C D,,Slave,KE791,,FUK,P03,FUK
일본항공,JL5272,202609251105,202609251105,후쿠오카,A B C D,,Slave,KE791,,FUK,P03,FUK
KLM네덜란드항공,KL3394,202609251105,202609251105,후쿠오카,A B C D,,Slave,KE791,,FUK,P03,FUK
아시아나항공,OZ9869,202609251105,202609251105,후쿠오카,A B C D,,Slave,KE791,,FUK,P03,FUK
제주항공,7C1471,202609251110,202609251110,후쿠오카,L13-L36,,Master,,,FUK,P02,FUK
에어부산,BX158,202609251130,202609251130,후쿠오카,E11-E19,,Master,,,FUK,P03,FUK
아시아나항공,OZ9578,202609251130,202609251130,후쿠오카,E11-E19,,Slave,BX158,,FUK,P03,FUK
진에어,LJ263,202609251215,202609251215,후쿠오카,E21-F17,,Master,,,FUK,P03,FUK
대한항공,KE5075,202609251215,202609251215,후쿠오카,E21-F17,,Slave,LJ263,,FUK,P03,FUK
이스타항공,ZE647,202609251230,202609251230,후쿠오카,F22-G13,,Master,,,FUK,P02,FUK
아시아나항공,OZ134,202609251355,202609251355,후쿠오카,G17-J40,,Master,,,FUK,P03,FUK
에어캐나다,AC6998,202609251355,202609251355,후쿠오카,G17-J40,,Slave,OZ134,,FUK,P03,FUK
에티오피아항공,ET1444,202609251355,202609251355,후쿠오카,G17-J40,,Slave,OZ134,,FUK,P03,FUK
에티하드 항공,EY8467,202609251355,202609251355,후쿠오카,G17-J40,,Slave,OZ134,,FUK,P03,FUK
전일본공수,NH6960,202609251355,202609251355,후쿠오카,G17-J40,,Slave,OZ134,,FUK,P03,FUK
터키항공,TK8094,202609251355,202609251355,후쿠오카,G17-J40,,Slave,OZ134,,FUK,P03,FUK
대한항공,KE5487,202609251355,202609251355,후쿠오카,G17-J40,,Slave,OZ134,,FUK,P03,FUK
에어서울,RS727,202609251425,202609251425,후쿠오카,E01-E10,,Master,,,FUK,P03,FUK
트리니티항공,TW205,202609251500,202609251500,후쿠오카,A01-C34,,Master,,,FUK,P02,FUK
제주항공,7C1405,202609251515,202609251515,후쿠오카,L13-L36,,Master,,,FUK,P02,FUK
진에어,LJ265,202609251535,202609251535,후쿠오카,E21-F17,,Master,,,FUK,P03,FUK
대한항공,KE795,202609251625,202609251625,후쿠오카,A B C D,,Master,,,FUK,P03,FUK
아시아나항공,OZ9871,202609251625,202609251625,후쿠오카,A B C D,,Slave,KE795,,FUK,P03,FUK
진에어,LJ271,202609251700,202609251700,후쿠오카,E21-F17,,Master,,,FUK,P03,FUK
대한항공,KE5095,202609251700,202609251700,후쿠오카,E21-F17,,Slave,LJ271,,FUK,P03,FUK
제주항공,7C1407,202609251720,202609251720,후쿠오카,L13-L36,,Master,,,FUK,P02,FUK
이스타항공,ZE643,202609251800,202609251800,후쿠오카,F22-G13,,Master,,,FUK,P02,FUK
트리니티항공,TW207,202609251805,202609251805,후쿠오카,A01-C34,,Master,,,FUK,P02,FUK
이스타항공,ZE649,202609251820,202609251820,후쿠오카,F22-G13,,Master,,,FUK,P02,FUK
대한항공,KE781,202609251835,202609251835,후쿠오카,A B C D,,Master,,,FUK,P03,FUK
에어 프랑스,AF7894,202609251835,202609251835,후쿠오카,A B C D,,Slave,KE781,,FUK,P03,FUK
델타항공,DL7797,202609251835,202609251835,후쿠오카,A B C D,,Slave,KE781,,FUK,P03,FUK
일본항공,JL5224,202609251835,202609251835,후쿠오카,A B C D,,Slave,KE781,,FUK,P03,FUK
KLM네덜란드항공,KL4258,202609251835,202609251835,후쿠오카,A B C D,,Slave,KE781,,FUK,P03,FUK
몽골항공,OM6711,202609251835,202609251835,후쿠오카,A B C D,,Slave,KE781,,FUK,P03,FUK
버진 애틀랜틱 항공,VS5509,202609251835,202609251835,후쿠오카,A B C D,,Slave,KE781,,FUK,P03,FUK
아시아나항공,OZ9873,202609251835,202609251835,후쿠오카,A B C D,,Slave,KE781,,FUK,P03,FUK
제주항공,7C1401,202609260630,202609260630,후쿠오카,L13-L36,,Master,,,FUK,P02,FUK
아시아나항공,OZ132,202609260630,202609260630,후쿠오카,G17-J40,,Master,,,FUK,P03,FUK
대한항공,KE5481,202609260630,202609260630,후쿠오카,G17-J40,,Slave,OZ132,,FUK,P03,FUK
진에어,LJ261,202609260715,202609260715,후쿠오카,E21-F17,,Master,,,FUK,P03,FUK
에어서울,RS723,202609260720,202609260720,후쿠오카,E01-E10,,Master,,,FUK,P03,FUK
에어부산,BX156,202609260720,202609260720,후쿠오카,E11-E19,,Master,,,FUK,P03,FUK
아시아나항공,OZ9576,202609260720,202609260720,후쿠오카,E11-E19,,Slave,BX156,,FUK,P03,FUK
대한항공,KE787,202609260800,202609260800,후쿠오카,A B C D,,Master,,,FUK,P03,FUK
델타항공,DL7892,202609260800,202609260800,후쿠오카,A B C D,,Slave,KE787,,FUK,P03,FUK
몽골항공,OM6709,202609260800,202609260800,후쿠오카,A B C D,,Slave,KE787,,FUK,P03,FUK
일본항공,JL5220,202609260800,202609260800,후쿠오카,A B C D,,Slave,KE787,,FUK,P03,FUK
KLM네덜란드항공,KL4252,202609260800,202609260800,후쿠오카,A B C D,,Slave,KE787,,FUK,P03,FUK
아시아나항공,OZ9867,202609260800,202609260800,후쿠오카,A B C D,,Slave,KE787,,FUK,P03,FUK
이스타항공,ZE645,202609260845,202609260845,후쿠오카,F19-G13,,Master,,,FUK,P02,FUK
진에어,LJ269,202609260935,202609260935,후쿠오카,E21-F17,,Master,,,FUK,P03,FUK
진에어,LJ273,202609260940,202609260940,후쿠오카,E21-F17,,Master,,,FUK,P03,FUK
제주항공,7C1403,202609260945,202609260945,후쿠오카,L13-L36,,Master,,,FUK,P02,FUK
트리니티항공,TW203,202609261005,202609261005,후쿠오카,A01-C34,,Master,,,FUK,P02,FUK
대한항공,KE791,202609261105,202609261105,후쿠오카,A B C D,,Master,,,FUK,P03,FUK
델타항공,DL7801,202609261105,202609261105,후쿠오카,A B C D,,Slave,KE791,,FUK,P03,FUK
일본항공,JL5272,202609261105,202609261105,후쿠오카,A B C D,,Slave,KE791,,FUK,P03,FUK
KLM네덜란드항공,KL3394,202609261105,202609261105,후쿠오카,A B C D,,Slave,KE791,,FUK,P03,FUK
아시아나항공,OZ9869,202609261105,202609261105,후쿠오카,A B C D,,Slave,KE791,,FUK,P03,FUK
제주항공,7C1471,202609261110,202609261110,후쿠오카,L13-L36,,Master,,,FUK,P02,FUK
에어부산,BX158,202609261130,202609261130,후쿠오카,E11-E19,,Master,,,FUK,P03,FUK
아시아나항공,OZ9578,202609261130,202609261130,후쿠오카,E11-E19,,Slave,BX158,,FUK,P03,FUK
진에어,LJ263,202609261215,202609261215,후쿠오카,E21-F17,,Master,,,FUK,P03,FUK
대한항공,KE5075,202609261215,202609261215,후쿠오카,E21-F17,,Slave,LJ263,,FUK,P03,FUK
이스타항공,ZE647,202609261230,202609261230,후쿠오카,F22-G13,,Master,,,FUK,P02,FUK
아시아나항공,OZ134,202609261355,202609261355,후쿠오카,G17-J40,,Master,,,FUK,P03,FUK
에어캐나다,AC6998,202609261355,202609261355,후쿠오카,G17-J40,,Slave,OZ134,,FUK,P03,FUK
에티오피아항공,ET1444,202609261355,202609261355,후쿠오카,G17-J40,,Slave,OZ134,,FUK,P03,FUK
에티하드 항공,EY8467,202609261355,202609261355,후쿠오카,G17-J40,,Slave,OZ134,,FUK,P03,FUK
전일본공수,NH6960,202609261355,202609261355,후쿠오카,G17-J40,,Slave,OZ134,,FUK,P03,FUK
터키항공,TK8094,202609261355,202609261355,후쿠오카,G17-J40,,Slave,OZ134,,FUK,P03,FUK
대한항공,KE5487,202609261355,202609261355,후쿠오카,G17-J40,,Slave,OZ134,,FUK,P03,FUK
에어서울,RS727,202609261425,202609261425,후쿠오카,E01-E10,,Master,,,FUK,P03,FUK
트리니티항공,TW205,202609261500,202609261500,후쿠오카,A01-C34,,Master,,,FUK,P02,FUK
제주항공,7C1405,202609261515,202609261515,후쿠오카,L13-L36,,Master,,,FUK,P02,FUK
진에어,LJ265,202609261535,202609261535,후쿠오카,E21-F17,,Master,,,FUK,P03,FUK
대한항공,KE795,202609261625,202609261625,후쿠오카,A B C D,,Master,,,FUK,P03,FUK
아시아나항공,OZ9871,202609261625,202609261625,후쿠오카,A B C D,,Slave,KE795,,FUK,P03,FUK
진에어,LJ271,202609261700,202609261700,후쿠오카,E21-F17,,Master,,,FUK,P03,FUK
대한항공,KE5095,202609261700,202609261700,후쿠오카,E21-F17,,Slave,LJ271,,FUK,P03,FUK
제주항공,7C1407,202609261720,202609261720,후쿠오카,L13-L36,,Master,,,FUK,P02,FUK
트리니티항공,TW207,202609261805,202609261805,후쿠오카,A01-C34,,Master,,,FUK,P02,FUK
이스타항공,ZE649,202609261820,202609261820,후쿠오카,F22-G13,,Master,,,FUK,P02,FUK
이스타항공,ZE643,202609261830,202609261830,후쿠오카,F22-G13,,Master,,,FUK,P02,FUK
대한항공,KE781,202609261835,202609261835,후쿠오카,A B C D,,Master,,,FUK,P03,FUK
에어 프랑스,AF7894,202609261835,202609261835,후쿠오카,A B C D,,Slave,KE781,,FUK,P03,FUK
델타항공,DL7797,202609261835,202609261835,후쿠오카,A B C D,,Slave,KE781,,FUK,P03,FUK
일본항공,JL5224,202609261835,202609261835,후쿠오카,A B C D,,Slave,KE781,,FUK,P03,FUK
KLM네덜란드항공,KL4258,202609261835,202609261835,후쿠오카,A B C D,,Slave,KE781,,FUK,P03,FUK
몽골항공,OM6711,202609261835,202609261835,후쿠오카,A B C D,,Slave,KE781,,FUK,P03,FUK
버진 애틀랜틱 항공,VS5509,202609261835,202609261835,후쿠오카,A B C D,,Slave,KE781,,FUK,P03,FUK
아시아나항공,OZ9873,202609261835,202609261835,후쿠오카,A B C D,,Slave,KE781,,FUK,P03,FUK
제주항공,7C1401,202609270630,202609270630,후쿠오카,L13-L36,,Master,,,FUK,P02,FUK
아시아나항공,OZ132,202609270630,202609270630,후쿠오카,G17-J40,,Master,,,FUK,P03,FUK
대한항공,KE5481,202609270630,202609270630,후쿠오카,G17-J40,,Slave,OZ132,,FUK,P03,FUK
진에어,LJ261,202609270715,202609270715,후쿠오카,E21-F17,,Master,,,FUK,P03,FUK
에어부산,BX156,202609270720,202609270720,후쿠오카,E11-E19,,Master,,,FUK,P03,FUK
아시아나항공,OZ9576,202609270720,202609270720,후쿠오카,E11-E19,,Slave,BX156,,FUK,P03,FUK
대한항공,KE787,202609270800,202609270800,후쿠오카,A B C D,,Master,,,FUK,P03,FUK
델타항공,DL7892,202609270800,202609270800,후쿠오카,A B C D,,Slave,KE787,,FUK,P03,FUK
몽골항공,OM6709,202609270800,202609270800,후쿠오카,A B C D,,Slave,KE787,,FUK,P03,FUK
일본항공,JL5220,202609270800,202609270800,후쿠오카,A B C D,,Slave,KE787,,FUK,P03,FUK
KLM네덜란드항공,KL4252,202609270800,202609270800,후쿠오카,A B C D,,Slave,KE787,,FUK,P03,FUK
아시아나항공,OZ9867,202609270800,202609270800,후쿠오카,A B C D,,Slave,KE787,,FUK,P03,FUK
에어서울,RS723,202609270805,202609270805,후쿠오카,E01-E10,,Master,,,FUK,P03,FUK
이스타항공,ZE645,202609270845,202609270845,후쿠오카,F19-G13,,Master,,,FUK,P02,FUK
진에어,LJ269,202609270935,202609270935,후쿠오카,E21-F17,,Master,,,FUK,P03,FUK
진에어,LJ273,202609270940,202609270940,후쿠오카,E21-F17,,Master,,,FUK,P03,FUK
제주항공,7C1403,202609270945,202609270945,후쿠오카,L13-L36,,Master,,,FUK,P02,FUK
트리니티항공,TW203,202609271005,202609271005,후쿠오카,A01-C34,,Master,,,FUK,P02,FUK
대한항공,KE791,202609271105,202609271105,후쿠오카,A B C D,,Master,,,FUK,P03,FUK
델타항공,DL7801,202609271105,202609271105,후쿠오카,A B C D,,Slave,KE791,,FUK,P03,FUK
일본항공,JL5272,202609271105,202609271105,후쿠오카,A B C D,,Slave,KE791,,FUK,P03,FUK
KLM네덜란드항공,KL3394,202609271105,202609271105,후쿠오카,A B C D,,Slave,KE791,,FUK,P03,FUK
아시아나항공,OZ9869,202609271105,202609271105,후쿠오카,A B C D,,Slave,KE791,,FUK,P03,FUK
제주항공,7C1471,202609271110,202609271110,후쿠오카,L13-L36,,Master,,,FUK,P02,FUK
에어부산,BX158,202609271130,202609271130,후쿠오카,E11-E19,,Master,,,FUK,P03,FUK
아시아나항공,OZ9578,202609271130,202609271130,후쿠오카,E11-E19,,Slave,BX158,,FUK,P03,FUK
진에어,LJ263,202609271215,202609271215,후쿠오카,E21-F17,,Master,,,FUK,P03,FUK
대한항공,KE5075,202609271215,202609271215,후쿠오카,E21-F17,,Slave,LJ263,,FUK,P03,FUK
이스타항공,ZE647,202609271230,202609271230,후쿠오카,F22-G13,,Master,,,FUK,P02,FUK
아시아나항공,OZ134,202609271355,202609271355,후쿠오카,G17-J40,,Master,,,FUK,P03,FUK
에어캐나다,AC6998,202609271355,202609271355,후쿠오카,G17-J40,,Slave,OZ134,,FUK,P03,FUK
에티오피아항공,ET1444,202609271355,202609271355,후쿠오카,G17-J40,,Slave,OZ134,,FUK,P03,FUK
에티하드 항공,EY8467,202609271355,202609271355,후쿠오카,G17-J40,,Slave,OZ134,,FUK,P03,FUK
전일본공수,NH6960,202609271355,202609271355,후쿠오카,G17-J40,,Slave,OZ134,,FUK,P03,FUK
터키항공,TK8094,202609271355,202609271355,후쿠오카,G17-J40,,Slave,OZ134,,FUK,P03,FUK
대한항공,KE5487,202609271355,202609271355,후쿠오카,G17-J40,,Slave,OZ134,,FUK,P03,FUK
에어서울,RS727,202609271425,202609271425,후쿠오카,E01-E10,,Master,,,FUK,P03,FUK
트리니티항공,TW205,202609271500,202609271500,후쿠오카,A01-C34,,Master,,,FUK,P02,FUK
제주항공,7C1405,202609271515,202609271515,후쿠오카,L13-L36,,Master,,,FUK,P02,FUK
진에어,LJ265,202609271535,202609271535,후쿠오카,E21-F17,,Master,,,FUK,P03,FUK
대한항공,KE795,202609271625,202609271625,후쿠오카,A B C D,,Master,,,FUK,P03,FUK
아시아나항공,OZ9871,202609271625,202609271625,후쿠오카,A B C D,,Slave,KE795,,FUK,P03,FUK
진에어,LJ271,202609271700,202609271700,후쿠오카,E21-F17,,Master,,,FUK,P03,FUK
대한항공,KE5095,202609271700,202609271700,후쿠오카,E21-F17,,Slave,LJ271,,FUK,P03,FUK
제주항공,7C1407,202609271720,202609271720,후쿠오카,L13-L36,,Master,,,FUK,P02,FUK
트리니티항공,TW207,202609271805,202609271805,후쿠오카,A01-C34,,Master,,,FUK,P02,FUK
이스타항공,ZE649,202609271820,202609271820,후쿠오카,F22-G13,,Master,,,FUK,P02,FUK
이스타항공,ZE643,202609271830,202609271830,후쿠오카,F22-G13,,Master,,,FUK,P02,FUK
대한항공,KE781,202609271835,202609271835,후쿠오카,A B C D,,Master,,,FUK,P03,FUK
에어 프랑스,AF7894,202609271835,202609271835,후쿠오카,A B C D,,Slave,KE781,,FUK,P03,FUK
델타항공,DL7797,202609271835,202609271835,후쿠오카,A B C D,,Slave,KE781,,FUK,P03,FUK
일본항공,JL5224,202609271835,202609271835,후쿠오카,A B C D,,Slave,KE781,,FUK,P03,FUK
KLM네덜란드항공,KL4258,202609271835,202609271835,후쿠오카,A B C D,,Slave,KE781,,FUK,P03,FUK
몽골항공,OM6711,202609271835,202609271835,후쿠오카,A B C D,,Slave,KE781,,FUK,P03,FUK
버진 애틀랜틱 항공,VS5509,202609271835,202609271835,후쿠오카,A B C D,,Slave,KE781,,FUK,P03,FUK
아시아나항공,OZ9873,202609271835,202609271835,후쿠오카,A B C D,,Slave,KE781,,FUK,P03,FUK
제주항공,7C1401,202609280630,202609280630,후쿠오카,L13-L36,,Master,,,FUK,P02,FUK
아시아나항공,OZ132,202609280630,202609280630,후쿠오카,G17-J40,,Master,,,FUK,P03,FUK
대한항공,KE5481,202609280630,202609280630,후쿠오카,G17-J40,,Slave,OZ132,,FUK,P03,FUK
진에어,LJ261,202609280715,202609280715,후쿠오카,E21-F17,,Master,,,FUK,P03,FUK
에어부산,BX156,202609280720,202609280720,후쿠오카,E11-E19,,Master,,,FUK,P03,FUK
아시아나항공,OZ9576,202609280720,202609280720,후쿠오카,E11-E19,,Slave,BX156,,FUK,P03,FUK
대한항공,KE787,202609280800,202609280800,후쿠오카,A B C D,,Master,,,FUK,P03,FUK
델타항공,DL7892,202609280800,202609280800,후쿠오카,A B C D,,Slave,KE787,,FUK,P03,FUK
몽골항공,OM6709,202609280800,202609280800,후쿠오카,A B C D,,Slave,KE787,,FUK,P03,FUK
일본항공,JL5220,202609280800,202609280800,후쿠오카,A B C D,,Slave,KE787,,FUK,P03,FUK
KLM네덜란드항공,KL4252,202609280800,202609280800,후쿠오카,A B C D,,Slave,KE787,,FUK,P03,FUK
아시아나항공,OZ9867,202609280800,202609280800,후쿠오카,A B C D,,Slave,KE787,,FUK,P03,FUK
에어서울,RS723,202609280805,202609280805,후쿠오카,E01-E10,,Master,,,FUK,P03,FUK
이스타항공,ZE645,202609280845,202609280845,후쿠오카,F19-G13,,Master,,,FUK,P02,FUK
진에어,LJ273,202609280940,202609280940,후쿠오카,E21-F17,,Master,,,FUK,P03,FUK
제주항공,7C1403,202609280945,202609280945,후쿠오카,L13-L36,,Master,,,FUK,P02,FUK
트리니티항공,TW203,202609281005,202609281005,후쿠오카,A01-C34,,Master,,,FUK,P02,FUK
대한항공,KE791,202609281105,202609281105,후쿠오카,A B C D,,Master,,,FUK,P03,FUK
델타항공,DL7801,202609281105,202609281105,후쿠오카,A B C D,,Slave,KE791,,FUK,P03,FUK
일본항공,JL5272,202609281105,202609281105,후쿠오카,A B C D,,Slave,KE791,,FUK,P03,FUK
KLM네덜란드항공,KL3394,202609281105,202609281105,후쿠오카,A B C D,,Slave,KE791,,FUK,P03,FUK
아시아나항공,OZ9869,202609281105,202609281105,후쿠오카,A B C D,,Slave,KE791,,FUK,P03,FUK
제주항공,7C1471,202609281110,202609281110,후쿠오카,L13-L36,,Master,,,FUK,P02,FUK
에어부산,BX158,202609281130,202609281130,후쿠오카,E11-E19,,Master,,,FUK,P03,FUK
아시아나항공,OZ9578,202609281130,202609281130,후쿠오카,E11-E19,,Slave,BX158,,FUK,P03,FUK
진에어,LJ263,202609281215,202609281215,후쿠오카,E21-F17,,Master,,,FUK,P03,FUK
대한항공,KE5075,202609281215,202609281215,후쿠오카,E21-F17,,Slave,LJ263,,FUK,P03,FUK
이스타항공,ZE647,202609281230,202609281230,후쿠오카,F22-G13,,Master,,,FUK,P02,FUK
아시아나항공,OZ134,202609281355,202609281355,후쿠오카,G17-J40,,Master,,,FUK,P03,FUK
에어캐나다,AC6998,202609281355,202609281355,후쿠오카,G17-J40,,Slave,OZ134,,FUK,P03,FUK
에티오피아항공,ET1444,202609281355,202609281355,후쿠오카,G17-J40,,Slave,OZ134,,FUK,P03,FUK
에티하드 항공,EY8467,202609281355,202609281355,후쿠오카,G17-J40,,Slave,OZ134,,FUK,P03,FUK
전일본공수,NH6960,202609281355,202609281355,후쿠오카,G17-J40,,Slave,OZ134,,FUK,P03,FUK
터키항공,TK8094,202609281355,202609281355,후쿠오카,G17-J40,,Slave,OZ134,,FUK,P03,FUK
대한항공,KE5487,202609281355,202609281355,후쿠오카,G17-J40,,Slave,OZ134,,FUK,P03,FUK
에어서울,RS727,202609281425,202609281425,후쿠오카,E01-E10,,Master,,,FUK,P03,FUK
트리니티항공,TW205,202609281500,202609281500,후쿠오카,A01-C34,,Master,,,FUK,P02,FUK
제주항공,7C1405,202609281515,202609281515,후쿠오카,L13-L36,,Master,,,FUK,P02,FUK
진에어,LJ265,202609281535,202609281535,후쿠오카,E21-F17,,Master,,,FUK,P03,FUK
대한항공,KE795,202609281625,202609281625,후쿠오카,A B C D,,Master,,,FUK,P03,FUK
아시아나항공,OZ9871,202609281625,202609281625,후쿠오카,A B C D,,Slave,KE795,,FUK,P03,FUK
진에어,LJ271,202609281700,202609281700,후쿠오카,E21-F17,,Master,,,FUK,P03,FUK
대한항공,KE5095,202609281700,202609281700,후쿠오카,E21-F17,,Slave,LJ271,,FUK,P03,FUK
제주항공,7C1407,202609281720,202609281720,후쿠오카,L13-L36,,Master,,,FUK,P02,FUK
이스타항공,ZE643,202609281800,202609281800,후쿠오카,F22-G13,,Master,,,FUK,P02,FUK
트리니티항공,TW207,202609281805,202609281805,후쿠오카,A01-C34,,Master,,,FUK,P02,FUK
이스타항공,ZE649,202609281820,202609281820,후쿠오카,F22-G13,,Master,,,FUK,P02,FUK
대한항공,KE781,202609281835,202609281835,후쿠오카,A B C D,,Master,,,FUK,P03,FUK
에어 프랑스,AF7894,202609281835,202609281835,후쿠오카,A B C D,,Slave,KE781,,FUK,P03,FUK
델타항공,DL7797,202609281835,202609281835,후쿠오카,A B C D,,Slave,KE781,,FUK,P03,FUK
일본항공,JL5224,202609281835,202609281835,후쿠오카,A B C D,,Slave,KE781,,FUK,P03,FUK
KLM네덜란드항공,KL4258,202609281835,202609281835,후쿠오카,A B C D,,Slave,KE781,,FUK,P03,FUK
몽골항공,OM6711,202609281835,202609281835,후쿠오카,A B C D,,Slave,KE781,,FUK,P03,FUK
버진 애틀랜틱 항공,VS5509,202609281835,202609281835,후쿠오카,A B C D,,Slave,KE781,,FUK,P03,FUK
아시아나항공,OZ9873,202609281835,202609281835,후쿠오카,A B C D,,Slave,KE781,,FUK,P03,FUK
제주항공,7C1501,202609220710,202609220707,삿포로,L13-L36,32,Master,,출발,CTS,P01,CTS
진에어,LJ301,202609220820,202609220835,삿포로,E21-F17,215,Master,,출발,CTS,P03,CTS
대한항공,KE5061,202609220820,202609220835,삿포로,E21-F17,215,Slave,LJ301,출발,CTS,P03,CTS
이스타항공,ZE625,202609220920,202609220913,삿포로,F22-G13,115,Master,,출발,CTS,P02,CTS
트리니티항공,TW263,202609221010,202609221010,삿포로,B01-B18,6,Master,,출발,CTS,P01,CTS
아시아나항공,OZ174,202609221015,202609221019,삿포로,G17-J40,287,Master,,출발,CTS,P03,CTS
에티오피아항공,ET1294,202609221015,202609221019,삿포로,G17-J40,287,Slave,OZ174,출발,CTS,P03,CTS
전일본공수,NH6998,202609221015,202609221019,삿포로,G17-J40,287,Slave,OZ174,출발,CTS,P03,CTS
대한항공,KE5485,202609221015,202609221019,삿포로,G17-J40,287,Slave,OZ174,출발,CTS,P03,CTS
파라타항공,WE531,202609221035,202609221040,삿포로,B25-B32,106,Master,,출발,CTS,P02,CTS
대한항공,KE765,202609221035,202609221050,삿포로,A B C D,255,Master,,출발,CTS,P03,CTS
델타항공,DL7898,202609221035,202609221050,삿포로,A B C D,255,Slave,KE765,출발,CTS,P03,CTS
일본항공,JL5208,202609221035,202609221050,삿포로,A B C D,255,Slave,KE765,출발,CTS,P03,CTS
버진 애틀랜틱 항공,VS5511,202609221035,202609221050,삿포로,A B C D,255,Slave,KE765,출발,CTS,P03,CTS
KLM네덜란드항공,KL4255,202609221035,202609221050,삿포로,A B C D,255,Slave,KE765,출발,CTS,P03,CTS
아시아나항공,OZ9877,202609221035,202609221050,삿포로,A B C D,255,Slave,KE765,출발,CTS,P03,CTS
대한항공,KE769,202609221235,202609221230,삿포로,A B C D,219,Master,,출발,CTS,P03,CTS
델타항공,DL7933,202609221235,202609221230,삿포로,A B C D,219,Slave,KE769,출발,CTS,P03,CTS
버진 애틀랜틱 항공,VS5545,202609221235,202609221230,삿포로,A B C D,219,Slave,KE769,출발,CTS,P03,CTS
일본항공,JL5152,202609221235,202609221230,삿포로,A B C D,219,Slave,KE769,출발,CTS,P03,CTS
에어 프랑스,AF5373,202609221235,202609221230,삿포로,A B C D,219,Slave,KE769,출발,CTS,P03,CTS
KLM네덜란드항공,KL4247,202609221235,202609221230,삿포로,A B C D,219,Slave,KE769,출발,CTS,P03,CTS
아시아나항공,OZ9879,202609221235,202609221230,삿포로,A B C D,219,Slave,KE769,출발,CTS,P03,CTS
제주항공,7C1503,202609221215,202609221255,삿포로,L13-L36,15,Master,,출발,CTS,P01,CTS
이스타항공,ZE627,202609221500,202609221500,삿포로,F24-G13,108,Master,,,CTS,P02,CTS
제주항공,7C1501,202609230710,202609230710,삿포로,L13-L36,16,Master,,,CTS,P01,CTS
진에어,LJ301,202609230820,202609230820,삿포로,E21-F17,,Master,,,CTS,P03,CTS
대한항공,KE5061,202609230820,202609230820,삿포로,E21-F17,,Slave,LJ301,,CTS,P03,CTS
이스타항공,ZE625,202609230920,202609230920,삿포로,F22-G13,,Master,,,CTS,P02,CTS
트리니티항공,TW263,202609231010,202609231010,삿포로,A01-C34,,Master,,,CTS,P02,CTS
아시아나항공,OZ174,202609231015,202609231015,삿포로,G17-J40,,Master,,,CTS,P03,CTS
에티오피아항공,ET1294,202609231015,202609231015,삿포로,G17-J40,,Slave,OZ174,,CTS,P03,CTS
전일본공수,NH6998,202609231015,202609231015,삿포로,G17-J40,,Slave,OZ174,,CTS,P03,CTS
대한항공,KE5485,202609231015,202609231015,삿포로,G17-J40,,Slave,OZ174,,CTS,P03,CTS
대한항공,KE765,202609231035,202609231035,삿포로,A B C D,,Master,,,CTS,P03,CTS
델타항공,DL7898,202609231035,202609231035,삿포로,A B C D,,Slave,KE765,,CTS,P03,CTS
일본항공,JL5208,202609231035,202609231035,삿포로,A B C D,,Slave,KE765,,CTS,P03,CTS
버진 애틀랜틱 항공,VS5511,202609231035,202609231035,삿포로,A B C D,,Slave,KE765,,CTS,P03,CTS
KLM네덜란드항공,KL4255,202609231035,202609231035,삿포로,A B C D,,Slave,KE765,,CTS,P03,CTS
아시아나항공,OZ9877,202609231035,202609231035,삿포로,A B C D,,Slave,KE765,,CTS,P03,CTS
파라타항공,WE531,202609231035,202609231035,삿포로,B25-B32,121,Master,,,CTS,P02,CTS
제주항공,7C1503,202609231215,202609231215,삿포로,L13-L36,,Master,,,CTS,P02,CTS
진에어,LJ303,202609231225,202609231225,삿포로,E21-F17,,Master,,,CTS,P03,CTS
대한항공,KE769,202609231235,202609231235,삿포로,A B C D,,Master,,,CTS,P03,CTS
델타항공,DL7933,202609231235,202609231235,삿포로,A B C D,,Slave,KE769,,CTS,P03,CTS
버진 애틀랜틱 항공,VS5545,202609231235,202609231235,삿포로,A B C D,,Slave,KE769,,CTS,P03,CTS
일본항공,JL5152,202609231235,202609231235,삿포로,A B C D,,Slave,KE769,,CTS,P03,CTS
에어 프랑스,AF5373,202609231235,202609231235,삿포로,A B C D,,Slave,KE769,,CTS,P03,CTS
KLM네덜란드항공,KL4247,202609231235,202609231235,삿포로,A B C D,,Slave,KE769,,CTS,P03,CTS
아시아나항공,OZ9879,202609231235,202609231235,삿포로,A B C D,,Slave,KE769,,CTS,P03,CTS
이스타항공,ZE627,202609231500,202609231500,삿포로,F22-G13,,Master,,,CTS,P02,CTS
제주항공,7C1501,202609240710,202609240710,삿포로,L13-L36,,Master,,,CTS,P02,CTS
진에어,LJ301,202609240820,202609240820,삿포로,E21-F17,,Master,,,CTS,P03,CTS
대한항공,KE5061,202609240820,202609240820,삿포로,E21-F17,,Slave,LJ301,,CTS,P03,CTS
이스타항공,ZE625,202609240920,202609240920,삿포로,F19-G13,,Master,,,CTS,P02,CTS
트리니티항공,TW263,202609241010,202609241010,삿포로,A01-C34,,Master,,,CTS,P02,CTS
아시아나항공,OZ174,202609241015,202609241015,삿포로,G17-J40,,Master,,,CTS,P03,CTS
에티오피아항공,ET1294,202609241015,202609241015,삿포로,G17-J40,,Slave,OZ174,,CTS,P03,CTS
전일본공수,NH6998,202609241015,202609241015,삿포로,G17-J40,,Slave,OZ174,,CTS,P03,CTS
대한항공,KE5485,202609241015,202609241015,삿포로,G17-J40,,Slave,OZ174,,CTS,P03,CTS
파라타항공,WE531,202609241035,202609241035,삿포로,B21-B32,,Master,,,CTS,P02,CTS
대한항공,KE765,202609241035,202609241035,삿포로,A B C D,,Master,,,CTS,P03,CTS
델타항공,DL7898,202609241035,202609241035,삿포로,A B C D,,Slave,KE765,,CTS,P03,CTS
일본항공,JL5208,202609241035,202609241035,삿포로,A B C D,,Slave,KE765,,CTS,P03,CTS
버진 애틀랜틱 항공,VS5511,202609241035,202609241035,삿포로,A B C D,,Slave,KE765,,CTS,P03,CTS
KLM네덜란드항공,KL4255,202609241035,202609241035,삿포로,A B C D,,Slave,KE765,,CTS,P03,CTS
아시아나항공,OZ9877,202609241035,202609241035,삿포로,A B C D,,Slave,KE765,,CTS,P03,CTS
제주항공,7C1503,202609241215,202609241215,삿포로,L13-L36,,Master,,,CTS,P02,CTS
진에어,LJ303,202609241225,202609241225,삿포로,E21-F17,,Master,,,CTS,P03,CTS
대한항공,KE769,202609241235,202609241235,삿포로,A B C D,,Master,,,CTS,P03,CTS
델타항공,DL7933,202609241235,202609241235,삿포로,A B C D,,Slave,KE769,,CTS,P03,CTS
버진 애틀랜틱 항공,VS5545,202609241235,202609241235,삿포로,A B C D,,Slave,KE769,,CTS,P03,CTS
일본항공,JL5152,202609241235,202609241235,삿포로,A B C D,,Slave,KE769,,CTS,P03,CTS
에어 프랑스,AF5373,202609241235,202609241235,삿포로,A B C D,,Slave,KE769,,CTS,P03,CTS
KLM네덜란드항공,KL4247,202609241235,202609241235,삿포로,A B C D,,Slave,KE769,,CTS,P03,CTS
아시아나항공,OZ9879,202609241235,202609241235,삿포로,A B C D,,Slave,KE769,,CTS,P03,CTS
이스타항공,ZE627,202609241500,202609241500,삿포로,F22-G13,,Master,,,CTS,P02,CTS
제주항공,7C1501,202609250710,202609250710,삿포로,L13-L36,,Master,,,CTS,P02,CTS
진에어,LJ301,202609250820,202609250820,삿포로,E21-F17,,Master,,,CTS,P03,CTS
대한항공,KE5061,202609250820,202609250820,삿포로,E21-F17,,Slave,LJ301,,CTS,P03,CTS
이스타항공,ZE625,202609250920,202609250920,삿포로,F19-G13,,Master,,,CTS,P02,CTS
트리니티항공,TW263,202609251010,202609251010,삿포로,A01-C34,,Master,,,CTS,P02,CTS
아시아나항공,OZ174,202609251015,202609251015,삿포로,G17-J40,,Master,,,CTS,P03,CTS
에티오피아항공,ET1294,202609251015,202609251015,삿포로,G17-J40,,Slave,OZ174,,CTS,P03,CTS
전일본공수,NH6998,202609251015,202609251015,삿포로,G17-J40,,Slave,OZ174,,CTS,P03,CTS
대한항공,KE5485,202609251015,202609251015,삿포로,G17-J40,,Slave,OZ174,,CTS,P03,CTS
파라타항공,WE531,202609251035,202609251035,삿포로,B21-B32,,Master,,,CTS,P02,CTS
대한항공,KE765,202609251035,202609251035,삿포로,A B C D,,Master,,,CTS,P03,CTS
델타항공,DL7898,202609251035,202609251035,삿포로,A B C D,,Slave,KE765,,CTS,P03,CTS
일본항공,JL5208,202609251035,202609251035,삿포로,A B C D,,Slave,KE765,,CTS,P03,CTS
버진 애틀랜틱 항공,VS5511,202609251035,202609251035,삿포로,A B C D,,Slave,KE765,,CTS,P03,CTS
KLM네덜란드항공,KL4255,202609251035,202609251035,삿포로,A B C D,,Slave,KE765,,CTS,P03,CTS
아시아나항공,OZ9877,202609251035,202609251035,삿포로,A B C D,,Slave,KE765,,CTS,P03,CTS
제주항공,7C1503,202609251215,202609251215,삿포로,L13-L36,,Master,,,CTS,P02,CTS
진에어,LJ303,202609251225,202609251225,삿포로,E21-F17,,Master,,,CTS,P03,CTS
대한항공,KE769,202609251235,202609251235,삿포로,A B C D,,Master,,,CTS,P03,CTS
아시아나항공,OZ9879,202609251235,202609251235,삿포로,A B C D,,Slave,KE769,,CTS,P03,CTS
델타항공,DL7933,202609251235,202609251235,삿포로,A B C D,,Slave,KE769,,CTS,P03,CTS
버진 애틀랜틱 항공,VS5545,202609251235,202609251235,삿포로,A B C D,,Slave,KE769,,CTS,P03,CTS
일본항공,JL5152,202609251235,202609251235,삿포로,A B C D,,Slave,KE769,,CTS,P03,CTS
에어 프랑스,AF5373,202609251235,202609251235,삿포로,A B C D,,Slave,KE769,,CTS,P03,CTS
KLM네덜란드항공,KL4247,202609251235,202609251235,삿포로,A B C D,,Slave,KE769,,CTS,P03,CTS
이스타항공,ZE627,202609251500,202609251500,삿포로,F22-G13,,Master,,,CTS,P02,CTS
제주항공,7C1501,202609260710,202609260710,삿포로,L13-L36,,Master,,,CTS,P02,CTS
진에어,LJ301,202609260820,202609260820,삿포로,E21-F17,,Master,,,CTS,P03,CTS
대한항공,KE5061,202609260820,202609260820,삿포로,E21-F17,,Slave,LJ301,,CTS,P03,CTS
이스타항공,ZE625,202609260920,202609260920,삿포로,F19-G13,,Master,,,CTS,P02,CTS
트리니티항공,TW263,202609261010,202609261010,삿포로,A01-C34,,Master,,,CTS,P02,CTS
아시아나항공,OZ174,202609261015,202609261015,삿포로,G17-J40,,Master,,,CTS,P03,CTS
에티오피아항공,ET1294,202609261015,202609261015,삿포로,G17-J40,,Slave,OZ174,,CTS,P03,CTS
전일본공수,NH6998,202609261015,202609261015,삿포로,G17-J40,,Slave,OZ174,,CTS,P03,CTS
대한항공,KE5485,202609261015,202609261015,삿포로,G17-J40,,Slave,OZ174,,CTS,P03,CTS
파라타항공,WE531,202609261035,202609261035,삿포로,B21-B32,,Master,,,CTS,P02,CTS
대한항공,KE765,202609261035,202609261035,삿포로,A B C D,,Master,,,CTS,P03,CTS
델타항공,DL7898,202609261035,202609261035,삿포로,A B C D,,Slave,KE765,,CTS,P03,CTS
일본항공,JL5208,202609261035,202609261035,삿포로,A B C D,,Slave,KE765,,CTS,P03,CTS
버진 애틀랜틱 항공,VS5511,202609261035,202609261035,삿포로,A B C D,,Slave,KE765,,CTS,P03,CTS
KLM네덜란드항공,KL4255,202609261035,202609261035,삿포로,A B C D,,Slave,KE765,,CTS,P03,CTS
아시아나항공,OZ9877,202609261035,202609261035,삿포로,A B C D,,Slave,KE765,,CTS,P03,CTS
제주항공,7C1503,202609261215,202609261215,삿포로,L13-L36,,Master,,,CTS,P02,CTS
진에어,LJ303,202609261225,202609261225,삿포로,E21-F17,,Master,,,CTS,P03,CTS
대한항공,KE769,202609261235,202609261235,삿포로,A B C D,,Master,,,CTS,P03,CTS
델타항공,DL7933,202609261235,202609261235,삿포로,A B C D,,Slave,KE769,,CTS,P03,CTS
버진 애틀랜틱 항공,VS5545,202609261235,202609261235,삿포로,A B C D,,Slave,KE769,,CTS,P03,CTS
일본항공,JL5152,202609261235,202609261235,삿포로,A B C D,,Slave,KE769,,CTS,P03,CTS
에어 프랑스,AF5373,202609261235,202609261235,삿포로,A B C D,,Slave,KE769,,CTS,P03,CTS
KLM네덜란드항공,KL4247,202609261235,202609261235,삿포로,A B C D,,Slave,KE769,,CTS,P03,CTS
아시아나항공,OZ9879,202609261235,202609261235,삿포로,A B C D,,Slave,KE769,,CTS,P03,CTS
이스타항공,ZE627,202609261500,202609261500,삿포로,F22-G13,,Master,,,CTS,P02,CTS
제주항공,7C1501,202609270710,202609270710,삿포로,L13-L36,,Master,,,CTS,P02,CTS
진에어,LJ301,202609270820,202609270820,삿포로,E21-F17,,Master,,,CTS,P03,CTS
대한항공,KE5061,202609270820,202609270820,삿포로,E21-F17,,Slave,LJ301,,CTS,P03,CTS
이스타항공,ZE625,202609270920,202609270920,삿포로,F19-G13,,Master,,,CTS,P02,CTS
트리니티항공,TW263,202609271010,202609271010,삿포로,A01-C34,,Master,,,CTS,P02,CTS
아시아나항공,OZ174,202609271015,202609271015,삿포로,G17-J40,,Master,,,CTS,P03,CTS
에티오피아항공,ET1294,202609271015,202609271015,삿포로,G17-J40,,Slave,OZ174,,CTS,P03,CTS
전일본공수,NH6998,202609271015,202609271015,삿포로,G17-J40,,Slave,OZ174,,CTS,P03,CTS
대한항공,KE5485,202609271015,202609271015,삿포로,G17-J40,,Slave,OZ174,,CTS,P03,CTS
파라타항공,WE531,202609271035,202609271035,삿포로,B21-B32,,Master,,,CTS,P02,CTS
대한항공,KE765,202609271035,202609271035,삿포로,A B C D,,Master,,,CTS,P03,CTS
델타항공,DL7898,202609271035,202609271035,삿포로,A B C D,,Slave,KE765,,CTS,P03,CTS
일본항공,JL5208,202609271035,202609271035,삿포로,A B C D,,Slave,KE765,,CTS,P03,CTS
버진 애틀랜틱 항공,VS5511,202609271035,202609271035,삿포로,A B C D,,Slave,KE765,,CTS,P03,CTS
KLM네덜란드항공,KL4255,202609271035,202609271035,삿포로,A B C D,,Slave,KE765,,CTS,P03,CTS
아시아나항공,OZ9877,202609271035,202609271035,삿포로,A B C D,,Slave,KE765,,CTS,P03,CTS
트리니티항공,TW265,202609271050,202609271050,삿포로,A01-C34,,Master,,,CTS,P02,CTS
제주항공,7C1503,202609271215,202609271215,삿포로,L13-L36,,Master,,,CTS,P02,CTS
진에어,LJ303,202609271225,202609271225,삿포로,E21-F17,,Master,,,CTS,P03,CTS
대한항공,KE769,202609271235,202609271235,삿포로,A B C D,,Master,,,CTS,P03,CTS
델타항공,DL7933,202609271235,202609271235,삿포로,A B C D,,Slave,KE769,,CTS,P03,CTS
버진 애틀랜틱 항공,VS5545,202609271235,202609271235,삿포로,A B C D,,Slave,KE769,,CTS,P03,CTS
일본항공,JL5152,202609271235,202609271235,삿포로,A B C D,,Slave,KE769,,CTS,P03,CTS
에어 프랑스,AF5373,202609271235,202609271235,삿포로,A B C D,,Slave,KE769,,CTS,P03,CTS
KLM네덜란드항공,KL4247,202609271235,202609271235,삿포로,A B C D,,Slave,KE769,,CTS,P03,CTS
아시아나항공,OZ9879,202609271235,202609271235,삿포로,A B C D,,Slave,KE769,,CTS,P03,CTS
이스타항공,ZE627,202609271500,202609271500,삿포로,F22-G13,,Master,,,CTS,P02,CTS
제주항공,7C1501,202609280710,202609280710,삿포로,L13-L36,,Master,,,CTS,P02,CTS
진에어,LJ301,202609280820,202609280820,삿포로,E21-F17,,Master,,,CTS,P03,CTS
대한항공,KE5061,202609280820,202609280820,삿포로,E21-F17,,Slave,LJ301,,CTS,P03,CTS
이스타항공,ZE625,202609280920,202609280920,삿포로,F19-G13,,Master,,,CTS,P02,CTS
트리니티항공,TW263,202609281010,202609281010,삿포로,A01-C34,,Master,,,CTS,P02,CTS
아시아나항공,OZ174,202609281015,202609281015,삿포로,G17-J40,,Master,,,CTS,P03,CTS
에티오피아항공,ET1294,202609281015,202609281015,삿포로,G17-J40,,Slave,OZ174,,CTS,P03,CTS
전일본공수,NH6998,202609281015,202609281015,삿포로,G17-J40,,Slave,OZ174,,CTS,P03,CTS
대한항공,KE5485,202609281015,202609281015,삿포로,G17-J40,,Slave,OZ174,,CTS,P03,CTS
파라타항공,WE531,202609281035,202609281035,삿포로,B21-B32,,Master,,,CTS,P02,CTS
대한항공,KE765,202609281035,202609281035,삿포로,A B C D,,Master,,,CTS,P03,CTS
델타항공,DL7898,202609281035,202609281035,삿포로,A B C D,,Slave,KE765,,CTS,P03,CTS
일본항공,JL5208,202609281035,202609281035,삿포로,A B C D,,Slave,KE765,,CTS,P03,CTS
버진 애틀랜틱 항공,VS5511,202609281035,202609281035,삿포로,A B C D,,Slave,KE765,,CTS,P03,CTS
KLM네덜란드항공,KL4255,202609281035,202609281035,삿포로,A B C D,,Slave,KE765,,CTS,P03,CTS
아시아나항공,OZ9877,202609281035,202609281035,삿포로,A B C D,,Slave,KE765,,CTS,P03,CTS
제주항공,7C1503,202609281215,202609281215,삿포로,L13-L36,,Master,,,CTS,P02,CTS
진에어,LJ303,202609281225,202609281225,삿포로,E21-F17,,Master,,,CTS,P03,CTS
대한항공,KE769,202609281235,202609281235,삿포로,A B C D,,Master,,,CTS,P03,CTS
델타항공,DL7933,202609281235,202609281235,삿포로,A B C D,,Slave,KE769,,CTS,P03,CTS
버진 애틀랜틱 항공,VS5545,202609281235,202609281235,삿포로,A B C D,,Slave,KE769,,CTS,P03,CTS
일본항공,JL5152,202609281235,202609281235,삿포로,A B C D,,Slave,KE769,,CTS,P03,CTS
에어 프랑스,AF5373,202609281235,202609281235,삿포로,A B C D,,Slave,KE769,,CTS,P03,CTS
KLM네덜란드항공,KL4247,202609281235,202609281235,삿포로,A B C D,,Slave,KE769,,CTS,P03,CTS
아시아나항공,OZ9879,202609281235,202609281235,삿포로,A B C D,,Slave,KE769,,CTS,P03,CTS
이스타항공,ZE627,202609281500,202609281500,삿포로,F22-G13,,Master,,,CTS,P02,CTS
이스타항공,ZE633,202609220800,202609220759,오키나와,F22-G13,102,Master,,출발,OKA,P02,OKA
대한항공,KE2147,202609220920,202609220922,오키나와,A B C D,225,Master,,출발,OKA,P03,OKA
델타항공,DL7795,202609220920,202609220922,오키나와,A B C D,225,Slave,KE2147,출발,OKA,P03,OKA
버진 애틀랜틱 항공,VS5513,202609220920,202609220922,오키나와,A B C D,225,Slave,KE2147,출발,OKA,P03,OKA
일본항공,JL5274,202609220920,202609220922,오키나와,A B C D,225,Slave,KE2147,출발,OKA,P03,OKA
KLM네덜란드항공,KL9164,202609220920,202609220922,오키나와,A B C D,225,Slave,KE2147,출발,OKA,P03,OKA
아시아나항공,OZ9875,202609220920,202609220922,오키나와,A B C D,225,Slave,KE2147,출발,OKA,P03,OKA
진에어,LJ341,202609220945,202609221009,오키나와,E21-F17,236,Master,,출발,OKA,P03,OKA
대한항공,KE5745,202609220945,202609221009,오키나와,E21-F17,236,Slave,LJ341,출발,OKA,P03,OKA
트리니티항공,TW281,202609221100,202609221054,오키나와,B01-B18,16,Master,,출발,OKA,P01,OKA
이스타항공,ZE631,202609221130,202609221128,오키나와,F24-G13,14,Master,,출발,OKA,P01,OKA
제주항공,7C1801,202609221315,202609221325,오키나와,L13-L36,110,Master,,탑승중,OKA,P02,OKA
아시아나항공,OZ172,202609221445,202609221445,오키나와,G17-J34,280,Master,,,OKA,P03,OKA
대한항공,KE5489,202609221445,202609221445,오키나와,G17-J34,280,Slave,OZ172,,OKA,P03,OKA
전일본공수,NH6994,202609221445,202609221445,오키나와,G17-J34,280,Slave,OZ172,,OKA,P03,OKA
이스타항공,ZE633,202609230800,202609230800,오키나와,F22-G13,,Master,,,OKA,P02,OKA
대한항공,KE2147,202609230920,202609230920,오키나와,A B C D,,Master,,,OKA,P03,OKA
델타항공,DL7795,202609230920,202609230920,오키나와,A B C D,,Slave,KE2147,,OKA,P03,OKA
버진 애틀랜틱 항공,VS5513,202609230920,202609230920,오키나와,A B C D,,Slave,KE2147,,OKA,P03,OKA
일본항공,JL5274,202609230920,202609230920,오키나와,A B C D,,Slave,KE2147,,OKA,P03,OKA
KLM네덜란드항공,KL9164,202609230920,202609230920,오키나와,A B C D,,Slave,KE2147,,OKA,P03,OKA
아시아나항공,OZ9875,202609230920,202609230920,오키나와,A B C D,,Slave,KE2147,,OKA,P03,OKA
진에어,LJ341,202609230945,202609230945,오키나와,E21-F17,234,Master,,,OKA,P03,OKA
대한항공,KE5745,202609230945,202609230945,오키나와,E21-F17,234,Slave,LJ341,,OKA,P03,OKA
트리니티항공,TW281,202609231100,202609231100,오키나와,A01-C34,,Master,,,OKA,P02,OKA
이스타항공,ZE631,202609231130,202609231130,오키나와,F24-G13,,Master,,,OKA,P02,OKA
제주항공,7C1801,202609231315,202609231315,오키나와,L13-L36,,Master,,,OKA,P02,OKA
아시아나항공,OZ172,202609231445,202609231445,오키나와,G17-J40,,Master,,,OKA,P03,OKA
대한항공,KE5489,202609231445,202609231445,오키나와,G17-J40,,Slave,OZ172,,OKA,P03,OKA
전일본공수,NH6994,202609231445,202609231445,오키나와,G17-J40,,Slave,OZ172,,OKA,P03,OKA
이스타항공,ZE633,202609240800,202609240800,오키나와,F19-G13,,Master,,,OKA,P02,OKA
대한항공,KE2147,202609240920,202609240920,오키나와,A B C D,,Master,,,OKA,P03,OKA
델타항공,DL7795,202609240920,202609240920,오키나와,A B C D,,Slave,KE2147,,OKA,P03,OKA
버진 애틀랜틱 항공,VS5513,202609240920,202609240920,오키나와,A B C D,,Slave,KE2147,,OKA,P03,OKA
일본항공,JL5274,202609240920,202609240920,오키나와,A B C D,,Slave,KE2147,,OKA,P03,OKA
KLM네덜란드항공,KL9164,202609240920,202609240920,오키나와,A B C D,,Slave,KE2147,,OKA,P03,OKA
아시아나항공,OZ9875,202609240920,202609240920,오키나와,A B C D,,Slave,KE2147,,OKA,P03,OKA
진에어,LJ341,202609240945,202609240945,오키나와,E21-F17,,Master,,,OKA,P03,OKA
대한항공,KE5745,202609240945,202609240945,오키나와,E21-F17,,Slave,LJ341,,OKA,P03,OKA
트리니티항공,TW281,202609241100,202609241100,오키나와,A01-C34,,Master,,,OKA,P02,OKA
이스타항공,ZE631,202609241130,202609241130,오키나와,F22-G13,,Master,,,OKA,P02,OKA
제주항공,7C1801,202609241315,202609241315,오키나와,L13-L36,,Master,,,OKA,P02,OKA
트리니티항공,TW275,202609241430,202609241430,오키나와,A01-C34,,Master,,,OKA,P02,OKA
아시아나항공,OZ172,202609241445,202609241445,오키나와,G17-J40,,Master,,,OKA,P03,OKA
대한항공,KE5489,202609241445,202609241445,오키나와,G17-J40,,Slave,OZ172,,OKA,P03,OKA
전일본공수,NH6994,202609241445,202609241445,오키나와,G17-J40,,Slave,OZ172,,OKA,P03,OKA
이스타항공,ZE633,202609250800,202609250800,오키나와,F19-G13,,Master,,,OKA,P02,OKA
대한항공,KE2147,202609250920,202609250920,오키나와,A B C D,,Master,,,OKA,P03,OKA
델타항공,DL7795,202609250920,202609250920,오키나와,A B C D,,Slave,KE2147,,OKA,P03,OKA
버진 애틀랜틱 항공,VS5513,202609250920,202609250920,오키나와,A B C D,,Slave,KE2147,,OKA,P03,OKA
일본항공,JL5274,202609250920,202609250920,오키나와,A B C D,,Slave,KE2147,,OKA,P03,OKA
KLM네덜란드항공,KL9164,202609250920,202609250920,오키나와,A B C D,,Slave,KE2147,,OKA,P03,OKA
아시아나항공,OZ9875,202609250920,202609250920,오키나와,A B C D,,Slave,KE2147,,OKA,P03,OKA
진에어,LJ341,202609250945,202609250945,오키나와,E21-F17,,Master,,,OKA,P03,OKA
대한항공,KE5745,202609250945,202609250945,오키나와,E21-F17,,Slave,LJ341,,OKA,P03,OKA
트리니티항공,TW281,202609251100,202609251100,오키나와,A01-C34,,Master,,,OKA,P02,OKA
이스타항공,ZE631,202609251130,202609251130,오키나와,F22-G13,,Master,,,OKA,P02,OKA
제주항공,7C1801,202609251315,202609251315,오키나와,L13-L36,,Master,,,OKA,P02,OKA
아시아나항공,OZ172,202609251445,202609251445,오키나와,G17-J40,,Master,,,OKA,P03,OKA
대한항공,KE5489,202609251445,202609251445,오키나와,G17-J40,,Slave,OZ172,,OKA,P03,OKA
전일본공수,NH6994,202609251445,202609251445,오키나와,G17-J40,,Slave,OZ172,,OKA,P03,OKA
이스타항공,ZE633,202609260800,202609260800,오키나와,F19-G13,,Master,,,OKA,P02,OKA
대한항공,KE2147,202609260920,202609260920,오키나와,A B C D,,Master,,,OKA,P03,OKA
델타항공,DL7795,202609260920,202609260920,오키나와,A B C D,,Slave,KE2147,,OKA,P03,OKA
버진 애틀랜틱 항공,VS5513,202609260920,202609260920,오키나와,A B C D,,Slave,KE2147,,OKA,P03,OKA
일본항공,JL5274,202609260920,202609260920,오키나와,A B C D,,Slave,KE2147,,OKA,P03,OKA
KLM네덜란드항공,KL9164,202609260920,202609260920,오키나와,A B C D,,Slave,KE2147,,OKA,P03,OKA
아시아나항공,OZ9875,202609260920,202609260920,오키나와,A B C D,,Slave,KE2147,,OKA,P03,OKA
진에어,LJ341,202609260945,202609260945,오키나와,E21-F17,,Master,,,OKA,P03,OKA
대한항공,KE5745,202609260945,202609260945,오키나와,E21-F17,,Slave,LJ341,,OKA,P03,OKA
트리니티항공,TW281,202609261100,202609261100,오키나와,A01-C34,,Master,,,OKA,P02,OKA
이스타항공,ZE631,202609261130,202609261130,오키나와,F22-G13,,Master,,,OKA,P02,OKA
제주항공,7C1801,202609261315,202609261315,오키나와,L13-L36,,Master,,,OKA,P02,OKA
아시아나항공,OZ172,202609261445,202609261445,오키나와,G17-J40,,Master,,,OKA,P03,OKA
대한항공,KE5489,202609261445,202609261445,오키나와,G17-J40,,Slave,OZ172,,OKA,P03,OKA
전일본공수,NH6994,202609261445,202609261445,오키나와,G17-J40,,Slave,OZ172,,OKA,P03,OKA
이스타항공,ZE633,202609270800,202609270800,오키나와,F19-G13,,Master,,,OKA,P02,OKA
대한항공,KE2147,202609270920,202609270920,오키나와,A B C D,,Master,,,OKA,P03,OKA
델타항공,DL7795,202609270920,202609270920,오키나와,A B C D,,Slave,KE2147,,OKA,P03,OKA
버진 애틀랜틱 항공,VS5513,202609270920,202609270920,오키나와,A B C D,,Slave,KE2147,,OKA,P03,OKA
일본항공,JL5274,202609270920,202609270920,오키나와,A B C D,,Slave,KE2147,,OKA,P03,OKA
KLM네덜란드항공,KL9164,202609270920,202609270920,오키나와,A B C D,,Slave,KE2147,,OKA,P03,OKA
아시아나항공,OZ9875,202609270920,202609270920,오키나와,A B C D,,Slave,KE2147,,OKA,P03,OKA
진에어,LJ341,202609270945,202609270945,오키나와,E21-F17,,Master,,,OKA,P03,OKA
대한항공,KE5745,202609270945,202609270945,오키나와,E21-F17,,Slave,LJ341,,OKA,P03,OKA
트리니티항공,TW281,202609271100,202609271100,오키나와,A01-C34,,Master,,,OKA,P02,OKA
이스타항공,ZE631,202609271130,202609271130,오키나와,F22-G13,,Master,,,OKA,P02,OKA
제주항공,7C1801,202609271315,202609271315,오키나와,L13-L36,,Master,,,OKA,P02,OKA
트리니티항공,TW275,202609271430,202609271430,오키나와,A01-C34,,Master,,,OKA,P02,OKA
아시아나항공,OZ172,202609271445,202609271445,오키나와,G17-J40,,Master,,,OKA,P03,OKA
대한항공,KE5489,202609271445,202609271445,오키나와,G17-J40,,Slave,OZ172,,OKA,P03,OKA
전일본공수,NH6994,202609271445,202609271445,오키나와,G17-J40,,Slave,OZ172,,OKA,P03,OKA
이스타항공,ZE633,202609280800,202609280800,오키나와,F19-G13,,Master,,,OKA,P02,OKA
대한항공,KE2147,202609280920,202609280920,오키나와,A B C D,,Master,,,OKA,P03,OKA
델타항공,DL7795,202609280920,202609280920,오키나와,A B C D,,Slave,KE2147,,OKA,P03,OKA
버진 애틀랜틱 항공,VS5513,202609280920,202609280920,오키나와,A B C D,,Slave,KE2147,,OKA,P03,OKA
일본항공,JL5274,202609280920,202609280920,오키나와,A B C D,,Slave,KE2147,,OKA,P03,OKA
KLM네덜란드항공,KL9164,202609280920,202609280920,오키나와,A B C D,,Slave,KE2147,,OKA,P03,OKA
아시아나항공,OZ9875,202609280920,202609280920,오키나와,A B C D,,Slave,KE2147,,OKA,P03,OKA
진에어,LJ341,202609280945,202609280945,오키나와,E21-F17,,Master,,,OKA,P03,OKA
대한항공,KE5745,202609280945,202609280945,오키나와,E21-F17,,Slave,LJ341,,OKA,P03,OKA
트리니티항공,TW281,202609281100,202609281100,오키나와,A01-C34,,Master,,,OKA,P02,OKA
이스타항공,ZE631,202609281130,202609281130,오키나와,F22-G13,,Master,,,OKA,P02,OKA
제주항공,7C1801,202609281315,202609281315,오키나와,L13-L36,,Master,,,OKA,P02,OKA
아시아나항공,OZ172,202609281445,202609281445,오키나와,G17-J40,,Master,,,OKA,P03,OKA
대한항공,KE5489,202609281445,202609281445,오키나와,G17-J40,,Slave,OZ172,,OKA,P03,OKA
전일본공수,NH6994,202609281445,202609281445,오키나와,G17-J40,,Slave,OZ172,,OKA,P03,OKA
제주항공,7C1281,202609220730,202609220727,나고야,L13-L36,127,Master,,출발,NGO,P02,NGO
진에어,LJ345,202609220730,202609220742,나고야,E21-F17,242,Master,,출발,NGO,P03,NGO
대한항공,KE5079,202609220730,202609220742,나고야,E21-F17,242,Slave,LJ345,출발,NGO,P03,NGO
아시아나항공,OZ122,202609220910,202609220925,나고야,G17-J40,281,Master,,출발,NGO,P03,NGO
에티하드 항공,EY8457,202609220910,202609220925,나고야,G17-J40,281,Slave,OZ122,출발,NGO,P03,NGO
전일본공수,NH6964,202609220910,202609220925,나고야,G17-J40,281,Slave,OZ122,출발,NGO,P03,NGO
대한항공,KE5725,202609220910,202609220925,나고야,G17-J40,281,Slave,OZ122,출발,NGO,P03,NGO
제주항공,7C1201,202609220930,202609220932,나고야,L13-L36,33,Master,,출발,NGO,P01,NGO
대한항공,KE741,202609221035,202609221048,나고야,A B C D,243,Master,,출발,NGO,P03,NGO
델타항공,DL7791,202609221035,202609221048,나고야,A B C D,243,Slave,KE741,출발,NGO,P03,NGO
일본항공,JL5216,202609221035,202609221048,나고야,A B C D,243,Slave,KE741,출발,NGO,P03,NGO
KLM네덜란드항공,KL4251,202609221035,202609221048,나고야,A B C D,243,Slave,KE741,출발,NGO,P03,NGO
몽골항공,OM6715,202609221035,202609221048,나고야,A B C D,243,Slave,KE741,출발,NGO,P03,NGO
아시아나항공,OZ9863,202609221035,202609221048,나고야,A B C D,243,Slave,KE741,출발,NGO,P03,NGO
제주항공,7C1203,202609221505,202609221505,나고야,L13-L36,112,Master,,,NGO,P02,NGO
진에어,LJ347,202609221605,202609221605,나고야,E21-F17,213,Master,,,NGO,P03,NGO
대한항공,KE5081,202609221605,202609221605,나고야,E21-F17,213,Slave,LJ347,,NGO,P03,NGO
아시아나항공,OZ124,202609221610,202609221610,나고야,G17-J34,264,Master,,,NGO,P03,NGO
에티하드 항공,EY8471,202609221610,202609221610,나고야,G17-J34,264,Slave,OZ124,,NGO,P03,NGO
전일본공수,NH6966,202609221610,202609221610,나고야,G17-J34,264,Slave,OZ124,,NGO,P03,NGO
터키항공,TK8092,202609221610,202609221610,나고야,G17-J34,264,Slave,OZ124,,NGO,P03,NGO
대한항공,KE5503,202609221610,202609221610,나고야,G17-J34,264,Slave,OZ124,,NGO,P03,NGO
대한항공,KE743,202609221900,202609221900,나고야,A B C D,251,Master,,,NGO,P03,NGO
델타항공,DL7793,202609221900,202609221900,나고야,A B C D,251,Slave,KE743,,NGO,P03,NGO
몽골항공,OM6717,202609221900,202609221900,나고야,A B C D,251,Slave,KE743,,NGO,P03,NGO
일본항공,JL5218,202609221900,202609221900,나고야,A B C D,251,Slave,KE743,,NGO,P03,NGO
버진 애틀랜틱 항공,VS5507,202609221900,202609221900,나고야,A B C D,251,Slave,KE743,,NGO,P03,NGO
에어 프랑스,AF7907,202609221900,202609221900,나고야,A B C D,251,Slave,KE743,,NGO,P03,NGO
KLM네덜란드항공,KL9848,202609221900,202609221900,나고야,A B C D,251,Slave,KE743,,NGO,P03,NGO
아시아나항공,OZ9865,202609221900,202609221900,나고야,A B C D,251,Slave,KE743,,NGO,P03,NGO
진에어,LJ345,202609230730,202609230730,나고야,E21-F17,215,Master,,,NGO,P03,NGO
대한항공,KE5079,202609230730,202609230730,나고야,E21-F17,215,Slave,LJ345,,NGO,P03,NGO
제주항공,7C1281,202609230730,202609230730,나고야,L13-L36,30,Master,,,NGO,P01,NGO
아시아나항공,OZ122,202609230910,202609230910,나고야,G17-J40,,Master,,,NGO,P03,NGO
에티하드 항공,EY8457,202609230910,202609230910,나고야,G17-J40,,Slave,OZ122,,NGO,P03,NGO
전일본공수,NH6964,202609230910,202609230910,나고야,G17-J40,,Slave,OZ122,,NGO,P03,NGO
대한항공,KE5725,202609230910,202609230910,나고야,G17-J40,,Slave,OZ122,,NGO,P03,NGO
제주항공,7C1201,202609230930,202609230930,나고야,L13-L36,119,Master,,,NGO,P02,NGO
대한항공,KE741,202609231035,202609231035,나고야,A B C D,238,Master,,,NGO,P03,NGO
델타항공,DL7791,202609231035,202609231035,나고야,A B C D,238,Slave,KE741,,NGO,P03,NGO
일본항공,JL5216,202609231035,202609231035,나고야,A B C D,238,Slave,KE741,,NGO,P03,NGO
KLM네덜란드항공,KL4251,202609231035,202609231035,나고야,A B C D,238,Slave,KE741,,NGO,P03,NGO
몽골항공,OM6715,202609231035,202609231035,나고야,A B C D,238,Slave,KE741,,NGO,P03,NGO
아시아나항공,OZ9863,202609231035,202609231035,나고야,A B C D,238,Slave,KE741,,NGO,P03,NGO
제주항공,7C1203,202609231505,202609231505,나고야,L13-L36,,Master,,,NGO,P02,NGO
진에어,LJ347,202609231605,202609231605,나고야,E21-F17,,Master,,,NGO,P03,NGO
대한항공,KE5081,202609231605,202609231605,나고야,E21-F17,,Slave,LJ347,,NGO,P03,NGO
아시아나항공,OZ124,202609231610,202609231610,나고야,G17-J40,,Master,,,NGO,P03,NGO
에티하드 항공,EY8471,202609231610,202609231610,나고야,G17-J40,,Slave,OZ124,,NGO,P03,NGO
전일본공수,NH6966,202609231610,202609231610,나고야,G17-J40,,Slave,OZ124,,NGO,P03,NGO
터키항공,TK8092,202609231610,202609231610,나고야,G17-J40,,Slave,OZ124,,NGO,P03,NGO
대한항공,KE5503,202609231610,202609231610,나고야,G17-J40,,Slave,OZ124,,NGO,P03,NGO
대한항공,KE743,202609231900,202609231900,나고야,A B C D,,Master,,,NGO,P03,NGO
델타항공,DL7793,202609231900,202609231900,나고야,A B C D,,Slave,KE743,,NGO,P03,NGO
몽골항공,OM6717,202609231900,202609231900,나고야,A B C D,,Slave,KE743,,NGO,P03,NGO
일본항공,JL5218,202609231900,202609231900,나고야,A B C D,,Slave,KE743,,NGO,P03,NGO
버진 애틀랜틱 항공,VS5507,202609231900,202609231900,나고야,A B C D,,Slave,KE743,,NGO,P03,NGO
에어 프랑스,AF7907,202609231900,202609231900,나고야,A B C D,,Slave,KE743,,NGO,P03,NGO
KLM네덜란드항공,KL9848,202609231900,202609231900,나고야,A B C D,,Slave,KE743,,NGO,P03,NGO
아시아나항공,OZ9865,202609231900,202609231900,나고야,A B C D,,Slave,KE743,,NGO,P03,NGO
제주항공,7C1281,202609240730,202609240730,나고야,L13-L36,,Master,,,NGO,P02,NGO
진에어,LJ345,202609240730,202609240730,나고야,E21-F17,,Master,,,NGO,P03,NGO
대한항공,KE5079,202609240730,202609240730,나고야,E21-F17,,Slave,LJ345,,NGO,P03,NGO
아시아나항공,OZ122,202609240910,202609240910,나고야,G17-J40,,Master,,,NGO,P03,NGO
에티하드 항공,EY8457,202609240910,202609240910,나고야,G17-J40,,Slave,OZ122,,NGO,P03,NGO
전일본공수,NH6964,202609240910,202609240910,나고야,G17-J40,,Slave,OZ122,,NGO,P03,NGO
대한항공,KE5725,202609240910,202609240910,나고야,G17-J40,,Slave,OZ122,,NGO,P03,NGO
제주항공,7C1201,202609240930,202609240930,나고야,L13-L36,,Master,,,NGO,P02,NGO
대한항공,KE741,202609241035,202609241035,나고야,A B C D,,Master,,,NGO,P03,NGO
델타항공,DL7791,202609241035,202609241035,나고야,A B C D,,Slave,KE741,,NGO,P03,NGO
일본항공,JL5216,202609241035,202609241035,나고야,A B C D,,Slave,KE741,,NGO,P03,NGO
KLM네덜란드항공,KL4251,202609241035,202609241035,나고야,A B C D,,Slave,KE741,,NGO,P03,NGO
몽골항공,OM6715,202609241035,202609241035,나고야,A B C D,,Slave,KE741,,NGO,P03,NGO
아시아나항공,OZ9863,202609241035,202609241035,나고야,A B C D,,Slave,KE741,,NGO,P03,NGO
제주항공,7C1203,202609241505,202609241505,나고야,L13-L36,,Master,,,NGO,P02,NGO
진에어,LJ347,202609241605,202609241605,나고야,E21-F17,,Master,,,NGO,P03,NGO
대한항공,KE5081,202609241605,202609241605,나고야,E21-F17,,Slave,LJ347,,NGO,P03,NGO
아시아나항공,OZ124,202609241610,202609241610,나고야,G17-J40,,Master,,,NGO,P03,NGO
에티하드 항공,EY8471,202609241610,202609241610,나고야,G17-J40,,Slave,OZ124,,NGO,P03,NGO
전일본공수,NH6966,202609241610,202609241610,나고야,G17-J40,,Slave,OZ124,,NGO,P03,NGO
터키항공,TK8092,202609241610,202609241610,나고야,G17-J40,,Slave,OZ124,,NGO,P03,NGO
대한항공,KE5503,202609241610,202609241610,나고야,G17-J40,,Slave,OZ124,,NGO,P03,NGO
대한항공,KE743,202609241900,202609241900,나고야,A B C D,,Master,,,NGO,P03,NGO
델타항공,DL7793,202609241900,202609241900,나고야,A B C D,,Slave,KE743,,NGO,P03,NGO
몽골항공,OM6717,202609241900,202609241900,나고야,A B C D,,Slave,KE743,,NGO,P03,NGO
일본항공,JL5218,202609241900,202609241900,나고야,A B C D,,Slave,KE743,,NGO,P03,NGO
버진 애틀랜틱 항공,VS5507,202609241900,202609241900,나고야,A B C D,,Slave,KE743,,NGO,P03,NGO
에어 프랑스,AF7907,202609241900,202609241900,나고야,A B C D,,Slave,KE743,,NGO,P03,NGO
KLM네덜란드항공,KL9848,202609241900,202609241900,나고야,A B C D,,Slave,KE743,,NGO,P03,NGO
아시아나항공,OZ9865,202609241900,202609241900,나고야,A B C D,,Slave,KE743,,NGO,P03,NGO
제주항공,7C1281,202609250730,202609250730,나고야,L13-L36,,Master,,,NGO,P02,NGO
진에어,LJ345,202609250730,202609250730,나고야,E21-F17,,Master,,,NGO,P03,NGO
대한항공,KE5079,202609250730,202609250730,나고야,E21-F17,,Slave,LJ345,,NGO,P03,NGO
아시아나항공,OZ122,202609250910,202609250910,나고야,G17-J40,,Master,,,NGO,P03,NGO
에티하드 항공,EY8457,202609250910,202609250910,나고야,G17-J40,,Slave,OZ122,,NGO,P03,NGO
전일본공수,NH6964,202609250910,202609250910,나고야,G17-J40,,Slave,OZ122,,NGO,P03,NGO
대한항공,KE5725,202609250910,202609250910,나고야,G17-J40,,Slave,OZ122,,NGO,P03,NGO
제주항공,7C1201,202609250930,202609250930,나고야,L13-L36,,Master,,,NGO,P02,NGO
대한항공,KE741,202609251035,202609251035,나고야,A B C D,,Master,,,NGO,P03,NGO
델타항공,DL7791,202609251035,202609251035,나고야,A B C D,,Slave,KE741,,NGO,P03,NGO
일본항공,JL5216,202609251035,202609251035,나고야,A B C D,,Slave,KE741,,NGO,P03,NGO
KLM네덜란드항공,KL4251,202609251035,202609251035,나고야,A B C D,,Slave,KE741,,NGO,P03,NGO
몽골항공,OM6715,202609251035,202609251035,나고야,A B C D,,Slave,KE741,,NGO,P03,NGO
아시아나항공,OZ9863,202609251035,202609251035,나고야,A B C D,,Slave,KE741,,NGO,P03,NGO
제주항공,7C1203,202609251505,202609251505,나고야,L13-L36,,Master,,,NGO,P02,NGO
진에어,LJ347,202609251605,202609251605,나고야,E21-F17,,Master,,,NGO,P03,NGO
대한항공,KE5081,202609251605,202609251605,나고야,E21-F17,,Slave,LJ347,,NGO,P03,NGO
아시아나항공,OZ124,202609251610,202609251610,나고야,G17-J40,,Master,,,NGO,P03,NGO
에티하드 항공,EY8471,202609251610,202609251610,나고야,G17-J40,,Slave,OZ124,,NGO,P03,NGO
전일본공수,NH6966,202609251610,202609251610,나고야,G17-J40,,Slave,OZ124,,NGO,P03,NGO
터키항공,TK8092,202609251610,202609251610,나고야,G17-J40,,Slave,OZ124,,NGO,P03,NGO
대한항공,KE5503,202609251610,202609251610,나고야,G17-J40,,Slave,OZ124,,NGO,P03,NGO
대한항공,KE743,202609251900,202609251900,나고야,A B C D,,Master,,,NGO,P03,NGO
델타항공,DL7793,202609251900,202609251900,나고야,A B C D,,Slave,KE743,,NGO,P03,NGO
몽골항공,OM6717,202609251900,202609251900,나고야,A B C D,,Slave,KE743,,NGO,P03,NGO
일본항공,JL5218,202609251900,202609251900,나고야,A B C D,,Slave,KE743,,NGO,P03,NGO
버진 애틀랜틱 항공,VS5507,202609251900,202609251900,나고야,A B C D,,Slave,KE743,,NGO,P03,NGO
에어 프랑스,AF7907,202609251900,202609251900,나고야,A B C D,,Slave,KE743,,NGO,P03,NGO
KLM네덜란드항공,KL9848,202609251900,202609251900,나고야,A B C D,,Slave,KE743,,NGO,P03,NGO
아시아나항공,OZ9865,202609251900,202609251900,나고야,A B C D,,Slave,KE743,,NGO,P03,NGO
제주항공,7C1281,202609260730,202609260730,나고야,L13-L36,,Master,,,NGO,P02,NGO
진에어,LJ345,202609260730,202609260730,나고야,E21-F17,,Master,,,NGO,P03,NGO
대한항공,KE5079,202609260730,202609260730,나고야,E21-F17,,Slave,LJ345,,NGO,P03,NGO
아시아나항공,OZ122,202609260910,202609260910,나고야,G17-J40,,Master,,,NGO,P03,NGO
에티하드 항공,EY8457,202609260910,202609260910,나고야,G17-J40,,Slave,OZ122,,NGO,P03,NGO
전일본공수,NH6964,202609260910,202609260910,나고야,G17-J40,,Slave,OZ122,,NGO,P03,NGO
대한항공,KE5725,202609260910,202609260910,나고야,G17-J40,,Slave,OZ122,,NGO,P03,NGO
제주항공,7C1201,202609260930,202609260930,나고야,L13-L36,,Master,,,NGO,P02,NGO
대한항공,KE741,202609261035,202609261035,나고야,A B C D,,Master,,,NGO,P03,NGO
델타항공,DL7791,202609261035,202609261035,나고야,A B C D,,Slave,KE741,,NGO,P03,NGO
일본항공,JL5216,202609261035,202609261035,나고야,A B C D,,Slave,KE741,,NGO,P03,NGO
KLM네덜란드항공,KL4251,202609261035,202609261035,나고야,A B C D,,Slave,KE741,,NGO,P03,NGO
몽골항공,OM6715,202609261035,202609261035,나고야,A B C D,,Slave,KE741,,NGO,P03,NGO
아시아나항공,OZ9863,202609261035,202609261035,나고야,A B C D,,Slave,KE741,,NGO,P03,NGO
제주항공,7C1203,202609261505,202609261505,나고야,L13-L36,,Master,,,NGO,P02,NGO
진에어,LJ347,202609261605,202609261605,나고야,E21-F17,,Master,,,NGO,P03,NGO
대한항공,KE5081,202609261605,202609261605,나고야,E21-F17,,Slave,LJ347,,NGO,P03,NGO
아시아나항공,OZ124,202609261610,202609261610,나고야,G17-J40,,Master,,,NGO,P03,NGO
에티하드 항공,EY8471,202609261610,202609261610,나고야,G17-J40,,Slave,OZ124,,NGO,P03,NGO
전일본공수,NH6966,202609261610,202609261610,나고야,G17-J40,,Slave,OZ124,,NGO,P03,NGO
터키항공,TK8092,202609261610,202609261610,나고야,G17-J40,,Slave,OZ124,,NGO,P03,NGO
대한항공,KE5503,202609261610,202609261610,나고야,G17-J40,,Slave,OZ124,,NGO,P03,NGO
대한항공,KE743,202609261900,202609261900,나고야,A B C D,,Master,,,NGO,P03,NGO
델타항공,DL7793,202609261900,202609261900,나고야,A B C D,,Slave,KE743,,NGO,P03,NGO
몽골항공,OM6717,202609261900,202609261900,나고야,A B C D,,Slave,KE743,,NGO,P03,NGO
일본항공,JL5218,202609261900,202609261900,나고야,A B C D,,Slave,KE743,,NGO,P03,NGO
버진 애틀랜틱 항공,VS5507,202609261900,202609261900,나고야,A B C D,,Slave,KE743,,NGO,P03,NGO
에어 프랑스,AF7907,202609261900,202609261900,나고야,A B C D,,Slave,KE743,,NGO,P03,NGO
KLM네덜란드항공,KL9848,202609261900,202609261900,나고야,A B C D,,Slave,KE743,,NGO,P03,NGO
아시아나항공,OZ9865,202609261900,202609261900,나고야,A B C D,,Slave,KE743,,NGO,P03,NGO
제주항공,7C1281,202609270730,202609270730,나고야,L13-L36,,Master,,,NGO,P02,NGO
진에어,LJ345,202609270730,202609270730,나고야,E21-F17,,Master,,,NGO,P03,NGO
대한항공,KE5079,202609270730,202609270730,나고야,E21-F17,,Slave,LJ345,,NGO,P03,NGO
아시아나항공,OZ122,202609270910,202609270910,나고야,G17-J40,,Master,,,NGO,P03,NGO
에티하드 항공,EY8457,202609270910,202609270910,나고야,G17-J40,,Slave,OZ122,,NGO,P03,NGO
전일본공수,NH6964,202609270910,202609270910,나고야,G17-J40,,Slave,OZ122,,NGO,P03,NGO
대한항공,KE5725,202609270910,202609270910,나고야,G17-J40,,Slave,OZ122,,NGO,P03,NGO
제주항공,7C1201,202609270930,202609270930,나고야,L13-L36,,Master,,,NGO,P02,NGO
대한항공,KE741,202609271035,202609271035,나고야,A B C D,,Master,,,NGO,P03,NGO
델타항공,DL7791,202609271035,202609271035,나고야,A B C D,,Slave,KE741,,NGO,P03,NGO
일본항공,JL5216,202609271035,202609271035,나고야,A B C D,,Slave,KE741,,NGO,P03,NGO
KLM네덜란드항공,KL4251,202609271035,202609271035,나고야,A B C D,,Slave,KE741,,NGO,P03,NGO
몽골항공,OM6715,202609271035,202609271035,나고야,A B C D,,Slave,KE741,,NGO,P03,NGO
아시아나항공,OZ9863,202609271035,202609271035,나고야,A B C D,,Slave,KE741,,NGO,P03,NGO
제주항공,7C1203,202609271505,202609271505,나고야,L13-L36,,Master,,,NGO,P02,NGO
진에어,LJ347,202609271605,202609271605,나고야,E21-F17,,Master,,,NGO,P03,NGO
대한항공,KE5081,202609271605,202609271605,나고야,E21-F17,,Slave,LJ347,,NGO,P03,NGO
아시아나항공,OZ124,202609271610,202609271610,나고야,G17-J40,,Master,,,NGO,P03,NGO
에티하드 항공,EY8471,202609271610,202609271610,나고야,G17-J40,,Slave,OZ124,,NGO,P03,NGO
전일본공수,NH6966,202609271610,202609271610,나고야,G17-J40,,Slave,OZ124,,NGO,P03,NGO
터키항공,TK8092,202609271610,202609271610,나고야,G17-J40,,Slave,OZ124,,NGO,P03,NGO
대한항공,KE5503,202609271610,202609271610,나고야,G17-J40,,Slave,OZ124,,NGO,P03,NGO
대한항공,KE743,202609271900,202609271900,나고야,A B C D,,Master,,,NGO,P03,NGO
델타항공,DL7793,202609271900,202609271900,나고야,A B C D,,Slave,KE743,,NGO,P03,NGO
몽골항공,OM6717,202609271900,202609271900,나고야,A B C D,,Slave,KE743,,NGO,P03,NGO
일본항공,JL5218,202609271900,202609271900,나고야,A B C D,,Slave,KE743,,NGO,P03,NGO
버진 애틀랜틱 항공,VS5507,202609271900,202609271900,나고야,A B C D,,Slave,KE743,,NGO,P03,NGO
에어 프랑스,AF7907,202609271900,202609271900,나고야,A B C D,,Slave,KE743,,NGO,P03,NGO
KLM네덜란드항공,KL9848,202609271900,202609271900,나고야,A B C D,,Slave,KE743,,NGO,P03,NGO
아시아나항공,OZ9865,202609271900,202609271900,나고야,A B C D,,Slave,KE743,,NGO,P03,NGO
제주항공,7C1281,202609280730,202609280730,나고야,L13-L36,,Master,,,NGO,P02,NGO
진에어,LJ345,202609280730,202609280730,나고야,E21-F17,,Master,,,NGO,P03,NGO
대한항공,KE5079,202609280730,202609280730,나고야,E21-F17,,Slave,LJ345,,NGO,P03,NGO
아시아나항공,OZ122,202609280910,202609280910,나고야,G17-J40,,Master,,,NGO,P03,NGO
에티하드 항공,EY8457,202609280910,202609280910,나고야,G17-J40,,Slave,OZ122,,NGO,P03,NGO
전일본공수,NH6964,202609280910,202609280910,나고야,G17-J40,,Slave,OZ122,,NGO,P03,NGO
대한항공,KE5725,202609280910,202609280910,나고야,G17-J40,,Slave,OZ122,,NGO,P03,NGO
제주항공,7C1201,202609280930,202609280930,나고야,L13-L36,,Master,,,NGO,P02,NGO
대한항공,KE741,202609281035,202609281035,나고야,A B C D,,Master,,,NGO,P03,NGO
델타항공,DL7791,202609281035,202609281035,나고야,A B C D,,Slave,KE741,,NGO,P03,NGO
일본항공,JL5216,202609281035,202609281035,나고야,A B C D,,Slave,KE741,,NGO,P03,NGO
KLM네덜란드항공,KL4251,202609281035,202609281035,나고야,A B C D,,Slave,KE741,,NGO,P03,NGO
몽골항공,OM6715,202609281035,202609281035,나고야,A B C D,,Slave,KE741,,NGO,P03,NGO
아시아나항공,OZ9863,202609281035,202609281035,나고야,A B C D,,Slave,KE741,,NGO,P03,NGO
제주항공,7C1203,202609281505,202609281505,나고야,L13-L36,,Master,,,NGO,P02,NGO
진에어,LJ347,202609281605,202609281605,나고야,E21-F17,,Master,,,NGO,P03,NGO
대한항공,KE5081,202609281605,202609281605,나고야,E21-F17,,Slave,LJ347,,NGO,P03,NGO
아시아나항공,OZ124,202609281610,202609281610,나고야,G17-J40,,Master,,,NGO,P03,NGO
에티하드 항공,EY8471,202609281610,202609281610,나고야,G17-J40,,Slave,OZ124,,NGO,P03,NGO
전일본공수,NH6966,202609281610,202609281610,나고야,G17-J40,,Slave,OZ124,,NGO,P03,NGO
터키항공,TK8092,202609281610,202609281610,나고야,G17-J40,,Slave,OZ124,,NGO,P03,NGO
대한항공,KE5503,202609281610,202609281610,나고야,G17-J40,,Slave,OZ124,,NGO,P03,NGO
대한항공,KE743,202609281900,202609281900,나고야,A B C D,,Master,,,NGO,P03,NGO
델타항공,DL7793,202609281900,202609281900,나고야,A B C D,,Slave,KE743,,NGO,P03,NGO
몽골항공,OM6717,202609281900,202609281900,나고야,A B C D,,Slave,KE743,,NGO,P03,NGO
일본항공,JL5218,202609281900,202609281900,나고야,A B C D,,Slave,KE743,,NGO,P03,NGO
버진 애틀랜틱 항공,VS5507,202609281900,202609281900,나고야,A B C D,,Slave,KE743,,NGO,P03,NGO
에어 프랑스,AF7907,202609281900,202609281900,나고야,A B C D,,Slave,KE743,,NGO,P03,NGO
KLM네덜란드항공,KL9848,202609281900,202609281900,나고야,A B C D,,Slave,KE743,,NGO,P03,NGO
아시아나항공,OZ9865,202609281900,202609281900,나고야,A B C D,,Slave,KE743,,NGO,P03,NGO